brand,category,rankInBrandCategory,productName,dataCompleteness,phaseCStatus,detailCollectionStatus,fetchStatus,detailBlockedReason,detailFailureReason,finish,texture,shadeOptionCount,sellingPoints,suitableFor,oliveYoungStatus,departmentStoreStatus,brandCountry,mallName,price,sourceUrl
롬앤,lip,1,롬앤 컬러 립 매트,failed_detail_fetch,manual_review_required,failed,http_error,robots_fetch_failed_requires_manual_review,http_status:403,matte,lipstick,0,,,listed,unknown,Korea,올리브영,9900,https://www.oliveyoung.co.kr/store/common/partner.do?chlNo=1&chlDtlNo=1&utm_source=naver&utm_medium=shopping_ep&utm_campaign=onpro_ep_product_0101_1231&utm_content=pc_price&sndType=goods&sndVal=A000000219477
롬앤,lip,2,롬앤 글래스팅 워터 틴트 | 올리브영,partial_detail,manual_review_required,collected_partial,playwright_rendered,robots_fetch_failed_requires_manual_review,,,tint,0,,,listed,unknown,Korea,올리브영,8900,https://www.oliveyoung.co.kr/store/common/partner.do?chlNo=1&chlDtlNo=1&utm_source=naver&utm_medium=shopping_ep&utm_campaign=onpro_ep_product_0101_1231&utm_content=pc_price&sndType=goods&sndVal=A000000136343
롬앤,lip,3,롬앤 듀이풀 워터 틴트 | 올리브영,partial_detail,manual_review_required,collected_partial,playwright_rendered,robots_fetch_failed_requires_manual_review,,,tint,0,,daily_makeup,listed,unknown,Korea,올리브영,9900,https://www.oliveyoung.co.kr/store/common/partner.do?chlNo=1&chlDtlNo=1&utm_source=naver&utm_medium=shopping_ep&utm_campaign=onpro_ep_product_0101_1231&utm_content=pc_price&sndType=goods&sndVal=A000000158893
롬앤,lip,4,[롬앤] 더 쥬시 래스팅 틴트,failed_detail_fetch,manual_review_required,failed,http_error,terms_not_configured,http_status:403,,tint,0,,,unknown,unknown,Korea,ABLY,13000,https://m.a-bly.com/goods/34585203?utm_source=web_naver-shopping&utm_medium=display&utm_campaign=web_naver-shopping&utm_content=34585203&coupon_sno=50253092
롬앤,lip,5,[롬앤] 배어 물 틴트,blocked_detail_fetch,blocked,not_attempted,,robots_disallowed,,,,0,,,unknown,unknown,Korea,더블유컨셉,9900,http://www.wconcept.co.kr/Product/306054817?adfrom=naver_ep&utm_source=naver&utm_medium=pcs&utm_campaign=WCONCEPT&utm_content=none&utm_term=none
롬앤,lip,6,[롬앤] [NEW 컬러 추가]제로 벨벳 틴트 단품,blocked_detail_fetch,blocked,not_attempted,,robots_disallowed,,,,0,,,unknown,unknown,Korea,더블유컨셉,9900,http://www.wconcept.co.kr/Product/301448951?adfrom=naver_ep&utm_source=naver&utm_medium=pcs&utm_campaign=WCONCEPT&utm_content=none&utm_term=none
롬앤,lip,7,롬앤 블러 퍼지 틴트 11 푸시아 바이브,blocked_detail_fetch,blocked,not_attempted,,robots_disallowed,,,,0,,,unknown,unknown,Korea,롯데ON,8900,https://www.lotteon.com/p/product/LO2499705617?sitmNo=LO2499705617_2499705618&ch_no=100065&ch_dtl_no=1000030&entryPoint=pcs&dp_infw_cd=CHT
롬앤,lip,8,[롬앤] 더 쥬시 래스팅 틴트 X2,failed_detail_fetch,manual_review_required,failed,http_error,terms_not_configured,http_status:403,,tint,0,,,unknown,unknown,Korea,ABLY,26000,https://m.a-bly.com/goods/34585926?utm_source=web_naver-shopping&utm_medium=display&utm_campaign=web_naver-shopping&utm_content=34585926&coupon_sno=50253092
롬앤,lip,9,[롬앤] [2개세트] 블러 퍼지 틴트x2,blocked_detail_fetch,blocked,not_attempted,,robots_disallowed,,,,0,,,unknown,unknown,Korea,더블유컨셉,20900,http://www.wconcept.co.kr/Product/305935765?adfrom=naver_ep&utm_source=naver&utm_medium=pcs&utm_campaign=WCONCEPT&utm_content=none&utm_term=none
롬앤,lip,10,[롬앤] [신규 컬러 추가/ BEST] 더 쥬시 래스팅 틴트,blocked_detail_fetch,blocked,not_attempted,,robots_disallowed,,,,0,,,unknown,unknown,Korea,더블유컨셉,10900,http://www.wconcept.co.kr/Product/301448890?adfrom=naver_ep&utm_source=naver&utm_medium=pcs&utm_campaign=WCONCEPT&utm_content=none&utm_term=none
롬앤,shadow,1,롬앤 슬라이드 인 싱글 | 올리브영,partial_detail,manual_review_required,collected_partial,playwright_rendered,robots_fetch_failed_requires_manual_review,,,powder,0,,,listed,unknown,Korea,올리브영,5400,https://www.oliveyoung.co.kr/store/common/partner.do?chlNo=1&chlDtlNo=1&utm_source=naver&utm_medium=shopping_ep&utm_campaign=onpro_ep_product_0101_1231&utm_content=pc_price&sndType=goods&sndVal=A000000212611
롬앤,shadow,2,[롬앤]베러댄팔레트6g,blocked_detail_fetch,blocked,not_attempted,,robots_disallowed,,,,0,,,unknown,listed,Korea,신세계라이브쇼핑,17370,https://www.shinsegaetvshopping.com/display/detail/70855366?inMediaCode=EC12&ckwhere=naverep
롬앤,shadow,3,[롬앤] 베러 댄 팔레트 (+ 총알 브러쉬 ),failed_detail_fetch,manual_review_required,failed,http_error,terms_not_configured,http_status:403,,powder,0,,,unknown,unknown,Korea,ABLY,28900,https://m.a-bly.com/goods/2199964?utm_source=web_naver-shopping&utm_medium=display&utm_campaign=web_naver-shopping&utm_content=2199964&coupon_sno=50253092
롬앤,shadow,4,[롬앤] [NEW/런칭특가] 슬라이드 인 싱글 1&1,blocked_detail_fetch,blocked,not_attempted,,robots_disallowed,,,,0,,,unknown,unknown,Korea,더블유컨셉,11900,http://www.wconcept.co.kr/Product/306391515?adfrom=naver_ep&utm_source=naver&utm_medium=pcs&utm_campaign=WCONCEPT&utm_content=none&utm_term=none
롬앤,shadow,5,롬앤 슬라이드 인 싱글 케이스 (섀도우 공용기) | 올리브영,partial_detail,manual_review_required,collected_partial,playwright_rendered,robots_fetch_failed_requires_manual_review,,,balm,0,,daily_makeup,listed,unknown,Korea,올리브영,5400,https://www.oliveyoung.co.kr/store/common/partner.do?chlNo=1&chlDtlNo=1&utm_source=naver&utm_medium=shopping_ep&utm_campaign=onpro_ep_product_0101_1231&utm_content=pc_price&sndType=goods&sndVal=A000000213963
롬앤,shadow,6,[롬앤] 베러 댄 팔레트,blocked_detail_fetch,blocked,not_attempted,,robots_disallowed,,,,0,,,unknown,unknown,Korea,더블유컨셉,23900,http://www.wconcept.co.kr/Product/301446185?adfrom=naver_ep&utm_source=naver&utm_medium=pcs&utm_campaign=WCONCEPT&utm_content=none&utm_term=none
롬앤,shadow,7,[롬앤] 베러 댄 아이즈,blocked_detail_fetch,blocked,not_attempted,,robots_disallowed,,,,0,,,unknown,unknown,Korea,더블유컨셉,14900,http://www.wconcept.co.kr/Product/301447103?adfrom=naver_ep&utm_source=naver&utm_medium=pcs&utm_campaign=WCONCEPT&utm_content=none&utm_term=none
롬앤,shadow,8,롬앤 베러 댄 팔레트 - /R 아이 섀도우,blocked_detail_fetch,blocked,not_attempted,,robots_disallowed,,,,0,,,unknown,unknown,Korea,롯데ON,15900,https://www.lotteon.com/p/product/LO2373771885?sitmNo=LO2373771885_2373771886&ch_no=100065&ch_dtl_no=1000030&entryPoint=pcs&dp_infw_cd=CHT
롬앤,shadow,9,베러 댄 아이즈,complete_detail,manual_review_required,collected_complete,fetched,terms_not_configured,,,powder,8,,,unknown,unknown,Korea,시코르,13860,https://chicor.com/goods/0000000001178?utm_source=naver&utm_medium=cpc&utm_campaign=ep
롬앤,shadow,10,베러 댄 팔레트,complete_detail,manual_review_required,collected_complete,fetched,terms_not_configured,,,powder,10,,,unknown,unknown,Korea,시코르,22800,https://chicor.com/goods/0000000040309?utm_source=naver&utm_medium=cpc&utm_campaign=ep
롬앤,base,1,[롬앤X이나피스퀘어] 롬앤 누 제로 쿠션 | 올리브영,partial_detail,manual_review_required,collected_partial,playwright_rendered,robots_fetch_failed_requires_manual_review,,,cushion,0,,daily_makeup | natural_makeup,listed,unknown,Korea,올리브영,19900,https://www.oliveyoung.co.kr/store/common/partner.do?chlNo=1&chlDtlNo=1&utm_source=naver&utm_medium=shopping_ep&utm_campaign=onpro_ep_product_0101_1231&utm_content=pc_price&sndType=goods&sndVal=A000000164072
롬앤,base,2,[롬앤] 베어 워터 쿠션 20g (본품),blocked_detail_fetch,blocked,not_attempted,,robots_disallowed,,,,0,,,unknown,unknown,Korea,GSSHOP,17100,http://with.gsshop.com/alia/aliaGate.gs?media=OB&ecpid=1062918579&vodFlag=N&prdseqnum=1062918579&utm_source=price&utm_medium=affiliate&utm_campaign=naver
롬앤,base,3,[롬앤] 베어 워터 쿠션 20g (리필),blocked_detail_fetch,blocked,not_attempted,,robots_disallowed,,,,0,,,unknown,unknown,Korea,GSSHOP,11300,http://with.gsshop.com/alia/aliaGate.gs?media=OB&ecpid=1063267915&vodFlag=N&prdseqnum=1063267915&utm_source=price&utm_medium=affiliate&utm_campaign=naver
롬앤,base,4,[W shopping] 롬앤 누 제로 쿠션 15g (본품),partial_detail,manual_review_required,collected_partial,fetched,terms_not_configured,,,cushion,0,,natural_makeup,unknown,unknown,Korea,W쇼핑,14760,http://www.w-shopping.co.kr/display/goods/21477851?mediaCode=MC44
롬앤,base,5,[W shopping] 롬앤 베어 워터 쿠션 20g (본품),partial_detail,manual_review_required,collected_partial,fetched,terms_not_configured,,,cushion,0,,natural_makeup,unknown,unknown,Korea,W쇼핑,16290,http://www.w-shopping.co.kr/display/goods/21477849?mediaCode=MC44
롬앤,base,6,[W shopping] 롬앤 베어 워터 쿠션 20g (리필),partial_detail,manual_review_required,collected_partial,fetched,terms_not_configured,,,cushion,0,,natural_makeup,unknown,unknown,Korea,W쇼핑,10890,http://www.w-shopping.co.kr/display/goods/21477848?mediaCode=MC44
롬앤,base,7,[롬앤] 베어 워터 쿠션 20g (본품),blocked_detail_fetch,blocked,not_attempted,,robots_disallowed,,,,0,,,unknown,unknown,Korea,롯데ON,35500,https://www.lotteon.com/p/product/LO2705989337?sitmNo=LO2705989337_2705989340&ch_no=100065&ch_dtl_no=1000030&entryPoint=pcs&dp_infw_cd=CHT
롬앤,base,8,[롬앤] 누 제로 쿠션 15g (본품),blocked_detail_fetch,blocked,not_attempted,,robots_disallowed,,,,0,,,unknown,unknown,Korea,GSSHOP,15500,http://with.gsshop.com/alia/aliaGate.gs?media=OB&ecpid=1062918573&vodFlag=N&prdseqnum=1062918573&utm_source=price&utm_medium=affiliate&utm_campaign=naver
롬앤,base,9,[롬앤] 누 제로 쿠션 15g (본품),blocked_detail_fetch,blocked,not_attempted,,robots_disallowed,,,,0,,,unknown,unknown,Korea,롯데ON,14250,https://www.lotteon.com/p/product/LO2345525872?sitmNo=LO2345525872_2345525877&ch_no=100065&ch_dtl_no=1000030&entryPoint=pcs&dp_infw_cd=CHT
롬앤,base,10,[NEW] 롬앤 | 미피 베어 워터 쿠션 기획/단품 | 올리브영,partial_detail,manual_review_required,collected_partial,playwright_rendered,robots_fetch_failed_requires_manual_review,,,cushion,0,,daily_makeup | natural_makeup,listed,unknown,Korea,올리브영,22900,https://www.oliveyoung.co.kr/store/common/partner.do?chlNo=1&chlDtlNo=1&utm_source=naver&utm_medium=shopping_ep&utm_campaign=onpro_ep_product_0101_1231&utm_content=pc_price&sndType=goods&sndVal=A000000175792
롬앤,cheek,1,[NEW] 롬앤 쥬시 알 치크 단품/기획 | 올리브영,partial_detail,manual_review_required,collected_partial,playwright_rendered,robots_fetch_failed_requires_manual_review,,velvet,balm,0,blur,daily_makeup,listed,unknown,Korea,올리브영,10900,https://www.oliveyoung.co.kr/store/common/partner.do?chlNo=1&chlDtlNo=1&utm_source=naver&utm_medium=shopping_ep&utm_campaign=onpro_ep_product_0101_1231&utm_content=pc_price&sndType=goods&sndVal=A000000219047
롬앤,cheek,2,[롬앤] 베러 댄 치크,failed_detail_fetch,manual_review_required,failed,http_error,terms_not_configured,http_status:403,,,0,,,unknown,unknown,Korea,ABLY,12000,https://m.a-bly.com/goods/2012759?utm_source=web_naver-shopping&utm_medium=display&utm_campaign=web_naver-shopping&utm_content=2012759&coupon_sno=50253092
롬앤,cheek,3,롬앤베러댄치크-블러셔(SH),blocked_detail_fetch,blocked,not_attempted,,robots_disallowed,,,,0,,,unknown,listed,Korea,신세계라이브쇼핑,11840,https://www.shinsegaetvshopping.com/display/detail/92919635?inMediaCode=EC12&ckwhere=naverep
롬앤,cheek,4,롬앤 시스루 베일 라이터 (하이라이터) | 올리브영,partial_detail,manual_review_required,collected_partial,playwright_rendered,robots_fetch_failed_requires_manual_review,,,balm,0,,daily_makeup,listed,unknown,Korea,올리브영,9900,https://www.oliveyoung.co.kr/store/common/partner.do?chlNo=1&chlDtlNo=1&utm_source=naver&utm_medium=shopping_ep&utm_campaign=onpro_ep_product_0101_1231&utm_content=pc_price&sndType=goods&sndVal=A000000144887
롬앤,cheek,5,쥬시 알 치크,complete_detail,manual_review_required,collected_complete,fetched,terms_not_configured,,,,6,,,unknown,unknown,Korea,시코르,10920,https://chicor.com/goods/0000000119859?utm_source=naver&utm_medium=cpc&utm_campaign=ep
롬앤,cheek,6,롬앤 베러 댄 치크 4g 수채화 발색 블러셔,blocked_detail_fetch,blocked,not_attempted,,robots_disallowed,,,,0,,,unknown,unknown,Korea,롯데ON,6710,https://www.lotteon.com/p/product/LO2094521394?sitmNo=LO2094521394_2094521397&ch_no=100065&ch_dtl_no=1000030&entryPoint=pcs&dp_infw_cd=CHT
롬앤,cheek,7,[롬앤] 베러 댄 치크 4g,blocked_detail_fetch,blocked,not_attempted,,robots_disallowed,,,,0,,,unknown,listed,Korea,신세계라이브쇼핑,8440,https://www.shinsegaetvshopping.com/display/detail/70991778?inMediaCode=EC12&ckwhere=naverep
롬앤,cheek,8,롬앤 베러 댄 치크 블러셔 볼터치 C02 블루베리칩,blocked_detail_fetch,blocked,not_attempted,,robots_disallowed,,,,0,,,unknown,unknown,Korea,롯데ON,8010,https://www.lotteon.com/p/product/LO2618344502?sitmNo=LO2618344502_2618344503&ch_no=100065&ch_dtl_no=1000030&entryPoint=pcs&dp_infw_cd=CHT
롬앤,cheek,9,롬앤 베러 댄 치크 블러셔 볼터치 W02 스트로베리 밀크,blocked_detail_fetch,blocked,not_attempted,,robots_disallowed,,,,0,,,unknown,unknown,Korea,롯데ON,8010,https://www.lotteon.com/p/product/LO2618346011?sitmNo=LO2618346011_2618346012&ch_no=100065&ch_dtl_no=1000030&entryPoint=pcs&dp_infw_cd=CHT
롬앤,cheek,10,롬앤 베러 댄 치크 - 블러셔 x2SET (AD),blocked_detail_fetch,blocked,not_attempted,,robots_disallowed,,,,0,,,unknown,unknown,Korea,롯데ON,23110,https://www.lotteon.com/p/product/LO2668131761?sitmNo=LO2668131761_2668131762&ch_no=100065&ch_dtl_no=1000030&entryPoint=pcs&dp_infw_cd=CHT
롬앤,liner,1,[롬앤] [NEW/신상런칭] 한올 아이팟 라이너,blocked_detail_fetch,blocked,not_attempted,,robots_disallowed,,,,0,,,unknown,unknown,Korea,더블유컨셉,13900,http://www.wconcept.co.kr/Product/307751209?adfrom=naver_ep&utm_source=naver&utm_medium=pcs&utm_campaign=WCONCEPT&utm_content=none&utm_term=none
롬앤,liner,2,롬앤 한올 아이팟 라이너 5g (GIFT 한올 볼륨/라인 브러쉬),blocked_detail_fetch,blocked,not_attempted,,robots_disallowed,,,,0,,,unknown,unknown,Korea,롬앤,12900,https://smartstore.naver.com/main/products/12453714015
롬앤,liner,3,지그재그 스토어,partial_detail,manual_review_required,collected_partial,fetched,terms_not_configured,,,liner,0,,,unknown,unknown,Korea,지그재그,14000,https://zigzag.kr/link/bridge?product_id=165825163&shop_id=14039&utm_source=shopping_naver_all&tab=recommendation
롬앤,liner,4,롬앤 립매터 | 올리브영,partial_detail,manual_review_required,collected_partial,playwright_rendered,robots_fetch_failed_requires_manual_review,,,balm,0,,daily_makeup,listed,unknown,Korea,올리브영,8900,https://www.oliveyoung.co.kr/store/common/partner.do?chlNo=1&chlDtlNo=1&utm_source=naver&utm_medium=shopping_ep&utm_campaign=onpro_ep_product_0101_1231&utm_content=pc_price&sndType=goods&sndVal=A000000105803
롬앤,liner,5,[롬앤] 트윙클 펜 라이너,blocked_detail_fetch,blocked,not_attempted,,robots_disallowed,,,,0,,,unknown,unknown,Korea,더블유컨셉,9900,http://www.wconcept.co.kr/Product/303056802?adfrom=naver_ep&utm_source=naver&utm_medium=pcs&utm_campaign=WCONCEPT&utm_content=none&utm_term=none
롬앤,liner,6,롬앤 트윙클 펜 라이너 0.5g 1개,blocked_detail_fetch,blocked,not_attempted,,robots_disallowed,,,,0,,,unknown,unknown,Korea,네이버,9900,https://search.shopping.naver.com/catalog/59386592734
롬앤,liner,7,[롬앤] [NEW] 더 유니버스 리퀴드 글리터 4colors,blocked_detail_fetch,blocked,not_attempted,,robots_disallowed,,,,0,,,unknown,unknown,Korea,더블유컨셉,8900,http://www.wconcept.co.kr/Product/305873822?adfrom=naver_ep&utm_source=naver&utm_medium=pcs&utm_campaign=WCONCEPT&utm_content=none&utm_term=none
롬앤,liner,8,롬앤 더 유니버스 리퀴드 글리터 1개,blocked_detail_fetch,blocked,not_attempted,,robots_disallowed,,,,0,,,unknown,unknown,Korea,네이버,8900,https://search.shopping.naver.com/catalog/59386616306
롬앤,liner,9,롬앤 한올 아이팟 라이너 01 브라운 토프 5g 2개,blocked_detail_fetch,blocked,not_attempted,,robots_disallowed,,,,0,,,unknown,unknown,Korea,쿠팡,25800,https://link.coupang.com/re/PCSNAVERPCSDP?pageKey=9327708235&ctag=9327708235&lptag=I27660792630&itemId=27660792630&vendorItemId=94623091911&spec=10305197
롬앤,liner,10,[NEW/ 롬앤] 한올 아이팟 라이너,blocked_detail_fetch,blocked,not_attempted,,robots_disallowed,,,,0,,,unknown,unknown,Korea,11번가,15170,https://www.11st.co.kr/connect/Gateway.tmall?method=Xsite&prdNo=8977558499&tid=1000000061
롬앤,brow,1,[롬앤] 한올 샤프/플랫 브로우 12종,blocked_detail_fetch,blocked,not_attempted,,robots_disallowed,,,,0,,,unknown,unknown,Korea,더블유컨셉,8900,http://www.wconcept.co.kr/Product/301447328?adfrom=naver_ep&utm_source=naver&utm_medium=pcs&utm_campaign=WCONCEPT&utm_content=none&utm_term=none
롬앤,brow,2,[롬앤] 한올 브로우 카라,blocked_detail_fetch,blocked,not_attempted,,robots_disallowed,,,,0,,,unknown,unknown,Korea,더블유컨셉,10900,http://www.wconcept.co.kr/Product/302630289?adfrom=naver_ep&utm_source=naver&utm_medium=pcs&utm_campaign=WCONCEPT&utm_content=none&utm_term=none
롬앤,brow,3,한올 샤프 브로우,complete_detail,manual_review_required,collected_complete,fetched,terms_not_configured,,,,5,,,unknown,unknown,Korea,시코르,8880,https://chicor.com/goods/0000000036952?utm_source=naver&utm_medium=cpc&utm_campaign=ep
롬앤,brow,4,한올 브로우 픽서,complete_detail,manual_review_required,collected_complete,fetched,terms_not_configured,,,,1,,,unknown,unknown,Korea,시코르,9900,https://chicor.com/goods/0000000036961?utm_source=naver&utm_medium=cpc&utm_campaign=ep
롬앤,brow,5,한올 브로우 카라,complete_detail,manual_review_required,collected_complete,fetched,terms_not_configured,,,,4,,,unknown,unknown,Korea,시코르,9840,https://chicor.com/goods/0000000089063?utm_source=naver&utm_medium=cpc&utm_campaign=ep
롬앤,brow,6,[롬앤] 한올 브로우 카라x2,blocked_detail_fetch,blocked,not_attempted,,robots_disallowed,,,,0,,,unknown,unknown,Korea,더블유컨셉,20900,http://www.wconcept.co.kr/Product/305923814?adfrom=naver_ep&utm_source=naver&utm_medium=pcs&utm_campaign=WCONCEPT&utm_content=none&utm_term=none
롬앤,brow,7,롬앤 한올 샤프 브로우,blocked_detail_fetch,blocked,not_attempted,,robots_disallowed,,,,0,,,unknown,unknown,Korea,롯데ON,8370,https://www.lotteon.com/p/product/LO2464667354?sitmNo=LO2464667354_2464667355&ch_no=100065&ch_dtl_no=1000030&entryPoint=pcs&dp_infw_cd=CHT
롬앤,brow,8,[롬앤] 한올 브로우 픽서,blocked_detail_fetch,blocked,not_attempted,,robots_disallowed,,,,0,,,unknown,unknown,Korea,더블유컨셉,9900,http://www.wconcept.co.kr/Product/301447391?adfrom=naver_ep&utm_source=naver&utm_medium=pcs&utm_campaign=WCONCEPT&utm_content=none&utm_term=none
롬앤,brow,9,[롬앤] 한올 플랫+샤프브로우 2종,blocked_detail_fetch,blocked,not_attempted,,robots_disallowed,,,,0,,,unknown,unknown,Korea,더블유컨셉,16900,http://www.wconcept.co.kr/Product/301486129?adfrom=naver_ep&utm_source=naver&utm_medium=pcs&utm_campaign=WCONCEPT&utm_content=none&utm_term=none
롬앤,brow,10,한올 플랫 브로우 ,complete_detail,manual_review_required,collected_complete,fetched,terms_not_configured,,,,5,,,unknown,unknown,Korea,시코르,7920,https://chicor.com/goods/0000000036946?utm_source=naver&utm_medium=cpc&utm_campaign=ep
페리페라,lip,1,페리페라 [NEW] 잉크 무드 글로이 틴트,blocked_detail_fetch,blocked,not_attempted,,robots_disallowed,,,,0,,,unknown,listed,Korea,롯데홈쇼핑,8360,https://www.lotteimall.com/coop/affilGate.lotte?chl_no=141370&chl_dtl_no=2540914&returnUrl=/goods/viewGoodsDetail.lotte?goods_no=1957100092&utm_source=naver&utm_medium=affiliate&utm_campaign=price_compare
페리페라,lip,2,[NEW COLOR] 페리페라 오버 블러 틴트,blocked_detail_fetch,blocked,not_attempted,,robots_disallowed,,,,0,,,unknown,unknown,Korea,GSSHOP,9610,http://with.gsshop.com/alia/aliaGate.gs?media=OB&ecpid=1050493514&vodFlag=N&prdseqnum=1050493514&utm_source=price&utm_medium=affiliate&utm_campaign=naver
페리페라,lip,3,[2EA]페리페라 잉크 무드 글로이 틴트,blocked_detail_fetch,blocked,not_attempted,,robots_disallowed,,,,0,,,unknown,unknown,Korea,GSSHOP,16940,http://with.gsshop.com/alia/aliaGate.gs?media=OB&ecpid=1007622505&vodFlag=N&prdseqnum=1007622505&utm_source=price&utm_medium=affiliate&utm_campaign=naver
페리페라,lip,4,페리페라 잉크 무드 글로이 틴트,blocked_detail_fetch,blocked,not_attempted,,robots_disallowed,,,,0,,,unknown,unknown,Korea,GSSHOP,8810,http://with.gsshop.com/alia/aliaGate.gs?media=OB&ecpid=1006497233&vodFlag=N&prdseqnum=1006497233&utm_source=price&utm_medium=affiliate&utm_campaign=naver
페리페라,lip,5,페리페라 잉크 더 에어리 벨벳 4g 6 Colors | 올리브영,partial_detail,manual_review_required,collected_partial,playwright_rendered,robots_fetch_failed_requires_manual_review,,velvet,tint,0,,daily_makeup,listed,unknown,Korea,올리브영,8000,https://www.oliveyoung.co.kr/store/common/partner.do?chlNo=1&chlDtlNo=1&utm_source=naver&utm_medium=shopping_ep&utm_campaign=onpro_ep_product_0101_1231&utm_content=pc_price&sndType=goods&sndVal=A000000121562
페리페라,lip,6,페리페라 오버 블러 틴트 04 코랄랄라,blocked_detail_fetch,blocked,not_attempted,,robots_disallowed,,,,0,,,unknown,unknown,Korea,롯데ON,7180,https://www.lotteon.com/p/product/LO2573390989?sitmNo=LO2573390989_2573390990&ch_no=100065&ch_dtl_no=1000030&entryPoint=pcs&dp_infw_cd=CHT
페리페라,lip,7,[페리페라] 무드 글로이 틴트 26AD,blocked_detail_fetch,blocked,not_attempted,,robots_disallowed,,,,0,,,unknown,unknown,Korea,더블유컨셉,10000,http://www.wconcept.co.kr/Product/308266331?adfrom=naver_ep&utm_source=naver&utm_medium=pcs&utm_campaign=WCONCEPT&utm_content=none&utm_term=none
페리페라,lip,8,[2EA]페라페라 잉크 에어리벨벳(AD),blocked_detail_fetch,blocked,not_attempted,,robots_disallowed,,,,0,,,unknown,unknown,Korea,GSSHOP,16010,http://with.gsshop.com/alia/aliaGate.gs?media=OB&ecpid=98630846&vodFlag=N&prdseqnum=98630846&utm_source=price&utm_medium=affiliate&utm_campaign=naver
페리페라,lip,9,[NEW COLOR] 페리페라 무드 글로이 틴트 26AD,blocked_detail_fetch,blocked,not_attempted,,robots_disallowed,,,,0,,,unknown,unknown,Korea,GSSHOP,9360,http://with.gsshop.com/alia/aliaGate.gs?media=OB&ecpid=1106843033&vodFlag=N&prdseqnum=1106843033&utm_source=price&utm_medium=affiliate&utm_campaign=naver
페리페라,lip,10,[페리페라] 잉크 무드 글로이 틴트,blocked_detail_fetch,blocked,not_attempted,,robots_disallowed,,,,0,,,unknown,unknown,Korea,더블유컨셉,9500,http://www.wconcept.co.kr/Product/308168279?adfrom=naver_ep&utm_source=naver&utm_medium=pcs&utm_campaign=WCONCEPT&utm_content=none&utm_term=none
페리페라,shadow,1,[NEW COLOR] 페리페라 잉크 포켓 섀도우 팔레트,blocked_detail_fetch,blocked,not_attempted,,robots_disallowed,,,,0,,,unknown,unknown,Korea,GSSHOP,12000,http://with.gsshop.com/alia/aliaGate.gs?media=OB&ecpid=1025679446&vodFlag=N&prdseqnum=1025679446&utm_source=price&utm_medium=affiliate&utm_campaign=naver
페리페라,shadow,2,페리페라 올테이크 무드 라이크 팔레트 | 올리브영,partial_detail,manual_review_required,collected_partial,playwright_rendered,robots_fetch_failed_requires_manual_review,,velvet,powder,0,blur,daily_makeup,listed,unknown,Korea,올리브영,22400,https://www.oliveyoung.co.kr/store/common/partner.do?chlNo=1&chlDtlNo=1&utm_source=naver&utm_medium=shopping_ep&utm_campaign=onpro_ep_product_0101_1231&utm_content=pc_price&sndType=goods&sndVal=A000000183970
페리페라,shadow,3,[애교살 스틱 증정기획] 페리페라 잉크 포켓 섀도우 팔레트 (단품/기획) | 올리브영,partial_detail,manual_review_required,collected_partial,playwright_rendered,robots_fetch_failed_requires_manual_review,,,powder,0,,daily_makeup,listed,unknown,Korea,올리브영,15000,https://www.oliveyoung.co.kr/store/common/partner.do?chlNo=1&chlDtlNo=1&utm_source=naver&utm_medium=shopping_ep&utm_campaign=onpro_ep_product_0101_1231&utm_content=pc_price&sndType=goods&sndVal=A000000124399
페리페라,shadow,4,페리페라 올테이크 무드 라이크팔레트,blocked_detail_fetch,blocked,not_attempted,,robots_disallowed,,,,0,,,unknown,unknown,Korea,GSSHOP,22410,http://with.gsshop.com/alia/aliaGate.gs?media=OB&ecpid=1031422938&vodFlag=N&prdseqnum=1031422938&utm_source=price&utm_medium=affiliate&utm_campaign=naver
페리페라,shadow,5,[NEW COLOR]페리페라 올테이크 무드 팔레트,blocked_detail_fetch,blocked,not_attempted,,robots_disallowed,,,,0,,,unknown,unknown,Korea,GSSHOP,20440,http://with.gsshop.com/alia/aliaGate.gs?media=OB&ecpid=56383243&vodFlag=N&prdseqnum=56383243&utm_source=price&utm_medium=affiliate&utm_campaign=naver
페리페라,shadow,6,페리페라 올테이크 무드 팔레트 (+브러쉬 라이너 정품 증정) | 올리브영,partial_detail,manual_review_required,collected_partial,playwright_rendered,robots_fetch_failed_requires_manual_review,,,powder,0,,cool_tone | daily_makeup,listed,unknown,Korea,올리브영,18400,https://www.oliveyoung.co.kr/store/common/partner.do?chlNo=1&chlDtlNo=1&utm_source=naver&utm_medium=shopping_ep&utm_campaign=onpro_ep_product_0101_1231&utm_content=pc_price&sndType=goods&sndVal=A000000204450
페리페라,shadow,7,페리페라 [NEW] 페리페라 무드 인 쉐이드 아이스틱,blocked_detail_fetch,blocked,not_attempted,,robots_disallowed,,,,0,,,unknown,listed,Korea,롯데홈쇼핑,8960,https://www.lotteimall.com/coop/affilGate.lotte?chl_no=141370&chl_dtl_no=2540914&returnUrl=/goods/viewGoodsDetail.lotte?goods_no=2950695029&utm_source=naver&utm_medium=affiliate&utm_campaign=price_compare
페리페라,shadow,8,페리페라 [나잇페리프렌즈 컬렉션] 올테이크 무드 라이크 팔레트,blocked_detail_fetch,blocked,not_attempted,,robots_disallowed,,,,0,,,unknown,listed,Korea,롯데홈쇼핑,20160,https://www.lotteimall.com/coop/affilGate.lotte?chl_no=141370&chl_dtl_no=2540914&returnUrl=/goods/viewGoodsDetail.lotte?goods_no=2235725211&utm_source=naver&utm_medium=affiliate&utm_campaign=price_compare
페리페라,shadow,9,페리페라 올테이크 무드 라이크 팔레트,blocked_detail_fetch,blocked,not_attempted,,robots_disallowed,,,,0,,,unknown,unknown,Korea,CJ온스타일,20160,https://display.cjonstyle.com/p/item/2014496644?infl_cd=I0696&utm_medium=pcs&utm_source=naver
페리페라,shadow,10,페리페라 [NEW] 올테이크 무드 팔레트,blocked_detail_fetch,blocked,not_attempted,,robots_disallowed,,,,0,,,unknown,listed,Korea,롯데홈쇼핑,17480,https://www.lotteimall.com/coop/affilGate.lotte?chl_no=141370&chl_dtl_no=2540914&returnUrl=/goods/viewGoodsDetail.lotte?goods_no=1597646106&utm_source=naver&utm_medium=affiliate&utm_campaign=price_compare
페리페라,base,1,[소다다방 컬렉션] 무드 핏 커버 쿠션,partial_detail,manual_review_required,collected_partial,fetched,terms_not_configured,,velvet,cushion,0,moisturizing | blur | coverage | waterproof,,unknown,unknown,Korea,클럽클리오,25000,https://clubclio.co.kr/shop/goodsView/0000006126
페리페라,base,2,[페리페라] 브이쉐딩 디테일 002 소프트애쉬,blocked_detail_fetch,blocked,not_attempted,,robots_disallowed,,,,0,,,unknown,unknown,Korea,컬리,12000,https://redirect.kurly.com/entry?utm_source=NaverShopping&utm_medium=2001&utm_term=1002289672&dealNo=1002289670&no=1002289672&kfpartnerID=1000000
페리페라,base,3,필터 핏 밀크 톤업 쿠션 12g | 페리페라 - 하프클럽,partial_detail,manual_review_required,collected_partial,fetched,robots_fetch_failed_requires_manual_review,,,cushion,0,,,unknown,unknown,Korea,하프클럽,17500,http://gate.halfclub.com/naver?site_cd=1&type=detail_pcode&p1=P406572692&partnerid=naverdb
페리페라,base,4,페리페라 톤업 쿠션 베이스 선쿠션 메이크업 필터핏 밀크,blocked_detail_fetch,blocked,not_attempted,,robots_disallowed,,,,0,,,unknown,unknown,Korea,익스프레스권,36120,https://smartstore.naver.com/main/products/12799352043
페리페라,base,5,[페리페라] 브이쉐딩 디테일 001 뉴트럴브라운,blocked_detail_fetch,blocked,not_attempted,,robots_disallowed,,,,0,,,unknown,unknown,Korea,컬리,12000,https://redirect.kurly.com/entry?utm_source=NaverShopping&utm_medium=2001&utm_term=1002289672&dealNo=1002289671&no=1002289672&kfpartnerID=1000000
페리페라,base,6,후 공진향 미 벨벳 파운데이션 팩트 | 페리페라 - 하프클럽,partial_detail,manual_review_required,collected_partial,fetched,robots_fetch_failed_requires_manual_review,,velvet,powder,0,,,unknown,unknown,Korea,하프클럽,28400,http://gate.halfclub.com/naver?site_cd=1&type=detail_pcode&p1=P364714990&partnerid=naverdb
페리페라,base,7,페리페라 무드 핏 커버 쿠션 본품 03 내추럴핏,blocked_detail_fetch,blocked,not_attempted,,robots_disallowed,,,,0,,,unknown,unknown,Korea,롯데ON,10620,https://www.lotteon.com/p/product/LO2627812281?sitmNo=LO2627812281_2627812282&ch_no=100065&ch_dtl_no=1000030&entryPoint=pcs&dp_infw_cd=CHT
페리페라,base,8,페리페라 무드 핏 커버 쿠션 본품 03 내추럴핏,blocked_detail_fetch,blocked,not_attempted,,robots_disallowed,,,,0,,,unknown,unknown,Korea,하트미,11800,https://smartstore.naver.com/main/products/12700985669
페리페라,base,9,[페리페라] 브이쉐딩 디테일 003 그레이쉬쿨,blocked_detail_fetch,blocked,not_attempted,,robots_disallowed,,,,0,,,unknown,unknown,Korea,컬리,12000,https://redirect.kurly.com/entry?utm_source=NaverShopping&utm_medium=2001&utm_term=1002289672&dealNo=1002289669&no=1002289672&kfpartnerID=1000000
페리페라,base,10,[페리페라] 필터 핏 밀크 톤업쿠션,blocked_detail_fetch,blocked,not_attempted,,robots_disallowed,,,,0,,,unknown,unknown,Korea,더블유컨셉,16500,http://www.wconcept.co.kr/Product/308184201?adfrom=naver_ep&utm_source=naver&utm_medium=pcs&utm_campaign=WCONCEPT&utm_content=none&utm_term=none
페리페라,cheek,1,페리페라 블러리 톡 치크 5 Colors (+미니치크 증정 기획) | 올리브영,partial_detail,manual_review_required,collected_partial,playwright_rendered,robots_fetch_failed_requires_manual_review,,velvet,balm,0,blur,daily_makeup,listed,unknown,Korea,올리브영,11200,https://www.oliveyoung.co.kr/store/common/partner.do?chlNo=1&chlDtlNo=1&utm_source=naver&utm_medium=shopping_ep&utm_campaign=onpro_ep_product_0101_1231&utm_content=pc_price&sndType=goods&sndVal=A000000249488
페리페라,cheek,2,페리페라 시럽피 톡 치크 13 Colors | 올리브영,partial_detail,manual_review_required,collected_partial,playwright_rendered,robots_fetch_failed_requires_manual_review,,velvet,balm,0,blur,daily_makeup,listed,unknown,Korea,올리브영,11200,https://www.oliveyoung.co.kr/store/common/partner.do?chlNo=1&chlDtlNo=1&utm_source=naver&utm_medium=shopping_ep&utm_campaign=onpro_ep_product_0101_1231&utm_content=pc_price&sndType=goods&sndVal=A000000217779
페리페라,cheek,3,[2EA] 페리페라 선샤인 치크,blocked_detail_fetch,blocked,not_attempted,,robots_disallowed,,,,0,,,unknown,unknown,Korea,GSSHOP,12490,http://with.gsshop.com/alia/aliaGate.gs?media=OB&ecpid=98630851&vodFlag=N&prdseqnum=98630851&utm_source=price&utm_medium=affiliate&utm_campaign=naver
페리페라,cheek,4,페리페라 톡 블러쉬 키캡,blocked_detail_fetch,blocked,not_attempted,,robots_disallowed,,,,0,,,unknown,unknown,Korea,GSSHOP,11200,http://with.gsshop.com/alia/aliaGate.gs?media=OB&ecpid=1097432003&vodFlag=N&prdseqnum=1097432003&utm_source=price&utm_medium=affiliate&utm_campaign=naver
페리페라,cheek,5,[페리페라] 맑게 물든 선샤인 치크,blocked_detail_fetch,blocked,not_attempted,,robots_disallowed,,,,0,,,unknown,unknown,Korea,더블유컨셉,7900,http://www.wconcept.co.kr/Product/308168282?adfrom=naver_ep&utm_source=naver&utm_medium=pcs&utm_campaign=WCONCEPT&utm_content=none&utm_term=none
페리페라,cheek,6,페리페라 맑게 물든 선샤인 치크,blocked_detail_fetch,blocked,not_attempted,,robots_disallowed,,,,0,,,unknown,unknown,Korea,GSSHOP,7110,http://with.gsshop.com/alia/aliaGate.gs?media=OB&ecpid=59492827&vodFlag=N&prdseqnum=59492827&utm_source=price&utm_medium=affiliate&utm_campaign=naver
페리페라,cheek,7,페리페라 [NEW컬러출시]맑게 물든 선샤인 치크,blocked_detail_fetch,blocked,not_attempted,,robots_disallowed,,,,0,,,unknown,unknown,Korea,CJ온스타일,6240,https://display.cjonstyle.com/p/item/2048875370?infl_cd=I0696&utm_medium=pcs&utm_source=naver
페리페라,cheek,8,페리페라 맑게 물든 선샤인 치크 x2,blocked_detail_fetch,blocked,not_attempted,,robots_disallowed,,,,0,,,unknown,unknown,Korea,CJ온스타일,12160,https://display.cjonstyle.com/p/item/2048875286?infl_cd=I0696&utm_medium=pcs&utm_source=naver
페리페라,cheek,9,[NEW COLOR]페리페라 시럽피 톡 치크,blocked_detail_fetch,blocked,not_attempted,,robots_disallowed,,,,0,,,unknown,unknown,Korea,GSSHOP,11200,http://with.gsshop.com/alia/aliaGate.gs?media=OB&ecpid=1075765458&vodFlag=N&prdseqnum=1075765458&utm_source=price&utm_medium=affiliate&utm_campaign=naver
페리페라,cheek,10,페리페라 맑게 물든 선샤인 치크 4.2g - /R,blocked_detail_fetch,blocked,not_attempted,,robots_disallowed,,,,0,,,unknown,unknown,Korea,롯데ON,4410,https://www.lotteon.com/p/product/LO2254239319?sitmNo=LO2254239319_2254239320&ch_no=100065&ch_dtl_no=1000030&entryPoint=pcs&dp_infw_cd=CHT
페리페라,liner,1,페리페라 [CJ단독/더블구성]스피디 펜슬 라이너 [사은]잉크글래스팅립글로스미니(랜덤),blocked_detail_fetch,blocked,not_attempted,,robots_disallowed,,,,0,,,unknown,unknown,Korea,CJ온스타일,10720,https://display.cjonstyle.com/p/item/2024560681?infl_cd=I0696&utm_medium=pcs&utm_source=naver
페리페라,liner,2,페리페라 잉크 씬씬 브러쉬라이너,blocked_detail_fetch,blocked,not_attempted,,robots_disallowed,,,,0,,,unknown,unknown,Korea,GSSHOP,5210,http://with.gsshop.com/alia/aliaGate.gs?media=OB&ecpid=95937756&vodFlag=N&prdseqnum=95937756&utm_source=price&utm_medium=affiliate&utm_campaign=naver
페리페라,liner,3,[2EA] 페리페라 잉크씬씬브러쉬라이너,blocked_detail_fetch,blocked,not_attempted,,robots_disallowed,,,,0,,,unknown,unknown,Korea,GSSHOP,10010,http://with.gsshop.com/alia/aliaGate.gs?media=OB&ecpid=1004044350&vodFlag=N&prdseqnum=1004044350&utm_source=price&utm_medium=affiliate&utm_campaign=naver
페리페라,liner,4,페리페라 잉크 씬씬 브러쉬라이너,blocked_detail_fetch,blocked,not_attempted,,robots_disallowed,,,,0,,,unknown,unknown,Korea,CJ온스타일,4680,https://display.cjonstyle.com/p/item/93463923?infl_cd=I0696&utm_medium=pcs&utm_source=naver
페리페라,liner,5,페리페라 페리페라 잉크 씬씬 브러쉬라이너,blocked_detail_fetch,blocked,not_attempted,,robots_disallowed,,,,0,,,unknown,listed,Korea,롯데홈쇼핑,4680,https://www.lotteimall.com/coop/affilGate.lotte?chl_no=141370&chl_dtl_no=2540914&returnUrl=/goods/viewGoodsDetail.lotte?goods_no=1943038218&utm_source=naver&utm_medium=affiliate&utm_campaign=price_compare
페리페라,liner,6,페리페라 [NEW컬러출시] 스피디 펜슬 라이너,blocked_detail_fetch,blocked,not_attempted,,robots_disallowed,,,,0,,,unknown,unknown,Korea,CJ온스타일,6010,https://display.cjonstyle.com/p/item/2021528788?infl_cd=I0696&utm_medium=pcs&utm_source=naver
페리페라,liner,7,[페리페라] [2EA] 스피디 스키니 브러쉬 라이너,blocked_detail_fetch,blocked,not_attempted,,robots_disallowed,,,,0,,,unknown,unknown,Korea,더블유컨셉,11900,http://www.wconcept.co.kr/Product/308478412?adfrom=naver_ep&utm_source=naver&utm_medium=pcs&utm_campaign=WCONCEPT&utm_content=none&utm_term=none
페리페라,liner,8,페리페라 [페리페라] 잉크 씬씬 브러쉬라이너,blocked_detail_fetch,blocked,not_attempted,,robots_disallowed,,,,0,,,unknown,unknown,Korea,롯데ON,4680,https://www.lotteon.com/p/product/LI1943038218?sitmNo=LI1943038218_1&ch_no=100065&ch_dtl_no=1000030&entryPoint=pcs&dp_infw_cd=CHT
페리페라,liner,9,페리페라 스피디 스키니 브러쉬 라이너,blocked_detail_fetch,blocked,not_attempted,,robots_disallowed,,,,0,,,unknown,unknown,Korea,GSSHOP,5600,http://with.gsshop.com/alia/aliaGate.gs?media=OB&ecpid=1102590765&vodFlag=N&prdseqnum=1102590765&utm_source=price&utm_medium=affiliate&utm_campaign=naver
페리페라,liner,10,페리페라 [NEW] 페리페라 스피디 스키니 브러쉬 라이너,blocked_detail_fetch,blocked,not_attempted,,robots_disallowed,,,,0,,,unknown,listed,Korea,롯데홈쇼핑,5600,https://www.lotteimall.com/coop/affilGate.lotte?chl_no=141370&chl_dtl_no=2540914&returnUrl=/goods/viewGoodsDetail.lotte?goods_no=3177480445&utm_source=naver&utm_medium=affiliate&utm_campaign=price_compare
페리페라,brow,1,[페리페라] 스피디 스키니 브로우 카라,blocked_detail_fetch,blocked,not_attempted,,robots_disallowed,,,,0,,,unknown,unknown,Korea,더블유컨셉,8000,http://www.wconcept.co.kr/Product/308168293?adfrom=naver_ep&utm_source=naver&utm_medium=pcs&utm_campaign=WCONCEPT&utm_content=none&utm_term=none
페리페라,brow,2,페리페라 스피디 스키니 브로우 마스카라 10 Colors | 올리브영,partial_detail,manual_review_required,collected_partial,playwright_rendered,robots_fetch_failed_requires_manual_review,,,balm,0,,daily_makeup | natural_makeup,listed,unknown,Korea,올리브영,8000,https://www.oliveyoung.co.kr/store/common/partner.do?chlNo=1&chlDtlNo=1&utm_source=naver&utm_medium=shopping_ep&utm_campaign=onpro_ep_product_0101_1231&utm_content=pc_price&sndType=goods&sndVal=A000000167236
페리페라,brow,3,[페리페라] [2EA] 스피디 스키니 브로우,blocked_detail_fetch,blocked,not_attempted,,robots_disallowed,,,,0,,,unknown,unknown,Korea,더블유컨셉,11900,http://www.wconcept.co.kr/Product/308168281?adfrom=naver_ep&utm_source=naver&utm_medium=pcs&utm_campaign=WCONCEPT&utm_content=none&utm_term=none
페리페라,brow,4,마스카라2개 페리페라 브로우카라 아이브로우 8colors,blocked_detail_fetch,blocked,not_attempted,,robots_disallowed,,,,0,,,unknown,unknown,Korea,레이제나,16800,https://smartstore.naver.com/main/products/12906391763
페리페라,brow,5,페리페라 스피디 스키니 브로우 8 Colors,failed_detail_fetch,manual_review_required,failed,http_error,robots_fetch_failed_requires_manual_review,http_status:403,,,0,,,listed,unknown,Korea,올리브영,6000,https://www.oliveyoung.co.kr/store/common/partner.do?chlNo=1&chlDtlNo=1&utm_source=naver&utm_medium=shopping_ep&utm_campaign=onpro_ep_product_0101_1231&utm_content=pc_price&sndType=goods&sndVal=A000000138671
페리페라,brow,6,[페리페라] [2EA] 스피디 스키니 브로우 카라,blocked_detail_fetch,blocked,not_attempted,,robots_disallowed,,,,0,,,unknown,unknown,Korea,더블유컨셉,15900,http://www.wconcept.co.kr/Product/308209702?adfrom=naver_ep&utm_source=naver&utm_medium=pcs&utm_campaign=WCONCEPT&utm_content=none&utm_term=none
페리페라,brow,7,페리페라 [2개] 스피디 스키니 아이브로우,blocked_detail_fetch,blocked,not_attempted,,robots_disallowed,,,,0,,,unknown,unknown,Korea,GSSHOP,10800,http://with.gsshop.com/alia/aliaGate.gs?media=OB&ecpid=1018653187&vodFlag=N&prdseqnum=1018653187&utm_source=price&utm_medium=affiliate&utm_campaign=naver
페리페라,brow,8,[NEW COLOR]페리페라 스피디 스키니 브로우,blocked_detail_fetch,blocked,not_attempted,,robots_disallowed,,,,0,,,unknown,unknown,Korea,GSSHOP,5700,http://with.gsshop.com/alia/aliaGate.gs?media=OB&ecpid=31309730&vodFlag=N&prdseqnum=31309730&utm_source=price&utm_medium=affiliate&utm_campaign=naver
페리페라,brow,9,NEW COLOR 페리페라 스피디 스키니 브로우 마스카라,blocked_detail_fetch,blocked,not_attempted,,robots_disallowed,,,,0,,,unknown,unknown,Korea,GSSHOP,7600,http://with.gsshop.com/alia/aliaGate.gs?media=OB&ecpid=1013462363&vodFlag=N&prdseqnum=1013462363&utm_source=price&utm_medium=affiliate&utm_campaign=naver
페리페라,brow,10,페리페라 스피디 아이브로우 오토 펜슬 001 블랙 브라운 3개,blocked_detail_fetch,blocked,not_attempted,,robots_disallowed,,,,0,,,unknown,unknown,Korea,롯데ON,9840,https://www.lotteon.com/p/product/LO2296042873?sitmNo=LO2296042873_2296042874&ch_no=100065&ch_dtl_no=1000030&entryPoint=pcs&dp_infw_cd=CHT
컬러그램,lip,1,[착색블러]컬러그램 쥬시 잼 블러 틴트 8COLOR,failed_detail_fetch,manual_review_required,failed,http_error,robots_fetch_failed_requires_manual_review,http_status:403,velvet,tint,0,blur,,listed,unknown,Korea,올리브영,6700,https://www.oliveyoung.co.kr/store/common/partner.do?chlNo=1&chlDtlNo=1&utm_source=naver&utm_medium=shopping_ep&utm_campaign=onpro_ep_product_0101_1231&utm_content=pc_price&sndType=goods&sndVal=A000000228696
컬러그램,lip,2,[컬러립밤]컬러그램 틴토리 잼 6COLOR,failed_detail_fetch,manual_review_required,failed,http_error,robots_fetch_failed_requires_manual_review,http_status:403,,balm,0,,,listed,unknown,Korea,올리브영,6700,https://www.oliveyoung.co.kr/store/common/partner.do?chlNo=1&chlDtlNo=1&utm_source=naver&utm_medium=shopping_ep&utm_campaign=onpro_ep_product_0101_1231&utm_content=pc_price&sndType=goods&sndVal=A000000201777
컬러그램,lip,3,[포켓몬 에디션/NEW 컬러]컬러그램 탕후루 탱글 틴트 딥 글레이즈 8COLOR,failed_detail_fetch,manual_review_required,failed,http_error,robots_fetch_failed_requires_manual_review,http_status:403,,tint,0,,,listed,unknown,Korea,올리브영,8800,https://www.oliveyoung.co.kr/store/common/partner.do?chlNo=1&chlDtlNo=1&utm_source=naver&utm_medium=shopping_ep&utm_campaign=onpro_ep_product_0101_1231&utm_content=pc_price&sndType=goods&sndVal=A000000245109
컬러그램,lip,4,[립&치크 블러팟]컬러그램 틴토리 블러 잼 4COLOR,failed_detail_fetch,manual_review_required,failed,http_error,robots_fetch_failed_requires_manual_review,http_status:403,velvet,,0,blur,,listed,unknown,Korea,올리브영,6300,https://www.oliveyoung.co.kr/store/common/partner.do?chlNo=1&chlDtlNo=1&utm_source=naver&utm_medium=shopping_ep&utm_campaign=onpro_ep_product_0101_1231&utm_content=pc_price&sndType=goods&sndVal=A000000209954
컬러그램,lip,5,[원조탱글광]컬러그램 탕후루 탱글 틴트 17COLOR,failed_detail_fetch,manual_review_required,failed,http_error,robots_fetch_failed_requires_manual_review,http_status:403,,tint,0,,,listed,unknown,Korea,올리브영,8800,https://www.oliveyoung.co.kr/store/common/partner.do?chlNo=1&chlDtlNo=1&utm_source=naver&utm_medium=shopping_ep&utm_campaign=onpro_ep_product_0101_1231&utm_content=pc_price&sndType=goods&sndVal=A000000188142
컬러그램,lip,6,[기존 용기]컬러그램 긱 누드 컬러 커버 틴트,failed_detail_fetch,manual_review_required,failed,http_error,robots_fetch_failed_requires_manual_review,http_status:403,,tint,0,coverage,,listed,unknown,Korea,올리브영,10000,https://www.oliveyoung.co.kr/store/common/partner.do?chlNo=1&chlDtlNo=1&utm_source=naver&utm_medium=shopping_ep&utm_campaign=onpro_ep_product_0101_1231&utm_content=pc_price&sndType=goods&sndVal=A000000223676
컬러그램,lip,7,[순삭커버/입술색 지우개]컬러그램 긱 누드 컬러 커버 틴트 5COLOR,failed_detail_fetch,manual_review_required,failed,http_error,robots_fetch_failed_requires_manual_review,http_status:403,,tint,0,coverage,,listed,unknown,Korea,올리브영,8800,https://www.oliveyoung.co.kr/store/common/partner.do?chlNo=1&chlDtlNo=1&utm_source=naver&utm_medium=shopping_ep&utm_campaign=onpro_ep_product_0101_1231&utm_content=pc_price&sndType=goods&sndVal=A000000245673
컬러그램,lip,8,[꿀먹광 글로스]컬러그램 탕후루 탱글 꿀로스 3COLOR,failed_detail_fetch,manual_review_required,failed,http_error,robots_fetch_failed_requires_manual_review,http_status:403,glossy,gloss,0,,,listed,unknown,Korea,올리브영,10000,https://www.oliveyoung.co.kr/store/common/partner.do?chlNo=1&chlDtlNo=1&utm_source=naver&utm_medium=shopping_ep&utm_campaign=onpro_ep_product_0101_1231&utm_content=pc_price&sndType=goods&sndVal=A000000198689
컬러그램,lip,9,컬러그램 탕후루 탱글 틴트 미니 듀오 3 COLOR,failed_detail_fetch,manual_review_required,failed,http_error,robots_fetch_failed_requires_manual_review,http_status:403,,tint,0,,,listed,unknown,Korea,올리브영,15000,https://www.oliveyoung.co.kr/store/common/partner.do?chlNo=1&chlDtlNo=1&utm_source=naver&utm_medium=shopping_ep&utm_campaign=onpro_ep_product_0101_1231&utm_content=pc_price&sndType=goods&sndVal=A000000201779
컬러그램,lip,10,[포켓몬 에디션/메탈참 증정/NEW]컬러그램 누디 블러 스틱 11COLOR,failed_detail_fetch,manual_review_required,failed,http_error,robots_fetch_failed_requires_manual_review,http_status:403,velvet,,0,blur,,listed,unknown,Korea,올리브영,9800,https://www.oliveyoung.co.kr/store/common/partner.do?chlNo=1&chlDtlNo=1&utm_source=naver&utm_medium=shopping_ep&utm_campaign=onpro_ep_product_0101_1231&utm_content=pc_price&sndType=goods&sndVal=A000000252785
컬러그램,shadow,1,[싱글섀도우]컬러그램 싱글 큐브 섀도우 23COLOR,failed_detail_fetch,manual_review_required,failed,http_error,robots_fetch_failed_requires_manual_review,http_status:403,,powder,0,,,listed,unknown,Korea,올리브영,6000,https://www.oliveyoung.co.kr/store/common/partner.do?chlNo=1&chlDtlNo=1&utm_source=naver&utm_medium=shopping_ep&utm_campaign=onpro_ep_product_0101_1231&utm_content=pc_price&sndType=goods&sndVal=A000000216667
컬러그램,shadow,2,[위글위글 콜라보/리뉴얼] 컬러그램 눈토리얼 아이 팔레트 5COLOR,failed_detail_fetch,manual_review_required,failed,http_error,robots_fetch_failed_requires_manual_review,http_status:403,,powder,0,,,listed,unknown,Korea,올리브영,17600,https://www.oliveyoung.co.kr/store/common/partner.do?chlNo=1&chlDtlNo=1&utm_source=naver&utm_medium=shopping_ep&utm_campaign=onpro_ep_product_0101_1231&utm_content=pc_price&sndType=goods&sndVal=A000000234373
컬러그램,shadow,3,[SNS화제템]컬러그램 틴토리 아이 팔레트 1COLOR,failed_detail_fetch,manual_review_required,failed,http_error,robots_fetch_failed_requires_manual_review,http_status:403,,powder,0,,,listed,unknown,Korea,올리브영,14000,https://www.oliveyoung.co.kr/store/common/partner.do?chlNo=1&chlDtlNo=1&utm_source=naver&utm_medium=shopping_ep&utm_campaign=onpro_ep_product_0101_1231&utm_content=pc_price&sndType=goods&sndVal=A000000201881
컬러그램,shadow,4,[기존용기]컬러그램 눈토리얼 아이 팔레트 3COLOR,failed_detail_fetch,manual_review_required,failed,http_error,robots_fetch_failed_requires_manual_review,http_status:403,,powder,0,,,listed,unknown,Korea,올리브영,15400,https://www.oliveyoung.co.kr/store/common/partner.do?chlNo=1&chlDtlNo=1&utm_source=naver&utm_medium=shopping_ep&utm_campaign=onpro_ep_product_0101_1231&utm_content=pc_price&sndType=goods&sndVal=A000000181415
컬러그램,shadow,5,[포켓몬 에디션/NEW]컬러그램 포켓링 아이 팔레트 5COLOR,failed_detail_fetch,manual_review_required,failed,http_error,robots_fetch_failed_requires_manual_review,http_status:403,,powder,0,,,listed,unknown,Korea,올리브영,10800,https://www.oliveyoung.co.kr/store/common/partner.do?chlNo=1&chlDtlNo=1&utm_source=naver&utm_medium=shopping_ep&utm_campaign=onpro_ep_product_0101_1231&utm_content=pc_price&sndType=goods&sndVal=A000000252788
컬러그램,shadow,6,[5초눈확장/중안부축소]컬러그램 올인원 애교살 메이커 10COLOR,failed_detail_fetch,manual_review_required,failed,http_error,robots_fetch_failed_requires_manual_review,http_status:403,,,0,,,listed,unknown,Korea,올리브영,9800,https://www.oliveyoung.co.kr/store/common/partner.do?chlNo=1&chlDtlNo=1&utm_source=naver&utm_medium=shopping_ep&utm_campaign=onpro_ep_product_0101_1231&utm_content=pc_price&sndType=goods&sndVal=A000000159062
컬러그램,shadow,7,컬러그램 올인원 애교살 메이커 07 웜피치(섀도우+음영),blocked_detail_fetch,blocked,not_attempted,,robots_disallowed,,,,0,,,unknown,unknown,Korea,롯데ON,8760,https://www.lotteon.com/p/product/LO2297825108?sitmNo=LO2297825108_2297825109&ch_no=100065&ch_dtl_no=1000030&entryPoint=pcs&dp_infw_cd=CHT
컬러그램,shadow,8,컬러그램 올인원 애교살 메이커 - /R,blocked_detail_fetch,blocked,not_attempted,,robots_disallowed,,,,0,,,unknown,unknown,Korea,롯데ON,5400,https://www.lotteon.com/p/product/LO2127584831?sitmNo=LO2127584831_2127584832&ch_no=100065&ch_dtl_no=1000030&entryPoint=pcs&dp_infw_cd=CHT
컬러그램,shadow,9,컬러그램 올인원 애교살 메이커 07 웜피치(섀도우+음영) 3개,blocked_detail_fetch,blocked,not_attempted,,robots_disallowed,,,,0,,,unknown,unknown,Korea,롯데ON,21010,https://www.lotteon.com/p/product/LO2393768982?sitmNo=LO2393768982_2393768983&ch_no=100065&ch_dtl_no=1000030&entryPoint=pcs&dp_infw_cd=CHT
컬러그램,shadow,10,컬러그램 올인원 애교살 메이커 07 웜피치(섀도우+음영) 2개,blocked_detail_fetch,blocked,not_attempted,,robots_disallowed,,,,0,,,unknown,unknown,Korea,롯데ON,14890,https://www.lotteon.com/p/product/LO2297825119?sitmNo=LO2297825119_2297825120&ch_no=100065&ch_dtl_no=1000030&entryPoint=pcs&dp_infw_cd=CHT
컬러그램,base,1,컬러그램 긱 누드 스킨 틴트 02 톤업 아이보리 1개,blocked_detail_fetch,blocked,not_attempted,,robots_disallowed,,,,0,,,unknown,unknown,Korea,쿠팡,13200,https://link.coupang.com/re/PCSNAVERPCSDP?pageKey=9513727525&ctag=9513727525&lptag=I28352894252&itemId=28352894252&vendorItemId=95304996981&spec=10305199
컬러그램,base,2,컬러그램 긱 누드 스킨 틴트 30ml(SPF30) 1개,blocked_detail_fetch,blocked,not_attempted,,robots_disallowed,,,,0,,,unknown,unknown,Korea,네이버,15700,https://search.shopping.naver.com/catalog/59386834545
컬러그램,base,3,컬러그램 긱 누드 스킨 틴트 03 라이트 베이지 1개,blocked_detail_fetch,blocked,not_attempted,,robots_disallowed,,,,0,,,unknown,unknown,Korea,쿠팡,12700,https://link.coupang.com/re/PCSNAVERPCSDP?pageKey=9513727525&ctag=9513727525&lptag=V95680271793&itemId=28352894255&vendorItemId=95680271793&spec=10305199
컬러그램,base,4,컬러그램 긱누드 스킨 틴트 30ml SPF30 PA++ 02 톤업아이보리,blocked_detail_fetch,blocked,not_attempted,,robots_disallowed,,,,0,,,unknown,unknown,Korea,세르앤 seranne,15700,https://smartstore.naver.com/main/products/11659500748
컬러그램,base,5,컬러그램 긱 누드 스킨 틴트 03 라이트 베이지 1개,blocked_detail_fetch,blocked,not_attempted,,robots_disallowed,,,,0,,,unknown,unknown,Korea,쿠팡,13200,https://link.coupang.com/re/PCSNAVERPCSDP?pageKey=9513727525&ctag=9513727525&lptag=V95304996983&itemId=28352894255&vendorItemId=95304996983&spec=10305199
컬러그램,base,6,컬러그램 긱누드 스킨 틴트 30ml SPF30 PA++ 02 톤업아이보리 1개,blocked_detail_fetch,blocked,not_attempted,,robots_disallowed,,,,0,,,unknown,unknown,Korea,쿠팡,18100,https://link.coupang.com/re/PCSNAVERPCSDP?pageKey=8686509664&ctag=8686509664&lptag=I25217522363&itemId=25217522363&vendorItemId=92214199872&spec=10305199
컬러그램,base,7,컬러그램 긱 누드 스킨 틴트 03 라이트 베이지 1개,blocked_detail_fetch,blocked,not_attempted,,robots_disallowed,,,,0,,,unknown,unknown,Korea,쿠팡,9310,https://link.coupang.com/re/PCSNAVERPCSDP?pageKey=9513727525&ctag=9513727525&lptag=I28352894255&itemId=28352894255&vendorItemId=95621155789&spec=10305199
컬러그램,base,8,컬러그램 긱누드 스킨 틴트 30ml SPF30 PA++ 04 미디움베이지,blocked_detail_fetch,blocked,not_attempted,,robots_disallowed,,,,0,,,unknown,unknown,Korea,세르앤 seranne,15700,https://smartstore.naver.com/main/products/11659500587
컬러그램,base,9,[파데프리템]컬러그램 긱 누드 스킨 틴트 4COLOR,failed_detail_fetch,manual_review_required,failed,http_error,robots_fetch_failed_requires_manual_review,http_status:403,,tint,0,,,listed,unknown,Korea,올리브영,6700,https://www.oliveyoung.co.kr/store/common/partner.do?chlNo=1&chlDtlNo=1&utm_source=naver&utm_medium=shopping_ep&utm_campaign=onpro_ep_product_0101_1231&utm_content=pc_price&sndType=goods&sndVal=A000000223679
컬러그램,base,10,컬러그램 긱 누드 스킨 틴트 SPF 30 PA++ 메이크업 베이스 자연스러운 피부표현 피부톤보정 촉촉함 1개,blocked_detail_fetch,blocked,not_attempted,,robots_disallowed,,,,0,,,unknown,unknown,Korea,쿠팡,12000,https://link.coupang.com/re/PCSNAVERPCSDP?pageKey=8686509664&ctag=8686509664&lptag=I25260926950&itemId=25260926950&vendorItemId=92256793569&spec=10305199
컬러그램,cheek,1,[포켓몬 에디션/모공블러셔]컬러그램 틴토리 솜 블러셔 14COLOR,failed_detail_fetch,manual_review_required,failed,http_error,robots_fetch_failed_requires_manual_review,http_status:403,velvet,,0,blur,,listed,unknown,Korea,올리브영,7000,https://www.oliveyoung.co.kr/store/common/partner.do?chlNo=1&chlDtlNo=1&utm_source=naver&utm_medium=shopping_ep&utm_campaign=onpro_ep_product_0101_1231&utm_content=pc_price&sndType=goods&sndVal=A000000228682
컬러그램,cheek,2,컬러그램 틴토리 솜 블러셔 썸탠저린 3호,blocked_detail_fetch,blocked,not_attempted,,robots_disallowed,,,,0,,,unknown,unknown,Korea,롯데ON,12610,https://www.lotteon.com/p/product/LO2697921308?sitmNo=LO2697921308_2697921309&ch_no=100065&ch_dtl_no=1000030&entryPoint=pcs&dp_infw_cd=CHT
컬러그램,cheek,3,컬러그램 틴토리 솜 블러셔 베어바나 9호,blocked_detail_fetch,blocked,not_attempted,,robots_disallowed,,,,0,,,unknown,unknown,Korea,롯데ON,12610,https://www.lotteon.com/p/product/LO2697920785?sitmNo=LO2697920785_2697920786&ch_no=100065&ch_dtl_no=1000030&entryPoint=pcs&dp_infw_cd=CHT
컬러그램,cheek,4,컬러그램 틴토리 솜 블러셔 말랑살구 1호,blocked_detail_fetch,blocked,not_attempted,,robots_disallowed,,,,0,,,unknown,unknown,Korea,롯데ON,12610,https://www.lotteon.com/p/product/LO2697921509?sitmNo=LO2697921509_2697921510&ch_no=100065&ch_dtl_no=1000030&entryPoint=pcs&dp_infw_cd=CHT
컬러그램,cheek,5,컬러그램 틴토리 솜 블러셔 체리버니 10호,blocked_detail_fetch,blocked,not_attempted,,robots_disallowed,,,,0,,,unknown,unknown,Korea,롯데ON,12600,https://www.lotteon.com/p/product/LO2697920670?sitmNo=LO2697920670_2697920671&ch_no=100065&ch_dtl_no=1000030&entryPoint=pcs&dp_infw_cd=CHT
컬러그램,cheek,6,컬러그램 틴토리 솜 블러셔 도란도화 2호,blocked_detail_fetch,blocked,not_attempted,,robots_disallowed,,,,0,,,unknown,unknown,Korea,롯데ON,12610,https://www.lotteon.com/p/product/LO2697921401?sitmNo=LO2697921401_2697921402&ch_no=100065&ch_dtl_no=1000030&entryPoint=pcs&dp_infw_cd=CHT
컬러그램,cheek,7,컬러그램 틴토리 솜 블러셔 홍시그널 5호,blocked_detail_fetch,blocked,not_attempted,,robots_disallowed,,,,0,,,unknown,unknown,Korea,롯데ON,12600,https://www.lotteon.com/p/product/LO2697921201?sitmNo=LO2697921201_2697921202&ch_no=100065&ch_dtl_no=1000030&entryPoint=pcs&dp_infw_cd=CHT
컬러그램,cheek,8,컬러그램 틴토리 솜 블러셔 무화카롱 6호,blocked_detail_fetch,blocked,not_attempted,,robots_disallowed,,,,0,,,unknown,unknown,Korea,롯데ON,12610,https://www.lotteon.com/p/product/LO2697921096?sitmNo=LO2697921096_2697921097&ch_no=100065&ch_dtl_no=1000030&entryPoint=pcs&dp_infw_cd=CHT
컬러그램,cheek,9,컬러그램 틴토리 솜 블러셔 앙쿨모브 8호,blocked_detail_fetch,blocked,not_attempted,,robots_disallowed,,,,0,,,unknown,unknown,Korea,롯데ON,12610,https://www.lotteon.com/p/product/LO2697920889?sitmNo=LO2697920889_2697920890&ch_no=100065&ch_dtl_no=1000030&entryPoint=pcs&dp_infw_cd=CHT
컬러그램,cheek,10,컬러그램 틴토리 솜 블러셔 꼬숩땅콩 7호,blocked_detail_fetch,blocked,not_attempted,,robots_disallowed,,,,0,,,unknown,unknown,Korea,롯데ON,12610,https://www.lotteon.com/p/product/LO2697920997?sitmNo=LO2697920997_2697920998&ch_no=100065&ch_dtl_no=1000030&entryPoint=pcs&dp_infw_cd=CHT
컬러그램,liner,1,[꼬막눈 확장/듀오기획]컬러그램 음영 창조 라이너 10COLOR (기획/단품),failed_detail_fetch,manual_review_required,failed,http_error,robots_fetch_failed_requires_manual_review,http_status:403,,liner,0,,,listed,unknown,Korea,올리브영,7700,https://www.oliveyoung.co.kr/store/common/partner.do?chlNo=1&chlDtlNo=1&utm_source=naver&utm_medium=shopping_ep&utm_campaign=onpro_ep_product_0101_1231&utm_content=pc_price&sndType=goods&sndVal=A000000162103
컬러그램,liner,2,컬러그램 음영 창조 라이너 02 30% 음영 자연스러운 음영 완성 2개,blocked_detail_fetch,blocked,not_attempted,,robots_disallowed,,,,0,,,unknown,unknown,Korea,롯데ON,15020,https://www.lotteon.com/p/product/LO2208112624?sitmNo=LO2208112624_2208112625&ch_no=100065&ch_dtl_no=1000030&entryPoint=pcs&dp_infw_cd=CHT
컬러그램,liner,3,컬러그램 음영 창조 라이너 0.5g,blocked_detail_fetch,blocked,not_attempted,,robots_disallowed,,,,0,,,unknown,unknown,Korea,롯데ON,5130,https://www.lotteon.com/p/product/LO2290223045?sitmNo=LO2290223045_2290223046&ch_no=100065&ch_dtl_no=1000030&entryPoint=pcs&dp_infw_cd=CHT
컬러그램,liner,4,컬러그램 음영 창조 라이너 (11 30퍼센트 그레이 브라운),blocked_detail_fetch,blocked,not_attempted,,robots_disallowed,,,,0,,,unknown,unknown,Korea,롯데ON,14400,https://www.lotteon.com/p/product/LO2699515576?sitmNo=LO2699515576_2699515577&ch_no=100065&ch_dtl_no=1000030&entryPoint=pcs&dp_infw_cd=CHT
컬러그램,liner,5,컬러그램 음영 창조 라이너 1+1 20% 음영,blocked_detail_fetch,blocked,not_attempted,,robots_disallowed,,,,0,,,unknown,unknown,Korea,롯데ON,18270,https://www.lotteon.com/p/product/LO2697919236?sitmNo=LO2697919236_2697919237&ch_no=100065&ch_dtl_no=1000030&entryPoint=pcs&dp_infw_cd=CHT
컬러그램,liner,6,컬러그램 음영 창조 라이너 1+1 70% 음영,blocked_detail_fetch,blocked,not_attempted,,robots_disallowed,,,,0,,,unknown,unknown,Korea,롯데ON,18270,https://www.lotteon.com/p/product/LO2697918823?sitmNo=LO2697918823_2697918824&ch_no=100065&ch_dtl_no=1000030&entryPoint=pcs&dp_infw_cd=CHT
컬러그램,liner,7,컬러그램 음영 창조 라이너 1+1 70% 그레이,blocked_detail_fetch,blocked,not_attempted,,robots_disallowed,,,,0,,,unknown,unknown,Korea,롯데ON,18270,https://www.lotteon.com/p/product/LO2697918507?sitmNo=LO2697918507_2697918508&ch_no=100065&ch_dtl_no=1000030&entryPoint=pcs&dp_infw_cd=CHT
컬러그램,liner,8,컬러그램 음영 창조 라이너 1+1 30% 음영,blocked_detail_fetch,blocked,not_attempted,,robots_disallowed,,,,0,,,unknown,unknown,Korea,롯데ON,18270,https://www.lotteon.com/p/product/LO2697919068?sitmNo=LO2697919068_2697919069&ch_no=100065&ch_dtl_no=1000030&entryPoint=pcs&dp_infw_cd=CHT
컬러그램,liner,9,컬러그램 음영 창조 라이너 1+1 30% 그레이,blocked_detail_fetch,blocked,not_attempted,,robots_disallowed,,,,0,,,unknown,unknown,Korea,롯데ON,18270,https://www.lotteon.com/p/product/LO2697918669?sitmNo=LO2697918669_2697918670&ch_no=100065&ch_dtl_no=1000030&entryPoint=pcs&dp_infw_cd=CHT
컬러그램,liner,10,컬러그램 음영 창조 라이너 1+1 30% 썬브라운,blocked_detail_fetch,blocked,not_attempted,,robots_disallowed,,,,0,,,unknown,unknown,Korea,롯데ON,18270,https://www.lotteon.com/p/product/LO2697918011?sitmNo=LO2697918011_2697918012&ch_no=100065&ch_dtl_no=1000030&entryPoint=pcs&dp_infw_cd=CHT
컬러그램,brow,1,컬러그램 쓱싹 오토 브로우 펜슬 0.18g 1개,blocked_detail_fetch,blocked,not_attempted,,robots_disallowed,,,,0,,,unknown,unknown,Korea,네이버,44600,https://search.shopping.naver.com/catalog/59386591717
컬러그램,brow,2,더샘 아이브로우 키트,blocked_detail_fetch,blocked,not_attempted,,robots_disallowed,,,,0,,,unknown,unknown,Korea,11번가,9820,https://www.11st.co.kr/connect/Gateway.tmall?method=Xsite&prdNo=7947652419&tid=1000000061
컬러그램,brow,3,컬러그램 쓱싹 오토 브로우 펜슬 0.18g - 아이브로우 R,blocked_detail_fetch,blocked,not_attempted,,robots_disallowed,,,,0,,,unknown,unknown,Korea,11번가,44600,https://www.11st.co.kr/connect/Gateway.tmall?method=Xsite&prdNo=7627403291&tid=1000000061
컬러그램,brow,4,컬러그램 페이크 래쉬 메이커 01 데일리블랙,blocked_detail_fetch,blocked,not_attempted,,robots_disallowed,,,,0,,,unknown,unknown,Korea,우아 뷰티,1000,https://smartstore.naver.com/main/products/12837856075
컬러그램,brow,5,컬러그램 블랙아이라이너 눈썹 아이브로우 음영 창조 라이너 02 30 1개,blocked_detail_fetch,blocked,not_attempted,,robots_disallowed,,,,0,,,unknown,unknown,Korea,콤파컴퍼니,19300,https://smartstore.naver.com/main/products/13334905329
컬러그램,brow,6,컬러그램 누디 블러 립펜슬 0.4g,blocked_detail_fetch,blocked,not_attempted,,robots_disallowed,,,,0,,,unknown,unknown,Korea,컬러그램,6900,https://smartstore.naver.com/main/products/12456725176
컬러그램,brow,7,컬러그램 워터프루프 눈썹 음영 창조 라이너 03 70 1개,blocked_detail_fetch,blocked,not_attempted,,robots_disallowed,,,,0,,,unknown,unknown,Korea,콤파컴퍼니,19300,https://smartstore.naver.com/main/products/13334081473
컬러그램,brow,8,[1+1] 컬러그램 누디 블러 립펜슬 0.4g 2개 골라담기,blocked_detail_fetch,blocked,not_attempted,,robots_disallowed,,,,0,,,unknown,unknown,Korea,컬러그램,11800,https://smartstore.naver.com/main/products/13252501990
컬러그램,brow,9,[SET] 컬러그램 누디 블러 립펜슬 5종세트,blocked_detail_fetch,blocked,not_attempted,,robots_disallowed,,,,0,,,unknown,unknown,Korea,컬러그램,29900,https://smartstore.naver.com/main/products/12456733602
컬러그램,brow,10,"컬러그램 언더 하이라이터 스틱 01 웜톤 | 실키 스무스 롱래스팅 하이라이터 & 컨투어링 스틱으로 얼룩 방지, 빛나는 데일리 메이크업 | K-뷰티 페이스 하이라이터 & 루미나이저",blocked_detail_fetch,blocked,not_attempted,,robots_disallowed,,,,0,,,unknown,unknown,Korea,트레이드하임,42180,https://smartstore.naver.com/main/products/13324015700
웨이크메이크,lip,1,[NEW/미니틴트 기획] 웨이크메이크 볼드 립 블러 틴트 15COLOR,failed_detail_fetch,manual_review_required,failed,http_error,robots_fetch_failed_requires_manual_review,http_status:403,velvet,tint,0,blur,,listed,unknown,Korea,올리브영,12800,https://www.oliveyoung.co.kr/store/common/partner.do?chlNo=1&chlDtlNo=1&utm_source=naver&utm_medium=shopping_ep&utm_campaign=onpro_ep_product_0101_1231&utm_content=pc_price&sndType=goods&sndVal=A000000258196
웨이크메이크,lip,2,[미니틴트 증정]웨이크메이크 워터 블러링 레이어 틴트 14COLOR(단품/기획),failed_detail_fetch,manual_review_required,failed,http_error,robots_fetch_failed_requires_manual_review,http_status:403,velvet,tint,0,blur,,listed,unknown,Korea,올리브영,9700,https://www.oliveyoung.co.kr/store/common/partner.do?chlNo=1&chlDtlNo=1&utm_source=naver&utm_medium=shopping_ep&utm_campaign=onpro_ep_product_0101_1231&utm_content=pc_price&sndType=goods&sndVal=A000000223250
웨이크메이크,lip,3,웨이크메이크 오버 블러링 팟 4.5g,blocked_detail_fetch,blocked,not_attempted,,robots_disallowed,,,,0,,,unknown,unknown,Korea,롯데ON,8820,https://www.lotteon.com/p/product/LO2625990178?sitmNo=LO2625990178_2625990179&ch_no=100065&ch_dtl_no=1000030&entryPoint=pcs&dp_infw_cd=CHT
웨이크메이크,lip,4,웨이크메이크 듀이 젤 글로우 틴트 1.8g - 립틴트/R,blocked_detail_fetch,blocked,not_attempted,,robots_disallowed,,,,0,,,unknown,unknown,Korea,롯데ON,7110,https://www.lotteon.com/p/product/LO2265610375?sitmNo=LO2265610375_2265610386&ch_no=100065&ch_dtl_no=1000030&entryPoint=pcs&dp_infw_cd=CHT
웨이크메이크,lip,5,웨이크메이크 컬러그램 누디 블러 틴트 AD 5g -/R,blocked_detail_fetch,blocked,not_attempted,,robots_disallowed,,,,0,,,unknown,unknown,Korea,롯데ON,5310,https://www.lotteon.com/p/product/LO2647409946?sitmNo=LO2647409946_2647409947&ch_no=100065&ch_dtl_no=1000030&entryPoint=pcs&dp_infw_cd=CHT
웨이크메이크,lip,6,웨이크메이크 볼드 립 블러 틴트 애프리시티 3호,blocked_detail_fetch,blocked,not_attempted,,robots_disallowed,,,,0,,,unknown,unknown,Korea,롯데ON,16130,https://www.lotteon.com/p/product/LO2692596343?sitmNo=LO2692596343_2692596344&ch_no=100065&ch_dtl_no=1000030&entryPoint=pcs&dp_infw_cd=CHT
웨이크메이크,lip,7,웨이크메이크 워터 블러링 레이어 틴트,blocked_detail_fetch,blocked,not_attempted,,robots_disallowed,,,,0,,,unknown,unknown,Korea,롯데ON,8820,https://www.lotteon.com/p/product/LO2624625975?sitmNo=LO2624625975_2624625976&ch_no=100065&ch_dtl_no=1000030&entryPoint=pcs&dp_infw_cd=CHT
웨이크메이크,lip,8,웨이크메이크 워터 블러링 레이어 틴트 콜드하이 8호,blocked_detail_fetch,blocked,not_attempted,,robots_disallowed,,,,0,,,unknown,unknown,Korea,롯데ON,16780,https://www.lotteon.com/p/product/LO2490172489?sitmNo=LO2490172489_2490172490&ch_no=100065&ch_dtl_no=1000030&entryPoint=pcs&dp_infw_cd=CHT
웨이크메이크,lip,9,웨이크메이크 워터 블러링 레이어 틴트 4.6g -/R,blocked_detail_fetch,blocked,not_attempted,,robots_disallowed,,,,0,,,unknown,unknown,Korea,롯데ON,8910,https://www.lotteon.com/p/product/LO2621023000?sitmNo=LO2621023000_2621023001&ch_no=100065&ch_dtl_no=1000030&entryPoint=pcs&dp_infw_cd=CHT
웨이크메이크,lip,10,웨이크메이크 듀이 젤 글로우 틴트 3g 유통기한임박,blocked_detail_fetch,blocked,not_attempted,,robots_disallowed,,,,0,,,unknown,unknown,Korea,롯데ON,5400,https://www.lotteon.com/p/product/LO2290203830?sitmNo=LO2290203830_2290203837&ch_no=100065&ch_dtl_no=1000030&entryPoint=pcs&dp_infw_cd=CHT
웨이크메이크,shadow,1,[NEW/크림블러셔 기획] 웨이크메이크 소프트 블러링 아이팔레트(단품/기획),failed_detail_fetch,manual_review_required,failed,http_error,robots_fetch_failed_requires_manual_review,http_status:403,velvet,cream,0,blur,,listed,unknown,Korea,올리브영,23700,https://www.oliveyoung.co.kr/store/common/partner.do?chlNo=1&chlDtlNo=1&utm_source=naver&utm_medium=shopping_ep&utm_campaign=onpro_ep_product_0101_1231&utm_content=pc_price&sndType=goods&sndVal=A000000180532
웨이크메이크,shadow,2,웨이크메이크 소프트 블러링 아이 팔레트 08 캔디코랄 블러링,blocked_detail_fetch,blocked,not_attempted,,robots_disallowed,,,,0,,,unknown,unknown,Korea,롯데ON,23660,https://www.lotteon.com/p/product/LO2443873547?sitmNo=LO2443873547_2443873548&ch_no=100065&ch_dtl_no=1000030&entryPoint=pcs&dp_infw_cd=CHT
웨이크메이크,shadow,3,웨이크메이크 소프트 블러링 아이 팔레트 05 뮤트 코랄 블러링,blocked_detail_fetch,blocked,not_attempted,,robots_disallowed,,,,0,,,unknown,unknown,Korea,롯데ON,23650,https://www.lotteon.com/p/product/LO2393757119?sitmNo=LO2393757119_2393757120&ch_no=100065&ch_dtl_no=1000030&entryPoint=pcs&dp_infw_cd=CHT
웨이크메이크,shadow,4,웨이크메이크 소프트 블러링 아이 팔레트 03 선셋 블러링,blocked_detail_fetch,blocked,not_attempted,,robots_disallowed,,,,0,,,unknown,unknown,Korea,롯데ON,23890,https://www.lotteon.com/p/product/LO2297826079?sitmNo=LO2297826079_2297826080&ch_no=100065&ch_dtl_no=1000030&entryPoint=pcs&dp_infw_cd=CHT
웨이크메이크,shadow,5,웨이크메이크 소프트 블러링 아이 팔레트 08 캔디코랄 블러링 3개,blocked_detail_fetch,blocked,not_attempted,,robots_disallowed,,,,0,,,unknown,unknown,Korea,롯데ON,66380,https://www.lotteon.com/p/product/LO2443873598?sitmNo=LO2443873598_2443873599&ch_no=100065&ch_dtl_no=1000030&entryPoint=pcs&dp_infw_cd=CHT
웨이크메이크,shadow,6,웨이크메이크 소프트 블러링 아이 팔레트 05 뮤트 코랄 블러링 3개,blocked_detail_fetch,blocked,not_attempted,,robots_disallowed,,,,0,,,unknown,unknown,Korea,롯데ON,65640,https://www.lotteon.com/p/product/LO2393757153?sitmNo=LO2393757153_2393757154&ch_no=100065&ch_dtl_no=1000030&entryPoint=pcs&dp_infw_cd=CHT
웨이크메이크,shadow,7,웨이크메이크 소프트 블러링 아이 팔레트 05 뮤트 코랄 블러링 2개,blocked_detail_fetch,blocked,not_attempted,,robots_disallowed,,,,0,,,unknown,unknown,Korea,롯데ON,44670,https://www.lotteon.com/p/product/LO2393757135?sitmNo=LO2393757135_2393757136&ch_no=100065&ch_dtl_no=1000030&entryPoint=pcs&dp_infw_cd=CHT
웨이크메이크,shadow,8,웨이크메이크 소프트 블러링 아이 팔레트 08 캔디코랄 블러링 2개,blocked_detail_fetch,blocked,not_attempted,,robots_disallowed,,,,0,,,unknown,unknown,Korea,롯데ON,45130,https://www.lotteon.com/p/product/LO2443873575?sitmNo=LO2443873575_2443873576&ch_no=100065&ch_dtl_no=1000030&entryPoint=pcs&dp_infw_cd=CHT
웨이크메이크,shadow,9,웨이크메이크 소프트 블러링 아이 팔레트 10 레이지 핑크 블러링,blocked_detail_fetch,blocked,not_attempted,,robots_disallowed,,,,0,,,unknown,unknown,Korea,롯데ON,23890,https://www.lotteon.com/p/product/LO2349339860?sitmNo=LO2349339860_2349339861&ch_no=100065&ch_dtl_no=1000030&entryPoint=pcs&dp_infw_cd=CHT
웨이크메이크,shadow,10,웨이크메이크 소프트 블러링 아이 팔레트 10 레이지 핑크 블러링 2개,blocked_detail_fetch,blocked,not_attempted,,robots_disallowed,,,,0,,,unknown,unknown,Korea,롯데ON,45130,https://www.lotteon.com/p/product/LO2349339955?sitmNo=LO2349339955_2349339956&ch_no=100065&ch_dtl_no=1000030&entryPoint=pcs&dp_infw_cd=CHT
웨이크메이크,base,1,[파우치 기획]웨이크메이크 워터 글로우 코팅밤(단품/기획),failed_detail_fetch,manual_review_required,failed,http_error,robots_fetch_failed_requires_manual_review,http_status:403,glossy,balm,0,glow,,listed,unknown,Korea,올리브영,13700,https://www.oliveyoung.co.kr/store/common/partner.do?chlNo=1&chlDtlNo=1&utm_source=naver&utm_medium=shopping_ep&utm_campaign=onpro_ep_product_0101_1231&utm_content=pc_price&sndType=goods&sndVal=A000000209147
웨이크메이크,base,2,웨이크메이크 워터 글로우 코팅밤 본품+리필,blocked_detail_fetch,blocked,not_attempted,,robots_disallowed,,,,0,,,unknown,unknown,Korea,롯데ON,24750,https://www.lotteon.com/p/product/LO2534596573?sitmNo=LO2534596573_2534596574&ch_no=100065&ch_dtl_no=1000030&entryPoint=pcs&dp_infw_cd=CHT
웨이크메이크,base,3,웨이크메이크 워터 글로우 코팅쿠션 본품+리필 기획,blocked_detail_fetch,blocked,not_attempted,,robots_disallowed,,,,0,,,unknown,unknown,Korea,롯데ON,23760,https://www.lotteon.com/p/product/LO2379947057?sitmNo=LO2379947057_2379947059&ch_no=100065&ch_dtl_no=1000030&entryPoint=pcs&dp_infw_cd=CHT
웨이크메이크,base,4,웨이크메이크 심리스 웨어 쿠션 본품+리필 기획세트,blocked_detail_fetch,blocked,not_attempted,,robots_disallowed,,,,0,,,unknown,unknown,Korea,롯데ON,24910,https://www.lotteon.com/p/product/LO2604552054?sitmNo=LO2604552054_2604552055&ch_no=100065&ch_dtl_no=1000030&entryPoint=pcs&dp_infw_cd=CHT
웨이크메이크,base,5,웨이크메이크 워터 글로우 코팅 쿠션 본품+리필 23 베이지,blocked_detail_fetch,blocked,not_attempted,,robots_disallowed,,,,0,,,unknown,unknown,Korea,롯데ON,23220,https://www.lotteon.com/p/product/LO2628337163?sitmNo=LO2628337163_2628337164&ch_no=100065&ch_dtl_no=1000030&entryPoint=pcs&dp_infw_cd=CHT
웨이크메이크,base,6,웨이크메이크 워터 글로우 코팅쿠션 본품+리필 기획,blocked_detail_fetch,blocked,not_attempted,,robots_disallowed,,,,0,,,unknown,unknown,Korea,롯데ON,23880,https://www.lotteon.com/p/product/LO2421714623?sitmNo=LO2421714623_2421714624&ch_no=100065&ch_dtl_no=1000030&entryPoint=pcs&dp_infw_cd=CHT
웨이크메이크,base,7,웨이크메이크 워터 글로우 코팅밤 12.5g (본품12.5g +리필12.5g ),blocked_detail_fetch,blocked,not_attempted,,robots_disallowed,,,,0,,,unknown,unknown,Korea,롯데ON,19800,https://www.lotteon.com/p/product/LO2625990197?sitmNo=LO2625990197_2625990198&ch_no=100065&ch_dtl_no=1000030&entryPoint=pcs&dp_infw_cd=CHT
웨이크메이크,base,8,웨이크메이크 심리스 웨어 쿠션 본품+리필 택1,blocked_detail_fetch,blocked,not_attempted,,robots_disallowed,,,,0,,,unknown,unknown,Korea,롯데ON,29070,https://www.lotteon.com/p/product/LO2711225721?sitmNo=LO2711225721_2711225722&ch_no=100065&ch_dtl_no=1000030&entryPoint=pcs&dp_infw_cd=CHT
웨이크메이크,base,9,컨실러리필 웨이크메이크 심리스 웨어 쿠션 9COLOR 기획 4044760,blocked_detail_fetch,blocked,not_attempted,,robots_disallowed,,,,0,,,unknown,unknown,Korea,롯데ON,33480,https://www.lotteon.com/p/product/LO2706823755?sitmNo=LO2706823755_2706823756&ch_no=100065&ch_dtl_no=1000030&entryPoint=pcs&dp_infw_cd=CHT
웨이크메이크,base,10,웨이크메이크 심리스 웨어 쿠션 미니 5g SPF50+ / PA+++,blocked_detail_fetch,blocked,not_attempted,,robots_disallowed,,,,0,,,unknown,unknown,Korea,롯데ON,19260,https://www.lotteon.com/p/product/LO2700908067?sitmNo=LO2700908067_2700908073&ch_no=100065&ch_dtl_no=1000030&entryPoint=pcs&dp_infw_cd=CHT
웨이크메이크,cheek,1,[NEW/헬시 치크] 웨이크메이크 쉐이킹 블러 치크 9COLOR,failed_detail_fetch,manual_review_required,failed,http_error,robots_fetch_failed_requires_manual_review,http_status:403,velvet,,0,blur,,listed,unknown,Korea,올리브영,12000,https://www.oliveyoung.co.kr/store/common/partner.do?chlNo=1&chlDtlNo=1&utm_source=naver&utm_medium=shopping_ep&utm_campaign=onpro_ep_product_0101_1231&utm_content=pc_price&sndType=goods&sndVal=A000000231339
웨이크메이크,cheek,2,[숨결 블러셔]웨이크메이크 쉬어 브리즈 블러셔 5g 7COLOR,failed_detail_fetch,manual_review_required,failed,http_error,robots_fetch_failed_requires_manual_review,http_status:403,velvet,,0,blur,,listed,unknown,Korea,올리브영,10500,https://www.oliveyoung.co.kr/store/common/partner.do?chlNo=1&chlDtlNo=1&utm_source=naver&utm_medium=shopping_ep&utm_campaign=onpro_ep_product_0101_1231&utm_content=pc_price&sndType=goods&sndVal=A000000223261
웨이크메이크,cheek,3,[핑거퍼프 기획]웨이크메이크 쉬어 글로우 리퀴드 블러셔 5COLOR 기획,failed_detail_fetch,manual_review_required,failed,http_error,robots_fetch_failed_requires_manual_review,http_status:403,velvet,liquid,0,glow | blur,,listed,unknown,Korea,올리브영,10900,https://www.oliveyoung.co.kr/store/common/partner.do?chlNo=1&chlDtlNo=1&utm_source=naver&utm_medium=shopping_ep&utm_campaign=onpro_ep_product_0101_1231&utm_content=pc_price&sndType=goods&sndVal=A000000211575
웨이크메이크,cheek,4,[아이돌블러셔/단종템부활] 웨이크메이크 믹스 블러링 볼륨 블러셔 5COLOR,failed_detail_fetch,manual_review_required,failed,http_error,robots_fetch_failed_requires_manual_review,http_status:403,velvet,,0,blur,,listed,unknown,Korea,올리브영,12000,https://www.oliveyoung.co.kr/store/common/partner.do?chlNo=1&chlDtlNo=1&utm_source=naver&utm_medium=shopping_ep&utm_campaign=onpro_ep_product_0101_1231&utm_content=pc_price&sndType=goods&sndVal=A000000248458
웨이크메이크,cheek,5,[다굽자/아이돌샤라웃]웨이크메이크 믹스 블러링 볼륨&쉬어 브리즈 블러셔,failed_detail_fetch,manual_review_required,failed,http_error,robots_fetch_failed_requires_manual_review,http_status:403,velvet,,0,blur,,listed,unknown,Korea,올리브영,10500,https://www.oliveyoung.co.kr/store/common/partner.do?chlNo=1&chlDtlNo=1&utm_source=naver&utm_medium=shopping_ep&utm_campaign=onpro_ep_product_0101_1231&utm_content=pc_price&sndType=goods&sndVal=A000000248938
웨이크메이크,cheek,6,웨이크메이크 쉐이킹 블러 치크 4g -/R,blocked_detail_fetch,blocked,not_attempted,,robots_disallowed,,,,0,,,unknown,unknown,Korea,롯데ON,8100,https://www.lotteon.com/p/product/LO2624218008?sitmNo=LO2624218008_2624218010&ch_no=100065&ch_dtl_no=1000030&entryPoint=pcs&dp_infw_cd=CHT
웨이크메이크,cheek,7,웨이크메이크 쉬어 브리즈 블러셔 5g -/R,blocked_detail_fetch,blocked,not_attempted,,robots_disallowed,,,,0,,,unknown,unknown,Korea,롯데ON,11610,https://www.lotteon.com/p/product/LO2624219979?sitmNo=LO2624219979_2624219980&ch_no=100065&ch_dtl_no=1000030&entryPoint=pcs&dp_infw_cd=CHT
웨이크메이크,cheek,8,웨이크메이크 믹스 블러링 볼륨 블러셔 소프트뮤트 3호,blocked_detail_fetch,blocked,not_attempted,,robots_disallowed,,,,0,,,unknown,unknown,Korea,롯데ON,15120,https://www.lotteon.com/p/product/LO2692549790?sitmNo=LO2692549790_2692549791&ch_no=100065&ch_dtl_no=1000030&entryPoint=pcs&dp_infw_cd=CHT
웨이크메이크,cheek,9,숨결 블러셔 웨이크메이크 쉬어 브리즈 5g 7COLOR 4044764,blocked_detail_fetch,blocked,not_attempted,,robots_disallowed,,,,0,,,unknown,unknown,Korea,롯데ON,18180,https://www.lotteon.com/p/product/LO2706823466?sitmNo=LO2706823466_2706823467&ch_no=100065&ch_dtl_no=1000030&entryPoint=pcs&dp_infw_cd=CHT
웨이크메이크,cheek,10,[SET] 웨이크메이크 블러셔 + 필리밀리 퍼프 택 1,blocked_detail_fetch,blocked,not_attempted,,robots_disallowed,,,,0,,,unknown,unknown,Korea,롯데ON,25290,https://www.lotteon.com/p/product/LO2710955095?sitmNo=LO2710955095_2710955096&ch_no=100065&ch_dtl_no=1000030&entryPoint=pcs&dp_infw_cd=CHT
웨이크메이크,liner,1,[1+1]웨이크메이크 철벽 브러쉬 아이라이너 3COLOR(1+1 기획),failed_detail_fetch,manual_review_required,failed,http_error,robots_fetch_failed_requires_manual_review,http_status:403,,liner,0,,,listed,unknown,Korea,올리브영,13000,https://www.oliveyoung.co.kr/store/common/partner.do?chlNo=1&chlDtlNo=1&utm_source=naver&utm_medium=shopping_ep&utm_campaign=onpro_ep_product_0101_1231&utm_content=pc_price&sndType=goods&sndVal=A000000130012
웨이크메이크,liner,2,웨이크메이크 리얼 디파이닝 펜슬 라이너 - /R 아이라이너,blocked_detail_fetch,blocked,not_attempted,,robots_disallowed,,,,0,,,unknown,unknown,Korea,롯데ON,5670,https://www.lotteon.com/p/product/LO2627032744?sitmNo=LO2627032744_2627032745&ch_no=100065&ch_dtl_no=1000030&entryPoint=pcs&dp_infw_cd=CHT
웨이크메이크,liner,3,웨이크메이크 철벽 펜 아이라이너 01 블랙,blocked_detail_fetch,blocked,not_attempted,,robots_disallowed,,,,0,,,unknown,unknown,Korea,롯데ON,10760,https://www.lotteon.com/p/product/LO2207610004?sitmNo=LO2207610004_2207610005&ch_no=100065&ch_dtl_no=1000030&entryPoint=pcs&dp_infw_cd=CHT
웨이크메이크,liner,4,웨이크메이크 철벽 펜 아이라이너 01 블랙 2개,blocked_detail_fetch,blocked,not_attempted,,robots_disallowed,,,,0,,,unknown,unknown,Korea,롯데ON,18890,https://www.lotteon.com/p/product/LO2207610028?sitmNo=LO2207610028_2207610029&ch_no=100065&ch_dtl_no=1000030&entryPoint=pcs&dp_infw_cd=CHT
웨이크메이크,liner,5,웨이크메이크 철벽 펜 아이라이너 01 블랙 3개,blocked_detail_fetch,blocked,not_attempted,,robots_disallowed,,,,0,,,unknown,unknown,Korea,롯데ON,27010,https://www.lotteon.com/p/product/LO2393759402?sitmNo=LO2393759402_2393759403&ch_no=100065&ch_dtl_no=1000030&entryPoint=pcs&dp_infw_cd=CHT
웨이크메이크,liner,6,웨이크메이크 철벽 펜 아이라이너 02 브라운 3개,blocked_detail_fetch,blocked,not_attempted,,robots_disallowed,,,,0,,,unknown,unknown,Korea,롯데ON,27010,https://www.lotteon.com/p/product/LO2393759419?sitmNo=LO2393759419_2393759420&ch_no=100065&ch_dtl_no=1000030&entryPoint=pcs&dp_infw_cd=CHT
웨이크메이크,liner,7,웨이크메이크 철벽 펜 아이라이너 03 다크 브라운 3개,blocked_detail_fetch,blocked,not_attempted,,robots_disallowed,,,,0,,,unknown,unknown,Korea,롯데ON,27010,https://www.lotteon.com/p/product/LO2393759436?sitmNo=LO2393759436_2393759437&ch_no=100065&ch_dtl_no=1000030&entryPoint=pcs&dp_infw_cd=CHT
웨이크메이크,liner,8,웨이크메이크 리얼 애쉬 펜슬 라이너 0.14g - /R 아이라이너,blocked_detail_fetch,blocked,not_attempted,,robots_disallowed,,,,0,,,unknown,unknown,Korea,롯데ON,5650,https://www.lotteon.com/p/product/LO2332803232?sitmNo=LO2332803232_2332803237&ch_no=100065&ch_dtl_no=1000030&entryPoint=pcs&dp_infw_cd=CHT
웨이크메이크,liner,9,[NEW/트임라이너]웨이크메이크 리얼 디파이닝 펜슬 라이너 8COLOR,failed_detail_fetch,manual_review_required,failed,http_error,robots_fetch_failed_requires_manual_review,http_status:403,,pencil,0,,,listed,unknown,Korea,올리브영,7500,https://www.oliveyoung.co.kr/store/common/partner.do?chlNo=1&chlDtlNo=1&utm_source=naver&utm_medium=shopping_ep&utm_campaign=onpro_ep_product_0101_1231&utm_content=pc_price&sndType=goods&sndVal=A000000227420
웨이크메이크,liner,10,웨이크메이크 철벽 브러쉬 아이라이너 0.6g [단품/1+1],blocked_detail_fetch,blocked,not_attempted,,robots_disallowed,,,,0,,,unknown,unknown,Korea,롯데ON,18250,https://www.lotteon.com/p/product/LO2714089637?sitmNo=LO2714089637_2714089638&ch_no=100065&ch_dtl_no=1000030&entryPoint=pcs&dp_infw_cd=CHT
웨이크메이크,brow,1,웨이크메이크 소프트 드로잉 슬림 브로우 4COLOR,failed_detail_fetch,manual_review_required,failed,http_error,robots_fetch_failed_requires_manual_review,http_status:403,,,0,,,listed,unknown,Korea,올리브영,9700,https://www.oliveyoung.co.kr/store/common/partner.do?chlNo=1&chlDtlNo=1&utm_source=naver&utm_medium=shopping_ep&utm_campaign=onpro_ep_product_0101_1231&utm_content=pc_price&sndType=goods&sndVal=A000000208272
웨이크메이크,brow,2,[NEW/브로우맛집] 웨이크메이크 리얼 픽싱 슬림 브로우카라 5COLOR,failed_detail_fetch,manual_review_required,failed,http_error,robots_fetch_failed_requires_manual_review,http_status:403,,,0,,,listed,unknown,Korea,올리브영,9700,https://www.oliveyoung.co.kr/store/common/partner.do?chlNo=1&chlDtlNo=1&utm_source=naver&utm_medium=shopping_ep&utm_campaign=onpro_ep_product_0101_1231&utm_content=pc_price&sndType=goods&sndVal=A000000244390
웨이크메이크,brow,3,[NEW/브로우픽서 증정] 웨이크메이크 내추럴 하드 브로우 펜슬 9COLOR (1+1기획),failed_detail_fetch,manual_review_required,failed,http_error,robots_fetch_failed_requires_manual_review,http_status:403,,pencil,0,,natural_makeup,listed,unknown,Korea,올리브영,11700,https://www.oliveyoung.co.kr/store/common/partner.do?chlNo=1&chlDtlNo=1&utm_source=naver&utm_medium=shopping_ep&utm_campaign=onpro_ep_product_0101_1231&utm_content=pc_price&sndType=goods&sndVal=A000000178972
웨이크메이크,brow,4,웨이크메이크 파우더 젯 듀얼 브로우 5COLOR,failed_detail_fetch,manual_review_required,failed,http_error,robots_fetch_failed_requires_manual_review,http_status:403,,powder,0,,,listed,unknown,Korea,올리브영,9000,https://www.oliveyoung.co.kr/store/common/partner.do?chlNo=1&chlDtlNo=1&utm_source=naver&utm_medium=shopping_ep&utm_campaign=onpro_ep_product_0101_1231&utm_content=pc_price&sndType=goods&sndVal=A000000197861
웨이크메이크,brow,5,웨이크메이크 파우더 젯 듀얼 브로우x2개,blocked_detail_fetch,blocked,not_attempted,,robots_disallowed,,,,0,,,unknown,unknown,Korea,롯데ON,17460,https://www.lotteon.com/p/product/LO2116316000?sitmNo=LO2116316000_2116316004&ch_no=100065&ch_dtl_no=1000030&entryPoint=pcs&dp_infw_cd=CHT
웨이크메이크,brow,6,웨이크메이크 파우더 젯 듀얼 브로우 07 뉴트럴 브라운 2개,blocked_detail_fetch,blocked,not_attempted,,robots_disallowed,,,,0,,,unknown,unknown,Korea,롯데ON,17640,https://www.lotteon.com/p/product/LO2336578742?sitmNo=LO2336578742_2336578743&ch_no=100065&ch_dtl_no=1000030&entryPoint=pcs&dp_infw_cd=CHT
웨이크메이크,brow,7,웨이크메이크 파우더 젯 듀얼 브로우 09 그레이 브라운,blocked_detail_fetch,blocked,not_attempted,,robots_disallowed,,,,0,,,unknown,unknown,Korea,롯데ON,10140,https://www.lotteon.com/p/product/LO2336578561?sitmNo=LO2336578561_2336578562&ch_no=100065&ch_dtl_no=1000030&entryPoint=pcs&dp_infw_cd=CHT
웨이크메이크,brow,8,웨이크메이크 파우더 젯 듀얼 브로우 06 딥 브라운,blocked_detail_fetch,blocked,not_attempted,,robots_disallowed,,,,0,,,unknown,unknown,Korea,롯데ON,10140,https://www.lotteon.com/p/product/LO2207609026?sitmNo=LO2207609026_2207609027&ch_no=100065&ch_dtl_no=1000030&entryPoint=pcs&dp_infw_cd=CHT
웨이크메이크,brow,9,웨이크메이크 파우더 젯 듀얼 브로우 06 딥 브라운 3개,blocked_detail_fetch,blocked,not_attempted,,robots_disallowed,,,,0,,,unknown,unknown,Korea,롯데ON,25130,https://www.lotteon.com/p/product/LO2393759932?sitmNo=LO2393759932_2393759933&ch_no=100065&ch_dtl_no=1000030&entryPoint=pcs&dp_infw_cd=CHT
웨이크메이크,brow,10,웨이크메이크 파우더 젯 듀얼 브로우 09 그레이 브라운 3개,blocked_detail_fetch,blocked,not_attempted,,robots_disallowed,,,,0,,,unknown,unknown,Korea,롯데ON,25130,https://www.lotteon.com/p/product/LO2393760093?sitmNo=LO2393760093_2393760094&ch_no=100065&ch_dtl_no=1000030&entryPoint=pcs&dp_infw_cd=CHT
데이지크,lip,1,[데이지크] 쥬시 듀이 틴트,blocked_detail_fetch,blocked,not_attempted,,robots_disallowed,,,,0,,,unknown,unknown,Korea,더블유컨셉,15000,http://www.wconcept.co.kr/Product/301813862?adfrom=naver_ep&utm_source=naver&utm_medium=pcs&utm_campaign=WCONCEPT&utm_content=none&utm_term=none
데이지크,lip,2,[미니 틴트 증정] 데이지크 쥬시 듀이 틴트 28 colors (단품/기획),failed_detail_fetch,manual_review_required,failed,http_error,robots_fetch_failed_requires_manual_review,http_status:403,,tint,0,,,listed,unknown,Korea,올리브영,11900,https://www.oliveyoung.co.kr/store/common/partner.do?chlNo=1&chlDtlNo=1&utm_source=naver&utm_medium=shopping_ep&utm_campaign=onpro_ep_product_0101_1231&utm_content=pc_price&sndType=goods&sndVal=A000000184327
데이지크,lip,3,[데이지크] 수플레 컬러 팟,blocked_detail_fetch,blocked,not_attempted,,robots_disallowed,,,,0,,,unknown,unknown,Korea,더블유컨셉,20000,http://www.wconcept.co.kr/Product/306035805?adfrom=naver_ep&utm_source=naver&utm_medium=pcs&utm_campaign=WCONCEPT&utm_content=none&utm_term=none
데이지크,lip,4,[데이지크] 쥬시 듀이 글로우 틴트 5.5g,blocked_detail_fetch,blocked,not_attempted,,robots_disallowed,,,,0,,,unknown,unknown,Korea,더블유컨셉,15000,http://www.wconcept.co.kr/Product/306905345?adfrom=naver_ep&utm_source=naver&utm_medium=pcs&utm_campaign=WCONCEPT&utm_content=none&utm_term=none
데이지크,lip,5,데이지크 쥬시 듀이 글로우 틴트 22 colors,blocked_detail_fetch,blocked,not_attempted,,robots_disallowed,,,,0,,,unknown,unknown,Korea,롯데ON,12780,https://www.lotteon.com/p/product/LO2643940038?sitmNo=LO2643940038_2643940040&ch_no=100065&ch_dtl_no=1000030&entryPoint=pcs&dp_infw_cd=CHT
데이지크,lip,6,[데이지크] [NEW] 츄잉 글로우 팟,blocked_detail_fetch,blocked,not_attempted,,robots_disallowed,,,,0,,,unknown,unknown,Korea,더블유컨셉,20000,http://www.wconcept.co.kr/Product/306795406?adfrom=naver_ep&utm_source=naver&utm_medium=pcs&utm_campaign=WCONCEPT&utm_content=none&utm_term=none
데이지크,lip,7,데이지크 쥬시 듀이 틴트,complete_detail,manual_review_required,collected_complete,fetched,terms_not_configured,,,tint,14,,,unknown,unknown,Korea,시코르,13600,https://chicor.com/goods/5100002008619?utm_source=naver&utm_medium=cpc&utm_campaign=ep
데이지크,lip,8,데이지크 쥬시 듀이 틴트 5009718,blocked_detail_fetch,blocked,not_attempted,,robots_disallowed,,,,0,,,unknown,unknown,Korea,롯데ON,26550,https://www.lotteon.com/p/product/LO2706652040?sitmNo=LO2706652040_2706652041&ch_no=100065&ch_dtl_no=1000030&entryPoint=pcs&dp_infw_cd=CHT
데이지크,lip,9,[데이지크] 폴리포켓 수플레 컬러 팟,blocked_detail_fetch,blocked,not_attempted,,robots_disallowed,,,,0,,,unknown,unknown,Korea,더블유컨셉,20000,http://www.wconcept.co.kr/Product/308741953?adfrom=naver_ep&utm_source=naver&utm_medium=pcs&utm_campaign=WCONCEPT&utm_content=none&utm_term=none
데이지크,lip,10,[데이지크] 폴리포켓 수플레 컬러 팟,failed_detail_fetch,manual_review_required,failed,http_error,terms_not_configured,http_status:403,,,0,,,unknown,unknown,Korea,ABLY,20000,https://m.a-bly.com/goods/72890448?utm_source=web_naver-shopping&utm_medium=display&utm_campaign=web_naver-shopping&utm_content=72890448
데이지크,shadow,1,[데이지크] 무드 싱글 섀도우 40종,failed_detail_fetch,manual_review_required,failed,http_error,terms_not_configured,http_status:403,,powder,0,,,unknown,unknown,Korea,ABLY,7000,https://m.a-bly.com/goods/53145563?utm_source=web_naver-shopping&utm_medium=display&utm_campaign=web_naver-shopping&utm_content=53145563
데이지크,shadow,2,데이지크 무드 섀도우 팔레트 04라이트라벤더,blocked_detail_fetch,blocked,not_attempted,,robots_disallowed,,,,0,,,unknown,unknown,Korea,롯데ON,38700,https://www.lotteon.com/p/product/LO2645182864?sitmNo=LO2645182864_2645182865&ch_no=100065&ch_dtl_no=1000030&entryPoint=pcs&dp_infw_cd=CHT
데이지크,shadow,3,데이지크 무드 섀도우 팔레트 색상 러브하트,blocked_detail_fetch,blocked,not_attempted,,robots_disallowed,,,,0,,,unknown,unknown,Korea,롯데ON,71190,https://www.lotteon.com/p/product/LO2553668114?sitmNo=LO2553668114_2553668115&ch_no=100065&ch_dtl_no=1000030&entryPoint=pcs&dp_infw_cd=CHT
데이지크,shadow,4,[데이지크] 섀도우 팔레트 (1~39호),blocked_detail_fetch,blocked,not_attempted,,robots_disallowed,,,,0,,,unknown,unknown,Korea,더블유컨셉,31900,http://www.wconcept.co.kr/Product/301420006?adfrom=naver_ep&utm_source=naver&utm_medium=pcs&utm_campaign=WCONCEPT&utm_content=none&utm_term=none
데이지크,shadow,5,데이지크 섀도우 팔레트 02로즈페탈,blocked_detail_fetch,blocked,not_attempted,,robots_disallowed,,,,0,,,unknown,unknown,Korea,롯데ON,29610,https://www.lotteon.com/p/product/LO2645189767?sitmNo=LO2645189767_2645189768&ch_no=100065&ch_dtl_no=1000030&entryPoint=pcs&dp_infw_cd=CHT
데이지크,shadow,6,데이지크 섀도우 팔레트 색상 34 트윙클 머메이드,blocked_detail_fetch,blocked,not_attempted,,robots_disallowed,,,,0,,,unknown,unknown,Korea,롯데ON,30870,https://www.lotteon.com/p/product/LO2553668030?sitmNo=LO2553668030_2553668031&ch_no=100065&ch_dtl_no=1000030&entryPoint=pcs&dp_infw_cd=CHT
데이지크,shadow,7,[데이지크] 스태리 나잇 섀도우 팔레트,blocked_detail_fetch,blocked,not_attempted,,robots_disallowed,,,,0,,,unknown,unknown,Korea,더블유컨셉,19900,http://www.wconcept.co.kr/Product/306320020?adfrom=naver_ep&utm_source=naver&utm_medium=pcs&utm_campaign=WCONCEPT&utm_content=none&utm_term=none
데이지크,shadow,8,데이지크 섀도우 팔레트,complete_detail,manual_review_required,collected_complete,fetched,terms_not_configured,,,powder,15,,,unknown,unknown,Korea,시코르,28900,https://chicor.com/goods/5100002007508?utm_source=naver&utm_medium=cpc&utm_campaign=ep
데이지크,shadow,9,[폴리포켓 콜라보] 데이지크 리틀 섀도우 팔레트 3 colors 단품/기획 3474075,blocked_detail_fetch,blocked,not_attempted,,robots_disallowed,,,,0,,,unknown,unknown,Korea,롯데ON,33750,https://www.lotteon.com/p/product/LO2709779263?sitmNo=LO2709779263_2709779264&ch_no=100065&ch_dtl_no=1000030&entryPoint=pcs&dp_infw_cd=CHT
데이지크,shadow,10,데이지크 섀도우 팔레트 색상 12 웜블랜딩,blocked_detail_fetch,blocked,not_attempted,,robots_disallowed,,,,0,,,unknown,unknown,Korea,롯데ON,30870,https://www.lotteon.com/p/product/LO2553668005?sitmNo=LO2553668005_2553668006&ch_no=100065&ch_dtl_no=1000030&entryPoint=pcs&dp_infw_cd=CHT
데이지크,base,1,데이지크 무드 치크 블러셔 10.4g 01 웜 블렌딩 1개 one option,blocked_detail_fetch,blocked,not_attempted,,robots_disallowed,,,,0,,,unknown,unknown,Korea,에이빔,30000,https://smartstore.naver.com/main/products/8891299440
데이지크,base,2,데이지크 워터 듀이 젤 쿠션 3 colors 4065808,blocked_detail_fetch,blocked,not_attempted,,robots_disallowed,,,,0,,,unknown,unknown,Korea,롯데ON,32400,https://www.lotteon.com/p/product/LO2711153369?sitmNo=LO2711153369_2711153370&ch_no=100065&ch_dtl_no=1000030&entryPoint=pcs&dp_infw_cd=CHT
데이지크,base,3,데이지크 워터 듀이 젤 쿠션 본품,blocked_detail_fetch,blocked,not_attempted,,robots_disallowed,,,,0,,,unknown,unknown,Korea,네이버,12900,https://search.shopping.naver.com/catalog/59386890045
데이지크,base,4,"데이지크 워터 베일 프라이머 40ml, 1개",blocked_detail_fetch,blocked,not_attempted,,robots_disallowed,,,,0,,,unknown,unknown,Korea,네이버,21850,https://search.shopping.naver.com/catalog/56707540212
데이지크,base,5,데이지크 워터 듀이 젤 쿠션 3 colors,blocked_detail_fetch,blocked,not_attempted,,robots_disallowed,,,,0,,,unknown,unknown,Korea,롯데ON,38520,https://www.lotteon.com/p/product/LO2701849095?sitmNo=LO2701849095_2701849096&ch_no=100065&ch_dtl_no=1000030&entryPoint=pcs&dp_infw_cd=CHT
데이지크,base,6,데이지크 워터 듀이 젤쿠션 3 colors,blocked_detail_fetch,blocked,not_attempted,,robots_disallowed,,,,0,,,unknown,unknown,Korea,N JOY,31000,https://smartstore.naver.com/main/products/12698624047
데이지크,base,7,이런 상품 어때요? 데이지크 코렉팅 선 베이스 30ml SPF50 PA+++,failed_detail_fetch,manual_review_required,failed,fetched,terms_not_configured,no_useful_data,,,0,,,unknown,unknown,Korea,데이지크,18000,https://shopping.naver.com/outlink/itemdetail/10273127158
데이지크,base,8,바이애콤비비 EGF 비비크림 (내추럴),blocked_detail_fetch,blocked,not_attempted,,robots_disallowed,,,,0,,,unknown,unknown,Korea,통증 LAB,70900,https://smartstore.naver.com/main/products/12236709432
데이지크,base,9,DASIQUE [하트컬렉션] 워터 듀이 젤 하트 쿠션 + 수플레 컬러 팟351997,blocked_detail_fetch,blocked,not_attempted,,robots_disallowed,,,,0,,,unknown,unknown,Korea,롯데ON,36360,https://www.lotteon.com/p/product/LO2698899106?sitmNo=LO2698899106_2698899107&ch_no=100065&ch_dtl_no=1000030&entryPoint=pcs&dp_infw_cd=CHT
데이지크,base,10,데이지크 워터 듀이 젤 쿠션 3 colors,blocked_detail_fetch,blocked,not_attempted,,robots_disallowed,,,,0,,,unknown,unknown,Korea,11번가,40660,https://www.11st.co.kr/connect/Gateway.tmall?method=Xsite&prdNo=9430878154&tid=1000000061
데이지크,cheek,1,[데이지크] 블렌딩 무드 치크,failed_detail_fetch,manual_review_required,failed,http_error,terms_not_configured,http_status:403,,,0,,,unknown,unknown,Korea,ABLY,20000,https://m.a-bly.com/goods/4582150?utm_source=web_naver-shopping&utm_medium=display&utm_campaign=web_naver-shopping&utm_content=4582150
데이지크,cheek,2,[데이지크] 미니 블렌딩 무드 치크,failed_detail_fetch,manual_review_required,failed,http_error,terms_not_configured,http_status:403,,,0,,,unknown,unknown,Korea,ABLY,14000,https://m.a-bly.com/goods/67205249?utm_source=web_naver-shopping&utm_medium=display&utm_campaign=web_naver-shopping&utm_content=67205249
데이지크,cheek,3,데이지크 블렌딩 무드 치크 팔레트 블러셔 10 뮤티드 넛츠,blocked_detail_fetch,blocked,not_attempted,,robots_disallowed,,,,0,,,unknown,unknown,Korea,롯데ON,25920,https://www.lotteon.com/p/product/LO2586203612?sitmNo=LO2586203612_2586203613&ch_no=100065&ch_dtl_no=1000030&entryPoint=pcs&dp_infw_cd=CHT
데이지크,cheek,4,데이지크 블렌딩 무드 치크 팔레트 블러셔 14 러브 하트,blocked_detail_fetch,blocked,not_attempted,,robots_disallowed,,,,0,,,unknown,unknown,Korea,롯데ON,25920,https://www.lotteon.com/p/product/LO2586203592?sitmNo=LO2586203592_2586203593&ch_no=100065&ch_dtl_no=1000030&entryPoint=pcs&dp_infw_cd=CHT
데이지크,cheek,5,데이지크 블렌딩 무드 치크 팔레트 블러셔 16 브라운 베어 젤리 제형,blocked_detail_fetch,blocked,not_attempted,,robots_disallowed,,,,0,,,unknown,unknown,Korea,롯데ON,25920,https://www.lotteon.com/p/product/LO2586203560?sitmNo=LO2586203560_2586203561&ch_no=100065&ch_dtl_no=1000030&entryPoint=pcs&dp_infw_cd=CHT
데이지크,cheek,6,데이지크 블렌딩 무드 치크 팔레트 블러셔 15 로즈밀크티,blocked_detail_fetch,blocked,not_attempted,,robots_disallowed,,,,0,,,unknown,unknown,Korea,롯데ON,25920,https://www.lotteon.com/p/product/LO2586203549?sitmNo=LO2586203549_2586203550&ch_no=100065&ch_dtl_no=1000030&entryPoint=pcs&dp_infw_cd=CHT
데이지크,cheek,7,데이지크 블렌딩 무드 치크 팔레트 블러셔 17 모브 헤어 젤리 제형,blocked_detail_fetch,blocked,not_attempted,,robots_disallowed,,,,0,,,unknown,unknown,Korea,롯데ON,25920,https://www.lotteon.com/p/product/LO2586203570?sitmNo=LO2586203570_2586203571&ch_no=100065&ch_dtl_no=1000030&entryPoint=pcs&dp_infw_cd=CHT
데이지크,cheek,8,데이지크 미니 블렌딩 무드 치크 5.2g 09아몬드바닐라,blocked_detail_fetch,blocked,not_attempted,,robots_disallowed,,,,0,,,unknown,unknown,Korea,롯데ON,12330,https://www.lotteon.com/p/product/LO2652793824?sitmNo=LO2652793824_2652793825&ch_no=100065&ch_dtl_no=1000030&entryPoint=pcs&dp_infw_cd=CHT
데이지크,cheek,9,DASIQUE 실키 베일 블러쉬351986,blocked_detail_fetch,blocked,not_attempted,,robots_disallowed,,,,0,,,unknown,unknown,Korea,롯데ON,22320,https://www.lotteon.com/p/product/LO2698953824?sitmNo=LO2698953824_2698953825&ch_no=100065&ch_dtl_no=1000030&entryPoint=pcs&dp_infw_cd=CHT
데이지크,cheek,10,[데이지크] 리틀 블러쉬 팔레트,blocked_detail_fetch,blocked,not_attempted,,robots_disallowed,,,,0,,,unknown,unknown,Korea,더블유컨셉,21000,http://www.wconcept.co.kr/Product/308741946?adfrom=naver_ep&utm_source=naver&utm_medium=pcs&utm_campaign=WCONCEPT&utm_content=none&utm_term=none
데이지크,liner,1,[데이지크] 무드 업 마스카라 롱앤컬,blocked_detail_fetch,blocked,not_attempted,,robots_disallowed,,,,0,,,unknown,unknown,Korea,더블유컨셉,17000,http://www.wconcept.co.kr/Product/301419465?adfrom=naver_ep&utm_source=naver&utm_medium=pcs&utm_campaign=WCONCEPT&utm_content=none&utm_term=none
데이지크,liner,2,이런 상품 어때요? 데이지크 무드 업 마스카라 롱앤컬 7.5g,partial_detail,manual_review_required,collected_partial,fetched,terms_not_configured,,,mascara,0,,,unknown,unknown,Korea,데이지크,17000,https://shopping.naver.com/outlink/itemdetail/5576488931
데이지크,liner,3,한국화장품 오션 HD 붓펜 아이라이너+데이지크 새도우13호 쿨 블랜딩 1개 지급,blocked_detail_fetch,blocked,not_attempted,,robots_disallowed,,,,0,,,unknown,unknown,Korea,G마켓,15750,https://link.gmarket.co.kr/gate/pcs?item-no=4547501162&sub-id=1003&service-code=10000003&lcd=100000005
데이지크,liner,4,[단독기획] 데이지크 무드 업 마스카라 롱앤컬 1+1기획 2 colors,failed_detail_fetch,manual_review_required,failed,http_error,robots_fetch_failed_requires_manual_review,http_status:403,,mascara,0,,,listed,unknown,Korea,올리브영,19000,https://www.oliveyoung.co.kr/store/common/partner.do?chlNo=1&chlDtlNo=1&utm_source=naver&utm_medium=shopping_ep&utm_campaign=onpro_ep_product_0101_1231&utm_content=pc_price&sndType=goods&sndVal=A000000180888
데이지크,liner,5,데이지크 무드 업 마스카라 롱앤컬 7.5g,blocked_detail_fetch,blocked,not_attempted,,robots_disallowed,,,,0,,,unknown,unknown,Korea,데이지크,17000,https://smartstore.naver.com/main/products/5576488930
데이지크,liner,6,오션 HD 리퀴드 아이라이너 퍼펙트 블랙+데이지크섀도우 쿨 블렌딩 1개 지급,blocked_detail_fetch,blocked,not_attempted,,robots_disallowed,,,,0,,,unknown,unknown,Korea,쿠팡,18900,https://link.coupang.com/re/PCSNAVERPCSDP?pageKey=9088658799&ctag=9088658799&lptag=I26706865262&itemId=26706865262&vendorItemId=92008070245&spec=10305199
데이지크,liner,7,DASIQUE 무드 업 마스카라 롱앤컬352009,blocked_detail_fetch,blocked,not_attempted,,robots_disallowed,,,,0,,,unknown,unknown,Korea,롯데ON,15390,https://www.lotteon.com/p/product/LO2698903287?sitmNo=LO2698903287_2698903288&ch_no=100065&ch_dtl_no=1000030&entryPoint=pcs&dp_infw_cd=CHT
데이지크,liner,8,데이지크 무드 업 마스카라 롱앤컬 블랙,blocked_detail_fetch,blocked,not_attempted,,robots_disallowed,,,,0,,,unknown,unknown,Korea,네이버,15000,https://search.shopping.naver.com/catalog/55919421906
데이지크,liner,9,한국화장품 오션 HD 붓펜 아이라이너+데이지크 새도우13호 쿨 블랜딩 1개 지급 다크브라운,blocked_detail_fetch,blocked,not_attempted,,robots_disallowed,,,,0,,,unknown,unknown,Korea,쿠팡,23500,https://link.coupang.com/re/PCSNAVERPCSDP?pageKey=8485856413&ctag=8485856413&lptag=I24558921901&itemId=24558921901&vendorItemId=91571164929&spec=10305199
데이지크,liner,10,단독기획 데이지크 무드 업 마스카라 롱앤컬 1+1기획 2 colors 4066279,blocked_detail_fetch,blocked,not_attempted,,robots_disallowed,,,,0,,,unknown,unknown,Korea,롯데ON,27270,https://www.lotteon.com/p/product/LO2711102430?sitmNo=LO2711102430_2711102431&ch_no=100065&ch_dtl_no=1000030&entryPoint=pcs&dp_infw_cd=CHT
데이지크,brow,1,데이지크 프로 슬림 브로우 카라 6 colors 4066472,blocked_detail_fetch,blocked,not_attempted,,robots_disallowed,,,,0,,,unknown,unknown,Korea,롯데ON,25610,https://www.lotteon.com/p/product/LO2711080076?sitmNo=LO2711080076_2711080077&ch_no=100065&ch_dtl_no=1000030&entryPoint=pcs&dp_infw_cd=CHT
데이지크,brow,2,데이지크 프로 디테일 브로우 펜슬 6 colors 4066473,blocked_detail_fetch,blocked,not_attempted,,robots_disallowed,,,,0,,,unknown,unknown,Korea,롯데ON,26190,https://www.lotteon.com/p/product/LO2711079993?sitmNo=LO2711079993_2711079994&ch_no=100065&ch_dtl_no=1000030&entryPoint=pcs&dp_infw_cd=CHT
데이지크,brow,3,데이지크 프로 슬림 브로우 카라 6 colors,blocked_detail_fetch,blocked,not_attempted,,robots_disallowed,,,,0,,,unknown,unknown,Korea,롯데ON,20250,https://www.lotteon.com/p/product/LO2699548307?sitmNo=LO2699548307_2699548308&ch_no=100065&ch_dtl_no=1000030&entryPoint=pcs&dp_infw_cd=CHT
데이지크,brow,4,데이지크 프로 디테일 브로우 펜슬 6 colors,blocked_detail_fetch,blocked,not_attempted,,robots_disallowed,,,,0,,,unknown,unknown,Korea,롯데ON,21330,https://www.lotteon.com/p/product/LO2699547717?sitmNo=LO2699547717_2699547718&ch_no=100065&ch_dtl_no=1000030&entryPoint=pcs&dp_infw_cd=CHT
데이지크,brow,5,DASIQUE 프로 디테일 브로우 펜슬352005,blocked_detail_fetch,blocked,not_attempted,,robots_disallowed,,,,0,,,unknown,unknown,Korea,롯데ON,15390,https://www.lotteon.com/p/product/LO2698902180?sitmNo=LO2698902180_2698902181&ch_no=100065&ch_dtl_no=1000030&entryPoint=pcs&dp_infw_cd=CHT
데이지크,brow,6,DASIQUE 프로 슬림 브로우 카라351985,blocked_detail_fetch,blocked,not_attempted,,robots_disallowed,,,,0,,,unknown,unknown,Korea,롯데ON,13050,https://www.lotteon.com/p/product/LO2698954105?sitmNo=LO2698954105_2698954106&ch_no=100065&ch_dtl_no=1000030&entryPoint=pcs&dp_infw_cd=CHT
데이지크,brow,7,[데이지크] 프로 슬림 브로우 카라,failed_detail_fetch,manual_review_required,failed,http_error,terms_not_configured,http_status:403,,,0,,,unknown,unknown,Korea,ABLY,12800,https://m.a-bly.com/goods/60258625?utm_source=web_naver-shopping&utm_medium=display&utm_campaign=web_naver-shopping&utm_content=60258625
데이지크,brow,8,[데이지크] 프로 디테일 브로우 펜슬,failed_detail_fetch,manual_review_required,failed,http_error,terms_not_configured,http_status:403,,pencil,0,,,unknown,unknown,Korea,ABLY,14900,https://m.a-bly.com/goods/60250858?utm_source=web_naver-shopping&utm_medium=display&utm_campaign=web_naver-shopping&utm_content=60250858
데이지크,brow,9,[데이지크] 프로 디테일 브로우 펜슬,blocked_detail_fetch,blocked,not_attempted,,robots_disallowed,,,,0,,,unknown,unknown,Korea,더블유컨셉,14900,http://www.wconcept.co.kr/Product/308137066?adfrom=naver_ep&utm_source=naver&utm_medium=pcs&utm_campaign=WCONCEPT&utm_content=none&utm_term=none
데이지크,brow,10,[데이지크] 프로 슬림 브로우 카라,blocked_detail_fetch,blocked,not_attempted,,robots_disallowed,,,,0,,,unknown,unknown,Korea,더블유컨셉,12800,http://www.wconcept.co.kr/Product/308137054?adfrom=naver_ep&utm_source=naver&utm_medium=pcs&utm_campaign=WCONCEPT&utm_content=none&utm_term=none
클리오,lip,1,클리오 [NEW컬러출시] 크리스탈 글램 밤,blocked_detail_fetch,blocked,not_attempted,,robots_disallowed,,,,0,,,unknown,unknown,Korea,CJ온스타일,10780,https://display.cjonstyle.com/p/item/2024412267?infl_cd=I0696&utm_medium=pcs&utm_source=naver
클리오,lip,2,클리오 [NEW] 클리오 볼륨메이트 틴트 (글로스/블러),blocked_detail_fetch,blocked,not_attempted,,robots_disallowed,,,,0,,,unknown,listed,Korea,롯데홈쇼핑,11160,https://www.lotteimall.com/coop/affilGate.lotte?chl_no=141370&chl_dtl_no=2540914&returnUrl=/goods/viewGoodsDetail.lotte?goods_no=2975513837&utm_source=naver&utm_medium=affiliate&utm_campaign=price_compare
클리오,lip,3,[왕실에디션]클리오 크리스탈 글램 틴트,blocked_detail_fetch,blocked,not_attempted,,robots_disallowed,,,,0,,,unknown,unknown,Korea,GSSHOP,12600,http://with.gsshop.com/alia/aliaGate.gs?media=OB&ecpid=1032428272&vodFlag=N&prdseqnum=1032428272&utm_source=price&utm_medium=affiliate&utm_campaign=naver
클리오,lip,4,클리오 볼륨메이트 틴트 (글로스 블러),blocked_detail_fetch,blocked,not_attempted,,robots_disallowed,,,,0,,,unknown,unknown,Korea,퀸잇,22200,https://web.queenit.kr/product/e4e4b3af025098fc1acc4f11bbcc39cf?open_app=true
클리오,lip,5,[2EA]클리오 크리스탈 글램밤+(증정)립앤아이리무버31ml,blocked_detail_fetch,blocked,not_attempted,,robots_disallowed,,,,0,,,unknown,unknown,Korea,GSSHOP,24120,http://with.gsshop.com/alia/aliaGate.gs?media=OB&ecpid=1046460824&vodFlag=N&prdseqnum=1046460824&utm_source=price&utm_medium=affiliate&utm_campaign=naver
클리오,lip,6,[냥생역전코숏] 클리오 크리스탈 글램 틴트,blocked_detail_fetch,blocked,not_attempted,,robots_disallowed,,,,0,,,unknown,unknown,Korea,GSSHOP,12600,http://with.gsshop.com/alia/aliaGate.gs?media=OB&ecpid=1057235094&vodFlag=N&prdseqnum=1057235094&utm_source=price&utm_medium=affiliate&utm_campaign=naver
클리오,lip,7,[클리오] 크리스탈 글램 틴트,blocked_detail_fetch,blocked,not_attempted,,robots_disallowed,,,,0,,,unknown,unknown,Korea,더블유컨셉,14900,http://www.wconcept.co.kr/Product/308157243?adfrom=naver_ep&utm_source=naver&utm_medium=pcs&utm_campaign=WCONCEPT&utm_content=none&utm_term=none
클리오,lip,8,클리오 [NEW 왕실 에디션]크리스탈 글램 틴트,blocked_detail_fetch,blocked,not_attempted,,robots_disallowed,,,,0,,,unknown,unknown,Korea,CJ온스타일,11120,https://display.cjonstyle.com/p/item/2015536002?infl_cd=I0696&utm_medium=pcs&utm_source=naver
클리오,lip,9,클리오 [NEW] 크리스탈 글램 밤,blocked_detail_fetch,blocked,not_attempted,,robots_disallowed,,,,0,,,unknown,listed,Korea,롯데홈쇼핑,11340,https://www.lotteimall.com/coop/affilGate.lotte?chl_no=141370&chl_dtl_no=2540914&returnUrl=/goods/viewGoodsDetail.lotte?goods_no=2525716323&utm_source=naver&utm_medium=affiliate&utm_campaign=price_compare
클리오,lip,10,클리오 크리스탈 글램 볼륨 립틴트 26 모브 체리 X2개 BNS,blocked_detail_fetch,blocked,not_attempted,,robots_disallowed,,,,0,,,unknown,unknown,Korea,롯데ON,37400,https://www.lotteon.com/p/product/LO2711712016?sitmNo=LO2711712016_2711712017&ch_no=100065&ch_dtl_no=1000030&entryPoint=pcs&dp_infw_cd=CHT
클리오,shadow,1,클리오 소프트 블렌딩 섀도우 스틱,blocked_detail_fetch,blocked,not_attempted,,robots_disallowed,,,,0,,,unknown,unknown,Korea,CJ온스타일,10510,https://display.cjonstyle.com/p/item/2056344657?infl_cd=I0696&utm_medium=pcs&utm_source=naver
클리오,shadow,2,[1 +1] 클리오 프로 싱글 섀도우,blocked_detail_fetch,blocked,not_attempted,,robots_disallowed,,,,0,,,unknown,unknown,Korea,GSSHOP,16910,http://with.gsshop.com/alia/aliaGate.gs?media=OB&ecpid=1048129396&vodFlag=N&prdseqnum=1048129396&utm_source=price&utm_medium=affiliate&utm_campaign=naver
클리오,shadow,3,[단종템부활] 클리오 프로아이팔레트AD+(증정)프로아이섀도우 브러쉬,blocked_detail_fetch,blocked,not_attempted,,robots_disallowed,,,,0,,,unknown,unknown,Korea,GSSHOP,23800,http://with.gsshop.com/alia/aliaGate.gs?media=OB&ecpid=95835593&vodFlag=N&prdseqnum=95835593&utm_source=price&utm_medium=affiliate&utm_campaign=naver
클리오,shadow,4,클리오 프로 싱글 섀도우,blocked_detail_fetch,blocked,not_attempted,,robots_disallowed,,,,0,,,unknown,unknown,Korea,GSSHOP,9100,http://with.gsshop.com/alia/aliaGate.gs?media=OB&ecpid=1038023204&vodFlag=N&prdseqnum=1038023204&utm_source=price&utm_medium=affiliate&utm_campaign=naver
클리오,shadow,5,클리오 소프트 블렌딩 섀도우 스틱,failed_detail_fetch,manual_review_required,failed,http_error,robots_fetch_failed_requires_manual_review,http_status:403,,powder,0,,,listed,unknown,Korea,올리브영,11900,https://www.oliveyoung.co.kr/store/common/partner.do?chlNo=1&chlDtlNo=1&utm_source=naver&utm_medium=shopping_ep&utm_campaign=onpro_ep_product_0101_1231&utm_content=pc_price&sndType=goods&sndVal=A000000225194
클리오,shadow,6,클리오 [왕실에디션] 뮤즈 마스터 팔레트,blocked_detail_fetch,blocked,not_attempted,,robots_disallowed,,,,0,,,unknown,unknown,Korea,CJ온스타일,17190,https://display.cjonstyle.com/p/item/2081642120?infl_cd=I0696&utm_medium=pcs&utm_source=naver
클리오,shadow,7,클리오 쉐이드 앤 섀도우 팔레트 [사은]프로아이섀도우브러쉬,blocked_detail_fetch,blocked,not_attempted,,robots_disallowed,,,,0,,,unknown,unknown,Korea,CJ온스타일,19390,https://display.cjonstyle.com/p/item/2007965506?infl_cd=I0696&utm_medium=pcs&utm_source=naver
클리오,shadow,8,클리오 프로 아이섀도 팔레트 에어 03 뮤트라이브러리 BNS,blocked_detail_fetch,blocked,not_attempted,,robots_disallowed,,,,0,,,unknown,unknown,Korea,롯데ON,37850,https://www.lotteon.com/p/product/LO2711711434?sitmNo=LO2711711434_2711711435&ch_no=100065&ch_dtl_no=1000030&entryPoint=pcs&dp_infw_cd=CHT
클리오,shadow,9,클리오 프로 아이 팔레트 에어 7.2g - /R,blocked_detail_fetch,blocked,not_attempted,,robots_disallowed,,,,0,,,unknown,unknown,Korea,롯데ON,18810,https://www.lotteon.com/p/product/LO2255472715?sitmNo=LO2255472715_2255472716&ch_no=100065&ch_dtl_no=1000030&entryPoint=pcs&dp_infw_cd=CHT
클리오,shadow,10,[NEW COLOR] 클리오 에센셜 섀도우 탭,blocked_detail_fetch,blocked,not_attempted,,robots_disallowed,,,,0,,,unknown,unknown,Korea,GSSHOP,14700,http://with.gsshop.com/alia/aliaGate.gs?media=OB&ecpid=1065111154&vodFlag=N&prdseqnum=1065111154&utm_source=price&utm_medium=affiliate&utm_campaign=naver
클리오,base,1,클리오 BEST 킬커버 파운웨어 쿠션 본품2+리필3+퍼프2매,blocked_detail_fetch,blocked,not_attempted,,robots_disallowed,,,,0,,,unknown,unknown,Korea,GSSHOP,48900,http://with.gsshop.com/alia/aliaGate.gs?media=OB&ecpid=1093825596&vodFlag=N&prdseqnum=1093825596&utm_source=price&utm_medium=affiliate&utm_campaign=naver
클리오,base,2,클리오 킬커버 하이 글로우 쿠션(본품+리필 기획),failed_detail_fetch,manual_review_required,failed,http_error,robots_fetch_failed_requires_manual_review,http_status:403,glossy,cushion,0,glow | coverage,,listed,unknown,Korea,올리브영,27000,https://www.oliveyoung.co.kr/store/common/partner.do?chlNo=1&chlDtlNo=1&utm_source=naver&utm_medium=shopping_ep&utm_campaign=onpro_ep_product_0101_1231&utm_content=pc_price&sndType=goods&sndVal=A000000188879
클리오,base,3,클리오 킬 커버 하이 글로우 쿠션 [본품+리필] - 쿠션팩트/R,blocked_detail_fetch,blocked,not_attempted,,robots_disallowed,,,,0,,,unknown,unknown,Korea,롯데ON,19980,https://www.lotteon.com/p/product/LO2258734806?sitmNo=LO2258734806_2258734807&ch_no=100065&ch_dtl_no=1000030&entryPoint=pcs&dp_infw_cd=CHT
클리오,base,4,클리오 하이글로우쿠션 기획세트(단품+리필)+랜덤퍼프1매,blocked_detail_fetch,blocked,not_attempted,,robots_disallowed,,,,0,,,unknown,unknown,Korea,GSSHOP,27000,http://with.gsshop.com/alia/aliaGate.gs?media=OB&ecpid=1040242907&vodFlag=N&prdseqnum=1040242907&utm_source=price&utm_medium=affiliate&utm_campaign=naver
클리오,base,5,클리오 킬커버 하이 글로우 쿠션 기획세트 [본품+리필] [사은]퍼프2매(랜덤),blocked_detail_fetch,blocked,not_attempted,,robots_disallowed,,,,0,,,unknown,unknown,Korea,CJ온스타일,23260,https://display.cjonstyle.com/p/item/2021467431?infl_cd=I0696&utm_medium=pcs&utm_source=naver
클리오,base,6,클리오 킬커버 메쉬 블러 쿠션 기획세트 [본품+리필] [사은]퍼프2매,blocked_detail_fetch,blocked,not_attempted,,robots_disallowed,,,,0,,,unknown,unknown,Korea,CJ온스타일,23940,https://display.cjonstyle.com/p/item/2058720696?infl_cd=I0696&utm_medium=pcs&utm_source=naver
클리오,base,7,클리오 킬커버 파운웨어 쿠션 디오리지널 기획세트 [본품+리필] [사은]퍼프2매,blocked_detail_fetch,blocked,not_attempted,,robots_disallowed,,,,0,,,unknown,unknown,Korea,CJ온스타일,23260,https://display.cjonstyle.com/p/item/2040221401?infl_cd=I0696&utm_medium=pcs&utm_source=naver
클리오,base,8,클리오 킬 커버 메쉬 블러 쿠션 (본품+리필) -/R,blocked_detail_fetch,blocked,not_attempted,,robots_disallowed,,,,0,,,unknown,unknown,Korea,롯데ON,20250,https://www.lotteon.com/p/product/LO2656528617?sitmNo=LO2656528617_2656528618&ch_no=100065&ch_dtl_no=1000030&entryPoint=pcs&dp_infw_cd=CHT
클리오,base,9,클리오 [NEW] 클리오 킬커버 메쉬 글로우 에센셜 쿠션 리필,blocked_detail_fetch,blocked,not_attempted,,robots_disallowed,,,,0,,,unknown,listed,Korea,롯데홈쇼핑,11900,https://www.lotteimall.com/coop/affilGate.lotte?chl_no=141370&chl_dtl_no=2540914&returnUrl=/goods/viewGoodsDetail.lotte?goods_no=3085214759&utm_source=naver&utm_medium=affiliate&utm_campaign=price_compare
클리오,base,10,클리오 킬커버 메쉬 글로우 쿠션 기획세트 (본품+리필),blocked_detail_fetch,blocked,not_attempted,,robots_disallowed,,,,0,,,unknown,unknown,Korea,롯데ON,18990,https://www.lotteon.com/p/product/LO2113188290?sitmNo=LO2113188290_2113188292&ch_no=100065&ch_dtl_no=1000030&entryPoint=pcs&dp_infw_cd=CHT
클리오,cheek,1,클리오 에센셜 립치크 탭 4.5g 14종,failed_detail_fetch,manual_review_required,failed,http_error,robots_fetch_failed_requires_manual_review,http_status:403,,,0,,,listed,unknown,Korea,올리브영,13860,https://www.oliveyoung.co.kr/store/common/partner.do?chlNo=1&chlDtlNo=1&utm_source=naver&utm_medium=shopping_ep&utm_campaign=onpro_ep_product_0101_1231&utm_content=pc_price&sndType=goods&sndVal=A000000211400
클리오,cheek,2,클리오 [NEW/소프트부케] 에센셜 블러쉬 탭,blocked_detail_fetch,blocked,not_attempted,,robots_disallowed,,,,0,,,unknown,unknown,Korea,CJ온스타일,11970,https://display.cjonstyle.com/p/item/2056342481?infl_cd=I0696&utm_medium=pcs&utm_source=naver
클리오,cheek,3,클리오 에센셜 립 치크 보송 블러셔 05 어텀 토스트 BNS,blocked_detail_fetch,blocked,not_attempted,,robots_disallowed,,,,0,,,unknown,unknown,Korea,롯데ON,26630,https://www.lotteon.com/p/product/LO2711710751?sitmNo=LO2711710751_2711710752&ch_no=100065&ch_dtl_no=1000030&entryPoint=pcs&dp_infw_cd=CHT
클리오,cheek,4,클리오 에센셜 립 치크 생기 블러셔 06 로즈 브런치 BNS,blocked_detail_fetch,blocked,not_attempted,,robots_disallowed,,,,0,,,unknown,unknown,Korea,롯데ON,26630,https://www.lotteon.com/p/product/LO2711711282?sitmNo=LO2711711282_2711711283&ch_no=100065&ch_dtl_no=1000030&entryPoint=pcs&dp_infw_cd=CHT
클리오,cheek,5,클리오 [NEW] 맑게 물든 선샤인 치크,blocked_detail_fetch,blocked,not_attempted,,robots_disallowed,,,,0,,,unknown,listed,Korea,롯데홈쇼핑,6240,https://www.lotteimall.com/coop/affilGate.lotte?chl_no=141370&chl_dtl_no=2540914&returnUrl=/goods/viewGoodsDetail.lotte?goods_no=1967758091&utm_source=naver&utm_medium=affiliate&utm_campaign=price_compare
클리오,cheek,6,[NEW COLOR]클리오 에센셜 블러쉬 탭,blocked_detail_fetch,blocked,not_attempted,,robots_disallowed,,,,0,,,unknown,unknown,Korea,GSSHOP,13500,http://with.gsshop.com/alia/aliaGate.gs?media=OB&ecpid=1082523778&vodFlag=N&prdseqnum=1082523778&utm_source=price&utm_medium=affiliate&utm_campaign=naver
클리오,cheek,7,클리오 에센셜 블러쉬 탭,blocked_detail_fetch,blocked,not_attempted,,robots_disallowed,,,,0,,,unknown,listed,Korea,현대Hmall,13500,https://www.hmall.com/md/pda/itemPtc?ReferCode=429&slitmCd=2244965589&utm_source=naver&utm_medium=cps_pcs&utm_campaign=sale
클리오,cheek,8,클리오 에센셜 매트 블러쉬 탭 밀착 M106 뮤티드 베리 BNS,blocked_detail_fetch,blocked,not_attempted,,robots_disallowed,,,,0,,,unknown,unknown,Korea,롯데ON,25930,https://www.lotteon.com/p/product/LO2711710830?sitmNo=LO2711710830_2711710831&ch_no=100065&ch_dtl_no=1000030&entryPoint=pcs&dp_infw_cd=CHT
클리오,cheek,9,클리오 에센셜 매트 블러쉬 탭 치크 M103 히든 로즈 BNS,blocked_detail_fetch,blocked,not_attempted,,robots_disallowed,,,,0,,,unknown,unknown,Korea,롯데ON,25930,https://www.lotteon.com/p/product/LO2711710814?sitmNo=LO2711710814_2711710815&ch_no=100065&ch_dtl_no=1000030&entryPoint=pcs&dp_infw_cd=CHT
클리오,cheek,10,클리오 에센셜 립 치크 탭 코랄 07 애프리콧 브리즈 BNS,blocked_detail_fetch,blocked,not_attempted,,robots_disallowed,,,,0,,,unknown,unknown,Korea,롯데ON,26630,https://www.lotteon.com/p/product/LO2711712341?sitmNo=LO2711712341_2711712342&ch_no=100065&ch_dtl_no=1000030&entryPoint=pcs&dp_infw_cd=CHT
클리오,liner,1,클리오 익스트림 젤프레소 펜슬라이너,failed_detail_fetch,manual_review_required,failed,http_error,robots_fetch_failed_requires_manual_review,http_status:403,,pencil,0,,,listed,unknown,Korea,올리브영,12000,https://www.oliveyoung.co.kr/store/common/partner.do?chlNo=1&chlDtlNo=1&utm_source=naver&utm_medium=shopping_ep&utm_campaign=onpro_ep_product_0101_1231&utm_content=pc_price&sndType=goods&sndVal=A000000160931
클리오,liner,2,[NO.1 아이라이너] 클리오 샤프 쏘 심플 워터프루프 펜슬라이너 단품/더블기획,failed_detail_fetch,manual_review_required,failed,http_error,robots_fetch_failed_requires_manual_review,http_status:403,,pencil,1,waterproof,,listed,unknown,Korea,올리브영,7700,https://www.oliveyoung.co.kr/store/common/partner.do?chlNo=1&chlDtlNo=1&utm_source=naver&utm_medium=shopping_ep&utm_campaign=onpro_ep_product_0101_1231&utm_content=pc_price&sndType=goods&sndVal=A000000198343
클리오,liner,3,클리오 수퍼프루프 브러쉬 라이너 킬 애쉬 1g,blocked_detail_fetch,blocked,not_attempted,,robots_disallowed,,,,0,,,unknown,unknown,Korea,롯데ON,10420,https://www.lotteon.com/p/product/LO2432383888?sitmNo=LO2432383888_2432383889&ch_no=100065&ch_dtl_no=1000030&entryPoint=pcs&dp_infw_cd=CHT
클리오,liner,4,[NEW COLOR] 클리오 샤프 쏘 심플 펜슬 라이너,blocked_detail_fetch,blocked,not_attempted,,robots_disallowed,,,,0,,,unknown,unknown,Korea,GSSHOP,7710,http://with.gsshop.com/alia/aliaGate.gs?media=OB&ecpid=1050270092&vodFlag=N&prdseqnum=1050270092&utm_source=price&utm_medium=affiliate&utm_campaign=naver
클리오,liner,5,[2EA] 클리오 샤프쏘 심플 워터프루프 펜라이너,blocked_detail_fetch,blocked,not_attempted,,robots_disallowed,,,,0,,,unknown,unknown,Korea,GSSHOP,17430,http://with.gsshop.com/alia/aliaGate.gs?media=OB&ecpid=1010927412&vodFlag=N&prdseqnum=1010927412&utm_source=price&utm_medium=affiliate&utm_campaign=naver
클리오,liner,6,클리오 [CJ단독/더블구성]샤프 쏘 심플 워터프루프 펜슬 라이너 AD [사은]립앤아이리무버미니,blocked_detail_fetch,blocked,not_attempted,,robots_disallowed,,,,0,,,unknown,unknown,Korea,CJ온스타일,12340,https://display.cjonstyle.com/p/item/2027641110?infl_cd=I0696&utm_medium=pcs&utm_source=naver
클리오,liner,7,클리오 [NEW] 수퍼프루프 브러쉬라이너 킬 애쉬,blocked_detail_fetch,blocked,not_attempted,,robots_disallowed,,,,0,,,unknown,listed,Korea,롯데홈쇼핑,10200,https://www.lotteimall.com/coop/affilGate.lotte?chl_no=141370&chl_dtl_no=2540914&returnUrl=/goods/viewGoodsDetail.lotte?goods_no=2745564556&utm_source=naver&utm_medium=affiliate&utm_campaign=price_compare
클리오,liner,8,[클리오] [젤라이너] 익스트림 젤프레소 펜슬라이너,blocked_detail_fetch,blocked,not_attempted,,robots_disallowed,,,,0,,,unknown,unknown,Korea,더블유컨셉,9700,http://www.wconcept.co.kr/Product/308478706?adfrom=naver_ep&utm_source=naver&utm_medium=pcs&utm_campaign=WCONCEPT&utm_content=none&utm_term=none
클리오,liner,9,클리오 수퍼프루프 브러쉬라이너 킬애쉬,failed_detail_fetch,manual_review_required,failed,http_error,robots_fetch_failed_requires_manual_review,http_status:403,,liner,0,,,listed,unknown,Korea,올리브영,11900,https://www.oliveyoung.co.kr/store/common/partner.do?chlNo=1&chlDtlNo=1&utm_source=naver&utm_medium=shopping_ep&utm_campaign=onpro_ep_product_0101_1231&utm_content=pc_price&sndType=goods&sndVal=A000000209821
클리오,liner,10,클리오 [NEW COLOR 추가] 샤프 쏘 심플 워터프루프 펜슬 라이너,blocked_detail_fetch,blocked,not_attempted,,robots_disallowed,,,,0,,,unknown,unknown,Korea,CJ온스타일,6800,https://display.cjonstyle.com/p/item/2027641022?infl_cd=I0696&utm_medium=pcs&utm_source=naver
클리오,brow,1,클리오 킬 브로우 오토 하드 브로우 펜슬 3개,blocked_detail_fetch,blocked,not_attempted,,robots_disallowed,,,,0,,,unknown,listed,Korea,신세계라이브쇼핑,29130,https://www.shinsegaetvshopping.com/display/detail/20069116?inMediaCode=EC12&ckwhere=naverep
클리오,brow,2,클리오 킬브로우 쉐이핑 파우더 브로우,blocked_detail_fetch,blocked,not_attempted,,robots_disallowed,,,,0,,,unknown,unknown,Korea,CJ온스타일,11380,https://display.cjonstyle.com/p/item/2033272370?infl_cd=I0696&utm_medium=pcs&utm_source=naver
클리오,brow,3,클리오 킬브로우 쉐이핑파우더브로우,failed_detail_fetch,manual_review_required,failed,http_error,robots_fetch_failed_requires_manual_review,http_status:403,,powder,0,,,listed,unknown,Korea,올리브영,10900,https://www.oliveyoung.co.kr/store/common/partner.do?chlNo=1&chlDtlNo=1&utm_source=naver&utm_medium=shopping_ep&utm_campaign=onpro_ep_product_0101_1231&utm_content=pc_price&sndType=goods&sndVal=A000000205771
클리오,brow,4,클리오 킬브로우 슬림 애쉬 브로우카라,blocked_detail_fetch,blocked,not_attempted,,robots_disallowed,,,,0,,,unknown,unknown,Korea,GSSHOP,9810,http://with.gsshop.com/alia/aliaGate.gs?media=OB&ecpid=1077278247&vodFlag=N&prdseqnum=1077278247&utm_source=price&utm_medium=affiliate&utm_campaign=naver
클리오,brow,5,클리오 킬브로우 듀얼 타투펜 기획 (타투펜+리무버펜),failed_detail_fetch,manual_review_required,failed,http_error,robots_fetch_failed_requires_manual_review,http_status:403,,,0,,,listed,unknown,Korea,올리브영,20000,https://www.oliveyoung.co.kr/store/common/partner.do?chlNo=1&chlDtlNo=1&utm_source=naver&utm_medium=shopping_ep&utm_campaign=onpro_ep_product_0101_1231&utm_content=pc_price&sndType=goods&sndVal=A000000129242
클리오,brow,6,[2EA]클리오킬브로우 듀얼 타투펜,blocked_detail_fetch,blocked,not_attempted,,robots_disallowed,,,,0,,,unknown,unknown,Korea,GSSHOP,26810,http://with.gsshop.com/alia/aliaGate.gs?media=OB&ecpid=1041803050&vodFlag=N&prdseqnum=1041803050&utm_source=price&utm_medium=affiliate&utm_campaign=naver
클리오,brow,7,[클리오] 킬브로우 오토 하드 브로우 펜슬,blocked_detail_fetch,blocked,not_attempted,,robots_disallowed,,,,0,,,unknown,unknown,Korea,더블유컨셉,16700,http://www.wconcept.co.kr/Product/308157251?adfrom=naver_ep&utm_source=naver&utm_medium=pcs&utm_campaign=WCONCEPT&utm_content=none&utm_term=none
클리오,brow,8,클리오 샤프 쏘 심플 브로우펜슬,failed_detail_fetch,manual_review_required,failed,http_error,robots_fetch_failed_requires_manual_review,http_status:403,,pencil,0,,,listed,unknown,Korea,올리브영,9800,https://www.oliveyoung.co.kr/store/common/partner.do?chlNo=1&chlDtlNo=1&utm_source=naver&utm_medium=shopping_ep&utm_campaign=onpro_ep_product_0101_1231&utm_content=pc_price&sndType=goods&sndVal=A000000180244
클리오,brow,9,클리오 [NEW] 클리오 킬브로우 슬림 애쉬 브로우카라,blocked_detail_fetch,blocked,not_attempted,,robots_disallowed,,,,0,,,unknown,listed,Korea,롯데홈쇼핑,9380,https://www.lotteimall.com/coop/affilGate.lotte?chl_no=141370&chl_dtl_no=2540914&returnUrl=/goods/viewGoodsDetail.lotte?goods_no=2932503575&utm_source=naver&utm_medium=affiliate&utm_campaign=price_compare
클리오,brow,10,[클리오] 킬브로우 슬림 애쉬 브로우카라,blocked_detail_fetch,blocked,not_attempted,,robots_disallowed,,,,0,,,unknown,unknown,Korea,더블유컨셉,11700,http://www.wconcept.co.kr/Product/308478227?adfrom=naver_ep&utm_source=naver&utm_medium=pcs&utm_campaign=WCONCEPT&utm_content=none&utm_term=none
정샘물 뷰티,lip,1,[7월 슈퍼적립] 정샘물 뉴클래식 매트 립스틱 3.5g,blocked_detail_fetch,blocked,not_attempted,,robots_disallowed,,,,0,,,unknown,unknown,Korea,정샘물뷰티,25500,https://smartstore.naver.com/main/products/9506875176
정샘물 뷰티,lip,2,[정샘물뷰티] 정샘물 립프레션 시스루 틴트,failed_detail_fetch,manual_review_required,failed,http_error,terms_not_configured,http_status:403,,tint,0,,,unknown,unknown,Korea,ABLY,23250,https://m.a-bly.com/goods/2926732?utm_source=web_naver-shopping&utm_medium=display&utm_campaign=web_naver-shopping&utm_content=2926732
정샘물 뷰티,lip,3,정샘물 립프레션 메탈 세럼 글로스 10ml,blocked_detail_fetch,blocked,not_attempted,,robots_disallowed,,,,0,,,unknown,unknown,Korea,정샘물뷰티,20500,https://smartstore.naver.com/main/products/12276151432
정샘물 뷰티,lip,4,정샘물 립프레션 시스루 틴트 4g,blocked_detail_fetch,blocked,not_attempted,,robots_disallowed,,,,0,,,unknown,unknown,Korea,정샘물뷰티,21250,https://smartstore.naver.com/main/products/5852332626
정샘물 뷰티,lip,5,[정샘물뷰티] 정샘물 립프레션 글로우래스팅 틴트 (스킨세팅베이스3ml3종세트),failed_detail_fetch,manual_review_required,failed,http_error,terms_not_configured,http_status:403,glossy,tint,0,glow,,unknown,unknown,Korea,ABLY,23250,https://m.a-bly.com/goods/4842121?utm_source=web_naver-shopping&utm_medium=display&utm_campaign=web_naver-shopping&utm_content=4842121
정샘물 뷰티,lip,6,[정샘물뷰티] 정샘물 립프레션 메탈 세럼 글로스 (글리터 립 토퍼 ),failed_detail_fetch,manual_review_required,failed,http_error,terms_not_configured,http_status:403,shimmer,gloss,0,,,unknown,unknown,Korea,ABLY,23250,https://m.a-bly.com/goods/52763086?utm_source=web_naver-shopping&utm_medium=display&utm_campaign=web_naver-shopping&utm_content=52763086
정샘물 뷰티,lip,7,정샘물 뉴클래식 샤인 립스틱 3.5g,blocked_detail_fetch,blocked,not_attempted,,robots_disallowed,,,,0,,,unknown,unknown,Korea,정샘물뷰티,24600,https://smartstore.naver.com/main/products/9506987005
정샘물 뷰티,lip,8,정샘물 립프레션 글로우래스팅 틴트 4g,blocked_detail_fetch,blocked,not_attempted,,robots_disallowed,,,,0,,,unknown,unknown,Korea,정샘물뷰티,20500,https://smartstore.naver.com/main/products/7286837331
정샘물 뷰티,lip,9,[정샘물뷰티] 정샘물 립프레션 글로이 틴트 (글리터링토퍼 라벤더슈가),failed_detail_fetch,manual_review_required,failed,http_error,terms_not_configured,http_status:403,shimmer,tint,0,,,unknown,unknown,Korea,ABLY,23250,https://m.a-bly.com/goods/68492808?utm_source=web_naver-shopping&utm_medium=display&utm_campaign=web_naver-shopping&utm_content=68492808
정샘물 뷰티,lip,10,정샘물 뉴클래식 글레이즈 립스틱 2.3g,blocked_detail_fetch,blocked,not_attempted,,robots_disallowed,,,,0,,,unknown,unknown,Korea,정샘물뷰티,22100,https://smartstore.naver.com/main/products/10092913635
정샘물 뷰티,shadow,1,[정샘물뷰티] 정샘물 아티스트 아이 팔레트 코어 6종 (아이 팔레트 코어 브러쉬),failed_detail_fetch,manual_review_required,failed,http_error,terms_not_configured,http_status:403,,powder,0,,,unknown,unknown,Korea,ABLY,36270,https://m.a-bly.com/goods/69321238?utm_source=web_naver-shopping&utm_medium=display&utm_campaign=web_naver-shopping&utm_content=69321238
정샘물 뷰티,shadow,2,[정샘물뷰티] 정샘물 아티스트 아이 팔레트 누드 2종 (아티스트아이팔레트브러쉬),failed_detail_fetch,manual_review_required,failed,http_error,terms_not_configured,http_status:403,,powder,0,,,unknown,unknown,Korea,ABLY,41850,https://m.a-bly.com/goods/33107983?utm_source=web_naver-shopping&utm_medium=display&utm_campaign=web_naver-shopping&utm_content=33107983
정샘물 뷰티,shadow,3,정샘물 마스터클래스 아이섀도우 M 브러쉬 + 더블클린수정화장패드(1매),blocked_detail_fetch,blocked,not_attempted,,robots_disallowed,,,,0,,,unknown,unknown,Korea,CJ온스타일,13380,https://display.cjonstyle.com/p/item/93614747?infl_cd=I0696&utm_medium=pcs&utm_source=naver
정샘물 뷰티,shadow,4,정샘물 마스터클래스 아이섀도우 L 브러쉬 5001608,blocked_detail_fetch,blocked,not_attempted,,robots_disallowed,,,,0,,,unknown,unknown,Korea,롯데ON,31770,https://www.lotteon.com/p/product/LO2706764305?sitmNo=LO2706764305_2706764306&ch_no=100065&ch_dtl_no=1000030&entryPoint=pcs&dp_infw_cd=CHT
정샘물 뷰티,shadow,5,정샘물 마스터클래스 아이섀도우 S 브러쉬 5001895,blocked_detail_fetch,blocked,not_attempted,,robots_disallowed,,,,0,,,unknown,unknown,Korea,롯데ON,24030,https://www.lotteon.com/p/product/LO2706732696?sitmNo=LO2706732696_2706732697&ch_no=100065&ch_dtl_no=1000030&entryPoint=pcs&dp_infw_cd=CHT
정샘물 뷰티,shadow,6,정샘물 마스터클래스 아이섀도우 M 브러쉬,complete_detail,manual_review_required,collected_complete,fetched,terms_not_configured,,,powder,1,,,unknown,unknown,Korea,시코르,13600,https://chicor.com/goods/5100002000702?utm_source=naver&utm_medium=cpc&utm_campaign=ep
정샘물 뷰티,shadow,7,정샘물 마스터클래스 아이섀도우 S 브러쉬,complete_detail,manual_review_required,collected_complete,fetched,terms_not_configured,,,powder,1,,,unknown,unknown,Korea,시코르,11900,https://chicor.com/goods/5100002000703?utm_source=naver&utm_medium=cpc&utm_campaign=ep
정샘물 뷰티,shadow,8,정샘물 마스터클래스 아이섀도우 L 브러쉬,blocked_detail_fetch,blocked,not_attempted,,robots_disallowed,,,,0,,,unknown,listed,Korea,현대Hmall,15470,https://www.hmall.com/md/pda/itemPtc?ReferCode=429&slitmCd=2250941742&utm_source=naver&utm_medium=cps_pcs&utm_campaign=sale
정샘물 뷰티,shadow,9,[정샘물] 정샘물 마스터클래스 아이섀도우 S 브러쉬,blocked_detail_fetch,blocked,not_attempted,,robots_disallowed,,,,0,,,unknown,listed,Korea,현대Hmall,10830,https://www.hmall.com/md/pda/itemPtc?ReferCode=429&slitmCd=2250941741&utm_source=naver&utm_medium=cps_pcs&utm_campaign=sale
정샘물 뷰티,shadow,10,정샘물 마스터클래스 아이섀도우 M 브러쉬,blocked_detail_fetch,blocked,not_attempted,,robots_disallowed,,,,0,,,unknown,listed,Korea,현대Hmall,12380,https://www.hmall.com/md/pda/itemPtc?ReferCode=429&slitmCd=2250941740&utm_source=naver&utm_medium=cps_pcs&utm_campaign=sale
정샘물 뷰티,base,1,[정샘물뷰티] 정샘물 에센셜 스킨 누더 쿠션 리필 x 2개 (더블클린 수정화장패드 x 5매),failed_detail_fetch,manual_review_required,failed,http_error,terms_not_configured,http_status:403,,cushion,0,,,unknown,unknown,Korea,ABLY,42780,https://m.a-bly.com/goods/3093835?utm_source=web_naver-shopping&utm_medium=display&utm_campaign=web_naver-shopping&utm_content=3093835
정샘물 뷰티,base,2,[정샘물뷰티] 정샘물 에센셜 스킨 누더 쿠션(본품+리필),failed_detail_fetch,manual_review_required,failed,http_error,terms_not_configured,http_status:403,,cushion,0,,,unknown,unknown,Korea,ABLY,44640,https://m.a-bly.com/goods/34025072?utm_source=web_naver-shopping&utm_medium=display&utm_campaign=web_naver-shopping&utm_content=34025072
정샘물 뷰티,base,3,[정샘물뷰티] MINI 정샘물 프로래스팅 결핏 메쉬 쿠션,failed_detail_fetch,manual_review_required,failed,http_error,terms_not_configured,http_status:403,,cushion,0,,,unknown,unknown,Korea,ABLY,12090,https://m.a-bly.com/goods/50435203?utm_source=web_naver-shopping&utm_medium=display&utm_campaign=web_naver-shopping&utm_content=50435203
정샘물 뷰티,base,4,[정샘물뷰티] 정샘물 에센셜 스킨 누더 롱웨어 쿠션 리필 x 2개 (더블클린 수정화장패드 x 5매),failed_detail_fetch,manual_review_required,failed,http_error,terms_not_configured,http_status:403,,cushion,0,,,unknown,unknown,Korea,ABLY,42780,https://m.a-bly.com/goods/6451068?utm_source=web_naver-shopping&utm_medium=display&utm_campaign=web_naver-shopping&utm_content=6451068
정샘물 뷰티,base,5,[정샘물뷰티] 정샘물 스킨 누더 커버레이어 쿠션 리필x2 (더블클린 수정화장패드 x 5매),failed_detail_fetch,manual_review_required,failed,http_error,terms_not_configured,http_status:403,,cushion,0,coverage,,unknown,unknown,Korea,ABLY,42780,https://m.a-bly.com/goods/12917455?utm_source=web_naver-shopping&utm_medium=display&utm_campaign=web_naver-shopping&utm_content=12917455
정샘물 뷰티,base,6,[정샘물뷰티] 정샘물 에센셜 스킨 누더 쿠션 본품 (글로이 틴트 미니),failed_detail_fetch,manual_review_required,failed,http_error,terms_not_configured,http_status:403,glossy,tint,0,,,unknown,unknown,Korea,ABLY,29760,https://m.a-bly.com/goods/63925179?utm_source=web_naver-shopping&utm_medium=display&utm_campaign=web_naver-shopping&utm_content=63925179
정샘물 뷰티,base,7,정샘물 에센셜 스킨 누더 롱웨어 쿠션 본품+리필 세트 / N | 셀러허브_뷰티 - 하프클럽,partial_detail,manual_review_required,collected_partial,fetched,robots_fetch_failed_requires_manual_review,,,cushion,0,,,unknown,unknown,Korea,하프클럽,29600,http://gate.halfclub.com/naver?site_cd=1&type=detail_pcode&p1=P416833032&partnerid=naverdb
정샘물 뷰티,base,8,(리필만)정샘물 에센셜 스킨 누더 쿠션 리필 | 셀러허브_뷰티 - 하프클럽,partial_detail,manual_review_required,collected_partial,fetched,robots_fetch_failed_requires_manual_review,,,cushion,0,,,unknown,unknown,Korea,하프클럽,17310,http://gate.halfclub.com/naver?site_cd=1&type=detail_pcode&p1=P407860780&partnerid=naverdb
정샘물 뷰티,base,9,(본품만)정샘물 에센셜 스킨 누더 쿠션 | 셀러허브_뷰티 - 하프클럽,partial_detail,manual_review_required,collected_partial,fetched,robots_fetch_failed_requires_manual_review,,,cushion,0,,,unknown,unknown,Korea,하프클럽,19050,http://gate.halfclub.com/naver?site_cd=1&type=detail_pcode&p1=P407860785&partnerid=naverdb
정샘물 뷰티,base,10,[정샘물뷰티] 정샘물 스킨 누더 쿠션 컨실러 10g (더블 엣지 퍼프 2매),failed_detail_fetch,manual_review_required,failed,http_error,terms_not_configured,http_status:403,,cushion,0,,,unknown,unknown,Korea,ABLY,27900,https://m.a-bly.com/goods/14948575?utm_source=web_naver-shopping&utm_medium=display&utm_campaign=web_naver-shopping&utm_content=14948575
정샘물 뷰티,cheek,1,[정샘물뷰티] 정샘물 아티스트 쿠션 블러쉬 (글로스미니 로즈도즈),failed_detail_fetch,manual_review_required,failed,http_error,terms_not_configured,http_status:403,velvet,gloss,0,blur,,unknown,unknown,Korea,ABLY,20460,https://m.a-bly.com/goods/45014633?utm_source=web_naver-shopping&utm_medium=display&utm_campaign=web_naver-shopping&utm_content=45014633
정샘물 뷰티,cheek,2,정샘물 아티스트 쿠션 블러쉬 4g,blocked_detail_fetch,blocked,not_attempted,,robots_disallowed,,,,0,,,unknown,unknown,Korea,정샘물뷰티,18040,https://smartstore.naver.com/main/products/11600537671
정샘물 뷰티,cheek,3,[정샘물뷰티] 정샘물 아티스트 쿠션 블러쉬 블러 (글로스미니 로즈도즈),failed_detail_fetch,manual_review_required,failed,http_error,terms_not_configured,http_status:403,velvet,gloss,0,blur,,unknown,unknown,Korea,ABLY,20460,https://m.a-bly.com/goods/50435892?utm_source=web_naver-shopping&utm_medium=display&utm_campaign=web_naver-shopping&utm_content=50435892
정샘물 뷰티,cheek,4,정샘물 컬러피스 블러쉬 4.3g,blocked_detail_fetch,blocked,not_attempted,,robots_disallowed,,,,0,,,unknown,unknown,Korea,정샘물뷰티,23800,https://smartstore.naver.com/main/products/6387807296
정샘물 뷰티,cheek,5,[2개 구성] 정샘물 아티스트 쿠션 블러쉬 4g,blocked_detail_fetch,blocked,not_attempted,,robots_disallowed,,,,0,,,unknown,unknown,Korea,정샘물뷰티,34320,https://smartstore.naver.com/main/products/11692344045
정샘물 뷰티,cheek,6,[정샘물뷰티] MINI 정샘물 아티스트 쿠션 블러쉬 or 블러쉬 블러,failed_detail_fetch,manual_review_required,failed,http_error,terms_not_configured,http_status:403,velvet,cushion,0,blur,,unknown,unknown,Korea,ABLY,12090,https://m.a-bly.com/goods/54497232?utm_source=web_naver-shopping&utm_medium=display&utm_campaign=web_naver-shopping&utm_content=54497232
정샘물 뷰티,cheek,7,[정샘물뷰티] 정샘물 컬러피스 블러쉬,failed_detail_fetch,manual_review_required,failed,http_error,terms_not_configured,http_status:403,velvet,,0,blur,,unknown,unknown,Korea,ABLY,26040,https://m.a-bly.com/goods/3802256?utm_source=web_naver-shopping&utm_medium=display&utm_campaign=web_naver-shopping&utm_content=3802256
정샘물 뷰티,cheek,8,정샘물 아티스트 쿠션 블러쉬 #블러 4g,blocked_detail_fetch,blocked,not_attempted,,robots_disallowed,,,,0,,,unknown,unknown,Korea,정샘물뷰티,18040,https://smartstore.naver.com/main/products/12206680122
정샘물 뷰티,cheek,9,[정샘물뷰티] 정샘물 컬러피스 크림 블러쉬 (스키니탭 퍼프 1ea),failed_detail_fetch,manual_review_required,failed,http_error,terms_not_configured,http_status:403,velvet,cream,0,blur,,unknown,unknown,Korea,ABLY,26040,https://m.a-bly.com/goods/16947368?utm_source=web_naver-shopping&utm_medium=display&utm_campaign=web_naver-shopping&utm_content=16947368
정샘물 뷰티,cheek,10,이런 상품 어때요? 정샘물 아티스트 쿠션 블러쉬 4g,partial_detail,manual_review_required,collected_partial,fetched,terms_not_configured,,velvet,cushion,0,blur,,unknown,unknown,Korea,정샘물,18040,https://shopping.naver.com/outlink/itemdetail/11600537672
정샘물 뷰티,liner,1,[정샘물뷰티] 정샘물 아티스트 엣지 아이 펜슬,failed_detail_fetch,manual_review_required,failed,http_error,terms_not_configured,http_status:403,,pencil,0,,,unknown,unknown,Korea,ABLY,20460,https://m.a-bly.com/goods/3244981?utm_source=web_naver-shopping&utm_medium=display&utm_campaign=web_naver-shopping&utm_content=3244981
정샘물 뷰티,liner,2,정샘물 아티스트 엣지 아이 펜슬 0.35g,blocked_detail_fetch,blocked,not_attempted,,robots_disallowed,,,,0,,,unknown,unknown,Korea,정샘물뷰티,18700,https://smartstore.naver.com/main/products/5994951698
정샘물 뷰티,liner,3,[정샘물뷰티] 아티스트 콜 펜 라이너,failed_detail_fetch,manual_review_required,failed,http_error,terms_not_configured,http_status:403,,liner,0,,,unknown,unknown,Korea,ABLY,22320,https://m.a-bly.com/goods/2419339?utm_source=web_naver-shopping&utm_medium=display&utm_campaign=web_naver-shopping&utm_content=2419339
정샘물 뷰티,liner,4,이런 상품 어때요? 정샘물 아티스트 콜 펜 라이너 0.4ml (2종컬러),partial_detail,manual_review_required,collected_partial,fetched,terms_not_configured,,,liner,0,,,unknown,unknown,Korea,정샘물,20400,https://shopping.naver.com/outlink/itemdetail/6655463105
정샘물 뷰티,liner,5,정샘물 아티스트 엣지 아이 펜슬,partial_detail,manual_review_required,collected_partial,fetched,terms_not_configured,,,pencil,0,long_lasting | adhesion | blur,,unknown,unknown,Korea,정샘물뷰티,22000,https://www.jsmbeauty.com/index.html?branduid=2210066&ref=naver_open
정샘물 뷰티,liner,6,이런 상품 어때요? 정샘물 아티스트 엣지 아이 펜슬 0.35g,partial_detail,manual_review_required,collected_partial,fetched,terms_not_configured,,,pencil,0,,,unknown,unknown,Korea,정샘물,18700,https://shopping.naver.com/outlink/itemdetail/5994951697
정샘물 뷰티,liner,7,정샘물 아티스트 콜 펜 라이너 0.4ml (2종컬러),blocked_detail_fetch,blocked,not_attempted,,robots_disallowed,,,,0,,,unknown,unknown,Korea,정샘물뷰티,20400,https://smartstore.naver.com/main/products/3039661627
정샘물 뷰티,liner,8,정샘물 아티스트 콜 펜 라이너,partial_detail,manual_review_required,collected_partial,fetched,terms_not_configured,,,cream,0,blur,,unknown,unknown,Korea,정샘물뷰티,24000,https://www.jsmbeauty.com/index.html?branduid=2152173&ref=naver_open
정샘물 뷰티,liner,9,정샘물 아티스트 브로우 쉐이더 슬림 1개 (펜슬 0.05g 크림 0.18g/3종컬러),blocked_detail_fetch,blocked,not_attempted,,robots_disallowed,,,,0,,,unknown,unknown,Korea,정샘물뷰티,17000,https://smartstore.naver.com/main/products/5995162102
정샘물 뷰티,liner,10,이런 상품 어때요? 정샘물 아티스트 브로우 쉐이더 슬림 1개 (펜슬 0.05g 크림 0.18g/3종컬러),partial_detail,manual_review_required,collected_partial,fetched,terms_not_configured,,,cream,0,,,unknown,unknown,Korea,정샘물,17000,https://shopping.naver.com/outlink/itemdetail/5995162101
정샘물 뷰티,brow,1,[정샘물뷰티] 정샘물 아티스트 브로우 쉐이더 슬림,failed_detail_fetch,manual_review_required,failed,http_error,terms_not_configured,http_status:403,,,0,,,unknown,unknown,Korea,ABLY,18600,https://m.a-bly.com/goods/3245040?utm_source=web_naver-shopping&utm_medium=display&utm_campaign=web_naver-shopping&utm_content=3245040
정샘물 뷰티,brow,2,[정샘물뷰티] 정샘물 아티스트 브로우 포마드,failed_detail_fetch,manual_review_required,failed,http_error,terms_not_configured,http_status:403,,,0,,,unknown,unknown,Korea,ABLY,18600,https://m.a-bly.com/goods/3245072?utm_source=web_naver-shopping&utm_medium=display&utm_campaign=web_naver-shopping&utm_content=3245072
정샘물 뷰티,brow,3,정샘물 마스터클래스 아이브로우 브러쉬,blocked_detail_fetch,blocked,not_attempted,,robots_disallowed,,,,0,,,unknown,unknown,Korea,롯데ON,22410,https://www.lotteon.com/p/product/LO2713272537?sitmNo=LO2713272537_2713272538&ch_no=100065&ch_dtl_no=1000030&entryPoint=pcs&dp_infw_cd=CHT
정샘물 뷰티,brow,4,정샘물 마스터클래스 아이브로우 브러쉬 4066805,blocked_detail_fetch,blocked,not_attempted,,robots_disallowed,,,,0,,,unknown,unknown,Korea,롯데ON,23310,https://www.lotteon.com/p/product/LO2711076790?sitmNo=LO2711076790_2711076791&ch_no=100065&ch_dtl_no=1000030&entryPoint=pcs&dp_infw_cd=CHT
정샘물 뷰티,brow,5,정샘물 마스터클래스 아이브로우 브러쉬,blocked_detail_fetch,blocked,not_attempted,,robots_disallowed,,,,0,,,unknown,unknown,Korea,롯데ON,18450,https://www.lotteon.com/p/product/LO2700135959?sitmNo=LO2700135959_2700135960&ch_no=100065&ch_dtl_no=1000030&entryPoint=pcs&dp_infw_cd=CHT
정샘물 뷰티,brow,6,정샘물 마스터클래스 아이브로우 브러쉬,blocked_detail_fetch,blocked,not_attempted,,robots_disallowed,,,,0,,,unknown,unknown,Korea,롯데ON,26100,https://www.lotteon.com/p/product/LO2605810185?sitmNo=LO2605810185_2605810186&ch_no=100065&ch_dtl_no=1000030&entryPoint=pcs&dp_infw_cd=CHT
정샘물 뷰티,brow,7,정샘물 아이 브로우 브러쉬 스크류 마스터클래스,blocked_detail_fetch,blocked,not_attempted,,robots_disallowed,,,,0,,,unknown,unknown,Korea,롯데ON,33930,https://www.lotteon.com/p/product/LO2575440554?sitmNo=LO2575440554_2575440555&ch_no=100065&ch_dtl_no=1000030&entryPoint=pcs&dp_infw_cd=CHT
정샘물 뷰티,brow,8,정샘물 마스터클래스 브로우 브러쉬,blocked_detail_fetch,blocked,not_attempted,,robots_disallowed,,,,0,,,unknown,unknown,Korea,GSSHOP,14230,http://with.gsshop.com/alia/aliaGate.gs?media=OB&ecpid=95951211&vodFlag=N&prdseqnum=95951211&utm_source=price&utm_medium=affiliate&utm_campaign=naver
정샘물 뷰티,brow,9,정샘물 마스터클래스 브로우 브러쉬 + 더블클린수정화장패드(1매),blocked_detail_fetch,blocked,not_attempted,,robots_disallowed,,,,0,,,unknown,unknown,Korea,CJ온스타일,15050,https://display.cjonstyle.com/p/item/93615622?infl_cd=I0696&utm_medium=pcs&utm_source=naver
정샘물 뷰티,brow,10,정샘물 마스터클래스 브로우 브러쉬,blocked_detail_fetch,blocked,not_attempted,,robots_disallowed,,,,0,,,unknown,unknown,Korea,롯데ON,13700,https://www.lotteon.com/p/product/LO2437203893?sitmNo=LO2437203893_2437203894&ch_no=100065&ch_dtl_no=1000030&entryPoint=pcs&dp_infw_cd=CHT
3CE,lip,1,[1+1] 3CE 블러 워터 틴트,blocked_detail_fetch,blocked,not_attempted,,robots_disallowed,,,,0,,,unknown,listed,Korea,현대Hmall,27970,https://www.hmall.com/md/pda/itemPtc?ReferCode=429&slitmCd=2151022241&utm_source=naver&utm_medium=cps_pcs&utm_campaign=sale
3CE,lip,2,[로즈코어/혈색생기] 3CE 블러 워터 틴트 4.6g 22종 단품/기획,failed_detail_fetch,manual_review_required,failed,http_error,robots_fetch_failed_requires_manual_review,http_status:403,velvet,tint,0,blur,,listed,unknown,Korea,올리브영,15200,https://www.oliveyoung.co.kr/store/common/partner.do?chlNo=1&chlDtlNo=1&utm_source=naver&utm_medium=shopping_ep&utm_campaign=onpro_ep_product_0101_1231&utm_content=pc_price&sndType=goods&sndVal=A000000148591
3CE,lip,3,3CE 블러 워터 틴트+미니아이스위치(랜덤),blocked_detail_fetch,blocked,not_attempted,,robots_disallowed,,,,0,,,unknown,listed,Korea,현대Hmall,14340,https://www.hmall.com/md/pda/itemPtc?ReferCode=429&slitmCd=2150777188&utm_source=naver&utm_medium=cps_pcs&utm_campaign=sale
3CE,lip,4,3CE 레이지 팝 립 스테인 (증)미니틴트(랜덤),blocked_detail_fetch,blocked,not_attempted,,robots_disallowed,,,,0,,,unknown,unknown,Korea,롯데ON,14820,https://www.lotteon.com/p/product/LO2339367158?sitmNo=LO2339367158_2339367159&ch_no=100065&ch_dtl_no=1000030&entryPoint=pcs&dp_infw_cd=CHT
3CE,lip,5,3CE [지속력끝판왕] 레이지 팝 립 스테인 4.5g+미니아이스위치(랜덤),blocked_detail_fetch,blocked,not_attempted,,robots_disallowed,,,,0,,,unknown,listed,Korea,현대Hmall,14340,https://www.hmall.com/md/pda/itemPtc?ReferCode=429&slitmCd=2232578685&utm_source=naver&utm_medium=cps_pcs&utm_campaign=sale
3CE,lip,6,3CE NEW 벨벳 립 틴트 플러쉬+벨벳 파우치 키링,blocked_detail_fetch,blocked,not_attempted,,robots_disallowed,,,,0,,,unknown,listed,Korea,현대Hmall,15640,https://www.hmall.com/md/pda/itemPtc?ReferCode=429&slitmCd=2241383271&utm_source=naver&utm_medium=cps_pcs&utm_campaign=sale
3CE,lip,7,3CE [NEW 이슬틴트] 미스티 립 베어 (증)미스티 틴트 링,blocked_detail_fetch,blocked,not_attempted,,robots_disallowed,,,,0,,,unknown,unknown,Korea,롯데ON,15600,https://www.lotteon.com/p/product/LO2627712653?sitmNo=LO2627712653_2627712654&ch_no=100065&ch_dtl_no=1000030&entryPoint=pcs&dp_infw_cd=CHT
3CE,lip,8,3CE [NEW/이슬틴트] 미스티 립 베어 4.6g+미스티 틴트 링,blocked_detail_fetch,blocked,not_attempted,,robots_disallowed,,,,0,,,unknown,listed,Korea,현대Hmall,16010,https://www.hmall.com/md/pda/itemPtc?ReferCode=429&slitmCd=2247791281&utm_source=naver&utm_medium=cps_pcs&utm_campaign=sale
3CE,lip,9,쓰리씨이 [3CE]블러 워터 틴트 (증)미니 틴트(랜덤),blocked_detail_fetch,blocked,not_attempted,,robots_disallowed,,,,0,,,unknown,listed,Korea,롯데홈쇼핑,15200,https://www.lotteimall.com/coop/affilGate.lotte?chl_no=141370&chl_dtl_no=2540914&returnUrl=/goods/viewGoodsDetail.lotte?goods_no=2299807695&utm_source=naver&utm_medium=affiliate&utm_campaign=price_compare
3CE,lip,10,3CE [APP전용][NEW 이슬틴트] 미스티 립 베어 [증정]미니틴트(랜덤),blocked_detail_fetch,blocked,not_attempted,,robots_disallowed,,,,0,,,unknown,unknown,Korea,롯데ON,15600,https://www.lotteon.com/p/product/LO2620997218?sitmNo=LO2620997218_2620997219&ch_no=100065&ch_dtl_no=1000030&entryPoint=pcs&dp_infw_cd=CHT
3CE,shadow,1,3CE 아이 스위치 스틱 [증정]아이스위치 미니(랜덤),blocked_detail_fetch,blocked,not_attempted,,robots_disallowed,,,,0,,,unknown,unknown,Korea,롯데ON,15450,https://www.lotteon.com/p/product/LO2626327634?sitmNo=LO2626327634_2626327635&ch_no=100065&ch_dtl_no=1000030&entryPoint=pcs&dp_infw_cd=CHT
3CE,shadow,2,3CE 아이 스위치,failed_detail_fetch,manual_review_required,failed,http_error,robots_fetch_failed_requires_manual_review,http_status:403,,,0,,,listed,unknown,Korea,올리브영,19000,https://www.oliveyoung.co.kr/store/common/partner.do?chlNo=1&chlDtlNo=1&utm_source=naver&utm_medium=shopping_ep&utm_campaign=onpro_ep_product_0101_1231&utm_content=pc_price&sndType=goods&sndVal=A000000110707
3CE,shadow,3,3CE 멀티 아이 컬러 팔레트+글로우 아이 포인트 브러쉬,blocked_detail_fetch,blocked,not_attempted,,robots_disallowed,,,,0,,,unknown,listed,Korea,현대Hmall,28710,https://www.hmall.com/md/pda/itemPtc?ReferCode=429&slitmCd=2150799199&utm_source=naver&utm_medium=cps_pcs&utm_campaign=sale
3CE,shadow,4,3CE 컬러 그리드 아이섀도우 단품/기획,failed_detail_fetch,manual_review_required,failed,http_error,robots_fetch_failed_requires_manual_review,http_status:403,,powder,0,,,listed,unknown,Korea,올리브영,19000,https://www.oliveyoung.co.kr/store/common/partner.do?chlNo=1&chlDtlNo=1&utm_source=naver&utm_medium=shopping_ep&utm_campaign=onpro_ep_product_0101_1231&utm_content=pc_price&sndType=goods&sndVal=A000000230225
3CE,shadow,5,3CE 컬러 그리드 아이섀도우 (증)컬러 그리드 듀얼 브러쉬,blocked_detail_fetch,blocked,not_attempted,,robots_disallowed,,,,0,,,unknown,unknown,Korea,롯데ON,14820,https://www.lotteon.com/p/product/LO2567851261?sitmNo=LO2567851261_2567851262&ch_no=100065&ch_dtl_no=1000030&entryPoint=pcs&dp_infw_cd=CHT
3CE,shadow,6,3CE 아이 스위치 스틱+미니틴트(랜덤),blocked_detail_fetch,blocked,not_attempted,,robots_disallowed,,,,0,,,unknown,listed,Korea,현대Hmall,14950,https://www.hmall.com/md/pda/itemPtc?ReferCode=429&slitmCd=2248985627&utm_source=naver&utm_medium=cps_pcs&utm_campaign=sale
3CE,shadow,7,[틴티드 에디션] 3CE 멀티 아이 컬러 팔레트+글로우 아이 포인트 브러쉬,blocked_detail_fetch,blocked,not_attempted,,robots_disallowed,,,,0,,,unknown,listed,Korea,현대Hmall,27270,https://www.hmall.com/md/pda/itemPtc?ReferCode=429&slitmCd=2247316478&utm_source=naver&utm_medium=cps_pcs&utm_campaign=sale
3CE,shadow,8,3CE 멀티 아이 컬러 팔레트,failed_detail_fetch,manual_review_required,failed,http_error,robots_fetch_failed_requires_manual_review,http_status:403,,powder,0,,,listed,unknown,Korea,올리브영,31200,https://www.oliveyoung.co.kr/store/common/partner.do?chlNo=1&chlDtlNo=1&utm_source=naver&utm_medium=shopping_ep&utm_campaign=onpro_ep_product_0101_1231&utm_content=pc_price&sndType=goods&sndVal=A000000148589
3CE,shadow,9,[999팔레트] 3CE 멀티 아이 컬러 팔레트 더 텍스타일 8g 단품/기획,failed_detail_fetch,manual_review_required,failed,http_error,robots_fetch_failed_requires_manual_review,http_status:403,,powder,0,,,listed,unknown,Korea,올리브영,31200,https://www.oliveyoung.co.kr/store/common/partner.do?chlNo=1&chlDtlNo=1&utm_source=naver&utm_medium=shopping_ep&utm_campaign=onpro_ep_product_0101_1231&utm_content=pc_price&sndType=goods&sndVal=A000000255393
3CE,shadow,10,쓰리씨이 [3CE]멀티 아이 컬러 팔레트 (증)글로우 아이 포인트 브러쉬,blocked_detail_fetch,blocked,not_attempted,,robots_disallowed,,,,0,,,unknown,listed,Korea,롯데홈쇼핑,30420,https://www.lotteimall.com/coop/affilGate.lotte?chl_no=141370&chl_dtl_no=2540914&returnUrl=/goods/viewGoodsDetail.lotte?goods_no=2299970864&utm_source=naver&utm_medium=affiliate&utm_campaign=price_compare
3CE,base,1,3CE 핏팅 메쉬 쿠션(본품+리필)+핏팅 메쉬 쿠션 퍼프 2개,blocked_detail_fetch,blocked,not_attempted,,robots_disallowed,,,,0,,,unknown,listed,Korea,현대Hmall,28710,https://www.hmall.com/md/pda/itemPtc?ReferCode=429&slitmCd=2216365119&utm_source=naver&utm_medium=cps_pcs&utm_campaign=sale
3CE,base,2,3CE 핏팅 메쉬 쿠션(본품+리필)+핏팅 메쉬 쿠션 퍼프 2개,blocked_detail_fetch,blocked,not_attempted,,robots_disallowed,,,,0,,,unknown,unknown,Korea,CJ온스타일,29640,https://display.cjonstyle.com/p/item/2037034556?infl_cd=I0696&utm_medium=pcs&utm_source=naver
3CE,base,3,쓰리씨이 [3CE] 핏팅 메쉬 커버 쿠션 (증)피카소 콜라보 퍼프,blocked_detail_fetch,blocked,not_attempted,,robots_disallowed,,,,0,,,unknown,listed,Korea,롯데홈쇼핑,24020,https://www.lotteimall.com/coop/affilGate.lotte?chl_no=141370&chl_dtl_no=2540914&returnUrl=/goods/viewGoodsDetail.lotte?goods_no=3342992818&utm_source=naver&utm_medium=affiliate&utm_campaign=price_compare
3CE,base,4,3CE 핏팅 메쉬 쿠션(본품+리필)+핏팅 메쉬 쿠션 퍼프 2개,blocked_detail_fetch,blocked,not_attempted,,robots_disallowed,,,,0,,,unknown,unknown,Korea,롯데ON,31200,https://www.lotteon.com/p/product/LO2347758608?sitmNo=LO2347758608_2347758614&ch_no=100065&ch_dtl_no=1000030&entryPoint=pcs&dp_infw_cd=CHT
3CE,base,5,3CE [NEW] 핏팅 메쉬 커버 쿠션,blocked_detail_fetch,blocked,not_attempted,,robots_disallowed,,,,0,,,unknown,listed,Korea,현대Hmall,26420,https://www.hmall.com/md/pda/itemPtc?ReferCode=429&slitmCd=2251443750&utm_source=naver&utm_medium=cps_pcs&utm_campaign=sale
3CE,base,6,(현대Hmall) 3CE 핏팅 메쉬 쿠션(본품+리필)+핏팅 메쉬 쿠션 퍼프 2개,blocked_detail_fetch,blocked,not_attempted,,robots_disallowed,,,,0,,,unknown,unknown,Korea,롯데ON,30420,https://www.lotteon.com/p/product/LO2353255907?sitmNo=LO2353255907_2353255913&ch_no=100065&ch_dtl_no=1000030&entryPoint=pcs&dp_infw_cd=CHT
3CE,base,7,3CE 베어 커버 쿠션,blocked_detail_fetch,blocked,not_attempted,,robots_disallowed,,,,0,,,unknown,listed,Korea,현대Hmall,22080,https://www.hmall.com/md/pda/itemPtc?ReferCode=429&slitmCd=2150866042&utm_source=naver&utm_medium=cps_pcs&utm_campaign=sale
3CE,base,8,3CE 베어 커버 쿠션,blocked_detail_fetch,blocked,not_attempted,,robots_disallowed,,,,0,,,unknown,unknown,Korea,CJ온스타일,22800,https://display.cjonstyle.com/p/item/2036855152?infl_cd=I0696&utm_medium=pcs&utm_source=naver
3CE,base,9,3CE 핏팅 메쉬 커버 쿠션,blocked_detail_fetch,blocked,not_attempted,,robots_disallowed,,,,0,,,unknown,unknown,Korea,CJ온스타일,26650,https://display.cjonstyle.com/p/item/2087122048?infl_cd=I0696&utm_medium=pcs&utm_source=naver
3CE,base,10,(현대Hmall) 3CE 베어 커버 쿠션,blocked_detail_fetch,blocked,not_attempted,,robots_disallowed,,,,0,,,unknown,unknown,Korea,롯데ON,23400,https://www.lotteon.com/p/product/LO2247813097?sitmNo=LO2247813097_2247813098&ch_no=100065&ch_dtl_no=1000030&entryPoint=pcs&dp_infw_cd=CHT
3CE,cheek,1,[3CE] 페이스 블러쉬+글로우 멀티 유즈 브러쉬,blocked_detail_fetch,blocked,not_attempted,,robots_disallowed,,,,0,,,unknown,listed,Korea,현대Hmall,15090,https://www.hmall.com/md/pda/itemPtc?ReferCode=429&slitmCd=2150800826&utm_source=naver&utm_medium=cps_pcs&utm_campaign=sale
3CE,cheek,2,3CE NEW 블러쉬 라이터+글로우 멀티 유즈 브러쉬,blocked_detail_fetch,blocked,not_attempted,,robots_disallowed,,,,0,,,unknown,listed,Korea,현대Hmall,18110,https://www.hmall.com/md/pda/itemPtc?ReferCode=429&slitmCd=2231665559&utm_source=naver&utm_medium=cps_pcs&utm_campaign=sale
3CE,cheek,3,[햇살광블러셔/브러쉬증정기획] 3CE 바운시 블러 밤 단품/기획,failed_detail_fetch,manual_review_required,failed,http_error,robots_fetch_failed_requires_manual_review,http_status:403,velvet,balm,0,blur,,listed,unknown,Korea,올리브영,21000,https://www.oliveyoung.co.kr/store/common/partner.do?chlNo=1&chlDtlNo=1&utm_source=naver&utm_medium=shopping_ep&utm_campaign=onpro_ep_product_0101_1231&utm_content=pc_price&sndType=goods&sndVal=A000000230953
3CE,cheek,4,[틴티드 에디션] 3CE 바운시 블러 밤+바운시 핑거 퍼프,blocked_detail_fetch,blocked,not_attempted,,robots_disallowed,,,,0,,,unknown,listed,Korea,현대Hmall,15460,https://www.hmall.com/md/pda/itemPtc?ReferCode=429&slitmCd=2247033939&utm_source=naver&utm_medium=cps_pcs&utm_campaign=sale
3CE,cheek,5,3CE 페이스 블러쉬 (증)글로우 멀티 유즈 브러쉬,blocked_detail_fetch,blocked,not_attempted,,robots_disallowed,,,,0,,,unknown,unknown,Korea,롯데ON,15600,https://www.lotteon.com/p/product/LO2125291855?sitmNo=LO2125291855_2125291864&ch_no=100065&ch_dtl_no=1000030&entryPoint=pcs&dp_infw_cd=CHT
3CE,cheek,6,3CE [틴티드 에디션]바운시 블러 밤 (증)바운시 핑거 퍼프세트,blocked_detail_fetch,blocked,not_attempted,,robots_disallowed,,,,0,,,unknown,unknown,Korea,롯데ON,15090,https://www.lotteon.com/p/product/LO2620325945?sitmNo=LO2620325945_2620325946&ch_no=100065&ch_dtl_no=1000030&entryPoint=pcs&dp_infw_cd=CHT
3CE,cheek,7,[쓰리씨이] [3CE] 바운시 블러 밤 (증)미니틴트(랜덤),blocked_detail_fetch,blocked,not_attempted,,robots_disallowed,,,,0,,,unknown,unknown,Korea,롯데ON,16800,https://www.lotteon.com/p/product/LI3026934228?sitmNo=LI3026934228_10&ch_no=100065&ch_dtl_no=1000030&entryPoint=pcs&dp_infw_cd=CHT
3CE,cheek,8,[NEW TAKE] 3CE 뉴 테이크 페이스 블러셔,blocked_detail_fetch,blocked,not_attempted,,robots_disallowed,,,,0,,,unknown,listed,Korea,현대Hmall,15790,https://www.hmall.com/md/pda/itemPtc?ReferCode=429&slitmCd=2150778531&utm_source=naver&utm_medium=cps_pcs&utm_campaign=sale
3CE,cheek,9,3CE 바운시 블러 밤 (증)바운시 핑거 퍼프세트,blocked_detail_fetch,blocked,not_attempted,,robots_disallowed,,,,0,,,unknown,unknown,Korea,롯데ON,16380,https://www.lotteon.com/p/product/LO2502534772?sitmNo=LO2502534772_2502534776&ch_no=100065&ch_dtl_no=1000030&entryPoint=pcs&dp_infw_cd=CHT
3CE,cheek,10,[3CE] 페이스 블러쉬,blocked_detail_fetch,blocked,not_attempted,,robots_disallowed,,,,0,,,unknown,unknown,Korea,GSSHOP,18600,http://with.gsshop.com/alia/aliaGate.gs?media=OB&ecpid=1064749384&vodFlag=N&prdseqnum=1064749384&utm_source=price&utm_medium=affiliate&utm_campaign=naver
3CE,liner,1,3CE 마이링 아이라이너 5colors,failed_detail_fetch,manual_review_required,failed,http_error,robots_fetch_failed_requires_manual_review,http_status:403,,liner,0,,,listed,unknown,Korea,올리브영,15200,https://www.oliveyoung.co.kr/store/common/partner.do?chlNo=1&chlDtlNo=1&utm_source=naver&utm_medium=shopping_ep&utm_campaign=onpro_ep_product_0101_1231&utm_content=pc_price&sndType=goods&sndVal=A000000219135
3CE,liner,2,3CE 마이링 아이라이너,blocked_detail_fetch,blocked,not_attempted,,robots_disallowed,,,,0,,,unknown,listed,Korea,현대Hmall,12520,https://www.hmall.com/md/pda/itemPtc?ReferCode=429&slitmCd=2233436907&utm_source=naver&utm_medium=cps_pcs&utm_campaign=sale
3CE,liner,3,3CE 소프트 뮤트 펜슬 라이너,blocked_detail_fetch,blocked,not_attempted,,robots_disallowed,,,,0,,,unknown,listed,Korea,현대Hmall,12520,https://www.hmall.com/md/pda/itemPtc?ReferCode=429&slitmCd=2152814091&utm_source=naver&utm_medium=cps_pcs&utm_campaign=sale
3CE,liner,4,쓰리씨이 [3CE]마이링 아이라이너 (증)아이 스위치 미니,blocked_detail_fetch,blocked,not_attempted,,robots_disallowed,,,,0,,,unknown,listed,Korea,롯데홈쇼핑,13600,https://www.lotteimall.com/coop/affilGate.lotte?chl_no=141370&chl_dtl_no=2540914&returnUrl=/goods/viewGoodsDetail.lotte?goods_no=2978031394&utm_source=naver&utm_medium=affiliate&utm_campaign=price_compare
3CE,liner,5,3CE 마이링 아이라이너,blocked_detail_fetch,blocked,not_attempted,,robots_disallowed,,,,0,,,unknown,unknown,Korea,롯데ON,14120,https://www.lotteon.com/p/product/LO2477245412?sitmNo=LO2477245412_2477245413&ch_no=100065&ch_dtl_no=1000030&entryPoint=pcs&dp_infw_cd=CHT
3CE,liner,6,3CE 마이링 아이라이너,blocked_detail_fetch,blocked,not_attempted,,robots_disallowed,,,,0,,,unknown,unknown,Korea,CJ온스타일,13680,https://display.cjonstyle.com/p/item/2056998315?infl_cd=I0696&utm_medium=pcs&utm_source=naver
3CE,liner,7,3CE 소프트 뮤트 펜슬 라이너,blocked_detail_fetch,blocked,not_attempted,,robots_disallowed,,,,0,,,unknown,unknown,Korea,롯데ON,14120,https://www.lotteon.com/p/product/LO2346324312?sitmNo=LO2346324312_2346324313&ch_no=100065&ch_dtl_no=1000030&entryPoint=pcs&dp_infw_cd=CHT
3CE,liner,8,(현대Hmall) 3CE 마이링 아이라이너,blocked_detail_fetch,blocked,not_attempted,,robots_disallowed,,,,0,,,unknown,unknown,Korea,롯데ON,13260,https://www.lotteon.com/p/product/LO2476596566?sitmNo=LO2476596566_2476596567&ch_no=100065&ch_dtl_no=1000030&entryPoint=pcs&dp_infw_cd=CHT
3CE,liner,9,(현대Hmall) 3CE 소프트 뮤트 펜슬 라이너,blocked_detail_fetch,blocked,not_attempted,,robots_disallowed,,,,0,,,unknown,unknown,Korea,롯데ON,13260,https://www.lotteon.com/p/product/LO2247500700?sitmNo=LO2247500700_2247500701&ch_no=100065&ch_dtl_no=1000030&entryPoint=pcs&dp_infw_cd=CHT
3CE,liner,10,[쓰리씨이] [3CE]소프트 뮤트 펜슬 라이너,blocked_detail_fetch,blocked,not_attempted,,robots_disallowed,,,,0,,,unknown,unknown,Korea,롯데ON,12800,https://www.lotteon.com/p/product/LI2321012303?sitmNo=LI2321012303_1&ch_no=100065&ch_dtl_no=1000030&entryPoint=pcs&dp_infw_cd=CHT
3CE,brow,1,3CE 올라운더 브로우,blocked_detail_fetch,blocked,not_attempted,,robots_disallowed,,,,0,,,unknown,listed,Korea,현대Hmall,13750,https://www.hmall.com/md/pda/itemPtc?ReferCode=429&slitmCd=2152814258&utm_source=naver&utm_medium=cps_pcs&utm_campaign=sale
3CE,brow,2,[1+1] 3CE 올라운더 브로우,blocked_detail_fetch,blocked,not_attempted,,robots_disallowed,,,,0,,,unknown,listed,Korea,현대Hmall,26500,https://www.hmall.com/md/pda/itemPtc?ReferCode=429&slitmCd=2152814544&utm_source=naver&utm_medium=cps_pcs&utm_campaign=sale
3CE,brow,3,3CE 올라운더 브로우,blocked_detail_fetch,blocked,not_attempted,,robots_disallowed,,,,0,,,unknown,unknown,Korea,롯데ON,15880,https://www.lotteon.com/p/product/LO2346350973?sitmNo=LO2346350973_2346350974&ch_no=100065&ch_dtl_no=1000030&entryPoint=pcs&dp_infw_cd=CHT
3CE,brow,4,(현대Hmall) 3CE 이지 브로우 디자이닝 펜슬,blocked_detail_fetch,blocked,not_attempted,,robots_disallowed,,,,0,,,unknown,unknown,Korea,롯데ON,14650,https://www.lotteon.com/p/product/LO2248457495?sitmNo=LO2248457495_2248457496&ch_no=100065&ch_dtl_no=1000030&entryPoint=pcs&dp_infw_cd=CHT
3CE,brow,5,(현대Hmall) [1+1] 3CE 올라운더 브로우,blocked_detail_fetch,blocked,not_attempted,,robots_disallowed,,,,0,,,unknown,unknown,Korea,롯데ON,28080,https://www.lotteon.com/p/product/LO2247382004?sitmNo=LO2247382004_2247382005&ch_no=100065&ch_dtl_no=1000030&entryPoint=pcs&dp_infw_cd=CHT
3CE,brow,6,(현대Hmall) 3CE 올라운더 브로우,blocked_detail_fetch,blocked,not_attempted,,robots_disallowed,,,,0,,,unknown,unknown,Korea,롯데ON,14570,https://www.lotteon.com/p/product/LO2247422179?sitmNo=LO2247422179_2247422180&ch_no=100065&ch_dtl_no=1000030&entryPoint=pcs&dp_infw_cd=CHT
3CE,brow,7,[쓰리씨이] [3CE]올 라운더 브로우,blocked_detail_fetch,blocked,not_attempted,,robots_disallowed,,,,0,,,unknown,unknown,Korea,롯데ON,14400,https://www.lotteon.com/p/product/LI2321004387?sitmNo=LI2321004387_1&ch_no=100065&ch_dtl_no=1000030&entryPoint=pcs&dp_infw_cd=CHT
3CE,brow,8,3CE 이지 브로우 디자이닝 펜슬,blocked_detail_fetch,blocked,not_attempted,,robots_disallowed,,,,0,,,unknown,unknown,Korea,롯데ON,13750,https://www.lotteon.com/p/product/LO2125194600?sitmNo=LO2125194600_2125194602&ch_no=100065&ch_dtl_no=1000030&entryPoint=pcs&dp_infw_cd=CHT
3CE,brow,9,3CE 이지 브로우 디자이닝 펜슬,blocked_detail_fetch,blocked,not_attempted,,robots_disallowed,,,,0,,,unknown,listed,Korea,현대Hmall,13750,https://www.hmall.com/md/pda/itemPtc?ReferCode=429&slitmCd=2150803227&utm_source=naver&utm_medium=cps_pcs&utm_campaign=sale
3CE,brow,10,3CE 소프트 뮤트 펜슬 라이너,blocked_detail_fetch,blocked,not_attempted,,robots_disallowed,,,,0,,,unknown,unknown,Korea,롯데ON,12790,https://www.lotteon.com/p/product/LO2157521578?sitmNo=LO2157521578_2157521579&ch_no=100065&ch_dtl_no=1000030&entryPoint=pcs&dp_infw_cd=CHT
에뛰드,lip,1,[에뛰드] 포근 픽싱 틴트,blocked_detail_fetch,blocked,not_attempted,,robots_disallowed,,,,0,,,unknown,unknown,Korea,GSSHOP,11020,http://with.gsshop.com/alia/aliaGate.gs?media=OB&ecpid=1089439700&vodFlag=N&prdseqnum=1089439700&utm_source=price&utm_medium=affiliate&utm_campaign=naver
에뛰드,lip,2,[에뛰드] 디어 달링 마커 틴트 2개,blocked_detail_fetch,blocked,not_attempted,,robots_disallowed,,,,0,,,unknown,unknown,Korea,GSSHOP,15150,http://with.gsshop.com/alia/aliaGate.gs?media=OB&ecpid=1057222501&vodFlag=N&prdseqnum=1057222501&utm_source=price&utm_medium=affiliate&utm_campaign=naver
에뛰드,lip,3,에뛰드 [과즙틴트] 디어 달링 워터 틴트 /후르츠 워터 틴트,blocked_detail_fetch,blocked,not_attempted,,robots_disallowed,,,,0,,,unknown,unknown,Korea,롯데ON,3500,https://www.lotteon.com/p/product/LO1209312268?sitmNo=LO1209312268_1209312269&ch_no=100065&ch_dtl_no=1000030&entryPoint=pcs&dp_infw_cd=CHT
에뛰드,lip,4,에뛰드스튜디오 디어 달링 워터 틴트 New Color /후르츠 워터 립틴트,blocked_detail_fetch,blocked,not_attempted,,robots_disallowed,,,,0,,,unknown,unknown,Korea,CJ온스타일,3800,https://display.cjonstyle.com/p/item/66579905?infl_cd=I0696&utm_medium=pcs&utm_source=naver
에뛰드,lip,5,[에뛰드] (밀키베리) 디어 달링 오일 틴트 4.2g,blocked_detail_fetch,blocked,not_attempted,,robots_disallowed,,,,0,,,unknown,unknown,Korea,GSSHOP,7680,http://with.gsshop.com/alia/aliaGate.gs?media=OB&ecpid=1074006092&vodFlag=N&prdseqnum=1074006092&utm_source=price&utm_medium=affiliate&utm_campaign=naver
에뛰드,lip,6,에뛰드 [New Color] 픽싱 틴트 /하이드로 매트 립틴트,blocked_detail_fetch,blocked,not_attempted,,robots_disallowed,,,,0,,,unknown,unknown,Korea,롯데ON,8400,https://www.lotteon.com/p/product/LO1487128201?sitmNo=LO1487128201_1487128202&ch_no=100065&ch_dtl_no=1000030&entryPoint=pcs&dp_infw_cd=CHT
에뛰드,lip,7,[에뛰드] 픽싱 틴트 4g,blocked_detail_fetch,blocked,not_attempted,,robots_disallowed,,,,0,,,unknown,unknown,Korea,GSSHOP,8260,http://with.gsshop.com/alia/aliaGate.gs?media=OB&ecpid=90509052&vodFlag=N&prdseqnum=90509052&utm_source=price&utm_medium=affiliate&utm_campaign=naver
에뛰드,lip,8,[NEW컬러][에뛰드] 픽싱 틴트 4g+4g (2개 구성),blocked_detail_fetch,blocked,not_attempted,,robots_disallowed,,,,0,,,unknown,unknown,Korea,GSSHOP,15630,http://with.gsshop.com/alia/aliaGate.gs?media=OB&ecpid=1066309761&vodFlag=N&prdseqnum=1066309761&utm_source=price&utm_medium=affiliate&utm_campaign=naver
에뛰드,lip,9,에뛰드 [NEW Color 출시] 글로우 픽싱 틴트 3.8g,blocked_detail_fetch,blocked,not_attempted,,robots_disallowed,,,,0,,,unknown,unknown,Korea,롯데ON,11200,https://www.lotteon.com/p/product/LO2144830493?sitmNo=LO2144830493_2144830494&ch_no=100065&ch_dtl_no=1000030&entryPoint=pcs&dp_infw_cd=CHT
에뛰드,lip,10,에뛰드스튜디오 [New 컬러] 픽싱 틴트 /하이드로 매트 립틴트,blocked_detail_fetch,blocked,not_attempted,,robots_disallowed,,,,0,,,unknown,unknown,Korea,CJ온스타일,7980,https://display.cjonstyle.com/p/item/93569139?infl_cd=I0696&utm_medium=pcs&utm_source=naver
에뛰드,shadow,1,에뛰드 뽀용 아이 메이커 4 Colors,failed_detail_fetch,manual_review_required,failed,http_error,robots_fetch_failed_requires_manual_review,http_status:403,,,0,,,listed,unknown,Korea,올리브영,17400,https://www.oliveyoung.co.kr/store/common/partner.do?chlNo=1&chlDtlNo=1&utm_source=naver&utm_medium=shopping_ep&utm_campaign=onpro_ep_product_0101_1231&utm_content=pc_price&sndType=goods&sndVal=A000000228774
에뛰드,shadow,2,[에뛰드] 플레이 컬러 아이즈/셀러뷰리티,blocked_detail_fetch,blocked,not_attempted,,robots_disallowed,,,,0,,,unknown,unknown,Korea,GSSHOP,18980,http://with.gsshop.com/alia/aliaGate.gs?media=OB&ecpid=1046131939&vodFlag=N&prdseqnum=1046131939&utm_source=price&utm_medium=affiliate&utm_campaign=naver
에뛰드,shadow,3,[에뛰드] 재창조 메이커/듀얼 애교살 라이너,blocked_detail_fetch,blocked,not_attempted,,robots_disallowed,,,,0,,,unknown,unknown,Korea,GSSHOP,10720,http://with.gsshop.com/alia/aliaGate.gs?media=OB&ecpid=1054286364&vodFlag=N&prdseqnum=1054286364&utm_source=price&utm_medium=affiliate&utm_campaign=naver
에뛰드,shadow,4,[에뛰드] [Cafe in the deep] 뽀용 아이메이커 손님 그건 애교살이세요,blocked_detail_fetch,blocked,not_attempted,,robots_disallowed,,,,0,,,unknown,unknown,Korea,GSSHOP,15630,http://with.gsshop.com/alia/aliaGate.gs?media=OB&ecpid=1095148837&vodFlag=N&prdseqnum=1095148837&utm_source=price&utm_medium=affiliate&utm_campaign=naver
에뛰드,shadow,5,[에뛰드] 재창조 메이커 쉐딩스틱 + 올데이맑은BB크림02아이보리 1ml*5 증정,blocked_detail_fetch,blocked,not_attempted,,robots_disallowed,,,,0,,,unknown,unknown,Korea,GSSHOP,9120,http://with.gsshop.com/alia/aliaGate.gs?media=OB&ecpid=1041620375&vodFlag=N&prdseqnum=1041620375&utm_source=price&utm_medium=affiliate&utm_campaign=naver
에뛰드,shadow,6,에뛰드스튜디오 블링블링 아이스틱,blocked_detail_fetch,blocked,not_attempted,,robots_disallowed,,,,0,,,unknown,unknown,Korea,CJ온스타일,5560,https://display.cjonstyle.com/p/item/66581934?infl_cd=I0696&utm_medium=pcs&utm_source=naver
에뛰드,shadow,7,[에뛰드] [Cafe in the deep] 왓츠 인 마이 아이즈 더블,blocked_detail_fetch,blocked,not_attempted,,robots_disallowed,,,,0,,,unknown,unknown,Korea,GSSHOP,5580,http://with.gsshop.com/alia/aliaGate.gs?media=OB&ecpid=1095149207&vodFlag=N&prdseqnum=1095149207&utm_source=price&utm_medium=affiliate&utm_campaign=naver
에뛰드,shadow,8,에뛰드하우스 블링블링 아이스틱 2개 /스틱 아이섀도우,blocked_detail_fetch,blocked,not_attempted,,robots_disallowed,,,,0,,,unknown,unknown,Korea,CJ온스타일,9270,https://display.cjonstyle.com/p/item/94817979?infl_cd=I0696&utm_medium=pcs&utm_source=naver
에뛰드,shadow,9,에뛰드 재창조 메이커 2개 /쉐딩 멀티 스틱 /한끗 차이로 달라지는 쉐입,blocked_detail_fetch,blocked,not_attempted,,robots_disallowed,,,,0,,,unknown,unknown,Korea,롯데ON,23800,https://www.lotteon.com/p/product/LO2230461533?sitmNo=LO2230461533_2230461534&ch_no=100065&ch_dtl_no=1000030&entryPoint=pcs&dp_infw_cd=CHT
에뛰드,shadow,10,에뛰드 샤인 픽스 아이즈 글리터 /아이라이너 /반짝임 가득 /글리터 섀도우,blocked_detail_fetch,blocked,not_attempted,,robots_disallowed,,,,0,,,unknown,unknown,Korea,롯데ON,7400,https://www.lotteon.com/p/product/LO2085374077?sitmNo=LO2085374077_2085374080&ch_no=100065&ch_dtl_no=1000030&entryPoint=pcs&dp_infw_cd=CHT
에뛰드,base,1,에뛰드 클라우드 필터 쿠션 리필 /가볍고 보송한 구름 쿠션 리필 제품,blocked_detail_fetch,blocked,not_attempted,,robots_disallowed,,,,0,,,unknown,unknown,Korea,롯데ON,9770,https://www.lotteon.com/p/product/LO2506662511?sitmNo=LO2506662511_2506662512&ch_no=100065&ch_dtl_no=1000030&entryPoint=pcs&dp_infw_cd=CHT
에뛰드,base,2,[에뛰드] 클라우드 필터 쿠션 미니쿠션 기획세트,blocked_detail_fetch,blocked,not_attempted,,robots_disallowed,,,,0,,,unknown,unknown,Korea,GSSHOP,18980,http://with.gsshop.com/alia/aliaGate.gs?media=OB&ecpid=1077158219&vodFlag=N&prdseqnum=1077158219&utm_source=price&utm_medium=affiliate&utm_campaign=naver
에뛰드,base,3,[에뛰드] 클라우드 필터 쿠션 리필,blocked_detail_fetch,blocked,not_attempted,,robots_disallowed,,,,0,,,unknown,unknown,Korea,GSSHOP,8370,http://with.gsshop.com/alia/aliaGate.gs?media=OB&ecpid=1087927472&vodFlag=N&prdseqnum=1087927472&utm_source=price&utm_medium=affiliate&utm_campaign=naver
에뛰드,base,4,[에뛰드] 클라우드 필터 쿠션 15gx2 (본품+리필),blocked_detail_fetch,blocked,not_attempted,,robots_disallowed,,,,0,,,unknown,unknown,Korea,GSSHOP,24790,http://with.gsshop.com/alia/aliaGate.gs?media=OB&ecpid=1090352186&vodFlag=N&prdseqnum=1090352186&utm_source=price&utm_medium=affiliate&utm_campaign=naver
에뛰드,base,5,에뛰드 워터 드롭 필터 쿠션 리필 15g (SPF26 PA++),blocked_detail_fetch,blocked,not_attempted,,robots_disallowed,,,,0,,,unknown,unknown,Korea,롯데ON,11260,https://www.lotteon.com/p/product/LO2616908544?sitmNo=LO2616908544_2616908545&ch_no=100065&ch_dtl_no=1000030&entryPoint=pcs&dp_infw_cd=CHT
에뛰드,base,6,에뛰드 워터 드롭 필터 쿠션 리필 15g (SPF26 PA++),blocked_detail_fetch,blocked,not_attempted,,robots_disallowed,,,,0,,,unknown,unknown,Korea,롯데ON,11250,https://www.lotteon.com/p/product/LO2616908629?sitmNo=LO2616908629_2616908630&ch_no=100065&ch_dtl_no=1000030&entryPoint=pcs&dp_infw_cd=CHT
에뛰드,base,7,에뛰드 워터 드롭 필터 쿠션 기획 (본품15g+리필15g) (SPF26 PA++),blocked_detail_fetch,blocked,not_attempted,,robots_disallowed,,,,0,,,unknown,unknown,Korea,롯데ON,23830,https://www.lotteon.com/p/product/LO2616908619?sitmNo=LO2616908619_2616908620&ch_no=100065&ch_dtl_no=1000030&entryPoint=pcs&dp_infw_cd=CHT
에뛰드,base,8,에뛰드 워터 드롭 필터 쿠션 기획 (본품15g+리필15g) (SPF26 PA++),blocked_detail_fetch,blocked,not_attempted,,robots_disallowed,,,,0,,,unknown,unknown,Korea,롯데ON,23830,https://www.lotteon.com/p/product/LO2616908529?sitmNo=LO2616908529_2616908530&ch_no=100065&ch_dtl_no=1000030&entryPoint=pcs&dp_infw_cd=CHT
에뛰드,base,9,[에뛰드] [포시러브] 클라우드 필터 쿠션 미니쿠션 기획세트,blocked_detail_fetch,blocked,not_attempted,,robots_disallowed,,,,0,,,unknown,unknown,Korea,GSSHOP,19610,http://with.gsshop.com/alia/aliaGate.gs?media=OB&ecpid=1092699273&vodFlag=N&prdseqnum=1092699273&utm_source=price&utm_medium=affiliate&utm_campaign=naver
에뛰드,base,10,에뛰드 [기획] 클라우드 필터 쿠션+미니쿠션 세트 /보송한 구름쿠션 /기획세트 /선물세트,blocked_detail_fetch,blocked,not_attempted,,robots_disallowed,,,,0,,,unknown,unknown,Korea,롯데ON,22100,https://www.lotteon.com/p/product/LO2452572815?sitmNo=LO2452572815_2452572816&ch_no=100065&ch_dtl_no=1000030&entryPoint=pcs&dp_infw_cd=CHT
에뛰드,cheek,1,에뛰드 하트 팝 블러셔,failed_detail_fetch,manual_review_required,failed,http_error,robots_fetch_failed_requires_manual_review,http_status:403,velvet,,0,blur,,listed,unknown,Korea,올리브영,9900,https://www.oliveyoung.co.kr/store/common/partner.do?chlNo=1&chlDtlNo=1&utm_source=naver&utm_medium=shopping_ep&utm_campaign=onpro_ep_product_0101_1231&utm_content=pc_price&sndType=goods&sndVal=A000000181634
에뛰드,cheek,2,[에뛰드] 러블리 쿠키 블러셔 2개,blocked_detail_fetch,blocked,not_attempted,,robots_disallowed,,,,0,,,unknown,unknown,Korea,GSSHOP,11720,http://with.gsshop.com/alia/aliaGate.gs?media=OB&ecpid=1020568195&vodFlag=N&prdseqnum=1020568195&utm_source=price&utm_medium=affiliate&utm_campaign=naver
에뛰드,cheek,3,[에뛰드] 콩콩 블러셔,blocked_detail_fetch,blocked,not_attempted,,robots_disallowed,,,,0,,,unknown,unknown,Korea,GSSHOP,7880,http://with.gsshop.com/alia/aliaGate.gs?media=OB&ecpid=1102710610&vodFlag=N&prdseqnum=1102710610&utm_source=price&utm_medium=affiliate&utm_campaign=naver
에뛰드,cheek,4,에뛰드 하트 팝 듀오 블러셔 /볼터치/하이라이터,blocked_detail_fetch,blocked,not_attempted,,robots_disallowed,,,,0,,,unknown,unknown,Korea,롯데ON,15190,https://www.lotteon.com/p/product/LO2356398966?sitmNo=LO2356398966_2356398967&ch_no=100065&ch_dtl_no=1000030&entryPoint=pcs&dp_infw_cd=CHT
에뛰드,cheek,5,[에뛰드] 러블리 쿠키 블러셔,blocked_detail_fetch,blocked,not_attempted,,robots_disallowed,,,,0,,,unknown,unknown,Korea,GSSHOP,6700,http://with.gsshop.com/alia/aliaGate.gs?media=OB&ecpid=58348717&vodFlag=N&prdseqnum=58348717&utm_source=price&utm_medium=affiliate&utm_campaign=naver
에뛰드,cheek,6,에뛰드 러블리 쿠키 블러셔 4.5g,blocked_detail_fetch,blocked,not_attempted,,robots_disallowed,,,,0,,,unknown,unknown,Korea,롯데ON,7200,https://www.lotteon.com/p/product/LO1209542410?sitmNo=LO1209542410_1209542411&ch_no=100065&ch_dtl_no=1000030&entryPoint=pcs&dp_infw_cd=CHT
에뛰드,cheek,7,에뛰드 콩콩 블러셔 7g /부드럽게 스며드는 속광 블러 치크 /크림 블러셔 /볼터치,blocked_detail_fetch,blocked,not_attempted,,robots_disallowed,,,,0,,,unknown,unknown,Korea,롯데ON,9350,https://www.lotteon.com/p/product/LO2594812508?sitmNo=LO2594812508_2594812509&ch_no=100065&ch_dtl_no=1000030&entryPoint=pcs&dp_infw_cd=CHT
에뛰드,cheek,8,에뛰드 콩콩 블러셔 7g x 2개 /내장 스폰지 팁으로 콩콩 /크림 치크 /볼터치,blocked_detail_fetch,blocked,not_attempted,,robots_disallowed,,,,0,,,unknown,unknown,Korea,롯데ON,17600,https://www.lotteon.com/p/product/LO2594818457?sitmNo=LO2594818457_2594818458&ch_no=100065&ch_dtl_no=1000030&entryPoint=pcs&dp_infw_cd=CHT
에뛰드,cheek,9,에뛰드 하트팝 블러셔 사르르 에디션 4g (사우어젤리),blocked_detail_fetch,blocked,not_attempted,,robots_disallowed,,,,0,,,unknown,unknown,Korea,롯데ON,9360,https://www.lotteon.com/p/product/LO2452580199?sitmNo=LO2452580199_2452580200&ch_no=100065&ch_dtl_no=1000030&entryPoint=pcs&dp_infw_cd=CHT
에뛰드,cheek,10,에뛰드스튜디오 러블리 쿠키 블러셔 4.5g,blocked_detail_fetch,blocked,not_attempted,,robots_disallowed,,,,0,,,unknown,unknown,Korea,CJ온스타일,6840,https://display.cjonstyle.com/p/item/66582525?infl_cd=I0696&utm_medium=pcs&utm_source=naver
에뛰드,liner,1,[1+ 1][에뛰드] 프루프 10 젤 방수 펜슬,blocked_detail_fetch,blocked,not_attempted,,robots_disallowed,,,,0,,,unknown,unknown,Korea,GSSHOP,9530,http://with.gsshop.com/alia/aliaGate.gs?media=OB&ecpid=1056381701&vodFlag=N&prdseqnum=1056381701&utm_source=price&utm_medium=affiliate&utm_campaign=naver
에뛰드,liner,2,[에뛰드] 드로잉쇼 브러쉬 라이너,blocked_detail_fetch,blocked,not_attempted,,robots_disallowed,,,,0,,,unknown,unknown,Korea,GSSHOP,7680,http://with.gsshop.com/alia/aliaGate.gs?media=OB&ecpid=10508684&vodFlag=N&prdseqnum=10508684&utm_source=price&utm_medium=affiliate&utm_campaign=naver
에뛰드,liner,3,[에뛰드] 드로잉쇼 브러쉬 라이너 2개,blocked_detail_fetch,blocked,not_attempted,,robots_disallowed,,,,0,,,unknown,unknown,Korea,GSSHOP,13920,http://with.gsshop.com/alia/aliaGate.gs?media=OB&ecpid=1017703589&vodFlag=N&prdseqnum=1017703589&utm_source=price&utm_medium=affiliate&utm_campaign=naver
에뛰드,liner,4,에뛰드 프루프 10 젤 방수 펜슬 /펜슬 아이라이너,blocked_detail_fetch,blocked,not_attempted,,robots_disallowed,,,,0,,,unknown,unknown,Korea,롯데ON,5350,https://www.lotteon.com/p/product/LO1257892264?sitmNo=LO1257892264_1257892265&ch_no=100065&ch_dtl_no=1000030&entryPoint=pcs&dp_infw_cd=CHT
에뛰드,liner,5,[에뛰드] 라인 픽스 브러쉬 라이너,blocked_detail_fetch,blocked,not_attempted,,robots_disallowed,,,,0,,,unknown,unknown,Korea,GSSHOP,9120,http://with.gsshop.com/alia/aliaGate.gs?media=OB&ecpid=1040222524&vodFlag=N&prdseqnum=1040222524&utm_source=price&utm_medium=affiliate&utm_campaign=naver
에뛰드,liner,6,에뛰드 라인 픽스 브러쉬 라이너,blocked_detail_fetch,blocked,not_attempted,,robots_disallowed,,,,0,,,unknown,unknown,Korea,롯데ON,7970,https://www.lotteon.com/p/product/LO2186146400?sitmNo=LO2186146400_2186146401&ch_no=100065&ch_dtl_no=1000030&entryPoint=pcs&dp_infw_cd=CHT
에뛰드,liner,7,에뛰드 내추럴리 주근깨 펜 /애교점 /눈밑점 /주근깨 연출 라이너,blocked_detail_fetch,blocked,not_attempted,,robots_disallowed,,,,0,,,unknown,unknown,Korea,롯데ON,7700,https://www.lotteon.com/p/product/LO2601052948?sitmNo=LO2601052948_2601052949&ch_no=100065&ch_dtl_no=1000030&entryPoint=pcs&dp_infw_cd=CHT
에뛰드,liner,8,에뛰드 프루프 10 젤 펜슬 -1호 또렷한블랙,blocked_detail_fetch,blocked,not_attempted,,robots_disallowed,,,,0,,,unknown,unknown,Korea,롯데ON,5310,https://www.lotteon.com/p/product/LO2375439861?sitmNo=LO2375439861_2375439862&ch_no=100065&ch_dtl_no=1000030&entryPoint=pcs&dp_infw_cd=CHT
에뛰드,liner,9,에뛰드 드로잉쇼 브러쉬 라이너,blocked_detail_fetch,blocked,not_attempted,,robots_disallowed,,,,0,,,unknown,unknown,Korea,롯데ON,7360,https://www.lotteon.com/p/product/LO1209457862?sitmNo=LO1209457862_1209457863&ch_no=100065&ch_dtl_no=1000030&entryPoint=pcs&dp_infw_cd=CHT
에뛰드,liner,10,프루프 10 젤 방수 펜슬 /펜슬라이너 /펜슬 아이라이너,blocked_detail_fetch,blocked,not_attempted,,robots_disallowed,,,,0,,,unknown,listed,Korea,신세계라이브쇼핑,7510,https://www.shinsegaetvshopping.com/display/detail/91073995?inMediaCode=EC12&ckwhere=naverep
에뛰드,brow,1,[에뛰드] 드로잉 아이브로우 프로 3개 SET,blocked_detail_fetch,blocked,not_attempted,,robots_disallowed,,,,0,,,unknown,unknown,Korea,GSSHOP,7820,http://with.gsshop.com/alia/aliaGate.gs?media=OB&ecpid=1036816256&vodFlag=N&prdseqnum=1036816256&utm_source=price&utm_medium=affiliate&utm_campaign=naver
에뛰드,brow,2,에뛰드 드로잉 아이즈 컬러링 브로우카라 /아이브로우 전용 마스카라,blocked_detail_fetch,blocked,not_attempted,,robots_disallowed,,,,0,,,unknown,unknown,Korea,롯데ON,6410,https://www.lotteon.com/p/product/LO2641253473?sitmNo=LO2641253473_2641253474&ch_no=100065&ch_dtl_no=1000030&entryPoint=pcs&dp_infw_cd=CHT
에뛰드,brow,3,에뛰드 드로잉 아이브로우 프로 /아이브로우 펜슬 /눈썹펜슬,blocked_detail_fetch,blocked,not_attempted,,robots_disallowed,,,,0,,,unknown,unknown,Korea,롯데ON,3600,https://www.lotteon.com/p/product/LO1501456379?sitmNo=LO1501456379_1501456380&ch_no=100065&ch_dtl_no=1000030&entryPoint=pcs&dp_infw_cd=CHT
에뛰드,brow,4,[에뛰드][1 + 1] 드로잉 아이브로우 프로,blocked_detail_fetch,blocked,not_attempted,,robots_disallowed,,,,0,,,unknown,unknown,Korea,GSSHOP,5960,http://with.gsshop.com/alia/aliaGate.gs?media=OB&ecpid=1018107281&vodFlag=N&prdseqnum=1018107281&utm_source=price&utm_medium=affiliate&utm_campaign=naver
에뛰드,brow,5,에뛰드 베어 엣지 슬림 브로우 /아이브로우 펜슬 /펜슬브로우,blocked_detail_fetch,blocked,not_attempted,,robots_disallowed,,,,0,,,unknown,unknown,Korea,롯데ON,6800,https://www.lotteon.com/p/product/LO1546564410?sitmNo=LO1546564410_1546564411&ch_no=100065&ch_dtl_no=1000030&entryPoint=pcs&dp_infw_cd=CHT
에뛰드,brow,6,[에뛰드] 베어 엣지 슬림 브로우,blocked_detail_fetch,blocked,not_attempted,,robots_disallowed,,,,0,,,unknown,unknown,Korea,GSSHOP,5960,http://with.gsshop.com/alia/aliaGate.gs?media=OB&ecpid=94900682&vodFlag=N&prdseqnum=94900682&utm_source=price&utm_medium=affiliate&utm_campaign=naver
에뛰드,brow,7,[에뛰드] 드로잉 아이즈 컬러링 브로우카라,blocked_detail_fetch,blocked,not_attempted,,robots_disallowed,,,,0,,,unknown,unknown,Korea,GSSHOP,6280,http://with.gsshop.com/alia/aliaGate.gs?media=OB&ecpid=1103162652&vodFlag=N&prdseqnum=1103162652&utm_source=price&utm_medium=affiliate&utm_campaign=naver
에뛰드,brow,8,에뛰드 드로잉 아이브로우 프로 3개 SET /펜슬아이브로우 /눈썹펜슬,blocked_detail_fetch,blocked,not_attempted,,robots_disallowed,,,,0,,,unknown,unknown,Korea,롯데ON,10200,https://www.lotteon.com/p/product/LO2373923972?sitmNo=LO2373923972_2373923973&ch_no=100065&ch_dtl_no=1000030&entryPoint=pcs&dp_infw_cd=CHT
에뛰드,brow,9,에뛰드 드로잉 아이브로우 x2개,blocked_detail_fetch,blocked,not_attempted,,robots_disallowed,,,,0,,,unknown,unknown,Korea,롯데ON,7560,https://www.lotteon.com/p/product/LO2586746725?sitmNo=LO2586746725_2586746729&ch_no=100065&ch_dtl_no=1000030&entryPoint=pcs&dp_infw_cd=CHT
에뛰드,brow,10,에뛰드 드로잉 아이브로우 x3개,blocked_detail_fetch,blocked,not_attempted,,robots_disallowed,,,,0,,,unknown,unknown,Korea,롯데ON,9900,https://www.lotteon.com/p/product/LO2586747981?sitmNo=LO2586747981_2586747985&ch_no=100065&ch_dtl_no=1000030&entryPoint=pcs&dp_infw_cd=CHT
더샘,lip,1,더샘 새미스 크레마 벨벳 틴트 10colors,blocked_detail_fetch,blocked,not_attempted,,robots_disallowed,,,,0,,,unknown,unknown,Korea,GSSHOP,11400,http://with.gsshop.com/alia/aliaGate.gs?media=OB&ecpid=1098280123&vodFlag=N&prdseqnum=1098280123&utm_source=price&utm_medium=affiliate&utm_campaign=naver
더샘,lip,2,[현대백화점 커넥트현대] [더샘] 새미스 크레마 벨벳 틴트,blocked_detail_fetch,blocked,not_attempted,,robots_disallowed,,,,0,,,unknown,listed,Korea,더현대Hi,12000,https://hi.thehyundai.com/product/40A2163964?ReferCode=429&utm_source=naver_ep&utm_medium=ep_price
더샘,lip,3,[온누리상품] 더샘 플로우 립 리얼래스팅 틴트,blocked_detail_fetch,blocked,not_attempted,,robots_disallowed,,,,0,,,unknown,unknown,Korea,롯데ON,17020,https://www.lotteon.com/p/product/LO2697834144?sitmNo=LO2697834144_2697834145&ch_no=100065&ch_dtl_no=1000030&entryPoint=pcs&dp_infw_cd=CHT
더샘,lip,4,[온누리상품] 더샘 플로우 립 리얼래스팅 틴트 CR01 업사이드,blocked_detail_fetch,blocked,not_attempted,,robots_disallowed,,,,0,,,unknown,unknown,Korea,롯데ON,17470,https://www.lotteon.com/p/product/LO2697834114?sitmNo=LO2697834114_2697834115&ch_no=100065&ch_dtl_no=1000030&entryPoint=pcs&dp_infw_cd=CHT
더샘,lip,5,[온누리상품] 더샘 새미스 크레마 벨벳 틴트 2.5g,blocked_detail_fetch,blocked,not_attempted,,robots_disallowed,,,,0,,,unknown,unknown,Korea,롯데ON,14580,https://www.lotteon.com/p/product/LO2697834621?sitmNo=LO2697834621_2697834622&ch_no=100065&ch_dtl_no=1000030&entryPoint=pcs&dp_infw_cd=CHT
더샘,lip,6,[온누리상품] 더샘 샘물 워터 캔디 틴트 10g,blocked_detail_fetch,blocked,not_attempted,,robots_disallowed,,,,0,,,unknown,unknown,Korea,롯데ON,5490,https://www.lotteon.com/p/product/LO2697834053?sitmNo=LO2697834053_2697834054&ch_no=100065&ch_dtl_no=1000030&entryPoint=pcs&dp_infw_cd=CHT
더샘,lip,7,[온누리상품] 더샘 새미스 젤리 샷 틴트 3.2g 01 밀키,blocked_detail_fetch,blocked,not_attempted,,robots_disallowed,,,,0,,,unknown,unknown,Korea,롯데ON,11670,https://www.lotteon.com/p/product/LO2697834365?sitmNo=LO2697834365_2697834366&ch_no=100065&ch_dtl_no=1000030&entryPoint=pcs&dp_infw_cd=CHT
더샘,lip,8,[온누리상품] 더샘 새미스 젤리 샷 틴트 3.2g 05 포도,blocked_detail_fetch,blocked,not_attempted,,robots_disallowed,,,,0,,,unknown,unknown,Korea,롯데ON,11670,https://www.lotteon.com/p/product/LO2697834460?sitmNo=LO2697834460_2697834461&ch_no=100065&ch_dtl_no=1000030&entryPoint=pcs&dp_infw_cd=CHT
더샘,lip,9,[온누리상품] 더샘 새미스 젤리 샷 틴트 3.2g 03 달콤,blocked_detail_fetch,blocked,not_attempted,,robots_disallowed,,,,0,,,unknown,unknown,Korea,롯데ON,11670,https://www.lotteon.com/p/product/LO2697834408?sitmNo=LO2697834408_2697834409&ch_no=100065&ch_dtl_no=1000030&entryPoint=pcs&dp_infw_cd=CHT
더샘,lip,10,[온누리상품] 더샘 새미스 젤리 샷 틴트 3.2g (선택1),blocked_detail_fetch,blocked,not_attempted,,robots_disallowed,,,,0,,,unknown,unknown,Korea,롯데ON,11670,https://www.lotteon.com/p/product/LO2697834516?sitmNo=LO2697834516_2697834517&ch_no=100065&ch_dtl_no=1000030&entryPoint=pcs&dp_infw_cd=CHT
더샘,shadow,1,더샘 [모다아울렛][더샘]샘물 싱글 섀도우 울산점,blocked_detail_fetch,blocked,not_attempted,,robots_disallowed,,,,0,,,unknown,unknown,Korea,롯데ON,5390,https://www.lotteon.com/p/product/LO2681412242?sitmNo=LO2681412242_2681412243&ch_no=100065&ch_dtl_no=1000030&entryPoint=pcs&dp_infw_cd=CHT
더샘,shadow,2,더샘 샘물 애교살 메이커,blocked_detail_fetch,blocked,not_attempted,,robots_disallowed,,,,0,,,unknown,unknown,Korea,롯데ON,3290,https://www.lotteon.com/p/product/LO2538023424?sitmNo=LO2538023424_2538023425&ch_no=100065&ch_dtl_no=1000030&entryPoint=pcs&dp_infw_cd=CHT
더샘,shadow,3,샘물 싱글 섀도우,complete_detail,manual_review_required,collected_complete,fetched,terms_not_configured,,shimmer,powder,4,,,unknown,unknown,Korea,시코르,4900,https://chicor.com/goods/0000000119699?utm_source=naver&utm_medium=cpc&utm_campaign=ep
더샘,shadow,4,더샘 샘물 싱글 섀도우 new 매트 2g 1개,blocked_detail_fetch,blocked,not_attempted,,robots_disallowed,,,,0,,,unknown,unknown,Korea,롯데ON,7300,https://www.lotteon.com/p/product/LO2713135929?sitmNo=LO2713135929_2713135930&ch_no=100065&ch_dtl_no=1000030&entryPoint=pcs&dp_infw_cd=CHT
더샘,shadow,5,더샘 샘물 싱글 섀도우 매트 ,complete_detail,manual_review_required,collected_complete,fetched,terms_not_configured,,matte,cream,6,,,unknown,unknown,Korea,시코르,4200,https://chicor.com/goods/0000000118819?utm_source=naver&utm_medium=cpc&utm_campaign=ep
더샘,shadow,6,더샘 샘물 싱글 섀도우 new 젤리/쉬머/글리터 2g 1개,blocked_detail_fetch,blocked,not_attempted,,robots_disallowed,,,,0,,,unknown,unknown,Korea,롯데ON,8560,https://www.lotteon.com/p/product/LO2713136060?sitmNo=LO2713136060_2713136061&ch_no=100065&ch_dtl_no=1000030&entryPoint=pcs&dp_infw_cd=CHT
더샘,shadow,7,더샘 무드 업 듀오 아이섀도우 CR01 슈가 코랄,blocked_detail_fetch,blocked,not_attempted,,robots_disallowed,,,,0,,,unknown,unknown,Korea,롯데ON,15840,https://www.lotteon.com/p/product/LO2656675003?sitmNo=LO2656675003_2656675004&ch_no=100065&ch_dtl_no=1000030&entryPoint=pcs&dp_infw_cd=CHT
더샘,shadow,8,[온누리상품] 더샘 무드 업 듀오 아이섀도우 CR01 슈가 코랄,blocked_detail_fetch,blocked,not_attempted,,robots_disallowed,,,,0,,,unknown,unknown,Korea,롯데ON,15840,https://www.lotteon.com/p/product/LO2656675057?sitmNo=LO2656675057_2656675058&ch_no=100065&ch_dtl_no=1000030&entryPoint=pcs&dp_infw_cd=CHT
더샘,shadow,9,[온누리상품] 더샘 샘물 싱글 섀도우 new 매트 2g 1개,blocked_detail_fetch,blocked,not_attempted,,robots_disallowed,,,,0,,,unknown,unknown,Korea,롯데ON,7290,https://www.lotteon.com/p/product/LO2698620716?sitmNo=LO2698620716_2698620717&ch_no=100065&ch_dtl_no=1000030&entryPoint=pcs&dp_infw_cd=CHT
더샘,shadow,10,[현대백화점 커넥트현대] [더샘] 무드 업 듀오 아이섀도우 2colors,blocked_detail_fetch,blocked,not_attempted,,robots_disallowed,,,,0,,,unknown,listed,Korea,더현대Hi,13000,https://hi.thehyundai.com/product/40A2110064?ReferCode=429&utm_source=naver_ep&utm_medium=ep_price
더샘,base,1,더샘 스킨 퍼펙션 글루타치온 토닝 쿠션12g (본품+리필),blocked_detail_fetch,blocked,not_attempted,,robots_disallowed,,,,0,,,unknown,unknown,Korea,롯데ON,26910,https://www.lotteon.com/p/product/LO2706894422?sitmNo=LO2706894422_2706894423&ch_no=100065&ch_dtl_no=1000030&entryPoint=pcs&dp_infw_cd=CHT
더샘,base,2,[온누리상품] 더샘 스킨 퍼펙션 글루타치온 토닝 쿠션12g (본품+리필),blocked_detail_fetch,blocked,not_attempted,,robots_disallowed,,,,0,,,unknown,unknown,Korea,롯데ON,26910,https://www.lotteon.com/p/product/LO2701999224?sitmNo=LO2701999224_2701999225&ch_no=100065&ch_dtl_no=1000030&entryPoint=pcs&dp_infw_cd=CHT
더샘,base,3,더샘 쿠션 커버 퍼펙션 컨실러 리뉴 본품 리필 세트,blocked_detail_fetch,blocked,not_attempted,,robots_disallowed,,,,0,,,unknown,unknown,Korea,롯데ON,58750,https://www.lotteon.com/p/product/LO2593029932?sitmNo=LO2593029932_2593029933&ch_no=100065&ch_dtl_no=1000030&entryPoint=pcs&dp_infw_cd=CHT
더샘,base,4,더샘 컨실러 쿠션 커버 퍼펙션 클리어 베이지,blocked_detail_fetch,blocked,not_attempted,,robots_disallowed,,,,0,,,unknown,unknown,Korea,롯데ON,57430,https://www.lotteon.com/p/product/LO2593026618?sitmNo=LO2593026618_2593026619&ch_no=100065&ch_dtl_no=1000030&entryPoint=pcs&dp_infw_cd=CHT
더샘,base,5,더샘 글로우 쿠션 커버 광채 트루 핏 (본품 + 리필),blocked_detail_fetch,blocked,not_attempted,,robots_disallowed,,,,0,,,unknown,unknown,Korea,롯데ON,66410,https://www.lotteon.com/p/product/LO2593030992?sitmNo=LO2593030992_2593030993&ch_no=100065&ch_dtl_no=1000030&entryPoint=pcs&dp_infw_cd=CHT
더샘,base,6,[더샘] 더샘 스킨 퍼펙션 글루타치온 토닝 쿠션 기획 3colors(본품+리필),blocked_detail_fetch,blocked,not_attempted,,robots_disallowed,,,,0,,,unknown,unknown,Korea,더블유컨셉,34000,http://www.wconcept.co.kr/Product/307500093?adfrom=naver_ep&utm_source=naver&utm_medium=pcs&utm_campaign=WCONCEPT&utm_content=none&utm_term=none
더샘,base,7,더샘 [더샘]스킨 퍼펙션 글루타치온 토닝 쿠션(본품 리필),blocked_detail_fetch,blocked,not_attempted,,robots_disallowed,,,,0,,,unknown,listed,Korea,롯데홈쇼핑,31330,https://www.lotteimall.com/coop/affilGate.lotte?chl_no=141370&chl_dtl_no=2540914&returnUrl=/goods/viewGoodsDetail.lotte?goods_no=3233613475&utm_source=naver&utm_medium=affiliate&utm_campaign=price_compare
더샘,base,8,더샘 [더샘] 스킨 퍼펙션 글루타치온 토닝 쿠션(본품 리필),blocked_detail_fetch,blocked,not_attempted,,robots_disallowed,,,,0,,,unknown,unknown,Korea,롯데ON,32820,https://www.lotteon.com/p/product/LI3233613475?sitmNo=LI3233613475_1&ch_no=100065&ch_dtl_no=1000030&entryPoint=pcs&dp_infw_cd=CHT
더샘,base,9,[온누리상품] 더샘 트루핏 글로우 쿠션 23피칸(본품+리필),blocked_detail_fetch,blocked,not_attempted,,robots_disallowed,,,,0,,,unknown,unknown,Korea,롯데ON,38250,https://www.lotteon.com/p/product/LO2698608568?sitmNo=LO2698608568_2698608569&ch_no=100065&ch_dtl_no=1000030&entryPoint=pcs&dp_infw_cd=CHT
더샘,base,10,[온누리상품] 더샘 커버 퍼펙션 컨실러쿠션 리뉴 (본품+리필)+팁컨실러미니 1종,blocked_detail_fetch,blocked,not_attempted,,robots_disallowed,,,,0,,,unknown,unknown,Korea,롯데ON,28710,https://www.lotteon.com/p/product/LO2698608555?sitmNo=LO2698608555_2698608556&ch_no=100065&ch_dtl_no=1000030&entryPoint=pcs&dp_infw_cd=CHT
더샘,cheek,1,[온누리상품] 더샘 젤리 블러셔 4.5g 14종 택 1,blocked_detail_fetch,blocked,not_attempted,,robots_disallowed,,,,0,,,unknown,unknown,Korea,롯데ON,13500,https://www.lotteon.com/p/product/LO2697839993?sitmNo=LO2697839993_2697839994&ch_no=100065&ch_dtl_no=1000030&entryPoint=pcs&dp_infw_cd=CHT
더샘,cheek,2,[온누리상품] 더샘 젤리 블러셔 4.5g new 5종 택 1,blocked_detail_fetch,blocked,not_attempted,,robots_disallowed,,,,0,,,unknown,unknown,Korea,롯데ON,16270,https://www.lotteon.com/p/product/LO2697840035?sitmNo=LO2697840035_2697840036&ch_no=100065&ch_dtl_no=1000030&entryPoint=pcs&dp_infw_cd=CHT
더샘,cheek,3,[온누리상품] 더샘 젤리 블러셔 4.5g 6종 택 1 (26.05까지),blocked_detail_fetch,blocked,not_attempted,,robots_disallowed,,,,0,,,unknown,unknown,Korea,롯데ON,11700,https://www.lotteon.com/p/product/LO2697840052?sitmNo=LO2697840052_2697840053&ch_no=100065&ch_dtl_no=1000030&entryPoint=pcs&dp_infw_cd=CHT
더샘,cheek,4,[현대백화점 커넥트현대] [더샘] 젤리 블러셔 11colors,blocked_detail_fetch,blocked,not_attempted,,robots_disallowed,,,,0,,,unknown,listed,Korea,더현대Hi,13000,https://hi.thehyundai.com/product/40A2110495?ReferCode=429&utm_source=naver_ep&utm_medium=ep_price
더샘,cheek,5,[온누리상품] 더샘 퍼펙트 글램 스틱블러셔 WH01 오로라 웨이브,blocked_detail_fetch,blocked,not_attempted,,robots_disallowed,,,,0,,,unknown,unknown,Korea,롯데ON,14590,https://www.lotteon.com/p/product/LO2698608846?sitmNo=LO2698608846_2698608847&ch_no=100065&ch_dtl_no=1000030&entryPoint=pcs&dp_infw_cd=CHT
더샘,cheek,6,온누리 더샘 샘물 싱글 블러셔 5gx2개 (GD01 골드 볼륨 라이트),blocked_detail_fetch,blocked,not_attempted,,robots_disallowed,,,,0,,,unknown,listed,Korea,현대Hmall,16570,https://www.hmall.com/md/pda/itemPtc?ReferCode=429&slitmCd=2247033234&utm_source=naver&utm_medium=cps_pcs&utm_campaign=sale
더샘,cheek,7,[NEW/아이돌 치크] 더샘 젤리 블러셔 10colors,blocked_detail_fetch,blocked,not_attempted,,robots_disallowed,,,,0,,,unknown,unknown,Korea,롯데ON,19980,https://www.lotteon.com/p/product/LO2713417019?sitmNo=LO2713417019_2713417021&ch_no=100065&ch_dtl_no=1000030&entryPoint=pcs&dp_infw_cd=CHT
더샘,cheek,8,NEW아이돌 치크 더샘 젤리 블러셔 10colors 4065819,blocked_detail_fetch,blocked,not_attempted,,robots_disallowed,,,,0,,,unknown,unknown,Korea,롯데ON,16650,https://www.lotteon.com/p/product/LO2711151342?sitmNo=LO2711151342_2711151344&ch_no=100065&ch_dtl_no=1000030&entryPoint=pcs&dp_infw_cd=CHT
더샘,cheek,9,NEW/아이돌 치크 더샘 젤리 블러셔 10colors,blocked_detail_fetch,blocked,not_attempted,,robots_disallowed,,,,0,,,unknown,unknown,Korea,롯데ON,11790,https://www.lotteon.com/p/product/LO2700806958?sitmNo=LO2700806958_2700806960&ch_no=100065&ch_dtl_no=1000030&entryPoint=pcs&dp_infw_cd=CHT
더샘,cheek,10,더샘 젤리 블러셔 14colors,blocked_detail_fetch,blocked,not_attempted,,robots_disallowed,,,,0,,,unknown,unknown,Korea,롯데ON,17730,https://www.lotteon.com/p/product/LO2626150290?sitmNo=LO2626150290_2626150291&ch_no=100065&ch_dtl_no=1000030&entryPoint=pcs&dp_infw_cd=CHT
더샘,liner,1,더샘 [더샘][뉴코아 울산점] 어드밴스드 파워프루프 아이라이너 01 딥 블랙,blocked_detail_fetch,blocked,not_attempted,,robots_disallowed,,,,0,,,unknown,listed,Korea,롯데홈쇼핑,7520,https://www.lotteimall.com/coop/affilGate.lotte?chl_no=141370&chl_dtl_no=2540914&returnUrl=/goods/viewGoodsDetail.lotte?goods_no=3290910596&utm_source=naver&utm_medium=affiliate&utm_campaign=price_compare
더샘,liner,2,더샘 에코 소울 파워프루프 초슬림 아이라이너 0.1g,blocked_detail_fetch,blocked,not_attempted,,robots_disallowed,,,,0,,,unknown,unknown,Korea,롯데ON,4320,https://www.lotteon.com/p/product/LO2535640717?sitmNo=LO2535640717_2535640718&ch_no=100065&ch_dtl_no=1000030&entryPoint=pcs&dp_infw_cd=CHT
더샘,liner,3,더샘 샘물 애교살 메이커 04 눈물 글썽 코랄,blocked_detail_fetch,blocked,not_attempted,,robots_disallowed,,,,0,,,unknown,unknown,Korea,롯데ON,8440,https://www.lotteon.com/p/product/LO2598181030?sitmNo=LO2598181030_2598181031&ch_no=100065&ch_dtl_no=1000030&entryPoint=pcs&dp_infw_cd=CHT
더샘,liner,4,더샘 샘물 애교살 메이커 02 눈물 글썽 핑크,blocked_detail_fetch,blocked,not_attempted,,robots_disallowed,,,,0,,,unknown,unknown,Korea,롯데ON,3520,https://www.lotteon.com/p/product/LO2598184347?sitmNo=LO2598184347_2598184348&ch_no=100065&ch_dtl_no=1000030&entryPoint=pcs&dp_infw_cd=CHT
더샘,liner,5,더샘 샘물 애교살 메이커 04 눈물 글썽 코랄,blocked_detail_fetch,blocked,not_attempted,,robots_disallowed,,,,0,,,unknown,unknown,Korea,롯데ON,3520,https://www.lotteon.com/p/product/LO2598184387?sitmNo=LO2598184387_2598184388&ch_no=100065&ch_dtl_no=1000030&entryPoint=pcs&dp_infw_cd=CHT
더샘,liner,6,더샘 샘물 애교살 메이커 02 눈물 글썽 핑크,blocked_detail_fetch,blocked,not_attempted,,robots_disallowed,,,,0,,,unknown,unknown,Korea,롯데ON,8440,https://www.lotteon.com/p/product/LO2598180829?sitmNo=LO2598180829_2598180830&ch_no=100065&ch_dtl_no=1000030&entryPoint=pcs&dp_infw_cd=CHT
더샘,liner,7,더샘 샘물 애교살 메이커 04 눈물 글썽 코랄 2개,blocked_detail_fetch,blocked,not_attempted,,robots_disallowed,,,,0,,,unknown,unknown,Korea,롯데ON,13150,https://www.lotteon.com/p/product/LO2598181067?sitmNo=LO2598181067_2598181068&ch_no=100065&ch_dtl_no=1000030&entryPoint=pcs&dp_infw_cd=CHT
더샘,liner,8,더샘 샘물 애교살 메이커 02 눈물 글썽 핑크 3개,blocked_detail_fetch,blocked,not_attempted,,robots_disallowed,,,,0,,,unknown,unknown,Korea,롯데ON,17860,https://www.lotteon.com/p/product/LO2598180888?sitmNo=LO2598180888_2598180889&ch_no=100065&ch_dtl_no=1000030&entryPoint=pcs&dp_infw_cd=CHT
더샘,liner,9,더샘 샘물 애교살 메이커 02 눈물 글썽 핑크 2개,blocked_detail_fetch,blocked,not_attempted,,robots_disallowed,,,,0,,,unknown,unknown,Korea,롯데ON,13150,https://www.lotteon.com/p/product/LO2598180858?sitmNo=LO2598180858_2598180859&ch_no=100065&ch_dtl_no=1000030&entryPoint=pcs&dp_infw_cd=CHT
더샘,liner,10,더샘 샘물 애교살 메이커 04 눈물 글썽 코랄 3개,blocked_detail_fetch,blocked,not_attempted,,robots_disallowed,,,,0,,,unknown,unknown,Korea,롯데ON,17870,https://www.lotteon.com/p/product/LO2598181108?sitmNo=LO2598181108_2598181109&ch_no=100065&ch_dtl_no=1000030&entryPoint=pcs&dp_infw_cd=CHT
더샘,brow,1,더샘 에코 소울 아이브로우 키트 5g,blocked_detail_fetch,blocked,not_attempted,,robots_disallowed,,,,0,,,unknown,unknown,Korea,롯데ON,5900,https://www.lotteon.com/p/product/LO2535643384?sitmNo=LO2535643384_2535643385&ch_no=100065&ch_dtl_no=1000030&entryPoint=pcs&dp_infw_cd=CHT
더샘,brow,2,[온누리상품] 더샘 샘물 우드 아이브로우1.8g,blocked_detail_fetch,blocked,not_attempted,,robots_disallowed,,,,0,,,unknown,unknown,Korea,롯데ON,3060,https://www.lotteon.com/p/product/LO2697757660?sitmNo=LO2697757660_2697757661&ch_no=100065&ch_dtl_no=1000030&entryPoint=pcs&dp_infw_cd=CHT
더샘,brow,3,[온누리상품] 더샘 샘물 우드 아이브로우1.8g 3개,blocked_detail_fetch,blocked,not_attempted,,robots_disallowed,,,,0,,,unknown,unknown,Korea,롯데ON,8820,https://www.lotteon.com/p/product/LO2697839538?sitmNo=LO2697839538_2697839539&ch_no=100065&ch_dtl_no=1000030&entryPoint=pcs&dp_infw_cd=CHT
더샘,brow,4,더샘 에코 소울 아이브로우 키트,failed_detail_fetch,manual_review_required,failed,fetched,terms_not_configured,no_useful_data,,,0,,,unknown,unknown,Korea,KT알파쇼핑,8090,http://www.kshop.co.kr/display/ec/product/5185671?with_code=100025&utm_source=naver_ep&utm_medium=cps&utm_campaign=prd_61_%ED%99%94%EC%9E%A5%ED%92%88%2F%EC%9D%B4%EB%AF%B8%EC%9A%A9_5185671&utm_content=pc
더샘,brow,5,1+1 더샘 에코 소울 아이브로우 키트,complete_detail,manual_review_required,collected_complete,fetched,terms_not_configured,,,,3,,,unknown,unknown,Korea,KT알파쇼핑,13760,http://www.kshop.co.kr/display/ec/product/3015749?with_code=100025&utm_source=naver_ep&utm_medium=cps&utm_campaign=prd_61_%ED%99%94%EC%9E%A5%ED%92%88%2F%EC%9D%B4%EB%AF%B8%EC%9A%A9_3015749&utm_content=pc
더샘,brow,6,더샘 [더샘][뉴코아 울산점] 샘물 아트룩 아이브로우 02 딥 브라운,blocked_detail_fetch,blocked,not_attempted,,robots_disallowed,,,,0,,,unknown,listed,Korea,롯데홈쇼핑,2820,https://www.lotteimall.com/coop/affilGate.lotte?chl_no=141370&chl_dtl_no=2540914&returnUrl=/goods/viewGoodsDetail.lotte?goods_no=3290910330&utm_source=naver&utm_medium=affiliate&utm_campaign=price_compare
더샘,brow,7,[현대백화점 커넥트현대] [더샘] 에코 소울 아이브로우 키트 01 내추럴 브라운,blocked_detail_fetch,blocked,not_attempted,,robots_disallowed,,,,0,,,unknown,listed,Korea,더현대Hi,9000,https://hi.thehyundai.com/product/40A2075007?ReferCode=429&utm_source=naver_ep&utm_medium=ep_price
더샘,brow,8,[온누리상품] 더샘 에코 소울 디자이닝 아이브로우,blocked_detail_fetch,blocked,not_attempted,,robots_disallowed,,,,0,,,unknown,unknown,Korea,롯데ON,11530,https://www.lotteon.com/p/product/LO2697839603?sitmNo=LO2697839603_2697839604&ch_no=100065&ch_dtl_no=1000030&entryPoint=pcs&dp_infw_cd=CHT
더샘,brow,9,[온누리상품] 더샘 샘물 아트룩 아이브로우 0.2g,blocked_detail_fetch,blocked,not_attempted,,robots_disallowed,,,,0,,,unknown,unknown,Korea,롯데ON,3600,https://www.lotteon.com/p/product/LO2697831750?sitmNo=LO2697831750_2697831751&ch_no=100065&ch_dtl_no=1000030&entryPoint=pcs&dp_infw_cd=CHT
더샘,brow,10,[온누리상품] 더샘 샘물 아트룩 아이브로우 0.2g 2개,blocked_detail_fetch,blocked,not_attempted,,robots_disallowed,,,,0,,,unknown,unknown,Korea,롯데ON,7290,https://www.lotteon.com/p/product/LO2697839514?sitmNo=LO2697839514_2697839515&ch_no=100065&ch_dtl_no=1000030&entryPoint=pcs&dp_infw_cd=CHT
VDL,lip,1,VDL 립스테인 에센셜 글로우 틴트 플레인피치,blocked_detail_fetch,blocked,not_attempted,,robots_disallowed,,,,0,,,unknown,unknown,Korea,네이버,14400,https://search.shopping.naver.com/catalog/56999669954
VDL,lip,2,VDL 립스테인 컴포트 슬립 11 더티비엔나,blocked_detail_fetch,blocked,not_attempted,,robots_disallowed,,,,0,,,unknown,unknown,Korea,네이버,36850,https://search.shopping.naver.com/catalog/57559079333
VDL,lip,3,[VDL] 립스테인 에센셜 글로우 틴트,failed_detail_fetch,manual_review_required,failed,http_error,terms_not_configured,http_status:403,glossy,tint,0,glow,,unknown,unknown,Korea,ABLY,15200,https://m.a-bly.com/goods/44228653?utm_source=web_naver-shopping&utm_medium=display&utm_campaign=web_naver-shopping&utm_content=44228653
VDL,lip,4,[광택천재] VDL 립스테인 에센셜 글로우 틴트,blocked_detail_fetch,blocked,not_attempted,,robots_disallowed,,,,0,,,unknown,unknown,Korea,쿠팡,29000,https://link.coupang.com/re/PCSNAVERPCSDP?pageKey=9600439230&ctag=9600439230&lptag=V94833043745&itemId=27873875604&vendorItemId=94833043745&spec=10305199
VDL,lip,5,[현대신촌점] [브이디엘]립스테인 에센셜 글로우 틴트,blocked_detail_fetch,blocked,not_attempted,,robots_disallowed,,,,0,,,unknown,listed,Korea,현대Hmall,13330,https://www.hmall.com/md/pda/itemPtc?ReferCode=429&slitmCd=2250467145&utm_source=naver&utm_medium=cps_pcs&utm_campaign=sale
VDL,lip,6,광택천재 VDL 립스테인 에센셜 글로우 틴트,blocked_detail_fetch,blocked,not_attempted,,robots_disallowed,,,,0,,,unknown,unknown,Korea,트렌드스텝,14300,https://smartstore.naver.com/main/products/13633234728
VDL,lip,7,브이디엘 립스틱 스타일 립스틱 아이디어 컴포트 슬립 13 카페 로마노 1개 2.5g,blocked_detail_fetch,blocked,not_attempted,,robots_disallowed,,,,0,,,unknown,unknown,Korea,엣지스런마켓,34600,https://smartstore.naver.com/main/products/13355230376
VDL,lip,8,VDL 립스테인 에센셜 오버 라이너 3종중택1,blocked_detail_fetch,blocked,not_attempted,,robots_disallowed,,,,0,,,unknown,unknown,Korea,트렌드스텝,11500,https://smartstore.naver.com/main/products/13633235400
VDL,lip,9,[VDL] 립스테인 에센셜 글로우 틴트,blocked_detail_fetch,blocked,not_attempted,,robots_disallowed,,,,0,,,unknown,unknown,Korea,GSSHOP,14400,http://with.gsshop.com/alia/aliaGate.gs?media=OB&ecpid=1080561750&vodFlag=N&prdseqnum=1080561750&utm_source=price&utm_medium=affiliate&utm_campaign=naver
VDL,lip,10,광택천재 VDL 립스테인 에센셜 글로우 틴트 4044669,blocked_detail_fetch,blocked,not_attempted,,robots_disallowed,,,,0,,,unknown,unknown,Korea,11번가,20070,https://www.11st.co.kr/connect/Gateway.tmall?method=Xsite&prdNo=9448292470&tid=1000000061
VDL,shadow,1,[VDL] 아이스테인 에센셜 섀도우 듀오,failed_detail_fetch,manual_review_required,failed,http_error,terms_not_configured,http_status:403,,powder,0,,,unknown,unknown,Korea,ABLY,16150,https://m.a-bly.com/goods/43648475?utm_source=web_naver-shopping&utm_medium=display&utm_campaign=web_naver-shopping&utm_content=43648475
VDL,shadow,2,VDL 아이샤인 컬러 모드 아이 팔레트 7.2g,blocked_detail_fetch,blocked,not_attempted,,robots_disallowed,,,,0,,,unknown,unknown,Korea,롯데ON,28790,https://www.lotteon.com/p/product/LO2420139926?sitmNo=LO2420139926_2420139927&ch_no=100065&ch_dtl_no=1000030&entryPoint=pcs&dp_infw_cd=CHT
VDL,shadow,3,[현대신촌점] [브이디엘]아이스테인 에센셜 섀도우 듀오,blocked_detail_fetch,blocked,not_attempted,,robots_disallowed,,,,0,,,unknown,listed,Korea,현대Hmall,14170,https://www.hmall.com/md/pda/itemPtc?ReferCode=429&slitmCd=2250654538&utm_source=naver&utm_medium=cps_pcs&utm_campaign=sale
VDL,shadow,4,[현대백화점 신촌점] [브이디엘] 아이샤인 컬러모드 팔레트,blocked_detail_fetch,blocked,not_attempted,,robots_disallowed,,,,0,,,unknown,listed,Korea,더현대Hi,32000,https://hi.thehyundai.com/product/40A1600827?ReferCode=429&utm_source=naver_ep&utm_medium=ep_price
VDL,shadow,5,[VDL] 아이스테인 에센셜 섀도우 듀오,blocked_detail_fetch,blocked,not_attempted,,robots_disallowed,,,,0,,,unknown,unknown,Korea,GSSHOP,12750,http://with.gsshop.com/alia/aliaGate.gs?media=OB&ecpid=1079769250&vodFlag=N&prdseqnum=1079769250&utm_source=price&utm_medium=affiliate&utm_campaign=naver
VDL,shadow,6,VDL 아이스테인 에센셜 섀도우 듀오 (01 베이직브라운),blocked_detail_fetch,blocked,not_attempted,,robots_disallowed,,,,0,,,unknown,unknown,Korea,롯데ON,18900,https://www.lotteon.com/p/product/LO2636769086?sitmNo=LO2636769086_2636769087&ch_no=100065&ch_dtl_no=1000030&entryPoint=pcs&dp_infw_cd=CHT
VDL,shadow,7,[현대신촌점] [브이디엘]아이샤인 컬러모드 팔레트,blocked_detail_fetch,blocked,not_attempted,,robots_disallowed,,,,0,,,unknown,listed,Korea,현대Hmall,26660,https://www.hmall.com/md/pda/itemPtc?ReferCode=429&slitmCd=2250259533&utm_source=naver&utm_medium=cps_pcs&utm_campaign=sale
VDL,shadow,8,[현대신촌점] [브이디엘]치크스테인 팔레트,blocked_detail_fetch,blocked,not_attempted,,robots_disallowed,,,,0,,,unknown,listed,Korea,현대Hmall,22500,https://www.hmall.com/md/pda/itemPtc?ReferCode=429&slitmCd=2250259534&utm_source=naver&utm_medium=cps_pcs&utm_campaign=sale
VDL,shadow,9,(신세계하남점)아이스테인 에센셜 섀도우 듀오,blocked_detail_fetch,blocked,not_attempted,,robots_disallowed,,,,0,,,unknown,listed,Korea,신세계라이브쇼핑,15980,https://www.shinsegaetvshopping.com/display/detail/80578297?inMediaCode=EC12&ckwhere=naverep
VDL,shadow,10,(신세계하남점)아이샤인 컬러모드 팔레트,blocked_detail_fetch,blocked,not_attempted,,robots_disallowed,,,,0,,,unknown,listed,Korea,신세계라이브쇼핑,30080,https://www.shinsegaetvshopping.com/display/detail/57213559?inMediaCode=EC12&ckwhere=naverep
VDL,base,1,[레몬패키지] VDL 커버 스테인 퍼펙팅 쿠션 기획 (본품+리필),failed_detail_fetch,manual_review_required,failed,http_error,robots_fetch_failed_requires_manual_review,http_status:403,,cushion,0,coverage,,listed,unknown,Korea,올리브영,28800,https://www.oliveyoung.co.kr/store/common/partner.do?chlNo=1&chlDtlNo=1&utm_source=naver&utm_medium=shopping_ep&utm_campaign=onpro_ep_product_0101_1231&utm_content=pc_price&sndType=goods&sndVal=A000000185903
VDL,base,2,[VDL] 커버스테인 퍼펙팅 쿠션 리필,failed_detail_fetch,manual_review_required,failed,http_error,terms_not_configured,http_status:403,,cushion,0,coverage,,unknown,unknown,Korea,ABLY,18050,https://m.a-bly.com/goods/35601600?utm_source=web_naver-shopping&utm_medium=display&utm_campaign=web_naver-shopping&utm_content=35601600
VDL,base,3,[VDL] 커버스테인 퍼펙팅 쿠션,failed_detail_fetch,manual_review_required,failed,http_error,terms_not_configured,http_status:403,,cushion,0,coverage,,unknown,unknown,Korea,ABLY,34200,https://m.a-bly.com/goods/35601367?utm_source=web_naver-shopping&utm_medium=display&utm_campaign=web_naver-shopping&utm_content=35601367
VDL,base,4,VDL 커버스테인 퍼펙팅 쿠션 리필 13g,blocked_detail_fetch,blocked,not_attempted,,robots_disallowed,,,,0,,,unknown,unknown,Korea,롯데ON,15200,https://www.lotteon.com/p/product/LO2420138472?sitmNo=LO2420138472_2420138473&ch_no=100065&ch_dtl_no=1000030&entryPoint=pcs&dp_infw_cd=CHT
VDL,base,5,VDL 커버스테인 퍼펙팅 쿠션 13g,blocked_detail_fetch,blocked,not_attempted,,robots_disallowed,,,,0,,,unknown,unknown,Korea,롯데ON,28800,https://www.lotteon.com/p/product/LO2420138073?sitmNo=LO2420138073_2420138074&ch_no=100065&ch_dtl_no=1000030&entryPoint=pcs&dp_infw_cd=CHT
VDL,base,6,[VDL] 커버스테인 퍼펙팅 쿠션,blocked_detail_fetch,blocked,not_attempted,,robots_disallowed,,,,0,,,unknown,unknown,Korea,GSSHOP,27000,http://with.gsshop.com/alia/aliaGate.gs?media=OB&ecpid=1070926534&vodFlag=N&prdseqnum=1070926534&utm_source=price&utm_medium=affiliate&utm_campaign=naver
VDL,base,7,[VDL] 커버스테인 퍼펙팅 쿠션 리필,blocked_detail_fetch,blocked,not_attempted,,robots_disallowed,,,,0,,,unknown,unknown,Korea,GSSHOP,17100,http://with.gsshop.com/alia/aliaGate.gs?media=OB&ecpid=1070792723&vodFlag=N&prdseqnum=1070792723&utm_source=price&utm_medium=affiliate&utm_campaign=naver
VDL,base,8,[현대백화점 신촌점] [브이디엘] 커버스테인 퍼펙팅 쿠션,blocked_detail_fetch,blocked,not_attempted,,robots_disallowed,,,,0,,,unknown,listed,Korea,더현대Hi,36000,https://hi.thehyundai.com/product/40A2004405?ReferCode=429&utm_source=naver_ep&utm_medium=ep_price
VDL,base,9,[현대신촌점] [브이디엘]커버스테인 퍼펙팅 쿠션 리필X,blocked_detail_fetch,blocked,not_attempted,,robots_disallowed,,,,0,,,unknown,listed,Korea,현대Hmall,15000,https://www.hmall.com/md/pda/itemPtc?ReferCode=429&slitmCd=2251739622&utm_source=naver&utm_medium=cps_pcs&utm_campaign=sale
VDL,base,10,[VDL] 엑스퍼트 퍼펙트 핏 쿠션,blocked_detail_fetch,blocked,not_attempted,,robots_disallowed,,,,0,,,unknown,unknown,Korea,GSSHOP,36000,http://with.gsshop.com/alia/aliaGate.gs?media=OB&ecpid=66916425&vodFlag=N&prdseqnum=66916425&utm_source=price&utm_medium=affiliate&utm_campaign=naver
VDL,cheek,1,[NEW제형출시] VDL 치크스테인 블러셔 밤 5.5g,failed_detail_fetch,manual_review_required,failed,http_error,robots_fetch_failed_requires_manual_review,http_status:403,velvet,balm,0,blur,,listed,unknown,Korea,올리브영,18400,https://www.oliveyoung.co.kr/store/common/partner.do?chlNo=1&chlDtlNo=1&utm_source=naver&utm_medium=shopping_ep&utm_campaign=onpro_ep_product_0101_1231&utm_content=pc_price&sndType=goods&sndVal=A000000250255
VDL,cheek,2,[VDL] 치크스테인 블러셔 미니,failed_detail_fetch,manual_review_required,failed,http_error,terms_not_configured,http_status:403,velvet,,0,blur,,unknown,unknown,Korea,ABLY,12350,https://m.a-bly.com/goods/48760511?utm_source=web_naver-shopping&utm_medium=display&utm_campaign=web_naver-shopping&utm_content=48760511
VDL,cheek,3,[품절대란템 귀환/퍼프2개증정] VDL 치크스테인 블러셔/블러셔 듀오 6g,failed_detail_fetch,manual_review_required,failed,http_error,robots_fetch_failed_requires_manual_review,http_status:403,velvet,,0,blur,,listed,unknown,Korea,올리브영,18400,https://www.oliveyoung.co.kr/store/common/partner.do?chlNo=1&chlDtlNo=1&utm_source=naver&utm_medium=shopping_ep&utm_campaign=onpro_ep_product_0101_1231&utm_content=pc_price&sndType=goods&sndVal=A000000184299
VDL,cheek,4,[VDL] VDL 치크스테인 블러셔,blocked_detail_fetch,blocked,not_attempted,,robots_disallowed,,,,0,,,unknown,unknown,Korea,GSSHOP,17250,http://with.gsshop.com/alia/aliaGate.gs?media=OB&ecpid=1009426053&vodFlag=N&prdseqnum=1009426053&utm_source=price&utm_medium=affiliate&utm_campaign=naver
VDL,cheek,5,[VDL] [2SET] 치크스테인 블러셔,failed_detail_fetch,manual_review_required,failed,http_error,terms_not_configured,http_status:403,velvet,,0,blur,,unknown,unknown,Korea,ABLY,24700,https://m.a-bly.com/goods/49916347?utm_source=web_naver-shopping&utm_medium=display&utm_campaign=web_naver-shopping&utm_content=49916347
VDL,cheek,6,[VDL] 치크스테인 블러셔,failed_detail_fetch,manual_review_required,failed,http_error,terms_not_configured,http_status:403,velvet,,0,blur,,unknown,unknown,Korea,ABLY,21850,https://m.a-bly.com/goods/9536437?utm_source=web_naver-shopping&utm_medium=display&utm_campaign=web_naver-shopping&utm_content=9536437
VDL,cheek,7,VDL 치크스테인 블러셔 6g,blocked_detail_fetch,blocked,not_attempted,,robots_disallowed,,,,0,,,unknown,unknown,Korea,롯데ON,20700,https://www.lotteon.com/p/product/LO2420144001?sitmNo=LO2420144001_2420144004&ch_no=100065&ch_dtl_no=1000030&entryPoint=pcs&dp_infw_cd=CHT
VDL,cheek,8,VDL 치크스테인 블러셔 팔레트 10g,blocked_detail_fetch,blocked,not_attempted,,robots_disallowed,,,,0,,,unknown,unknown,Korea,롯데ON,21600,https://www.lotteon.com/p/product/LO2420145074?sitmNo=LO2420145074_2420145075&ch_no=100065&ch_dtl_no=1000030&entryPoint=pcs&dp_infw_cd=CHT
VDL,cheek,9,[현대신촌점] [브이디엘]VDL 치크스테인 블러셔,blocked_detail_fetch,blocked,not_attempted,,robots_disallowed,,,,0,,,unknown,listed,Korea,현대Hmall,19160,https://www.hmall.com/md/pda/itemPtc?ReferCode=429&slitmCd=2250259525&utm_source=naver&utm_medium=cps_pcs&utm_campaign=sale
VDL,cheek,10,[현대백화점 신촌점] [브이디엘] 치크스테인 팔레트,blocked_detail_fetch,blocked,not_attempted,,robots_disallowed,,,,0,,,unknown,listed,Korea,더현대Hi,27000,https://hi.thehyundai.com/product/40A1958624?ReferCode=429&utm_source=naver_ep&utm_medium=ep_price
VDL,liner,1,브이디엘 23MS아이파인 브로우카라,blocked_detail_fetch,blocked,not_attempted,,robots_disallowed,,,,0,,,unknown,unknown,Korea,원라이브:팩토리,24900,https://smartstore.naver.com/main/products/8857975599
VDL,liner,2,브이디엘 아이메이크업 틴트 멀티메이크업 립스테인 에센셜 오버 라이너 진저베이지 1개 0.35g,blocked_detail_fetch,blocked,not_attempted,,robots_disallowed,,,,0,,,unknown,unknown,Korea,브릿지마켓01,22000,https://smartstore.naver.com/main/products/13446950054
VDL,liner,3,브이디엘 아이메이크업 틴트 멀티메이크업 립스테인 에센셜 오버 라이너 진저베이지 1개 0.35g,blocked_detail_fetch,blocked,not_attempted,,robots_disallowed,,,,0,,,unknown,unknown,Korea,스탠다드트레이드마켓,22000,https://smartstore.naver.com/main/products/13438539926
VDL,liner,4,VDL 립스테인 에센셜 오버 라이너 0.35g 1개,blocked_detail_fetch,blocked,not_attempted,,robots_disallowed,,,,0,,,unknown,unknown,Korea,네이버,12600,https://search.shopping.naver.com/catalog/59386562033
VDL,liner,5,브이디엘 아이메이크업 틴트 멀티메이크업 립스테인 에센셜 오버 라이너 진저베이지 1개 0.35g,blocked_detail_fetch,blocked,not_attempted,,robots_disallowed,,,,0,,,unknown,unknown,Korea,구삼마켓스토어,22000,https://smartstore.naver.com/main/products/13433274444
VDL,liner,6,브이디엘 멀티메이크업 메이크업세트 립스테인 에센셜 오버 라이너 피오니베이지 1개 0.35g,blocked_detail_fetch,blocked,not_attempted,,robots_disallowed,,,,0,,,unknown,unknown,Korea,브릿지마켓01,22000,https://smartstore.naver.com/main/products/13446945812
VDL,liner,7,VDL 립스테인 에센셜 오버 라이너 3종 4044670,blocked_detail_fetch,blocked,not_attempted,,robots_disallowed,,,,0,,,unknown,unknown,Korea,11번가,16950,https://www.11st.co.kr/connect/Gateway.tmall?method=Xsite&prdNo=9448292086&tid=1000000061
VDL,liner,8,브이디엘 멀티메이크업 메이크업세트 립스테인 에센셜 오버 라이너 피오니베이지 1개 0.35g,blocked_detail_fetch,blocked,not_attempted,,robots_disallowed,,,,0,,,unknown,unknown,Korea,스탠다드트레이드마켓,22000,https://smartstore.naver.com/main/products/13438536334
VDL,liner,9,VDL 립스테인 에센셜 오버 라이너 3종 176577,blocked_detail_fetch,blocked,not_attempted,,robots_disallowed,,,,0,,,unknown,unknown,Korea,11번가,17670,https://www.11st.co.kr/connect/Gateway.tmall?method=Xsite&prdNo=9120181314&tid=1000000061
VDL,liner,10,브이디엘 멀티메이크업 메이크업세트 립스테인 에센셜 오버 라이너 피오니베이지 1개 0.35g,blocked_detail_fetch,blocked,not_attempted,,robots_disallowed,,,,0,,,unknown,unknown,Korea,구삼마켓스토어,22000,https://smartstore.naver.com/main/products/13433270256
VDL,brow,1,VDL 엑스퍼트 스키니 브로우 펜슬 0.05g 1개,blocked_detail_fetch,blocked,not_attempted,,robots_disallowed,,,,0,,,unknown,unknown,Korea,네이버,3990,https://search.shopping.naver.com/catalog/59386604315
VDL,brow,2,VDL 엑스퍼트 스키니 아이 브로우 펜슬 01 다크브라운 | 셀러허브_뷰티 - 하프클럽,complete_detail,manual_review_required,collected_complete,fetched,robots_fetch_failed_requires_manual_review,,,pencil,2,,,unknown,unknown,Korea,하프클럽,34250,http://gate.halfclub.com/naver?site_cd=1&type=detail_pcode&p1=P368679012&partnerid=naverdb
VDL,brow,3,VDL 엑스퍼트 스키니 브로우 펜슬 (0.05g),blocked_detail_fetch,blocked,not_attempted,,robots_disallowed,,,,0,,,unknown,unknown,Korea,VDL 공식플래그십 스토어,18000,https://smartstore.naver.com/main/products/2528555137
VDL,brow,4,VDL 엑스퍼트 스키니 아이브로우 펜슬 눈썹 03 브라운 | 셀러허브_뷰티 - 하프클럽,complete_detail,manual_review_required,collected_complete,fetched,robots_fetch_failed_requires_manual_review,,,pencil,2,,,unknown,unknown,Korea,하프클럽,34250,http://gate.halfclub.com/naver?site_cd=1&type=detail_pcode&p1=P368553305&partnerid=naverdb
VDL,brow,5,VDL 브로우 펜슬 스키니 메이크업 엑스퍼트 0.05g,blocked_detail_fetch,blocked,not_attempted,,robots_disallowed,,,,0,,,unknown,unknown,Korea,롯데ON,39960,https://www.lotteon.com/p/product/LO2574287334?sitmNo=LO2574287334_2574287336&ch_no=100065&ch_dtl_no=1000030&entryPoint=pcs&dp_infw_cd=CHT
VDL,brow,6,이런 상품 어때요? [롯데영등포] VDL 엑스퍼트 스키니 브로우 펜슬 0.5g,partial_detail,manual_review_required,collected_partial,fetched,terms_not_configured,,,pencil,0,,,unknown,unknown,Korea,빌리프/VDL,16000,https://shopping.naver.com/outlink/itemdetail/11567515862
VDL,brow,7,VDL 아이 파인 내추럴 브로우 카라 01 그레이브라운 | 셀러허브_뷰티 - 하프클럽,complete_detail,manual_review_required,collected_complete,fetched,robots_fetch_failed_requires_manual_review,,,,2,,natural_makeup,unknown,unknown,Korea,하프클럽,34860,http://gate.halfclub.com/naver?site_cd=1&type=detail_pcode&p1=P368679009&partnerid=naverdb
VDL,brow,8,브이디엘 엑스퍼트 스키니 브로우 펜슬 0.05g 03 브라운 1개,blocked_detail_fetch,blocked,not_attempted,,robots_disallowed,,,,0,,,unknown,unknown,Korea,쿠팡,25060,https://link.coupang.com/re/PCSNAVERPCSDP?pageKey=83369065&ctag=83369065&lptag=I264446918&itemId=264446918&vendorItemId=91472923139&spec=10305199
VDL,brow,9,이런 상품 어때요? VDL 엑스퍼트 스키니 브로우 펜슬 (0.05g),partial_detail,manual_review_required,collected_partial,fetched,terms_not_configured,,,pencil,0,,,unknown,unknown,Korea,VDL,18000,https://shopping.naver.com/outlink/itemdetail/4881335698
VDL,brow,10,VDL 아이브로우 엑스퍼트 스키니 브로우 펜슬 0.05g,blocked_detail_fetch,blocked,not_attempted,,robots_disallowed,,,,0,,,unknown,unknown,Korea,윰토어,23160,https://smartstore.naver.com/main/products/10280376584
라카,lip,1,라카 퍼펙트 트윈립,complete_detail,manual_review_required,collected_complete,fetched,terms_not_configured,,,,10,,,unknown,unknown,Korea,시코르,22000,https://chicor.com/goods/5100002077792?utm_source=naver&utm_medium=cpc&utm_campaign=ep
라카,lip,2,라카 팝핑 벌룬 틴트 4.5g 12종,failed_detail_fetch,manual_review_required,failed,http_error,robots_fetch_failed_requires_manual_review,http_status:403,,tint,0,,,listed,unknown,Korea,올리브영,13500,https://www.oliveyoung.co.kr/store/common/partner.do?chlNo=1&chlDtlNo=1&utm_source=naver&utm_medium=shopping_ep&utm_campaign=onpro_ep_product_0101_1231&utm_content=pc_price&sndType=goods&sndVal=A000000212152
라카,lip,3,[미니틴트본품증정] 라카 프루티 글램 틴트 4.5g (단품/기획),failed_detail_fetch,manual_review_required,failed,http_error,robots_fetch_failed_requires_manual_review,http_status:403,,tint,0,,,listed,unknown,Korea,올리브영,18000,https://www.oliveyoung.co.kr/store/common/partner.do?chlNo=1&chlDtlNo=1&utm_source=naver&utm_medium=shopping_ep&utm_campaign=onpro_ep_product_0101_1231&utm_content=pc_price&sndType=goods&sndVal=A000000164559
라카,lip,4,[올영단독컬러] 라카 맥시 글레이어 틴트 미니 2.2g,failed_detail_fetch,manual_review_required,failed,http_error,robots_fetch_failed_requires_manual_review,http_status:403,,tint,0,,,listed,unknown,Korea,올리브영,9000,https://www.oliveyoung.co.kr/store/common/partner.do?chlNo=1&chlDtlNo=1&utm_source=naver&utm_medium=shopping_ep&utm_campaign=onpro_ep_product_0101_1231&utm_content=pc_price&sndType=goods&sndVal=A000000257134
라카,lip,5,[1분픽싱] 라카 퍼펙트 트윈 립 4.7g+4.2g 10 colors,failed_detail_fetch,manual_review_required,failed,http_error,robots_fetch_failed_requires_manual_review,http_status:403,,,0,,,listed,unknown,Korea,올리브영,22000,https://www.oliveyoung.co.kr/store/common/partner.do?chlNo=1&chlDtlNo=1&utm_source=naver&utm_medium=shopping_ep&utm_campaign=onpro_ep_product_0101_1231&utm_content=pc_price&sndType=goods&sndVal=A000000255256
라카,lip,6,프루티 글램 틴트 미니,complete_detail,manual_review_required,collected_complete,fetched,terms_not_configured,,,tint,40,,,unknown,unknown,Korea,시코르,8100,https://chicor.com/goods/0000000120019?utm_source=naver&utm_medium=cpc&utm_campaign=ep
라카,lip,7,프루티 글램 틴트,complete_detail,manual_review_required,collected_complete,fetched,terms_not_configured,,,tint,53,,,unknown,unknown,Korea,시코르,15300,https://chicor.com/goods/0000000045161?utm_source=naver&utm_medium=cpc&utm_campaign=ep
라카,lip,8,[밀착광] 라카 데빌립 3.7g 12종,failed_detail_fetch,manual_review_required,failed,http_error,robots_fetch_failed_requires_manual_review,http_status:403,,,0,adhesion,,listed,unknown,Korea,올리브영,18000,https://www.oliveyoung.co.kr/store/common/partner.do?chlNo=1&chlDtlNo=1&utm_source=naver&utm_medium=shopping_ep&utm_campaign=onpro_ep_product_0101_1231&utm_content=pc_price&sndType=goods&sndVal=A000000248721
라카,lip,9,팝핑 벌룬 틴트,complete_detail,manual_review_required,collected_complete,fetched,terms_not_configured,,,tint,12,,,unknown,unknown,Korea,시코르,16200,https://chicor.com/goods/0000000112859?utm_source=naver&utm_medium=cpc&utm_campaign=ep
라카,lip,10,라카 립 틴트 데일리 메이크업 미니 프루티 글램,blocked_detail_fetch,blocked,not_attempted,,robots_disallowed,,,,0,,,unknown,unknown,Korea,롯데ON,28350,https://www.lotteon.com/p/product/LO2581506286?sitmNo=LO2581506286_2581506287&ch_no=100065&ch_dtl_no=1000030&entryPoint=pcs&dp_infw_cd=CHT
라카,shadow,1,[NEW컬러출시] 라카 모노 아이섀도우,failed_detail_fetch,manual_review_required,failed,http_error,robots_fetch_failed_requires_manual_review,http_status:403,,powder,0,,,listed,unknown,Korea,올리브영,8000,https://www.oliveyoung.co.kr/store/common/partner.do?chlNo=1&chlDtlNo=1&utm_source=naver&utm_medium=shopping_ep&utm_campaign=onpro_ep_product_0101_1231&utm_content=pc_price&sndType=goods&sndVal=A000000183472
라카,shadow,2,모노아이섀도우,complete_detail,manual_review_required,collected_complete,fetched,terms_not_configured,,,powder,50,,,unknown,unknown,Korea,시코르,7200,https://chicor.com/goods/0000000079824?utm_source=naver&utm_medium=cpc&utm_campaign=ep
라카,shadow,3,포에버6 아이 팔레트,complete_detail,manual_review_required,collected_complete,fetched,terms_not_configured,,,powder,4,,,unknown,unknown,Korea,시코르,21600,https://chicor.com/goods/0000000091839?utm_source=naver&utm_medium=cpc&utm_campaign=ep
라카,shadow,4,라카 모노 아이섀도우 (50종 택1) 5000311,blocked_detail_fetch,blocked,not_attempted,,robots_disallowed,,,,0,,,unknown,unknown,Korea,롯데ON,16830,https://www.lotteon.com/p/product/LO2706953303?sitmNo=LO2706953303_2706953304&ch_no=100065&ch_dtl_no=1000030&entryPoint=pcs&dp_infw_cd=CHT
라카,shadow,5,라카 포에버6 아이 팔레트 (4종 택1) 5001045,blocked_detail_fetch,blocked,not_attempted,,robots_disallowed,,,,0,,,unknown,unknown,Korea,롯데ON,38790,https://www.lotteon.com/p/product/LO2706808728?sitmNo=LO2706808728_2706808729&ch_no=100065&ch_dtl_no=1000030&entryPoint=pcs&dp_infw_cd=CHT
라카,shadow,6,라카 new컬러 모노 아이섀도우 50종 택1 4656984,blocked_detail_fetch,blocked,not_attempted,,robots_disallowed,,,,0,,,unknown,unknown,Korea,롯데ON,16290,https://www.lotteon.com/p/product/LO2675406059?sitmNo=LO2675406059_2675406060&ch_no=100065&ch_dtl_no=1000030&entryPoint=pcs&dp_infw_cd=CHT
라카,shadow,7,라카 포에버6 아이 팔레트 3544690,blocked_detail_fetch,blocked,not_attempted,,robots_disallowed,,,,0,,,unknown,unknown,Korea,롯데ON,38340,https://www.lotteon.com/p/product/LO2674742482?sitmNo=LO2674742482_2674742483&ch_no=100065&ch_dtl_no=1000030&entryPoint=pcs&dp_infw_cd=CHT
라카,shadow,8,LAKA 모노 아이섀도우 50종 택1,blocked_detail_fetch,blocked,not_attempted,,robots_disallowed,,,,0,,,unknown,unknown,Korea,롯데ON,7380,https://www.lotteon.com/p/product/LO2712920481?sitmNo=LO2712920481_2712920482&ch_no=100065&ch_dtl_no=1000030&entryPoint=pcs&dp_infw_cd=CHT
라카,shadow,9,라카 모노 아이섀도우 챈스 923호,blocked_detail_fetch,blocked,not_attempted,,robots_disallowed,,,,0,,,unknown,unknown,Korea,롯데ON,9420,https://www.lotteon.com/p/product/LO2712463296?sitmNo=LO2712463296_2712463297&ch_no=100065&ch_dtl_no=1000030&entryPoint=pcs&dp_infw_cd=CHT
라카,shadow,10,라카 모노 아이섀도우 엔비 937호,blocked_detail_fetch,blocked,not_attempted,,robots_disallowed,,,,0,,,unknown,unknown,Korea,롯데ON,9420,https://www.lotteon.com/p/product/LO2712463240?sitmNo=LO2712463240_2712463241&ch_no=100065&ch_dtl_no=1000030&entryPoint=pcs&dp_infw_cd=CHT
라카,base,1,라카 쿠션 커버 파운데이션 벨벳 매트 데일리 메이크업 본딩,blocked_detail_fetch,blocked,not_attempted,,robots_disallowed,,,,0,,,unknown,unknown,Korea,롯데ON,44460,https://www.lotteon.com/p/product/LO2581506806?sitmNo=LO2581506806_2581506807&ch_no=100065&ch_dtl_no=1000030&entryPoint=pcs&dp_infw_cd=CHT
라카,base,2,라카 본딩커버쿠션 4656952,blocked_detail_fetch,blocked,not_attempted,,robots_disallowed,,,,0,,,unknown,unknown,Korea,롯데ON,48150,https://www.lotteon.com/p/product/LO2675701491?sitmNo=LO2675701491_2675701492&ch_no=100065&ch_dtl_no=1000030&entryPoint=pcs&dp_infw_cd=CHT
라카,base,3,LAKA 본딩 커버 쿠션 5종 택1,blocked_detail_fetch,blocked,not_attempted,,robots_disallowed,,,,0,,,unknown,unknown,Korea,롯데ON,28260,https://www.lotteon.com/p/product/LO2712805725?sitmNo=LO2712805725_2712805726&ch_no=100065&ch_dtl_no=1000030&entryPoint=pcs&dp_infw_cd=CHT
라카,base,4,라카 본딩 커버 쿠션 로지 21C,blocked_detail_fetch,blocked,not_attempted,,robots_disallowed,,,,0,,,unknown,unknown,Korea,롯데ON,28230,https://www.lotteon.com/p/product/LO2711031453?sitmNo=LO2711031453_2711031454&ch_no=100065&ch_dtl_no=1000030&entryPoint=pcs&dp_infw_cd=CHT
라카,base,5,라카 본딩 커버 쿠션 페탈 19C,blocked_detail_fetch,blocked,not_attempted,,robots_disallowed,,,,0,,,unknown,unknown,Korea,롯데ON,28230,https://www.lotteon.com/p/product/LO2711031776?sitmNo=LO2711031776_2711031777&ch_no=100065&ch_dtl_no=1000030&entryPoint=pcs&dp_infw_cd=CHT
라카,base,6,라카 본딩 커버 쿠션 포슬린 19N,blocked_detail_fetch,blocked,not_attempted,,robots_disallowed,,,,0,,,unknown,unknown,Korea,롯데ON,28230,https://www.lotteon.com/p/product/LO2711031581?sitmNo=LO2711031581_2711031582&ch_no=100065&ch_dtl_no=1000030&entryPoint=pcs&dp_infw_cd=CHT
라카,base,7,라카 본딩 커버 쿠션 미디엄 23N,blocked_detail_fetch,blocked,not_attempted,,robots_disallowed,,,,0,,,unknown,unknown,Korea,롯데ON,28230,https://www.lotteon.com/p/product/LO2711035839?sitmNo=LO2711035839_2711035840&ch_no=100065&ch_dtl_no=1000030&entryPoint=pcs&dp_infw_cd=CHT
라카,base,8,라카 쿠션 커버 파운데이션 벨벳 매트 데일리 메이크업 본딩 | 셀러허브_뷰티 - 하프클럽,partial_detail,manual_review_required,collected_partial,fetched,robots_fetch_failed_requires_manual_review,,matte,cushion,0,coverage,daily_makeup,unknown,unknown,Korea,하프클럽,77580,http://gate.halfclub.com/naver?site_cd=1&type=detail_pcode&p1=P416084605&partnerid=naverdb
라카,base,9,라카 NEW 본딩 커버 쿠션 5종 택1,blocked_detail_fetch,blocked,not_attempted,,robots_disallowed,,,,0,,,unknown,unknown,Korea,롯데ON,27900,https://www.lotteon.com/p/product/LO2692475518?sitmNo=LO2692475518_2692475519&ch_no=100065&ch_dtl_no=1000030&entryPoint=pcs&dp_infw_cd=CHT
라카,base,10,매장정품 LAKA 본딩 커버 쿠션 (5종 택1),blocked_detail_fetch,blocked,not_attempted,,robots_disallowed,,,,0,,,unknown,unknown,Korea,롯데ON,33160,https://www.lotteon.com/p/product/LO2698815054?sitmNo=LO2698815054_2698815055&ch_no=100065&ch_dtl_no=1000030&entryPoint=pcs&dp_infw_cd=CHT
라카,cheek,1,라카 러브 실크 블러쉬 6 colors,failed_detail_fetch,manual_review_required,failed,http_error,robots_fetch_failed_requires_manual_review,http_status:403,velvet,,0,blur,,listed,unknown,Korea,올리브영,15000,https://www.oliveyoung.co.kr/store/common/partner.do?chlNo=1&chlDtlNo=1&utm_source=naver&utm_medium=shopping_ep&utm_campaign=onpro_ep_product_0101_1231&utm_content=pc_price&sndType=goods&sndVal=A000000183448
라카,cheek,2,러브 실크 블러쉬,complete_detail,manual_review_required,collected_complete,fetched,terms_not_configured,,velvet,,9,blur,,unknown,unknown,Korea,시코르,13500,https://chicor.com/goods/0000000078622?utm_source=naver&utm_medium=cpc&utm_campaign=ep
라카,cheek,3,[SPF50+] 라카 선 실드 글로이 치크 7g,failed_detail_fetch,manual_review_required,failed,http_error,robots_fetch_failed_requires_manual_review,http_status:403,glossy,,0,,,listed,unknown,Korea,올리브영,18000,https://www.oliveyoung.co.kr/store/common/partner.do?chlNo=1&chlDtlNo=1&utm_source=naver&utm_medium=shopping_ep&utm_campaign=onpro_ep_product_0101_1231&utm_content=pc_price&sndType=goods&sndVal=A000000257081
라카,cheek,4,라카 블러셔 섀도우 웜톤 쿨톤 메이크업 러브 실크 블러쉬,blocked_detail_fetch,blocked,not_attempted,,robots_disallowed,,,,0,,,unknown,unknown,Korea,롯데ON,30150,https://www.lotteon.com/p/product/LO2581507060?sitmNo=LO2581507060_2581507061&ch_no=100065&ch_dtl_no=1000030&entryPoint=pcs&dp_infw_cd=CHT
라카,cheek,5,선 실드 글로이 치크,complete_detail,manual_review_required,collected_complete,fetched,terms_not_configured,,glossy,cream,11,,,unknown,unknown,Korea,시코르,14400,https://chicor.com/goods/5100002067403?utm_source=naver&utm_medium=cpc&utm_campaign=ep
라카,cheek,6,라카 러브 매끄러운 실크 광택 블러셔 701 하리코 X2,blocked_detail_fetch,blocked,not_attempted,,robots_disallowed,,,,0,,,unknown,unknown,Korea,롯데ON,47950,https://www.lotteon.com/p/product/LO2531778426?sitmNo=LO2531778426_2531778427&ch_no=100065&ch_dtl_no=1000030&entryPoint=pcs&dp_infw_cd=CHT
라카,cheek,7,라카 러브 매끄러운 실크 광택 블러셔 704 눈누 X2,blocked_detail_fetch,blocked,not_attempted,,robots_disallowed,,,,0,,,unknown,unknown,Korea,롯데ON,60850,https://www.lotteon.com/p/product/LO2574344113?sitmNo=LO2574344113_2574344114&ch_no=100065&ch_dtl_no=1000030&entryPoint=pcs&dp_infw_cd=CHT
라카,cheek,8,라카 러브 부드러운 실크 광택 블러셔 709 돌체 X2,blocked_detail_fetch,blocked,not_attempted,,robots_disallowed,,,,0,,,unknown,unknown,Korea,롯데ON,60850,https://www.lotteon.com/p/product/LO2574333577?sitmNo=LO2574333577_2574333578&ch_no=100065&ch_dtl_no=1000030&entryPoint=pcs&dp_infw_cd=CHT
라카,cheek,9,라카 러브 실크 라벤더 퍼플 블러셔 702 판타지 X2,blocked_detail_fetch,blocked,not_attempted,,robots_disallowed,,,,0,,,unknown,unknown,Korea,롯데ON,59600,https://www.lotteon.com/p/product/LO2574337436?sitmNo=LO2574337436_2574337437&ch_no=100065&ch_dtl_no=1000030&entryPoint=pcs&dp_infw_cd=CHT
라카,cheek,10,라카 러브 실크 블러쉬 (9종 택1) 4995209,blocked_detail_fetch,blocked,not_attempted,,robots_disallowed,,,,0,,,unknown,unknown,Korea,롯데ON,31140,https://www.lotteon.com/p/product/LO2697513135?sitmNo=LO2697513135_2697513136&ch_no=100065&ch_dtl_no=1000030&entryPoint=pcs&dp_infw_cd=CHT
라카,liner,1,[NEW] 라카 립 라이너 0.7g,blocked_detail_fetch,blocked,not_attempted,,robots_disallowed,,,,0,,,unknown,unknown,Korea,Laka,12600,https://smartstore.naver.com/main/products/13527884774
라카,liner,2,이런 상품 어때요? 라카 립 라이너 0.7g,partial_detail,manual_review_required,collected_partial,fetched,terms_not_configured,,,liner,0,,,unknown,unknown,Korea,Laka,12600,https://shopping.naver.com/outlink/itemdetail/13527884775
라카,liner,3,[미출시본품증정] 라카 스테인 립 라이너 0.7g 4종 (기획/단품),failed_detail_fetch,manual_review_required,failed,http_error,robots_fetch_failed_requires_manual_review,http_status:403,,liner,0,,,listed,unknown,Korea,올리브영,14400,https://www.oliveyoung.co.kr/store/common/partner.do?chlNo=1&chlDtlNo=1&utm_source=naver&utm_medium=shopping_ep&utm_campaign=onpro_ep_product_0101_1231&utm_content=pc_price&sndType=goods&sndVal=A000000250463
라카,liner,4,라카 스테인 립 라이너 0.7g + 미출시 컬러 09 누디 실루엣 증정,blocked_detail_fetch,blocked,not_attempted,,robots_disallowed,,,,0,,,unknown,unknown,Korea,쿠팡,19700,https://link.coupang.com/re/PCSNAVERPCSDP?pageKey=9489378906&ctag=9489378906&lptag=I28291382028&itemId=28291382028&vendorItemId=95244270886&spec=10305199
라카,liner,5,미출시본품 라카 스테인 립 라이너 0.7g 4종 기획단품 4064965,blocked_detail_fetch,blocked,not_attempted,,robots_disallowed,,,,0,,,unknown,unknown,Korea,11번가,21770,https://www.11st.co.kr/connect/Gateway.tmall?method=Xsite&prdNo=9460379569&tid=1000000061
라카,liner,6,라카 스테인 립 라이너 스웨이드 핑크 2호,blocked_detail_fetch,blocked,not_attempted,,robots_disallowed,,,,0,,,unknown,unknown,Korea,와우마트369,17680,https://smartstore.naver.com/main/products/13644266029
라카,liner,7,본품 라카 스테인 립 라이너 0.7g 4종 /단품 301637,blocked_detail_fetch,blocked,not_attempted,,robots_disallowed,,,,0,,,unknown,unknown,Korea,11번가,22300,https://www.11st.co.kr/connect/Gateway.tmall?method=Xsite&prdNo=9397422680&tid=1000000061
라카,liner,8,라카 스테인 립 라이너 벨벳아워 5호,blocked_detail_fetch,blocked,not_attempted,,robots_disallowed,,,,0,,,unknown,unknown,Korea,11번가,16620,https://www.11st.co.kr/connect/Gateway.tmall?method=Xsite&prdNo=9456037098&tid=1000000061
라카,liner,9,라카 스테인 립 라이너 베어메모리 1호,blocked_detail_fetch,blocked,not_attempted,,robots_disallowed,,,,0,,,unknown,unknown,Korea,11번가,16620,https://www.11st.co.kr/connect/Gateway.tmall?method=Xsite&prdNo=9456038301&tid=1000000061
라카,liner,10,라카 스테인 립 라이너 번트브라운 8호,blocked_detail_fetch,blocked,not_attempted,,robots_disallowed,,,,0,,,unknown,unknown,Korea,11번가,16620,https://www.11st.co.kr/connect/Gateway.tmall?method=Xsite&prdNo=9456036005&tid=1000000061
라카,brow,1,라카 아이 브로우 마스카라 데일리 메이크업 픽시,blocked_detail_fetch,blocked,not_attempted,,robots_disallowed,,,,0,,,unknown,unknown,Korea,롯데ON,34740,https://www.lotteon.com/p/product/LO2581505995?sitmNo=LO2581505995_2581505996&ch_no=100065&ch_dtl_no=1000030&entryPoint=pcs&dp_infw_cd=CHT
라카,brow,2,라카 픽시 브로우 카라 우드브라운 2호,blocked_detail_fetch,blocked,not_attempted,,robots_disallowed,,,,0,,,unknown,unknown,Korea,롯데ON,14750,https://www.lotteon.com/p/product/LO2711792670?sitmNo=LO2711792670_2711792671&ch_no=100065&ch_dtl_no=1000030&entryPoint=pcs&dp_infw_cd=CHT
라카,brow,3,[new] 라카 픽시 브로우 카라 9colors,failed_detail_fetch,manual_review_required,failed,http_error,robots_fetch_failed_requires_manual_review,http_status:403,,,0,,,listed,unknown,Korea,올리브영,13000,https://www.oliveyoung.co.kr/store/common/partner.do?chlNo=1&chlDtlNo=1&utm_source=naver&utm_medium=shopping_ep&utm_campaign=onpro_ep_product_0101_1231&utm_content=pc_price&sndType=goods&sndVal=A000000251809
라카,brow,4,픽시 브로우 카라,complete_detail,manual_review_required,collected_complete,fetched,terms_not_configured,,,,7,,,unknown,unknown,Korea,시코르,11700,https://chicor.com/goods/5100001953275?utm_source=naver&utm_medium=cpc&utm_campaign=ep
라카,brow,5,LAKA 픽시 브로우 카라 7종 택1,blocked_detail_fetch,blocked,not_attempted,,robots_disallowed,,,,0,,,unknown,unknown,Korea,롯데ON,11910,https://www.lotteon.com/p/product/LO2712241248?sitmNo=LO2712241248_2712241250&ch_no=100065&ch_dtl_no=1000030&entryPoint=pcs&dp_infw_cd=CHT
라카,brow,6,라카 픽시 브로우 카라 로즈버건디 6호,blocked_detail_fetch,blocked,not_attempted,,robots_disallowed,,,,0,,,unknown,unknown,Korea,롯데ON,12480,https://www.lotteon.com/p/product/LO2711791357?sitmNo=LO2711791357_2711791358&ch_no=100065&ch_dtl_no=1000030&entryPoint=pcs&dp_infw_cd=CHT
라카,brow,7,라카 픽시 브로우 카라 체스트넛 3호,blocked_detail_fetch,blocked,not_attempted,,robots_disallowed,,,,0,,,unknown,unknown,Korea,롯데ON,12480,https://www.lotteon.com/p/product/LO2711792100?sitmNo=LO2711792100_2711792101&ch_no=100065&ch_dtl_no=1000030&entryPoint=pcs&dp_infw_cd=CHT
라카,brow,8,라카 픽시 브로우 카라 스모키핑크 4호,blocked_detail_fetch,blocked,not_attempted,,robots_disallowed,,,,0,,,unknown,unknown,Korea,롯데ON,12480,https://www.lotteon.com/p/product/LO2711791617?sitmNo=LO2711791617_2711791618&ch_no=100065&ch_dtl_no=1000030&entryPoint=pcs&dp_infw_cd=CHT
라카,brow,9,라카 픽시 브로우 카라 코토리베이지 7호,blocked_detail_fetch,blocked,not_attempted,,robots_disallowed,,,,0,,,unknown,unknown,Korea,롯데ON,12480,https://www.lotteon.com/p/product/LO2711790858?sitmNo=LO2711790858_2711790859&ch_no=100065&ch_dtl_no=1000030&entryPoint=pcs&dp_infw_cd=CHT
라카,brow,10,라카 픽시 브로우 카라 베이직 쉐이퍼 0호,blocked_detail_fetch,blocked,not_attempted,,robots_disallowed,,,,0,,,unknown,unknown,Korea,롯데ON,12480,https://www.lotteon.com/p/product/LO2711793725?sitmNo=LO2711793725_2711793726&ch_no=100065&ch_dtl_no=1000030&entryPoint=pcs&dp_infw_cd=CHT
네이밍,lip,1,[7월 올영픽/위위시헌쌤픽] 네이밍 하이 듀 립 글레이즈 (+미니틴트) 9colors,failed_detail_fetch,manual_review_required,failed,http_error,robots_fetch_failed_requires_manual_review,http_status:403,,tint,0,,,listed,unknown,Korea,올리브영,12200,https://www.oliveyoung.co.kr/store/common/partner.do?chlNo=1&chlDtlNo=1&utm_source=naver&utm_medium=shopping_ep&utm_campaign=onpro_ep_product_0101_1231&utm_content=pc_price&sndType=goods&sndVal=A000000257218
네이밍,lip,2,[7월 올영픽/미지근탠드립] 네이밍 오버 듀 글로시 립 틴트 (+부오이 헤어클립) 21colors,failed_detail_fetch,manual_review_required,failed,http_error,robots_fetch_failed_requires_manual_review,http_status:403,,tint,0,,,listed,unknown,Korea,올리브영,13200,https://www.oliveyoung.co.kr/store/common/partner.do?chlNo=1&chlDtlNo=1&utm_source=naver&utm_medium=shopping_ep&utm_campaign=onpro_ep_product_0101_1231&utm_content=pc_price&sndType=goods&sndVal=A000000235351
네이밍,lip,3,[네이밍] 블러리 하트 립 틴트 듀오,blocked_detail_fetch,blocked,not_attempted,,robots_disallowed,,,,0,,,unknown,unknown,Korea,더블유컨셉,25160,http://www.wconcept.co.kr/Product/306264184?adfrom=naver_ep&utm_source=naver&utm_medium=pcs&utm_campaign=WCONCEPT&utm_content=none&utm_term=none
네이밍,lip,4,[네이밍] 오버 듀 글로시 립 틴트,blocked_detail_fetch,blocked,not_attempted,,robots_disallowed,,,,0,,,unknown,unknown,Korea,더블유컨셉,15300,http://www.wconcept.co.kr/Product/307500208?adfrom=naver_ep&utm_source=naver&utm_medium=pcs&utm_campaign=WCONCEPT&utm_content=none&utm_term=none
네이밍,lip,5,[네이밍] 글로이 하트 립 틴트 듀오,blocked_detail_fetch,blocked,not_attempted,,robots_disallowed,,,,0,,,unknown,unknown,Korea,더블유컨셉,27540,http://www.wconcept.co.kr/Product/306820121?adfrom=naver_ep&utm_source=naver&utm_medium=pcs&utm_campaign=WCONCEPT&utm_content=none&utm_term=none
네이밍,lip,6,[네이밍] 블러리 하트 립 틴트,blocked_detail_fetch,blocked,not_attempted,,robots_disallowed,,,,0,,,unknown,unknown,Korea,더블유컨셉,13600,http://www.wconcept.co.kr/Product/306264172?adfrom=naver_ep&utm_source=naver&utm_medium=pcs&utm_campaign=WCONCEPT&utm_content=none&utm_term=none
네이밍,lip,7,[네이밍] 글로이 하트 립 틴트,blocked_detail_fetch,blocked,not_attempted,,robots_disallowed,,,,0,,,unknown,unknown,Korea,더블유컨셉,14450,http://www.wconcept.co.kr/Product/306820047?adfrom=naver_ep&utm_source=naver&utm_medium=pcs&utm_campaign=WCONCEPT&utm_content=none&utm_term=none
네이밍,lip,8,네이밍 오버 듀 글로시 립 틴트 4656911,blocked_detail_fetch,blocked,not_attempted,,robots_disallowed,,,,0,,,unknown,unknown,Korea,롯데ON,28710,https://www.lotteon.com/p/product/LO2675705735?sitmNo=LO2675705735_2675705736&ch_no=100065&ch_dtl_no=1000030&entryPoint=pcs&dp_infw_cd=CHT
네이밍,lip,9,[네이밍] 오버 듀 글로시 립 틴트 듀오,blocked_detail_fetch,blocked,not_attempted,,robots_disallowed,,,,0,,,unknown,unknown,Korea,더블유컨셉,30600,http://www.wconcept.co.kr/Product/308191675?adfrom=naver_ep&utm_source=naver&utm_medium=pcs&utm_campaign=WCONCEPT&utm_content=none&utm_term=none
네이밍,lip,10,145216 NAMING 글로이 하트 립 틴트 (5.7g),blocked_detail_fetch,blocked,not_attempted,,robots_disallowed,,,,0,,,unknown,unknown,Korea,롯데ON,24210,https://www.lotteon.com/p/product/LO2702219516?sitmNo=LO2702219516_2702219517&ch_no=100065&ch_dtl_no=1000030&entryPoint=pcs&dp_infw_cd=CHT
네이밍,shadow,1,네이밍 퍼펙테일 아이 디자이닝 펜슬 슬림라이너 살몬브라운,blocked_detail_fetch,blocked,not_attempted,,robots_disallowed,,,,0,,,unknown,unknown,Korea,마이트문 가성비 가심비 몰,21600,https://smartstore.naver.com/main/products/13451645001
네이밍,shadow,2,품절대란/멀티라이너 네이밍 퍼펙테일 아이 디자이닝 펜슬 듀얼 라이너 0.2g 칼라택1,blocked_detail_fetch,blocked,not_attempted,,robots_disallowed,,,,0,,,unknown,unknown,Korea,트렌드스텝,16700,https://smartstore.naver.com/main/products/13631559532
네이밍,shadow,3,[NEW] 네이밍 플러피 파우더 블러쉬 듀오 팔레트 (3.2g x 2),blocked_detail_fetch,blocked,not_attempted,,robots_disallowed,,,,0,,,unknown,unknown,Korea,NAMING.,16200,https://smartstore.naver.com/main/products/13626417059
네이밍,shadow,4,네이밍 퍼펙테일 아이 디자이닝 펜슬 슬림라이너 디테일브라운,blocked_detail_fetch,blocked,not_attempted,,robots_disallowed,,,,0,,,unknown,unknown,Korea,마이트문 가성비 가심비 몰,21600,https://smartstore.naver.com/main/products/13446199075
네이밍,shadow,5,네이밍 블러쉬 섀도우 쉐딩 웜톤 쿨톤 플러피 파우더,blocked_detail_fetch,blocked,not_attempted,,robots_disallowed,,,,0,,,unknown,unknown,Korea,11번가,25650,https://www.11st.co.kr/connect/Gateway.tmall?method=Xsite&prdNo=8946654596&tid=1000000061
네이밍,shadow,6,네이밍 퍼펙테일 아이 디자이닝 섀도우 듀오,blocked_detail_fetch,blocked,not_attempted,,robots_disallowed,,,,0,,,unknown,unknown,Korea,미포,5500,https://smartstore.naver.com/main/products/13581009763
네이밍,shadow,7,네이밍 블러쉬 섀도우 웜톤 쿨톤 메이크업 플러피 파우더 듀오 X2,blocked_detail_fetch,blocked,not_attempted,,robots_disallowed,,,,0,,,unknown,unknown,Korea,11번가,38760,https://www.11st.co.kr/connect/Gateway.tmall?method=Xsite&prdNo=8946654052&tid=1000000061
네이밍,shadow,8,이런 상품 어때요? [NEW] 네이밍 플러피 파우더 블러쉬 듀오 팔레트 (3.2g x 2),partial_detail,manual_review_required,collected_partial,fetched,terms_not_configured,,velvet,powder,0,blur,,unknown,unknown,Korea,네이밍,16200,https://shopping.naver.com/outlink/itemdetail/13626417058
네이밍,shadow,9,네이밍 퍼펙테일 아이 디자이닝 펜슬 슬림라이너 언더베이지,blocked_detail_fetch,blocked,not_attempted,,robots_disallowed,,,,0,,,unknown,unknown,Korea,마이트문 가성비 가심비 몰,21600,https://smartstore.naver.com/main/products/13451649396
네이밍,shadow,10,네이밍 블러쉬 섀도우 쉐딩 웜톤 쿨톤 플러피 파우더,blocked_detail_fetch,blocked,not_attempted,,robots_disallowed,,,,0,,,unknown,unknown,Korea,익스프레스권,27000,https://smartstore.naver.com/main/products/12837863552
네이밍,base,1,[7월 올영픽/여름지성쿠션] 네이밍 올데이 마스터 쿠션 리필 기획 (+부오이 파우치),failed_detail_fetch,manual_review_required,failed,http_error,robots_fetch_failed_requires_manual_review,http_status:403,,cushion,0,,oily_skin,listed,unknown,Korea,올리브영,24900,https://www.oliveyoung.co.kr/store/common/partner.do?chlNo=1&chlDtlNo=1&utm_source=naver&utm_medium=shopping_ep&utm_campaign=onpro_ep_product_0101_1231&utm_content=pc_price&sndType=goods&sndVal=A000000251851
네이밍,base,2,[올영단독기획/수부지쿠션1등] 네이밍 레이어드 핏 쿠션 기획(본품+리필),failed_detail_fetch,manual_review_required,failed,http_error,robots_fetch_failed_requires_manual_review,http_status:403,,cushion,0,,,listed,unknown,Korea,올리브영,29700,https://www.oliveyoung.co.kr/store/common/partner.do?chlNo=1&chlDtlNo=1&utm_source=naver&utm_medium=shopping_ep&utm_campaign=onpro_ep_product_0101_1231&utm_content=pc_price&sndType=goods&sndVal=A000000175954
네이밍,base,3,[미니쿠션] 네이밍 레이어드 핏 쿠션 미니 5g,failed_detail_fetch,manual_review_required,failed,http_error,robots_fetch_failed_requires_manual_review,http_status:403,,cushion,0,,,listed,unknown,Korea,올리브영,15000,https://www.oliveyoung.co.kr/store/common/partner.do?chlNo=1&chlDtlNo=1&utm_source=naver&utm_medium=shopping_ep&utm_campaign=onpro_ep_product_0101_1231&utm_content=pc_price&sndType=goods&sndVal=A000000249907
네이밍,base,4,[네이밍] 레이어드 핏 쿠션 리필,blocked_detail_fetch,blocked,not_attempted,,robots_disallowed,,,,0,,,unknown,unknown,Korea,더블유컨셉,14700,http://www.wconcept.co.kr/Product/306209987?adfrom=naver_ep&utm_source=naver&utm_medium=pcs&utm_campaign=WCONCEPT&utm_content=none&utm_term=none
네이밍,base,5,[모공커버쿠션] 네이밍 제로 그래비티 커버 업 쿠션 기획(본품+리필),failed_detail_fetch,manual_review_required,failed,http_error,robots_fetch_failed_requires_manual_review,http_status:403,,cushion,0,blur | coverage,,listed,unknown,Korea,올리브영,29700,https://www.oliveyoung.co.kr/store/common/partner.do?chlNo=1&chlDtlNo=1&utm_source=naver&utm_medium=shopping_ep&utm_campaign=onpro_ep_product_0101_1231&utm_content=pc_price&sndType=goods&sndVal=A000000226593
네이밍,base,6,[네이밍] [리필 2PACK] 레이어드 핏 쿠션 리필 듀오,blocked_detail_fetch,blocked,not_attempted,,robots_disallowed,,,,0,,,unknown,unknown,Korea,더블유컨셉,25500,http://www.wconcept.co.kr/Product/306350025?adfrom=naver_ep&utm_source=naver&utm_medium=pcs&utm_campaign=WCONCEPT&utm_content=none&utm_term=none
네이밍,base,7,네이밍 레이어드 핏 쿠션 본품1개 + 리필1개 색상 23Y,blocked_detail_fetch,blocked,not_attempted,,robots_disallowed,,,,0,,,unknown,unknown,Korea,롯데ON,35570,https://www.lotteon.com/p/product/LO2553151328?sitmNo=LO2553151328_2553151329&ch_no=100065&ch_dtl_no=1000030&entryPoint=pcs&dp_infw_cd=CHT
네이밍,base,8,네이밍 레이어드 핏 쿠션 본품1개 + 리필1개 색상 19N,blocked_detail_fetch,blocked,not_attempted,,robots_disallowed,,,,0,,,unknown,unknown,Korea,롯데ON,33560,https://www.lotteon.com/p/product/LO2553151302?sitmNo=LO2553151302_2553151303&ch_no=100065&ch_dtl_no=1000030&entryPoint=pcs&dp_infw_cd=CHT
네이밍,base,9,네이밍 레이어드 핏 쿠션 본품1개 + 리필1개 색상 21Y,blocked_detail_fetch,blocked,not_attempted,,robots_disallowed,,,,0,,,unknown,unknown,Korea,롯데ON,35570,https://www.lotteon.com/p/product/LO2553151314?sitmNo=LO2553151314_2553151315&ch_no=100065&ch_dtl_no=1000030&entryPoint=pcs&dp_infw_cd=CHT
네이밍,base,10,네이밍 레이어드 핏 쿠션 본품1개 + 리필1개 색상 17Y,blocked_detail_fetch,blocked,not_attempted,,robots_disallowed,,,,0,,,unknown,unknown,Korea,롯데ON,32040,https://www.lotteon.com/p/product/LO2553151323?sitmNo=LO2553151323_2553151324&ch_no=100065&ch_dtl_no=1000030&entryPoint=pcs&dp_infw_cd=CHT
네이밍,cheek,1,[품절대란/단종템부활] 네이밍 플러피 파우더 블러쉬,failed_detail_fetch,manual_review_required,failed,http_error,robots_fetch_failed_requires_manual_review,http_status:403,velvet,powder,0,blur,,listed,unknown,Korea,올리브영,11800,https://www.oliveyoung.co.kr/store/common/partner.do?chlNo=1&chlDtlNo=1&utm_source=naver&utm_medium=shopping_ep&utm_campaign=onpro_ep_product_0101_1231&utm_content=pc_price&sndType=goods&sndVal=A000000171371
네이밍,cheek,2,[네이밍] 플러피 파우더 블러쉬,blocked_detail_fetch,blocked,not_attempted,,robots_disallowed,,,,0,,,unknown,unknown,Korea,더블유컨셉,14250,http://www.wconcept.co.kr/Product/301409698?adfrom=naver_ep&utm_source=naver&utm_medium=pcs&utm_campaign=WCONCEPT&utm_content=none&utm_term=none
네이밍,cheek,3,네이밍 블러셔 플러피 발색 파우더 블러쉬 POVE 포브,blocked_detail_fetch,blocked,not_attempted,,robots_disallowed,,,,0,,,unknown,unknown,Korea,롯데ON,30520,https://www.lotteon.com/p/product/LO2586674100?sitmNo=LO2586674100_2586674101&ch_no=100065&ch_dtl_no=1000030&entryPoint=pcs&dp_infw_cd=CHT
네이밍,cheek,4,네이밍 블러셔 플러피 파우더 블러쉬 BASHFUL 배쉬풀,blocked_detail_fetch,blocked,not_attempted,,robots_disallowed,,,,0,,,unknown,unknown,Korea,롯데ON,30520,https://www.lotteon.com/p/product/LO2586666482?sitmNo=LO2586666482_2586666483&ch_no=100065&ch_dtl_no=1000030&entryPoint=pcs&dp_infw_cd=CHT
네이밍,cheek,5,네이밍 블러셔 베이글 플러피 웜 파우더 블러쉬 BAGEL,blocked_detail_fetch,blocked,not_attempted,,robots_disallowed,,,,0,,,unknown,unknown,Korea,롯데ON,30520,https://www.lotteon.com/p/product/LO2586671536?sitmNo=LO2586671536_2586671537&ch_no=100065&ch_dtl_no=1000030&entryPoint=pcs&dp_infw_cd=CHT
네이밍,cheek,6,네이밍 블러셔 페이지 플러피 파우더 웜 블러쉬 PAGIE,blocked_detail_fetch,blocked,not_attempted,,robots_disallowed,,,,0,,,unknown,unknown,Korea,롯데ON,30520,https://www.lotteon.com/p/product/LO2586665584?sitmNo=LO2586665584_2586665585&ch_no=100065&ch_dtl_no=1000030&entryPoint=pcs&dp_infw_cd=CHT
네이밍,cheek,7,네이밍 블러셔 플러피 보송 파우더 블러쉬 NIESE 니제,blocked_detail_fetch,blocked,not_attempted,,robots_disallowed,,,,0,,,unknown,unknown,Korea,롯데ON,30520,https://www.lotteon.com/p/product/LO2586664367?sitmNo=LO2586664367_2586664368&ch_no=100065&ch_dtl_no=1000030&entryPoint=pcs&dp_infw_cd=CHT
네이밍,cheek,8,네이밍 블러셔 필로우 플러피 파우더 블러쉬 PILLOW,blocked_detail_fetch,blocked,not_attempted,,robots_disallowed,,,,0,,,unknown,unknown,Korea,롯데ON,30520,https://www.lotteon.com/p/product/LO2586672188?sitmNo=LO2586672188_2586672189&ch_no=100065&ch_dtl_no=1000030&entryPoint=pcs&dp_infw_cd=CHT
네이밍,cheek,9,네이밍 블러셔 치피 플러피 웜 파우더 블러쉬 CHIPPY,blocked_detail_fetch,blocked,not_attempted,,robots_disallowed,,,,0,,,unknown,unknown,Korea,롯데ON,31400,https://www.lotteon.com/p/product/LO2586680332?sitmNo=LO2586680332_2586680333&ch_no=100065&ch_dtl_no=1000030&entryPoint=pcs&dp_infw_cd=CHT
네이밍,cheek,10,네이밍 블러셔 토스트 플러피 파우더 웜 블러쉬 TOAST,blocked_detail_fetch,blocked,not_attempted,,robots_disallowed,,,,0,,,unknown,unknown,Korea,롯데ON,32110,https://www.lotteon.com/p/product/LO2586663127?sitmNo=LO2586663127_2586663128&ch_no=100065&ch_dtl_no=1000030&entryPoint=pcs&dp_infw_cd=CHT
네이밍,liner,1,[네이밍] 퍼펙테일 아이 디자이닝 슬림 라이너,blocked_detail_fetch,blocked,not_attempted,,robots_disallowed,,,,0,,,unknown,unknown,Korea,더블유컨셉,16800,http://www.wconcept.co.kr/Product/307415728?adfrom=naver_ep&utm_source=naver&utm_medium=pcs&utm_campaign=WCONCEPT&utm_content=none&utm_term=none
네이밍,liner,2,네이밍 퍼펙테일 아이 디자이닝 펜슬 슬림라이너 브라우니핑크,blocked_detail_fetch,blocked,not_attempted,,robots_disallowed,,,,0,,,unknown,unknown,Korea,롯데ON,15000,https://www.lotteon.com/p/product/LO2692532293?sitmNo=LO2692532293_2692532294&ch_no=100065&ch_dtl_no=1000030&entryPoint=pcs&dp_infw_cd=CHT
네이밍,liner,3,[네이밍] 퍼펙테일 아이 디자이닝 듀얼 라이너,blocked_detail_fetch,blocked,not_attempted,,robots_disallowed,,,,0,,,unknown,unknown,Korea,더블유컨셉,16800,http://www.wconcept.co.kr/Product/307415939?adfrom=naver_ep&utm_source=naver&utm_medium=pcs&utm_campaign=WCONCEPT&utm_content=none&utm_term=none
네이밍,liner,4,[네이밍] 퍼펙테일 아이 디자이닝 슬림 라이너 듀오 [택2],blocked_detail_fetch,blocked,not_attempted,,robots_disallowed,,,,0,,,unknown,unknown,Korea,더블유컨셉,25200,http://www.wconcept.co.kr/Product/308192274?adfrom=naver_ep&utm_source=naver&utm_medium=pcs&utm_campaign=WCONCEPT&utm_content=none&utm_term=none
네이밍,liner,5,단독기획멀티라이너 네이밍 퍼펙테일 아이 디자이닝 펜슬 듀얼 라이너 단품기획 4066217,blocked_detail_fetch,blocked,not_attempted,,robots_disallowed,,,,0,,,unknown,unknown,Korea,롯데ON,23310,https://www.lotteon.com/p/product/LO2711108281?sitmNo=LO2711108281_2711108283&ch_no=100065&ch_dtl_no=1000030&entryPoint=pcs&dp_infw_cd=CHT
네이밍,liner,6,[단독기획/멀티라이너] 네이밍 퍼펙테일 아이 디자이닝 펜슬 듀얼 라이너 단품/기획 3474124,blocked_detail_fetch,blocked,not_attempted,,robots_disallowed,,,,0,,,unknown,unknown,Korea,롯데ON,20340,https://www.lotteon.com/p/product/LO2709770364?sitmNo=LO2709770364_2709770366&ch_no=100065&ch_dtl_no=1000030&entryPoint=pcs&dp_infw_cd=CHT
네이밍,liner,7,철벽고정단독기획 네이밍 퍼펙테일 아이 디자이닝 펜슬 슬림 라이너 단품기획 4066194,blocked_detail_fetch,blocked,not_attempted,,robots_disallowed,,,,0,,,unknown,unknown,Korea,롯데ON,26100,https://www.lotteon.com/p/product/LO2711110081?sitmNo=LO2711110081_2711110082&ch_no=100065&ch_dtl_no=1000030&entryPoint=pcs&dp_infw_cd=CHT
네이밍,liner,8,하루철벽고정&멀티라이너 네이밍 퍼펙테일 아이 디자이닝 펜슬 슬림듀얼라이너 단품&기획 4075739,blocked_detail_fetch,blocked,not_attempted,,robots_disallowed,,,,0,,,unknown,unknown,Korea,롯데ON,20700,https://www.lotteon.com/p/product/LO2713474401?sitmNo=LO2713474401_2713474403&ch_no=100065&ch_dtl_no=1000030&entryPoint=pcs&dp_infw_cd=CHT
네이밍,liner,9,네이밍 퍼펙테일 듀얼 아이 라이너 피오니 핑크 X2개,blocked_detail_fetch,blocked,not_attempted,,robots_disallowed,,,,0,,,unknown,unknown,Korea,롯데ON,54580,https://www.lotteon.com/p/product/LO2586663200?sitmNo=LO2586663200_2586663201&ch_no=100065&ch_dtl_no=1000030&entryPoint=pcs&dp_infw_cd=CHT
네이밍,liner,10,네이밍 퍼펙테일 듀얼 아이 라이너 베이비 피치 X2개,blocked_detail_fetch,blocked,not_attempted,,robots_disallowed,,,,0,,,unknown,unknown,Korea,롯데ON,53450,https://www.lotteon.com/p/product/LO2586663249?sitmNo=LO2586663249_2586663250&ch_no=100065&ch_dtl_no=1000030&entryPoint=pcs&dp_infw_cd=CHT
네이밍,brow,1,[네이밍] 루트릿 아이브로우 펜슬,blocked_detail_fetch,blocked,not_attempted,,robots_disallowed,,,,0,,,unknown,unknown,Korea,더블유컨셉,10200,http://www.wconcept.co.kr/Product/305960738?adfrom=naver_ep&utm_source=naver&utm_medium=pcs&utm_campaign=WCONCEPT&utm_content=none&utm_term=none
네이밍,brow,2,네이밍 루트릿 아이브로우 펜슬 0.06g 1개,blocked_detail_fetch,blocked,not_attempted,,robots_disallowed,,,,0,,,unknown,unknown,Korea,네이버,8400,https://search.shopping.naver.com/catalog/59386594513
네이밍,brow,3,[네이밍] 루트릿 아이브로우 펜슬 듀오,blocked_detail_fetch,blocked,not_attempted,,robots_disallowed,,,,0,,,unknown,unknown,Korea,더블유컨셉,18480,http://www.wconcept.co.kr/Product/306210101?adfrom=naver_ep&utm_source=naver&utm_medium=pcs&utm_campaign=WCONCEPT&utm_content=none&utm_term=none
네이밍,brow,4,네이밍 루트릿 아이브로우 펜슬 0.06g (택1),blocked_detail_fetch,blocked,not_attempted,,robots_disallowed,,,,0,,,unknown,unknown,Korea,NAMING.,8400,https://smartstore.naver.com/main/products/10544066031
네이밍,brow,5,네이밍 아이브로우 펜슬 브라운 그레이 내추럴 루트릿 듀오 X2,blocked_detail_fetch,blocked,not_attempted,,robots_disallowed,,,,0,,,unknown,unknown,Korea,11번가,32490,https://www.11st.co.kr/connect/Gateway.tmall?method=Xsite&prdNo=8946768091&tid=1000000061
네이밍,brow,6,[네이밍] 루트릿 아이브로우 펜슬 듀오 8809562558781,blocked_detail_fetch,blocked,not_attempted,,robots_disallowed,,,,0,,,unknown,unknown,Korea,무신사,24000,https://link.musinsa.com/app/goods/4608785?utm_source=naver_jisicshopping&utm_medium=sh&source=NVSH&utm_term={keyword}&utm_content={ad_group}
네이밍,brow,7,네이밍 아이브로우 펜슬 브라운 그레이 내추럴 루트릿 듀오 X2,blocked_detail_fetch,blocked,not_attempted,,robots_disallowed,,,,0,,,unknown,unknown,Korea,익스프레스권,34200,https://smartstore.naver.com/main/products/12838055047
네이밍,brow,8,네이밍 루트릿 아이브로우 펜슬 듀오,blocked_detail_fetch,blocked,not_attempted,,robots_disallowed,,,,0,,,unknown,unknown,Korea,가성비 가심비 정품 샵,31520,https://smartstore.naver.com/main/products/12693202897
네이밍,brow,9,네이밍 루트릿 아이브로우 펜슬 다크브라운,blocked_detail_fetch,blocked,not_attempted,,robots_disallowed,,,,0,,,unknown,unknown,Korea,와우마트369,11840,https://smartstore.naver.com/main/products/11905439436
네이밍,brow,10,네이밍 루트릿 아이브로우 펜슬 토프브라운,blocked_detail_fetch,blocked,not_attempted,,robots_disallowed,,,,0,,,unknown,unknown,Korea,와우마트369,11840,https://smartstore.naver.com/main/products/11905440226
투쿨포스쿨,lip,1,[투쿨포스쿨] 보송틴트 스웨이 립 벨벳,failed_detail_fetch,manual_review_required,failed,http_error,terms_not_configured,http_status:403,matte,tint,0,,,unknown,unknown,Korea,ABLY,10400,https://m.a-bly.com/goods/53133377?utm_source=web_naver-shopping&utm_medium=display&utm_campaign=web_naver-shopping&utm_content=53133377
투쿨포스쿨,lip,2,투쿨포스쿨 스웨이 립 벨벳 (기획/단품),failed_detail_fetch,manual_review_required,failed,http_error,robots_fetch_failed_requires_manual_review,http_status:403,velvet,,0,,,listed,unknown,Korea,올리브영,10900,https://www.oliveyoung.co.kr/store/common/partner.do?chlNo=1&chlDtlNo=1&utm_source=naver&utm_medium=shopping_ep&utm_campaign=onpro_ep_product_0101_1231&utm_content=pc_price&sndType=goods&sndVal=A000000232145
투쿨포스쿨,lip,3,143897 TOO COOL FOR SCHOOL 듀 블러리 틴트,blocked_detail_fetch,blocked,not_attempted,,robots_disallowed,,,,0,,,unknown,unknown,Korea,롯데ON,11340,https://www.lotteon.com/p/product/LO2702784004?sitmNo=LO2702784004_2702784005&ch_no=100065&ch_dtl_no=1000030&entryPoint=pcs&dp_infw_cd=CHT
투쿨포스쿨,lip,4,투쿨포스쿨 베일 스킨 틴트 (기획/단품),failed_detail_fetch,manual_review_required,failed,http_error,robots_fetch_failed_requires_manual_review,http_status:403,,tint,0,,,listed,unknown,Korea,올리브영,18000,https://www.oliveyoung.co.kr/store/common/partner.do?chlNo=1&chlDtlNo=1&utm_source=naver&utm_medium=shopping_ep&utm_campaign=onpro_ep_product_0101_1231&utm_content=pc_price&sndType=goods&sndVal=A000000250664
투쿨포스쿨,lip,5,투쿨포스쿨 스웨이 립 벨벳 무광블러틴트,blocked_detail_fetch,blocked,not_attempted,,robots_disallowed,,,,0,,,unknown,unknown,Korea,롯데ON,14940,https://www.lotteon.com/p/product/LO2546966005?sitmNo=LO2546966005_2546966007&ch_no=100065&ch_dtl_no=1000030&entryPoint=pcs&dp_infw_cd=CHT
투쿨포스쿨,lip,6,투쿨포스쿨 베일 스킨 틴트 17 포슬린 기획 (+퍼프),blocked_detail_fetch,blocked,not_attempted,,robots_disallowed,,,,0,,,unknown,unknown,Korea,롯데ON,24300,https://www.lotteon.com/p/product/LO2699526619?sitmNo=LO2699526619_2699526620&ch_no=100065&ch_dtl_no=1000030&entryPoint=pcs&dp_infw_cd=CHT
투쿨포스쿨,lip,7,투쿨포스쿨 스웨이 립 벨벳 기획/단품,blocked_detail_fetch,blocked,not_attempted,,robots_disallowed,,,,0,,,unknown,unknown,Korea,롯데ON,13770,https://www.lotteon.com/p/product/LO2699621208?sitmNo=LO2699621208_2699621209&ch_no=100065&ch_dtl_no=1000030&entryPoint=pcs&dp_infw_cd=CHT
투쿨포스쿨,lip,8,11 투쿨포스쿨 플레르 틴트 4g 8colors 463865,blocked_detail_fetch,blocked,not_attempted,,robots_disallowed,,,,0,,,unknown,unknown,Korea,롯데ON,16290,https://www.lotteon.com/p/product/LO2682662556?sitmNo=LO2682662556_2682662557&ch_no=100065&ch_dtl_no=1000030&entryPoint=pcs&dp_infw_cd=CHT
투쿨포스쿨,lip,9,투쿨포스쿨 스웨이 립 벨벳 기획 단품,blocked_detail_fetch,blocked,not_attempted,,robots_disallowed,,,,0,,,unknown,unknown,Korea,롯데ON,17640,https://www.lotteon.com/p/product/LO2638353180?sitmNo=LO2638353180_2638353181&ch_no=100065&ch_dtl_no=1000030&entryPoint=pcs&dp_infw_cd=CHT
투쿨포스쿨,lip,10,투쿨포스쿨 스웨이 립 벨벳 기획/단품 3473375,blocked_detail_fetch,blocked,not_attempted,,robots_disallowed,,,,0,,,unknown,unknown,Korea,롯데ON,15300,https://www.lotteon.com/p/product/LO2709893136?sitmNo=LO2709893136_2709893137&ch_no=100065&ch_dtl_no=1000030&entryPoint=pcs&dp_infw_cd=CHT
투쿨포스쿨,shadow,1,[투쿨포스쿨] ONLY ABLY 프로타주 펜슬 / 틴트 / 브로우 / 라이너 외,failed_detail_fetch,manual_review_required,failed,http_error,terms_not_configured,http_status:403,,tint,0,,,unknown,unknown,Korea,ABLY,6900,https://m.a-bly.com/goods/38022424?utm_source=web_naver-shopping&utm_medium=display&utm_campaign=web_naver-shopping&utm_content=38022424
투쿨포스쿨,shadow,2,[투쿨포스쿨] 애교살 아트클래스 프로타주 펜슬 + 핑크 샤프너/프로타주 펜슬 랜덤,failed_detail_fetch,manual_review_required,failed,http_error,terms_not_configured,http_status:403,,pencil,0,,,unknown,unknown,Korea,ABLY,18200,https://m.a-bly.com/goods/3093065?utm_source=web_naver-shopping&utm_medium=display&utm_campaign=web_naver-shopping&utm_content=3093065
투쿨포스쿨,shadow,3,[투쿨포스쿨] 성/공/조/합 프로타주 펜슬 + 스머징 트임라이너 + 핑크 샤프너 + 아이글리츠 랜덤,failed_detail_fetch,manual_review_required,failed,http_error,terms_not_configured,http_status:403,,pencil,0,,,unknown,unknown,Korea,ABLY,20210,https://m.a-bly.com/goods/13427111?utm_source=web_naver-shopping&utm_medium=display&utm_campaign=web_naver-shopping&utm_content=13427111
투쿨포스쿨,shadow,4,[투쿨포스쿨] BEST 벨루어 펜슬 + 프로타주 펜슬 + 핑크 샤프너,failed_detail_fetch,manual_review_required,failed,http_error,terms_not_configured,http_status:403,,pencil,0,,,unknown,unknown,Korea,ABLY,20400,https://m.a-bly.com/goods/60819699?utm_source=web_naver-shopping&utm_medium=display&utm_campaign=web_naver-shopping&utm_content=60819699
투쿨포스쿨,shadow,5,[투쿨포스쿨] 뽀용생기 프로타주 팔레트,failed_detail_fetch,manual_review_required,failed,http_error,terms_not_configured,http_status:403,,powder,0,,,unknown,unknown,Korea,ABLY,21390,https://m.a-bly.com/goods/50360979?utm_source=web_naver-shopping&utm_medium=display&utm_campaign=web_naver-shopping&utm_content=50360979
투쿨포스쿨,shadow,6,[투쿨포스쿨] 물빛글리터 아트클래스 아이글리츠,failed_detail_fetch,manual_review_required,failed,http_error,terms_not_configured,http_status:403,shimmer,,0,,,unknown,unknown,Korea,ABLY,7000,https://m.a-bly.com/goods/45630554?utm_source=web_naver-shopping&utm_medium=display&utm_campaign=web_naver-shopping&utm_content=45630554
투쿨포스쿨,shadow,7,투쿨포스쿨 아이 글리츠,failed_detail_fetch,manual_review_required,failed,http_error,robots_fetch_failed_requires_manual_review,http_status:403,,,0,,,listed,unknown,Korea,올리브영,6000,https://www.oliveyoung.co.kr/store/common/partner.do?chlNo=1&chlDtlNo=1&utm_source=naver&utm_medium=shopping_ep&utm_campaign=onpro_ep_product_0101_1231&utm_content=pc_price&sndType=goods&sndVal=A000000213074
투쿨포스쿨,shadow,8,[투쿨포스쿨] 프로타주 팔레트 + 프로타주 펜슬 + 핑크 샤프너,failed_detail_fetch,manual_review_required,failed,http_error,terms_not_configured,http_status:403,,powder,0,,,unknown,unknown,Korea,ABLY,23110,https://m.a-bly.com/goods/18198659?utm_source=web_naver-shopping&utm_medium=display&utm_campaign=web_naver-shopping&utm_content=18198659
투쿨포스쿨,shadow,9,투쿨포스쿨 프로타주 팔레트,failed_detail_fetch,manual_review_required,failed,http_error,robots_fetch_failed_requires_manual_review,http_status:403,,powder,0,,,listed,unknown,Korea,올리브영,17000,https://www.oliveyoung.co.kr/store/common/partner.do?chlNo=1&chlDtlNo=1&utm_source=naver&utm_medium=shopping_ep&utm_campaign=onpro_ep_product_0101_1231&utm_content=pc_price&sndType=goods&sndVal=A000000205478
투쿨포스쿨,shadow,10,투쿨포스쿨 프로타주 펜슬 (기획/단품),failed_detail_fetch,manual_review_required,failed,http_error,robots_fetch_failed_requires_manual_review,http_status:403,,pencil,0,,,listed,unknown,Korea,올리브영,9900,https://www.oliveyoung.co.kr/store/common/partner.do?chlNo=1&chlDtlNo=1&utm_source=naver&utm_medium=shopping_ep&utm_campaign=onpro_ep_product_0101_1231&utm_content=pc_price&sndType=goods&sndVal=A000000120656
투쿨포스쿨,base,1,[투쿨포스쿨] 픽싱 누드 핏 쿠션 (본품+리필),failed_detail_fetch,manual_review_required,failed,http_error,terms_not_configured,http_status:403,,cushion,0,,,unknown,unknown,Korea,ABLY,7900,https://m.a-bly.com/goods/19971427?utm_source=web_naver-shopping&utm_medium=display&utm_campaign=web_naver-shopping&utm_content=19971427
투쿨포스쿨,base,2,투쿨포스쿨 픽싱 듀 쿠션 (본품+리필),failed_detail_fetch,manual_review_required,failed,http_error,robots_fetch_failed_requires_manual_review,http_status:403,,cushion,0,,,listed,unknown,Korea,올리브영,25200,https://www.oliveyoung.co.kr/store/common/partner.do?chlNo=1&chlDtlNo=1&utm_source=naver&utm_medium=shopping_ep&utm_campaign=onpro_ep_product_0101_1231&utm_content=pc_price&sndType=goods&sndVal=A000000200115
투쿨포스쿨,base,3,[투쿨포스쿨] 고밀착쿠션 픽싱 커버 핏 쿠션 + 스파츌러 브러쉬,failed_detail_fetch,manual_review_required,failed,http_error,terms_not_configured,http_status:403,,cushion,0,adhesion | coverage,,unknown,unknown,Korea,ABLY,18900,https://m.a-bly.com/goods/53133378?utm_source=web_naver-shopping&utm_medium=display&utm_campaign=web_naver-shopping&utm_content=53133378
투쿨포스쿨,base,4,투쿨포스쿨 픽싱 커버 핏 쿠션 (+리필2개 단독기획),failed_detail_fetch,manual_review_required,failed,http_error,robots_fetch_failed_requires_manual_review,http_status:403,,cushion,0,coverage,,listed,unknown,Korea,올리브영,19000,https://www.oliveyoung.co.kr/store/common/partner.do?chlNo=1&chlDtlNo=1&utm_source=naver&utm_medium=shopping_ep&utm_campaign=onpro_ep_product_0101_1231&utm_content=pc_price&sndType=goods&sndVal=A000000232144
투쿨포스쿨,base,5,투쿨포스쿨 에어 핏 쿠션,failed_detail_fetch,manual_review_required,failed,http_error,robots_fetch_failed_requires_manual_review,http_status:403,,cushion,0,,,listed,unknown,Korea,올리브영,27000,https://www.oliveyoung.co.kr/store/common/partner.do?chlNo=1&chlDtlNo=1&utm_source=naver&utm_medium=shopping_ep&utm_campaign=onpro_ep_product_0101_1231&utm_content=pc_price&sndType=goods&sndVal=A000000224918
투쿨포스쿨,base,6,[투쿨포스쿨] 깃털쿠션 에어 핏 쿠션 + 플러피 파우치,failed_detail_fetch,manual_review_required,failed,http_error,terms_not_configured,http_status:403,,cushion,0,,,unknown,unknown,Korea,ABLY,18170,https://m.a-bly.com/goods/46262954?utm_source=web_naver-shopping&utm_medium=display&utm_campaign=web_naver-shopping&utm_content=46262954
투쿨포스쿨,base,7,투쿨포스쿨 픽싱 커버쿠션 4종 택1 4863176,blocked_detail_fetch,blocked,not_attempted,,robots_disallowed,,,,0,,,unknown,unknown,Korea,롯데ON,51210,https://www.lotteon.com/p/product/LO2677271379?sitmNo=LO2677271379_2677271381&ch_no=100065&ch_dtl_no=1000030&entryPoint=pcs&dp_infw_cd=CHT
투쿨포스쿨,base,8,투쿨포스쿨 에어 핏 쿠션,blocked_detail_fetch,blocked,not_attempted,,robots_disallowed,,,,0,,,unknown,unknown,Korea,롯데ON,32940,https://www.lotteon.com/p/product/LO2700799021?sitmNo=LO2700799021_2700799022&ch_no=100065&ch_dtl_no=1000030&entryPoint=pcs&dp_infw_cd=CHT
투쿨포스쿨,base,9,투쿨포스쿨 픽싱 듀 쿠션 본품+리필,blocked_detail_fetch,blocked,not_attempted,,robots_disallowed,,,,0,,,unknown,unknown,Korea,롯데ON,30960,https://www.lotteon.com/p/product/LO2702304810?sitmNo=LO2702304810_2702304814&ch_no=100065&ch_dtl_no=1000030&entryPoint=pcs&dp_infw_cd=CHT
투쿨포스쿨,base,10,NEW 투쿨포스쿨 픽싱 커버 핏 쿠션 + 리필 기획,blocked_detail_fetch,blocked,not_attempted,,robots_disallowed,,,,0,,,unknown,unknown,Korea,롯데ON,26460,https://www.lotteon.com/p/product/LO2700808135?sitmNo=LO2700808135_2700808136&ch_no=100065&ch_dtl_no=1000030&entryPoint=pcs&dp_infw_cd=CHT
투쿨포스쿨,cheek,1,투쿨포스쿨 바이로댕 블러셔,failed_detail_fetch,manual_review_required,failed,http_error,robots_fetch_failed_requires_manual_review,http_status:403,velvet,,0,blur,,listed,unknown,Korea,올리브영,14450,https://www.oliveyoung.co.kr/store/common/partner.do?chlNo=1&chlDtlNo=1&utm_source=naver&utm_medium=shopping_ep&utm_campaign=onpro_ep_product_0101_1231&utm_content=pc_price&sndType=goods&sndVal=A000000110553
투쿨포스쿨,cheek,2,투쿨포스쿨 아트클래스 벨루어 펜슬 블러셔 2.4g 11colors,blocked_detail_fetch,blocked,not_attempted,,robots_disallowed,,,,0,,,unknown,unknown,Korea,투쿨포스쿨 본사직영샵,10800,https://smartstore.naver.com/main/products/13009979814
투쿨포스쿨,cheek,3,[투쿨포스쿨] 아트클래스 바이로댕 블러셔,failed_detail_fetch,manual_review_required,failed,http_error,terms_not_configured,http_status:403,velvet,,0,blur,,unknown,unknown,Korea,ABLY,13600,https://m.a-bly.com/goods/3093013?utm_source=web_naver-shopping&utm_medium=display&utm_campaign=web_naver-shopping&utm_content=3093013
투쿨포스쿨,cheek,4,투쿨포스쿨 아트 클래스 바이로댕 블러셔 9.5g 1개,blocked_detail_fetch,blocked,not_attempted,,robots_disallowed,,,,0,,,unknown,unknown,Korea,네이버,9730,https://search.shopping.naver.com/catalog/59386630372
투쿨포스쿨,cheek,5,[2EA] 투쿨포스쿨 아트클래스 벨루어 펜슬 블러셔 2.4g 11colors (+핑거퍼프),blocked_detail_fetch,blocked,not_attempted,,robots_disallowed,,,,0,,,unknown,unknown,Korea,투쿨포스쿨 본사직영샵,20500,https://smartstore.naver.com/main/products/13010007657
투쿨포스쿨,cheek,6,투쿨포스쿨 바이로댕 블러셔,blocked_detail_fetch,blocked,not_attempted,,robots_disallowed,,,,0,,,unknown,unknown,Korea,롯데ON,17460,https://www.lotteon.com/p/product/LO2702317088?sitmNo=LO2702317088_2702317089&ch_no=100065&ch_dtl_no=1000030&entryPoint=pcs&dp_infw_cd=CHT
투쿨포스쿨,cheek,7,투쿨포스쿨 아트클래스 바이로댕 블러셔 8.7g 6colors,blocked_detail_fetch,blocked,not_attempted,,robots_disallowed,,,,0,,,unknown,unknown,Korea,투쿨포스쿨 본사직영샵,13600,https://smartstore.naver.com/main/products/438922833
투쿨포스쿨,cheek,8,[투쿨포스쿨] 아트클래스 벨루어 펜슬 (+클렌징패드/펜슬) 260116,blocked_detail_fetch,blocked,not_attempted,,robots_disallowed,,,,0,,,unknown,unknown,Korea,무신사,10800,https://link.musinsa.com/app/goods/5902237?utm_source=naver_jisicshopping&utm_medium=sh&source=NVSH&utm_term={keyword}&utm_content={ad_group}
투쿨포스쿨,cheek,9,투쿨포스쿨 바이로댕 블러셔,blocked_detail_fetch,blocked,not_attempted,,robots_disallowed,,,,0,,,unknown,unknown,Korea,롯데ON,21240,https://www.lotteon.com/p/product/LO2638353126?sitmNo=LO2638353126_2638353127&ch_no=100065&ch_dtl_no=1000030&entryPoint=pcs&dp_infw_cd=CHT
투쿨포스쿨,cheek,10,이런 상품 어때요? 투쿨포스쿨 아트클래스 바이로댕 블러셔 8.7g 6colors,partial_detail,manual_review_required,collected_partial,fetched,terms_not_configured,,velvet,,0,blur,,unknown,unknown,Korea,투쿨포스쿨,13600,https://shopping.naver.com/outlink/itemdetail/1002111573
투쿨포스쿨,liner,1,[투쿨포스쿨] BEST 스머징 트임라이너 + 트임 라이너 랜덤,failed_detail_fetch,manual_review_required,failed,http_error,terms_not_configured,http_status:403,,liner,0,,,unknown,unknown,Korea,ABLY,24000,https://m.a-bly.com/goods/13426943?utm_source=web_naver-shopping&utm_medium=display&utm_campaign=web_naver-shopping&utm_content=13426943
투쿨포스쿨,liner,2,투쿨포스쿨 스머징 트임 라이너,failed_detail_fetch,manual_review_required,failed,http_error,robots_fetch_failed_requires_manual_review,http_status:403,,liner,0,,,listed,unknown,Korea,올리브영,12000,https://www.oliveyoung.co.kr/store/common/partner.do?chlNo=1&chlDtlNo=1&utm_source=naver&utm_medium=shopping_ep&utm_campaign=onpro_ep_product_0101_1231&utm_content=pc_price&sndType=goods&sndVal=A000000199182
투쿨포스쿨,liner,3,[투쿨포스쿨] 트임라이너 랜덤 스머징 트임라이너,failed_detail_fetch,manual_review_required,failed,http_error,terms_not_configured,http_status:403,,liner,0,,,unknown,unknown,Korea,ABLY,12000,https://m.a-bly.com/goods/13426876?utm_source=web_naver-shopping&utm_medium=display&utm_campaign=web_naver-shopping&utm_content=13426876
투쿨포스쿨,liner,4,[투쿨포스쿨] 그윽트임 스머징 엣지 라이너,failed_detail_fetch,manual_review_required,failed,http_error,terms_not_configured,http_status:403,,liner,0,,,unknown,unknown,Korea,ABLY,8400,https://m.a-bly.com/goods/54259056?utm_source=web_naver-shopping&utm_medium=display&utm_campaign=web_naver-shopping&utm_content=54259056
투쿨포스쿨,liner,5,[투쿨포스쿨] 스머징SET 엣지라이너 + 트임라이너 + 아이글리츠 랜덤,failed_detail_fetch,manual_review_required,failed,http_error,terms_not_configured,http_status:403,,liner,0,,,unknown,unknown,Korea,ABLY,18920,https://m.a-bly.com/goods/54258887?utm_source=web_naver-shopping&utm_medium=display&utm_campaign=web_naver-shopping&utm_content=54258887
투쿨포스쿨,liner,6,[투쿨포스쿨] ONLY ONLINE 아트클래스 글램 언더 라이너,failed_detail_fetch,manual_review_required,failed,http_error,terms_not_configured,http_status:403,,liner,0,,,unknown,unknown,Korea,ABLY,9900,https://m.a-bly.com/goods/3915881?utm_source=web_naver-shopping&utm_medium=display&utm_campaign=web_naver-shopping&utm_content=3915881
투쿨포스쿨,liner,7,[투쿨포스쿨] 아트클래스 픽싱 젤 라이너,failed_detail_fetch,manual_review_required,failed,http_error,terms_not_configured,http_status:403,,liner,0,,,unknown,unknown,Korea,ABLY,9000,https://m.a-bly.com/goods/3092642?utm_source=web_naver-shopping&utm_medium=display&utm_campaign=web_naver-shopping&utm_content=3092642
투쿨포스쿨,liner,8,[투쿨포스쿨] 라이너 꿀조합 프리즘 라이너 +글램 언더 라이너 (+ 클렌징 패드 ),failed_detail_fetch,manual_review_required,failed,http_error,terms_not_configured,http_status:403,,liner,0,,,unknown,unknown,Korea,ABLY,23390,https://m.a-bly.com/goods/70957794?utm_source=web_naver-shopping&utm_medium=display&utm_campaign=web_naver-shopping&utm_content=70957794
투쿨포스쿨,liner,9,[투쿨포스쿨] 애교살픽싱조합 프리즘 라이너 + 프로타주 펜슬 + (전용 샤프너 & 키링캡 ),failed_detail_fetch,manual_review_required,failed,http_error,terms_not_configured,http_status:403,,pencil,0,,,unknown,unknown,Korea,ABLY,21390,https://m.a-bly.com/goods/70953540?utm_source=web_naver-shopping&utm_medium=display&utm_campaign=web_naver-shopping&utm_content=70953540
투쿨포스쿨,liner,10,[투쿨포스쿨] 아트클래스 픽싱 젤 라이너,failed_detail_fetch,manual_review_required,failed,http_error,terms_not_configured,http_status:403,,liner,0,,,unknown,unknown,Korea,ABLY,14900,https://m.a-bly.com/goods/5895734?utm_source=web_naver-shopping&utm_medium=display&utm_campaign=web_naver-shopping&utm_content=5895734
투쿨포스쿨,brow,1,[투쿨포스쿨] 무드체인지 블리치 브로우 카라,failed_detail_fetch,manual_review_required,failed,http_error,terms_not_configured,http_status:403,,,0,,,unknown,unknown,Korea,ABLY,8900,https://m.a-bly.com/goods/49779693?utm_source=web_naver-shopping&utm_medium=display&utm_campaign=web_naver-shopping&utm_content=49779693
투쿨포스쿨,brow,2,투쿨포스쿨 블리치 브로우 카라 3.4g 2colors,blocked_detail_fetch,blocked,not_attempted,,robots_disallowed,,,,0,,,unknown,unknown,Korea,투쿨포스쿨 본사직영샵,7900,https://smartstore.naver.com/main/products/12149513284
투쿨포스쿨,brow,3,투쿨포스쿨 아트클래스 브로우 디자이닝 슬림 펜슬 0.04g 1개,blocked_detail_fetch,blocked,not_attempted,,robots_disallowed,,,,0,,,unknown,unknown,Korea,네이버,8000,https://search.shopping.naver.com/catalog/59386594410
투쿨포스쿨,brow,4,[투쿨포스쿨] 브로우 디자이닝 슬림 펜슬,failed_detail_fetch,manual_review_required,failed,http_error,terms_not_configured,http_status:403,,pencil,0,,,unknown,unknown,Korea,ABLY,8900,https://m.a-bly.com/goods/20825000?utm_source=web_naver-shopping&utm_medium=display&utm_campaign=web_naver-shopping&utm_content=20825000
투쿨포스쿨,brow,5,[투쿨포스쿨] 아트클래스 브로우 디자이닝 펜슬,failed_detail_fetch,manual_review_required,failed,http_error,terms_not_configured,http_status:403,,pencil,0,,,unknown,unknown,Korea,ABLY,8900,https://m.a-bly.com/goods/3092650?utm_source=web_naver-shopping&utm_medium=display&utm_campaign=web_naver-shopping&utm_content=3092650
투쿨포스쿨,brow,6,2EA 투쿨포스쿨 블리치 브로우 카라 3.4g 2colors 464061,blocked_detail_fetch,blocked,not_attempted,,robots_disallowed,,,,0,,,unknown,unknown,Korea,롯데ON,19710,https://www.lotteon.com/p/product/LO2658251138?sitmNo=LO2658251138_2658251139&ch_no=100065&ch_dtl_no=1000030&entryPoint=pcs&dp_infw_cd=CHT
투쿨포스쿨,brow,7,[2EA] 투쿨포스쿨 블리치 브로우 카라 3.4g 2colors,blocked_detail_fetch,blocked,not_attempted,,robots_disallowed,,,,0,,,unknown,unknown,Korea,투쿨포스쿨 본사직영샵,14400,https://smartstore.naver.com/main/products/12337325481
투쿨포스쿨,brow,8,2EA 투쿨포스쿨 아트클래스 브로우 디자이닝 슬림 펜슬 0.04g 3colors 463916,blocked_detail_fetch,blocked,not_attempted,,robots_disallowed,,,,0,,,unknown,unknown,Korea,롯데ON,16290,https://www.lotteon.com/p/product/LO2658246955?sitmNo=LO2658246955_2658246956&ch_no=100065&ch_dtl_no=1000030&entryPoint=pcs&dp_infw_cd=CHT
투쿨포스쿨,brow,9,태그 파우더 브로우 키트 3.3g 2호 내추럴 브라운,blocked_detail_fetch,blocked,not_attempted,,robots_disallowed,,,,0,,,unknown,unknown,Korea,코코드림샵,5900,https://smartstore.naver.com/main/products/12577008632
투쿨포스쿨,brow,10,이런 상품 어때요? 투쿨포스쿨 블리치 브로우 카라 3.4g 2colors,failed_detail_fetch,manual_review_required,failed,fetched,terms_not_configured,no_useful_data,,,0,,,unknown,unknown,Korea,투쿨포스쿨,7900,https://shopping.naver.com/outlink/itemdetail/12149513283
하트퍼센트,lip,1,[NEW컬러] 하트퍼센트 도트 온 무드 퓨어 글로우 틴트 6.8g 5종,failed_detail_fetch,manual_review_required,failed,http_error,robots_fetch_failed_requires_manual_review,http_status:403,glossy,tint,0,glow,,listed,unknown,Korea,올리브영,15300,https://www.oliveyoung.co.kr/store/common/partner.do?chlNo=1&chlDtlNo=1&utm_source=naver&utm_medium=shopping_ep&utm_campaign=onpro_ep_product_0101_1231&utm_content=pc_price&sndType=goods&sndVal=A000000174069
하트퍼센트,lip,2,[하트퍼센트] 도트 온 무드 퓨어 글로우 틴트,blocked_detail_fetch,blocked,not_attempted,,robots_disallowed,,,,0,,,unknown,unknown,Korea,더블유컨셉,17100,http://www.wconcept.co.kr/Product/301797461?adfrom=naver_ep&utm_source=naver&utm_medium=pcs&utm_campaign=WCONCEPT&utm_content=none&utm_term=none
하트퍼센트,lip,3,도트 온 무드 원 웨이 글로이 틴트,complete_detail,manual_review_required,collected_complete,fetched,terms_not_configured,,glossy,tint,18,,,unknown,unknown,Korea,시코르,18000,https://chicor.com/goods/0000000110202?utm_source=naver&utm_medium=cpc&utm_campaign=ep
하트퍼센트,lip,4,하트퍼센트 립 앤 치크 틴트 매트 글로우 커스텀 싱글 MNS,blocked_detail_fetch,blocked,not_attempted,,robots_disallowed,,,,0,,,unknown,unknown,Korea,롯데ON,26520,https://www.lotteon.com/p/product/LO2711686482?sitmNo=LO2711686482_2711686483&ch_no=100065&ch_dtl_no=1000030&entryPoint=pcs&dp_infw_cd=CHT
하트퍼센트,lip,5,하트퍼센트 틴트 립글로우 수분 도트 온 무드 퓨어 듀오 X2 MNS,blocked_detail_fetch,blocked,not_attempted,,robots_disallowed,,,,0,,,unknown,unknown,Korea,롯데ON,74440,https://www.lotteon.com/p/product/LO2711686722?sitmNo=LO2711686722_2711686723&ch_no=100065&ch_dtl_no=1000030&entryPoint=pcs&dp_infw_cd=CHT
하트퍼센트,lip,6,하트퍼센트 틴트 매트 립 앤 치크 도트 온 무드 블러리 포그 MNS,blocked_detail_fetch,blocked,not_attempted,,robots_disallowed,,,,0,,,unknown,unknown,Korea,롯데ON,32920,https://www.lotteon.com/p/product/LO2711686418?sitmNo=LO2711686418_2711686419&ch_no=100065&ch_dtl_no=1000030&entryPoint=pcs&dp_infw_cd=CHT
하트퍼센트,lip,7,하트퍼센트 립 글로우 틴트 물광 수분 워터립 도트 온 무드 퓨어 MNS,blocked_detail_fetch,blocked,not_attempted,,robots_disallowed,,,,0,,,unknown,unknown,Korea,롯데ON,47100,https://www.lotteon.com/p/product/LO2711686679?sitmNo=LO2711686679_2711686680&ch_no=100065&ch_dtl_no=1000030&entryPoint=pcs&dp_infw_cd=CHT
하트퍼센트,lip,8,[하트퍼센트] 도트 온 무드 올 커버 립 베이스,blocked_detail_fetch,blocked,not_attempted,,robots_disallowed,,,,0,,,unknown,unknown,Korea,더블유컨셉,14250,http://www.wconcept.co.kr/Product/306905143?adfrom=naver_ep&utm_source=naver&utm_medium=pcs&utm_campaign=WCONCEPT&utm_content=none&utm_term=none
하트퍼센트,lip,9,하트퍼센트 도트 온 무드 퍼스트틴트,complete_detail,manual_review_required,collected_complete,fetched,terms_not_configured,,,tint,5,,,unknown,unknown,Korea,시코르,16000,https://chicor.com/goods/5100002047244?utm_source=naver&utm_medium=cpc&utm_campaign=ep
하트퍼센트,lip,10,하트퍼센트 도트 온 무드 오버 멜팅 글로스,complete_detail,manual_review_required,collected_complete,fetched,terms_not_configured,,glossy,gloss,8,,,unknown,unknown,Korea,시코르,16000,https://chicor.com/goods/5100002047243?utm_source=naver&utm_medium=cpc&utm_campaign=ep
하트퍼센트,shadow,1,[NEW] 하트퍼센트 도트 온 무드 아이 팔레트 3colors,failed_detail_fetch,manual_review_required,failed,http_error,robots_fetch_failed_requires_manual_review,http_status:403,,powder,0,,,listed,unknown,Korea,올리브영,34200,https://www.oliveyoung.co.kr/store/common/partner.do?chlNo=1&chlDtlNo=1&utm_source=naver&utm_medium=shopping_ep&utm_campaign=onpro_ep_product_0101_1231&utm_content=pc_price&sndType=goods&sndVal=A000000209307
하트퍼센트,shadow,2,하트퍼센트 도트 온 무드 아이 팔레트,blocked_detail_fetch,blocked,not_attempted,,robots_disallowed,,,,0,,,unknown,unknown,Korea,하트퍼센트,38000,https://smartstore.naver.com/main/products/6817553656
하트퍼센트,shadow,3,[하트퍼센트] 도트 온 무드 아이 팔레트 -,blocked_detail_fetch,blocked,not_attempted,,robots_disallowed,,,,0,,,unknown,unknown,Korea,무신사,38000,https://link.musinsa.com/app/goods/3117194?utm_source=naver_jisicshopping&utm_medium=sh&source=NVSH&utm_term={keyword}&utm_content={ad_group}
하트퍼센트,shadow,4,이런 상품 어때요? 하트퍼센트 도트 온 무드 아이 팔레트,partial_detail,manual_review_required,collected_partial,fetched,terms_not_configured,,,powder,0,,,unknown,unknown,Korea,하트퍼센트,38000,https://shopping.naver.com/outlink/itemdetail/6817553655
하트퍼센트,shadow,5,하트퍼센트 아이섀도우 팔레트 펄 글리터 도트 온 무드 MNS,blocked_detail_fetch,blocked,not_attempted,,robots_disallowed,,,,0,,,unknown,unknown,Korea,롯데ON,57760,https://www.lotteon.com/p/product/LO2711686547?sitmNo=LO2711686547_2711686548&ch_no=100065&ch_dtl_no=1000030&entryPoint=pcs&dp_infw_cd=CHT
하트퍼센트,shadow,6,[하트퍼센트] 도트 온 무드 아이팔레트,blocked_detail_fetch,blocked,not_attempted,,robots_disallowed,,,,0,,,unknown,unknown,Korea,더블유컨셉,36100,http://www.wconcept.co.kr/Product/305741368?adfrom=naver_ep&utm_source=naver&utm_medium=pcs&utm_campaign=WCONCEPT&utm_content=none&utm_term=none
하트퍼센트,shadow,7,하트퍼센트 도트 온 무드 아이 팔레트,blocked_detail_fetch,blocked,not_attempted,,robots_disallowed,,,,0,,,unknown,unknown,Korea,쿠팡,34200,https://link.coupang.com/re/PCSNAVERPCSDP?pageKey=7753942242&ctag=7753942242&lptag=l512509019372&itemId=19273500195&vendorItemId=88447447503&spec=10305197
하트퍼센트,shadow,8,하트퍼센트 아이섀도우 팔레트 펄 글리터 도트 온 무드 MNS,blocked_detail_fetch,blocked,not_attempted,,robots_disallowed,,,,0,,,unknown,unknown,Korea,11번가,57240,https://www.11st.co.kr/connect/Gateway.tmall?method=Xsite&prdNo=9204589230&tid=1000000061
하트퍼센트,shadow,9,하트퍼센트 여쿨라 인생템 도트 온 무드 아이팔레트 4995272,blocked_detail_fetch,blocked,not_attempted,,robots_disallowed,,,,0,,,unknown,unknown,Korea,롯데ON,68760,https://www.lotteon.com/p/product/LO2697511924?sitmNo=LO2697511924_2697511925&ch_no=100065&ch_dtl_no=1000030&entryPoint=pcs&dp_infw_cd=CHT
하트퍼센트,shadow,10,NEW 하트퍼센트 도트 온 무드 아이 팔레트 3colors 4066304,blocked_detail_fetch,blocked,not_attempted,,robots_disallowed,,,,0,,,unknown,unknown,Korea,롯데ON,45180,https://www.lotteon.com/p/product/LO2711100209?sitmNo=LO2711100209_2711100210&ch_no=100065&ch_dtl_no=1000030&entryPoint=pcs&dp_infw_cd=CHT
하트퍼센트,base,1,하트퍼센트 도트 온 무드 레이어 쿠션 21p 1개,blocked_detail_fetch,blocked,not_attempted,,robots_disallowed,,,,0,,,unknown,unknown,Korea,쿠팡,36010,https://link.coupang.com/re/PCSNAVERPCSDP?pageKey=7798975163&ctag=7798975163&lptag=I21283694819&itemId=21283694819&vendorItemId=88343711237&spec=10305199
하트퍼센트,base,2,하트퍼센트 선베이스 2종,blocked_detail_fetch,blocked,not_attempted,,robots_disallowed,,,,0,,,unknown,unknown,Korea,하트퍼센트,21000,https://smartstore.naver.com/main/products/12042542615
하트퍼센트,base,3,[하트퍼센트] 밸런싱 선 베이스 2종 -,blocked_detail_fetch,blocked,not_attempted,,robots_disallowed,,,,0,,,unknown,unknown,Korea,무신사,21000,https://link.musinsa.com/app/goods/5215972?utm_source=naver_jisicshopping&utm_medium=sh&source=NVSH&utm_term={keyword}&utm_content={ad_group}
하트퍼센트,base,4,하트퍼센트 도트 온 무드 레이어 쿠션 파운데이션 21p 1개,blocked_detail_fetch,blocked,not_attempted,,robots_disallowed,,,,0,,,unknown,unknown,Korea,쿠팡,50000,https://link.coupang.com/re/PCSNAVERPCSDP?pageKey=7798975163&ctag=7798975163&lptag=I24695364717&itemId=24695364717&vendorItemId=92118970234&spec=10305199
하트퍼센트,base,5,하트퍼센트 도트 온 무드 레이어 쿠션 파운데이션 21p 6개,blocked_detail_fetch,blocked,not_attempted,,robots_disallowed,,,,0,,,unknown,unknown,Korea,쿠팡,285100,https://link.coupang.com/re/PCSNAVERPCSDP?pageKey=7798975163&ctag=7798975163&lptag=I24695364723&itemId=24695364723&vendorItemId=92118970206&spec=10305199
하트퍼센트,base,6,하트퍼센트 밸런싱 선 베이스 30ml 스킨 1개,blocked_detail_fetch,blocked,not_attempted,,robots_disallowed,,,,0,,,unknown,unknown,Korea,쿠팡,18820,https://link.coupang.com/re/PCSNAVERPCSDP?pageKey=8974144354&ctag=8974144354&lptag=I26267467910&itemId=26267467910&vendorItemId=95061993392&spec=10305199
하트퍼센트,base,7,[신세계백화점][화잘먹 치트키] 하트퍼센트 선 베이스 2종,blocked_detail_fetch,blocked,not_attempted,,robots_disallowed,,,,0,,,unknown,unknown,Korea,SSG닷컴,19950,http://www.ssg.com/item/itemView.ssg?itemId=1000712013195&siteNo=6009&salestrNo=1027&ckwhere=ssg_naver&appPopYn=n&utm_medium=PCS&utm_source=naver&utm_campaign=naver_pcs
하트퍼센트,base,8,하트퍼센트 도트 온 무드 레이어 쿠션 파운데이션 21p 15개,blocked_detail_fetch,blocked,not_attempted,,robots_disallowed,,,,0,,,unknown,unknown,Korea,쿠팡,705310,https://link.coupang.com/re/PCSNAVERPCSDP?pageKey=7798975163&ctag=7798975163&lptag=I24695364722&itemId=24695364722&vendorItemId=92118970240&spec=10305199
하트퍼센트,base,9,하트퍼센트 도트 온 무드 레이어 쿠션 파운데이션 21p 7개,blocked_detail_fetch,blocked,not_attempted,,robots_disallowed,,,,0,,,unknown,unknown,Korea,쿠팡,331790,https://link.coupang.com/re/PCSNAVERPCSDP?pageKey=7798975163&ctag=7798975163&lptag=I24695364712&itemId=24695364712&vendorItemId=92118970219&spec=10305199
하트퍼센트,base,10,[신세계백화점][화잘먹 치트키] 하트퍼센트 선 베이스 2종,blocked_detail_fetch,blocked,not_attempted,,robots_disallowed,,,,0,,,unknown,listed,Korea,신세계몰,19950,http://department.ssg.com/item/itemView.ssg?itemId=1000712013195&siteNo=6009&salestrNo=1027&ckwhere=s_naver&appPopYn=n&utm_medium=PCS&utm_source=naver&utm_campaign=naver_pcs
하트퍼센트,cheek,1,[NEW] 하트퍼센트 도트 온 무드 커스텀 립앤치크 9.4g 2종,failed_detail_fetch,manual_review_required,failed,http_error,robots_fetch_failed_requires_manual_review,http_status:403,,,0,,,listed,unknown,Korea,올리브영,21600,https://www.oliveyoung.co.kr/store/common/partner.do?chlNo=1&chlDtlNo=1&utm_source=naver&utm_medium=shopping_ep&utm_campaign=onpro_ep_product_0101_1231&utm_content=pc_price&sndType=goods&sndVal=A000000213083
하트퍼센트,cheek,2,하트퍼센트 립 앤 치크 틴트 도트 온 무드 커스텀 MNS,blocked_detail_fetch,blocked,not_attempted,,robots_disallowed,,,,0,,,unknown,unknown,Korea,롯데ON,37920,https://www.lotteon.com/p/product/LO2711686699?sitmNo=LO2711686699_2711686700&ch_no=100065&ch_dtl_no=1000030&entryPoint=pcs&dp_infw_cd=CHT
하트퍼센트,cheek,3,도트 온 무드 커스텀 립앤치크,complete_detail,manual_review_required,collected_complete,fetched,terms_not_configured,,,,7,,,unknown,unknown,Korea,시코르,24000,https://chicor.com/goods/0000000113801?utm_source=naver&utm_medium=cpc&utm_campaign=ep
하트퍼센트,cheek,4,[하트퍼센트] 도트 온 무드 커스텀 립앤치크,blocked_detail_fetch,blocked,not_attempted,,robots_disallowed,,,,0,,,unknown,unknown,Korea,더블유컨셉,22800,http://www.wconcept.co.kr/Product/306277260?adfrom=naver_ep&utm_source=naver&utm_medium=pcs&utm_campaign=WCONCEPT&utm_content=none&utm_term=none
하트퍼센트,cheek,5,도트 온 무드 커스텀 립앤치크 싱글,complete_detail,manual_review_required,collected_complete,fetched,terms_not_configured,,glossy,balm,12,glow,,unknown,unknown,Korea,시코르,14000,https://chicor.com/goods/0000000121559?utm_source=naver&utm_medium=cpc&utm_campaign=ep
하트퍼센트,cheek,6,하트퍼센트 커스텀 립 앤 치크 싱글 톤업밤 H1,blocked_detail_fetch,blocked,not_attempted,,robots_disallowed,,,,0,,,unknown,unknown,Korea,롯데ON,14130,https://www.lotteon.com/p/product/LO2638352662?sitmNo=LO2638352662_2638352663&ch_no=100065&ch_dtl_no=1000030&entryPoint=pcs&dp_infw_cd=CHT
하트퍼센트,cheek,7,NEW 하트퍼센트 도트 온 무드 커스텀 립앤치크 9.4g 2종 4065103,blocked_detail_fetch,blocked,not_attempted,,robots_disallowed,,,,0,,,unknown,unknown,Korea,롯데ON,30060,https://www.lotteon.com/p/product/LO2711605209?sitmNo=LO2711605209_2711605212&ch_no=100065&ch_dtl_no=1000030&entryPoint=pcs&dp_infw_cd=CHT
하트퍼센트,cheek,8,하트퍼센트 커스텀 립 앤 치크 싱글 코랄 M1,blocked_detail_fetch,blocked,not_attempted,,robots_disallowed,,,,0,,,unknown,unknown,Korea,롯데ON,14140,https://www.lotteon.com/p/product/LO2638353447?sitmNo=LO2638353447_2638353448&ch_no=100065&ch_dtl_no=1000030&entryPoint=pcs&dp_infw_cd=CHT
하트퍼센트,cheek,9,하트퍼센트 커스텀 립 앤 치크 싱글 캄모브 M5,blocked_detail_fetch,blocked,not_attempted,,robots_disallowed,,,,0,,,unknown,unknown,Korea,롯데ON,14140,https://www.lotteon.com/p/product/LO2638353188?sitmNo=LO2638353188_2638353189&ch_no=100065&ch_dtl_no=1000030&entryPoint=pcs&dp_infw_cd=CHT
하트퍼센트,cheek,10,하트퍼센트 커스텀 립 앤 치크 싱글 로지코랄 M2,blocked_detail_fetch,blocked,not_attempted,,robots_disallowed,,,,0,,,unknown,unknown,Korea,롯데ON,14140,https://www.lotteon.com/p/product/LO2638353380?sitmNo=LO2638353380_2638353381&ch_no=100065&ch_dtl_no=1000030&entryPoint=pcs&dp_infw_cd=CHT
하트퍼센트,liner,1,[NEW] 하트퍼센트 도트 온 무드 컨투어 아이라이너 슬림 8colors,failed_detail_fetch,manual_review_required,failed,http_error,robots_fetch_failed_requires_manual_review,http_status:403,,liner,0,,,listed,unknown,Korea,올리브영,10800,https://www.oliveyoung.co.kr/store/common/partner.do?chlNo=1&chlDtlNo=1&utm_source=naver&utm_medium=shopping_ep&utm_campaign=onpro_ep_product_0101_1231&utm_content=pc_price&sndType=goods&sndVal=A000000209310
하트퍼센트,liner,2,하트퍼센트 아이라이너 섀도우 펜슬 도트 온 무드 컨투어 슬림 MNS,blocked_detail_fetch,blocked,not_attempted,,robots_disallowed,,,,0,,,unknown,unknown,Korea,롯데ON,24660,https://www.lotteon.com/p/product/LO2711686895?sitmNo=LO2711686895_2711686896&ch_no=100065&ch_dtl_no=1000030&entryPoint=pcs&dp_infw_cd=CHT
하트퍼센트,liner,3,하트퍼센트 젤 아이라이너 애교살 컨실러 펜슬 도트 온 무드 MNS,blocked_detail_fetch,blocked,not_attempted,,robots_disallowed,,,,0,,,unknown,unknown,Korea,롯데ON,24660,https://www.lotteon.com/p/product/LO2711686581?sitmNo=LO2711686581_2711686582&ch_no=100065&ch_dtl_no=1000030&entryPoint=pcs&dp_infw_cd=CHT
하트퍼센트,liner,4,[하트퍼센트] 도트 온 무드 컨투어 아이라이너 슬림,blocked_detail_fetch,blocked,not_attempted,,robots_disallowed,,,,0,,,unknown,unknown,Korea,더블유컨셉,11400,http://www.wconcept.co.kr/Product/306122480?adfrom=naver_ep&utm_source=naver&utm_medium=pcs&utm_campaign=WCONCEPT&utm_content=none&utm_term=none
하트퍼센트,liner,5,[하트퍼센트] 도트 온 무드 젤 아이라이너 펜슬,blocked_detail_fetch,blocked,not_attempted,,robots_disallowed,,,,0,,,unknown,unknown,Korea,더블유컨셉,11400,http://www.wconcept.co.kr/Product/307328518?adfrom=naver_ep&utm_source=naver&utm_medium=pcs&utm_campaign=WCONCEPT&utm_content=none&utm_term=none
하트퍼센트,liner,6,도트 온 무드 컨투어 아이라이너 슬림,complete_detail,manual_review_required,collected_complete,fetched,terms_not_configured,,,liner,9,,,unknown,unknown,Korea,시코르,12000,https://chicor.com/goods/0000000107919?utm_source=naver&utm_medium=cpc&utm_campaign=ep
하트퍼센트,liner,7,하트퍼센트 도트 온 무드 컨투어 아이라이너 슬림 5002347,blocked_detail_fetch,blocked,not_attempted,,robots_disallowed,,,,0,,,unknown,unknown,Korea,롯데ON,24120,https://www.lotteon.com/p/product/LO2706695128?sitmNo=LO2706695128_2706695129&ch_no=100065&ch_dtl_no=1000030&entryPoint=pcs&dp_infw_cd=CHT
하트퍼센트,liner,8,NEW 하트퍼센트 도트 온 무드 컨투어 아이라이너 슬림 8colors 4066433,blocked_detail_fetch,blocked,not_attempted,,robots_disallowed,,,,0,,,unknown,unknown,Korea,롯데ON,19800,https://www.lotteon.com/p/product/LO2711085847?sitmNo=LO2711085847_2711085848&ch_no=100065&ch_dtl_no=1000030&entryPoint=pcs&dp_infw_cd=CHT
하트퍼센트,liner,9,리우 NEW 기획 하트퍼센트 도트 온 무드 젤 아이라이너 펜슬 0.5g 10종 4066208,blocked_detail_fetch,blocked,not_attempted,,robots_disallowed,,,,0,,,unknown,unknown,Korea,롯데ON,18180,https://www.lotteon.com/p/product/LO2711108988?sitmNo=LO2711108988_2711108989&ch_no=100065&ch_dtl_no=1000030&entryPoint=pcs&dp_infw_cd=CHT
하트퍼센트,liner,10,NEW 하트퍼센트 도트 온 무드 컨투어 아이라이너 슬림 8colors,blocked_detail_fetch,blocked,not_attempted,,robots_disallowed,,,,0,,,unknown,unknown,Korea,롯데ON,14940,https://www.lotteon.com/p/product/LO2700001263?sitmNo=LO2700001263_2700001264&ch_no=100065&ch_dtl_no=1000030&entryPoint=pcs&dp_infw_cd=CHT
하트퍼센트,brow,1,[NEW] 하트퍼센트 도트 온 무드 엣지 앤 플랫 아이브로우 6colors(기획/단품),failed_detail_fetch,manual_review_required,failed,http_error,robots_fetch_failed_requires_manual_review,http_status:403,,,0,,,listed,unknown,Korea,올리브영,14000,https://www.oliveyoung.co.kr/store/common/partner.do?chlNo=1&chlDtlNo=1&utm_source=naver&utm_medium=shopping_ep&utm_campaign=onpro_ep_product_0101_1231&utm_content=pc_price&sndType=goods&sndVal=A000000221710
하트퍼센트,brow,2,[NEW] 하트퍼센트 컬러 체인저 원유즈,failed_detail_fetch,manual_review_required,failed,http_error,robots_fetch_failed_requires_manual_review,http_status:403,,,0,,,listed,unknown,Korea,올리브영,6900,https://www.oliveyoung.co.kr/store/common/partner.do?chlNo=1&chlDtlNo=1&utm_source=naver&utm_medium=shopping_ep&utm_campaign=onpro_ep_product_0101_1231&utm_content=pc_price&sndType=goods&sndVal=A000000222921
하트퍼센트,brow,3,하트퍼센트 아이브로우 펜슬 도트 온 무드 엣지 앤 플랫 MNS,blocked_detail_fetch,blocked,not_attempted,,robots_disallowed,,,,0,,,unknown,unknown,Korea,롯데ON,26520,https://www.lotteon.com/p/product/LO2711686462?sitmNo=LO2711686462_2711686463&ch_no=100065&ch_dtl_no=1000030&entryPoint=pcs&dp_infw_cd=CHT
하트퍼센트,brow,4,[하트퍼센트] 브로우 컬러 체인저,blocked_detail_fetch,blocked,not_attempted,,robots_disallowed,,,,0,,,unknown,unknown,Korea,더블유컨셉,6555,http://www.wconcept.co.kr/Product/306909734?adfrom=naver_ep&utm_source=naver&utm_medium=pcs&utm_campaign=WCONCEPT&utm_content=none&utm_term=none
하트퍼센트,brow,5,하트퍼센트 브로우 컬러 체인저 애쉬 브라운,complete_detail,manual_review_required,collected_complete,fetched,terms_not_configured,,,,1,,,unknown,unknown,Korea,시코르,23000,https://chicor.com/goods/5100002007500?utm_source=naver&utm_medium=cpc&utm_campaign=ep
하트퍼센트,brow,6,도트 온 무드 엣지 앤 플랫 아이브로우,complete_detail,manual_review_required,collected_complete,fetched,terms_not_configured,,,,6,lightweight,,unknown,unknown,Korea,시코르,14000,https://chicor.com/goods/0000000117319?utm_source=naver&utm_medium=cpc&utm_campaign=ep
하트퍼센트,brow,7,하트퍼센트 도트 온 무드 페이크업 브로우카라,complete_detail,manual_review_required,collected_complete,fetched,terms_not_configured,,,,6,,,unknown,unknown,Korea,시코르,14000,https://chicor.com/goods/5100002007487?utm_source=naver&utm_medium=cpc&utm_campaign=ep
하트퍼센트,brow,8,[하트퍼센트] 도트 온 무드 엣지 앤 플랫 아이브로우,blocked_detail_fetch,blocked,not_attempted,,robots_disallowed,,,,0,,,unknown,unknown,Korea,더블유컨셉,13300,http://www.wconcept.co.kr/Product/306905705?adfrom=naver_ep&utm_source=naver&utm_medium=pcs&utm_campaign=WCONCEPT&utm_content=none&utm_term=none
하트퍼센트,brow,9,하트퍼센트 브로우 컬러 체인저 4658217,blocked_detail_fetch,blocked,not_attempted,,robots_disallowed,,,,0,,,unknown,unknown,Korea,롯데ON,15730,https://www.lotteon.com/p/product/LO2712248705?sitmNo=LO2712248705_2712248706&ch_no=100065&ch_dtl_no=1000030&entryPoint=pcs&dp_infw_cd=CHT
하트퍼센트,brow,10,하트퍼센트 브로우 컬러 체인저 애쉬 브라운 5009650,blocked_detail_fetch,blocked,not_attempted,,robots_disallowed,,,,0,,,unknown,unknown,Korea,롯데ON,40950,https://www.lotteon.com/p/product/LO2706654341?sitmNo=LO2706654341_2706654342&ch_no=100065&ch_dtl_no=1000030&entryPoint=pcs&dp_infw_cd=CHT
에스쁘아,lip,1,[세레나데/블러틴트] 에스쁘아 꾸뛰르 립틴트 피팅 블러 4g 12colors,failed_detail_fetch,manual_review_required,failed,http_error,robots_fetch_failed_requires_manual_review,http_status:403,velvet,tint,0,blur,,listed,unknown,Korea,올리브영,17600,https://www.oliveyoung.co.kr/store/common/partner.do?chlNo=1&chlDtlNo=1&utm_source=naver&utm_medium=shopping_ep&utm_campaign=onpro_ep_product_0101_1231&utm_content=pc_price&sndType=goods&sndVal=A000000222885
에스쁘아,lip,2,[에스쁘아] 꾸뛰르 립틴트 블러벨벳,failed_detail_fetch,manual_review_required,failed,http_error,terms_not_configured,http_status:403,velvet,tint,0,blur,,unknown,unknown,Korea,ABLY,10640,https://m.a-bly.com/goods/7607588?utm_source=web_naver-shopping&utm_medium=display&utm_campaign=web_naver-shopping&utm_content=7607588
에스쁘아,lip,3,[에스쁘아] 꾸뛰르 립틴트 피팅블러,failed_detail_fetch,manual_review_required,failed,http_error,terms_not_configured,http_status:403,velvet,tint,0,blur,,unknown,unknown,Korea,ABLY,15370,https://m.a-bly.com/goods/42299668?utm_source=web_naver-shopping&utm_medium=display&utm_campaign=web_naver-shopping&utm_content=42299668
에스쁘아,lip,4,[에스쁘아] 꾸뛰르 꾸뛰르 글레이즈 AD,failed_detail_fetch,manual_review_required,failed,http_error,terms_not_configured,http_status:403,,,0,,,unknown,unknown,Korea,ABLY,15370,https://m.a-bly.com/goods/40293501?utm_source=web_naver-shopping&utm_medium=display&utm_campaign=web_naver-shopping&utm_content=40293501
에스쁘아,lip,5,[에스쁘아] 꾸뛰르 립 틴트 피팅블러 QWL611124529,blocked_detail_fetch,blocked,not_attempted,,robots_disallowed,,,,0,,,unknown,unknown,Korea,SSF샵,14320,https://www.ssfshop.com/public/inflow/partnerGate/serviceId/310?nextUrl=/ESPOIR/GQWL26012741518/good
에스쁘아,lip,6,[에스쁘아] 에스쁘아 꾸뛰르 립틴트 피팅블러,blocked_detail_fetch,blocked,not_attempted,,robots_disallowed,,,,0,,,unknown,unknown,Korea,더블유컨셉,17600,http://www.wconcept.co.kr/Product/306794362?adfrom=naver_ep&utm_source=naver&utm_medium=pcs&utm_campaign=WCONCEPT&utm_content=none&utm_term=none
에스쁘아,lip,7,에스쁘아 꾸뛰르 립틴트 피팅블러,complete_detail,manual_review_required,collected_complete,fetched,terms_not_configured,,velvet,tint,8,blur,,unknown,unknown,Korea,시코르,17600,https://chicor.com/goods/0000000119749?utm_source=naver&utm_medium=cpc&utm_campaign=ep
에스쁘아,lip,8,[에스쁘아] [1+1] 꾸뛰르 립 틴트 글레이즈 AD(BEST 컬러 ),failed_detail_fetch,manual_review_required,failed,http_error,terms_not_configured,http_status:403,,tint,0,,,unknown,unknown,Korea,ABLY,30340,https://m.a-bly.com/goods/47215798?utm_source=web_naver-shopping&utm_medium=display&utm_campaign=web_naver-shopping&utm_content=47215798
에스쁘아,lip,9,에스쁘아 꾸뛰르 립틴트 글레이즈 (25AD),complete_detail,manual_review_required,collected_complete,fetched,terms_not_configured,,,tint,11,lightweight,,unknown,unknown,Korea,시코르,17600,https://chicor.com/goods/0000000118962?utm_source=naver&utm_medium=cpc&utm_campaign=ep
에스쁘아,lip,10,[에스쁘아] NEW 꾸뛰르 립틴트 글레이즈,blocked_detail_fetch,blocked,not_attempted,,robots_disallowed,,,,0,,,unknown,unknown,Korea,GSSHOP,18700,http://with.gsshop.com/alia/aliaGate.gs?media=OB&ecpid=1077625874&vodFlag=N&prdseqnum=1077625874&utm_source=price&utm_medium=affiliate&utm_campaign=naver
에스쁘아,shadow,1,[에스쁘아] 아이 코어 팔레트,failed_detail_fetch,manual_review_required,failed,http_error,terms_not_configured,http_status:403,,powder,0,,,unknown,unknown,Korea,ABLY,23610,https://m.a-bly.com/goods/28683928?utm_source=web_naver-shopping&utm_medium=display&utm_campaign=web_naver-shopping&utm_content=28683928
에스쁘아,shadow,2,[오트라떼/재출시] 에스쁘아 아이 코어 팔레트 8 colors,failed_detail_fetch,manual_review_required,failed,http_error,robots_fetch_failed_requires_manual_review,http_status:403,,powder,0,,,listed,unknown,Korea,올리브영,30600,https://www.oliveyoung.co.kr/store/common/partner.do?chlNo=1&chlDtlNo=1&utm_source=naver&utm_medium=shopping_ep&utm_campaign=onpro_ep_product_0101_1231&utm_content=pc_price&sndType=goods&sndVal=A000000209174
에스쁘아,shadow,3,에스쁘아 리얼 아이 팔레트 올 뉴 7.5g,blocked_detail_fetch,blocked,not_attempted,,robots_disallowed,,,,0,,,unknown,unknown,Korea,롯데ON,13590,https://www.lotteon.com/p/product/LO2688114850?sitmNo=LO2688114850_2688114851&ch_no=100065&ch_dtl_no=1000030&entryPoint=pcs&dp_infw_cd=CHT
에스쁘아,shadow,4,에스쁘아 리얼 아이 애교살 스틱 1.45g,blocked_detail_fetch,blocked,not_attempted,,robots_disallowed,,,,0,,,unknown,unknown,Korea,롯데ON,56790,https://www.lotteon.com/p/product/LO2401766394?sitmNo=LO2401766394_2401766397&ch_no=100065&ch_dtl_no=1000030&entryPoint=pcs&dp_infw_cd=CHT
에스쁘아,shadow,5,에스쁘아 리얼 아이 애교살 스틱 1.45g,blocked_detail_fetch,blocked,not_attempted,,robots_disallowed,,,,0,,,unknown,unknown,Korea,롯데ON,54450,https://www.lotteon.com/p/product/LO2401770975?sitmNo=LO2401770975_2401770978&ch_no=100065&ch_dtl_no=1000030&entryPoint=pcs&dp_infw_cd=CHT
에스쁘아,shadow,6,아이 코어 팔레트,complete_detail,manual_review_required,collected_complete,fetched,terms_not_configured,,,powder,4,,,unknown,unknown,Korea,시코르,25200,https://chicor.com/goods/0000000109535?utm_source=naver&utm_medium=cpc&utm_campaign=ep
에스쁘아,shadow,7,[에스쁘아] 아이 코어 팔레트,blocked_detail_fetch,blocked,not_attempted,,robots_disallowed,,,,0,,,unknown,unknown,Korea,더블유컨셉,25200,http://www.wconcept.co.kr/Product/308300442?adfrom=naver_ep&utm_source=naver&utm_medium=pcs&utm_campaign=WCONCEPT&utm_content=none&utm_term=none
에스쁘아,shadow,8,[에스쁘아] 아이 코어 팔레트,blocked_detail_fetch,blocked,not_attempted,,robots_disallowed,,,,0,,,unknown,unknown,Korea,GSSHOP,30600,http://with.gsshop.com/alia/aliaGate.gs?media=OB&ecpid=1065471015&vodFlag=N&prdseqnum=1065471015&utm_source=price&utm_medium=affiliate&utm_campaign=naver
에스쁘아,shadow,9,에스쁘아 아이 코어 팔레트 9g 1개,blocked_detail_fetch,blocked,not_attempted,,robots_disallowed,,,,0,,,unknown,unknown,Korea,롯데ON,24930,https://www.lotteon.com/p/product/LO2403134565?sitmNo=LO2403134565_2403134567&ch_no=100065&ch_dtl_no=1000030&entryPoint=pcs&dp_infw_cd=CHT
에스쁘아,shadow,10,오트라떼/재출시 에스쁘아 아이 코어 팔레트 8 colors,blocked_detail_fetch,blocked,not_attempted,,robots_disallowed,,,,0,,,unknown,unknown,Korea,롯데ON,34830,https://www.lotteon.com/p/product/LO2700080591?sitmNo=LO2700080591_2700080592&ch_no=100065&ch_dtl_no=1000030&entryPoint=pcs&dp_infw_cd=CHT
에스쁘아,base,1,[에스쁘아] 비글로우 볼륨 쿠션 (본품+리필),failed_detail_fetch,manual_review_required,failed,http_error,terms_not_configured,http_status:403,glossy,cushion,0,glow,,unknown,unknown,Korea,ABLY,30000,https://m.a-bly.com/goods/28272546?utm_source=web_naver-shopping&utm_medium=display&utm_campaign=web_naver-shopping&utm_content=28272546
에스쁘아,base,2,[에스쁘아] 실크스킨/비벨벳/비글로우/비내추럴 쿠션 리필 (4종택2),failed_detail_fetch,manual_review_required,failed,http_error,terms_not_configured,http_status:403,velvet,cushion,0,glow,natural_makeup,unknown,unknown,Korea,ABLY,24510,https://m.a-bly.com/goods/11731532?utm_source=web_naver-shopping&utm_medium=display&utm_campaign=web_naver-shopping&utm_content=11731532
에스쁘아,base,3,[에스쁘아] 비글로우 볼륨 쿠션 단품 기획세트 (+퍼프 1매 구성),failed_detail_fetch,manual_review_required,failed,http_error,terms_not_configured,http_status:403,glossy,cushion,0,glow,,unknown,unknown,Korea,ABLY,20330,https://m.a-bly.com/goods/27819203?utm_source=web_naver-shopping&utm_medium=display&utm_campaign=web_naver-shopping&utm_content=27819203
에스쁘아,base,4,[에스쁘아] 비벨벳 커버 쿠션(본품+리필),failed_detail_fetch,manual_review_required,failed,http_error,terms_not_configured,http_status:403,velvet,cushion,0,coverage,,unknown,unknown,Korea,ABLY,33100,https://m.a-bly.com/goods/10465451?utm_source=web_naver-shopping&utm_medium=display&utm_campaign=web_naver-shopping&utm_content=10465451
에스쁘아,base,5,[100시간 지속/고커버] 에스쁘아 비벨벳 커버쿠션 SPF42 PA++ 본품+리필,failed_detail_fetch,manual_review_required,failed,http_error,robots_fetch_failed_requires_manual_review,http_status:403,velvet,cushion,0,long_lasting | coverage,,listed,unknown,Korea,올리브영,34000,https://www.oliveyoung.co.kr/store/common/partner.do?chlNo=1&chlDtlNo=1&utm_source=naver&utm_medium=shopping_ep&utm_campaign=onpro_ep_product_0101_1231&utm_content=pc_price&sndType=goods&sndVal=A000000184222
에스쁘아,base,6,[에스쁘아] 듀라이크 젤로 톤업 쿠션(단품),failed_detail_fetch,manual_review_required,failed,http_error,terms_not_configured,http_status:403,,cushion,0,,,unknown,unknown,Korea,ABLY,14030,https://m.a-bly.com/goods/19641854?utm_source=web_naver-shopping&utm_medium=display&utm_campaign=web_naver-shopping&utm_content=19641854
에스쁘아,base,7,[에스쁘아] 쁘띠뷰티 비벨벳 커버 쿠션 미니,failed_detail_fetch,manual_review_required,failed,http_error,terms_not_configured,http_status:403,velvet,cushion,0,coverage,,unknown,unknown,Korea,ABLY,11180,https://m.a-bly.com/goods/44527788?utm_source=web_naver-shopping&utm_medium=display&utm_campaign=web_naver-shopping&utm_content=44527788
에스쁘아,base,8,[기름종이쿠션/퍼프 3매 추가 증정 기획] 에스쁘아 비벨벳 세범컷 쿨링 쿠션 15.8g,failed_detail_fetch,manual_review_required,failed,http_error,robots_fetch_failed_requires_manual_review,http_status:403,velvet,cushion,0,,,listed,unknown,Korea,올리브영,19900,https://www.oliveyoung.co.kr/store/common/partner.do?chlNo=1&chlDtlNo=1&utm_source=naver&utm_medium=shopping_ep&utm_campaign=onpro_ep_product_0101_1231&utm_content=pc_price&sndType=goods&sndVal=A000000230386
에스쁘아,base,9,[에스쁘아] 결커버 실크 스킨 레이어 쿠션,failed_detail_fetch,manual_review_required,failed,http_error,terms_not_configured,http_status:403,,cushion,0,coverage,,unknown,unknown,Korea,ABLY,20260,https://m.a-bly.com/goods/65908938?utm_source=web_naver-shopping&utm_medium=display&utm_campaign=web_naver-shopping&utm_content=65908938
에스쁘아,base,10,[에스쁘아] 비내추럴 쿠션 SPF50+ PA++++(본품+리필),failed_detail_fetch,manual_review_required,failed,http_error,terms_not_configured,http_status:403,,cushion,0,,natural_makeup,unknown,unknown,Korea,ABLY,23650,https://m.a-bly.com/goods/44987554?utm_source=web_naver-shopping&utm_medium=display&utm_campaign=web_naver-shopping&utm_content=44987554
에스쁘아,cheek,1,[에스쁘아] 블러 웨어 블러쉬,failed_detail_fetch,manual_review_required,failed,http_error,terms_not_configured,http_status:403,velvet,,0,blur,,unknown,unknown,Korea,ABLY,18810,https://m.a-bly.com/goods/65911573?utm_source=web_naver-shopping&utm_medium=display&utm_campaign=web_naver-shopping&utm_content=65911573
에스쁘아,cheek,2,[톤온톤 블러 틴트 증정 기획] 에스쁘아 블러 웨어 블러쉬 6g 6colors,failed_detail_fetch,manual_review_required,failed,http_error,robots_fetch_failed_requires_manual_review,http_status:403,velvet,tint,0,blur,,listed,unknown,Korea,올리브영,19900,https://www.oliveyoung.co.kr/store/common/partner.do?chlNo=1&chlDtlNo=1&utm_source=naver&utm_medium=shopping_ep&utm_campaign=onpro_ep_product_0101_1231&utm_content=pc_price&sndType=goods&sndVal=A000000247247
에스쁘아,cheek,3,에스쁘아 블러웨어 블러쉬,complete_detail,manual_review_required,collected_complete,fetched,terms_not_configured,,velvet,cream,6,blur,,unknown,unknown,Korea,시코르,20000,https://chicor.com/goods/5100002044766?utm_source=naver&utm_medium=cpc&utm_campaign=ep
에스쁘아,cheek,4,[에스쁘아] 톤 페어링 치크 블러셔 3호 비올레타,partial_detail,manual_review_required,collected_partial,fetched,terms_not_configured,,velvet,,0,blur,,unknown,unknown,Korea,ARTBOX,24180,https://www.poom.co.kr/gate/initGate.action?gate_chnl_no=naver&goods_no=G25041299715
에스쁘아,cheek,5,[에스쁘아] 톤 페어링 치크 블러셔 2호 피치핑크,partial_detail,manual_review_required,collected_partial,fetched,terms_not_configured,,velvet,,0,blur,,unknown,unknown,Korea,ARTBOX,24180,https://www.poom.co.kr/gate/initGate.action?gate_chnl_no=naver&goods_no=G25041299716
에스쁘아,cheek,6,에스쁘아 톤페어링 리퀴드 치크 8ml,blocked_detail_fetch,blocked,not_attempted,,robots_disallowed,,,,0,,,unknown,unknown,Korea,롯데ON,13860,https://www.lotteon.com/p/product/LO2401671165?sitmNo=LO2401671165_2401671169&ch_no=100065&ch_dtl_no=1000030&entryPoint=pcs&dp_infw_cd=CHT
에스쁘아,cheek,7,2가지 텍스처/멀티블러셔 에스쁘아 톤페어링 치크 9.6g 2호 피치피즈,blocked_detail_fetch,blocked,not_attempted,,robots_disallowed,,,,0,,,unknown,unknown,Korea,롯데ON,22950,https://www.lotteon.com/p/product/LO2701850464?sitmNo=LO2701850464_2701850465&ch_no=100065&ch_dtl_no=1000030&entryPoint=pcs&dp_infw_cd=CHT
에스쁘아,cheek,8,MARIO[에스쁘아] 톤 페어링 치크 멀티 블러셔 | 에스쁘아 - 보리보리,partial_detail,manual_review_required,collected_partial,fetched,robots_fetch_failed_requires_manual_review,,velvet,,0,blur,,unknown,unknown,Korea,보리보리,40,http://gate.boribori.co.kr/naver?site_cd=2&type=detail_pcode&p1=P396639910&partnerid=b_naverdb
에스쁘아,cheek,9,MARIO[에스쁘아] 톤 페어링 치크 멀티 블러셔 | 에스쁘아 - 하프클럽,partial_detail,manual_review_required,collected_partial,fetched,robots_fetch_failed_requires_manual_review,,velvet,,0,blur,,unknown,unknown,Korea,하프클럽,17200,http://gate.halfclub.com/naver?site_cd=1&type=detail_pcode&p1=P396639944&partnerid=naverdb
에스쁘아,cheek,10,[에스쁘아] 블러 웨어 블러쉬,blocked_detail_fetch,blocked,not_attempted,,robots_disallowed,,,,0,,,unknown,unknown,Korea,GSSHOP,19770,http://with.gsshop.com/alia/aliaGate.gs?media=OB&ecpid=1113456986&vodFlag=N&prdseqnum=1113456986&utm_source=price&utm_medium=affiliate&utm_campaign=naver
에스쁘아,liner,1,[사면확장/아이라이너] 에스쁘아 아이 오프닝 펜슬 0.3g,failed_detail_fetch,manual_review_required,failed,http_error,robots_fetch_failed_requires_manual_review,http_status:403,,pencil,0,,,listed,unknown,Korea,올리브영,11900,https://www.oliveyoung.co.kr/store/common/partner.do?chlNo=1&chlDtlNo=1&utm_source=naver&utm_medium=shopping_ep&utm_campaign=onpro_ep_product_0101_1231&utm_content=pc_price&sndType=goods&sndVal=A000000230931
에스쁘아,liner,2,[에스쁘아] 아이 오프닝 펜슬,failed_detail_fetch,manual_review_required,failed,http_error,terms_not_configured,http_status:403,,pencil,0,,,unknown,unknown,Korea,ABLY,11800,https://m.a-bly.com/goods/44527618?utm_source=web_naver-shopping&utm_medium=display&utm_campaign=web_naver-shopping&utm_content=44527618
에스쁘아,liner,3,[에스쁘아] 노머징 브러쉬 라이너,failed_detail_fetch,manual_review_required,failed,http_error,terms_not_configured,http_status:403,,liner,0,,,unknown,unknown,Korea,ABLY,11140,https://m.a-bly.com/goods/2195928?utm_source=web_naver-shopping&utm_medium=display&utm_campaign=web_naver-shopping&utm_content=2195928
에스쁘아,liner,4,[에스쁘아] 아이 오프닝 펜슬,failed_detail_fetch,manual_review_required,failed,http_error,terms_not_configured,http_status:403,,pencil,0,,,unknown,unknown,Korea,ABLY,21670,https://m.a-bly.com/goods/45007138?utm_source=web_naver-shopping&utm_medium=display&utm_campaign=web_naver-shopping&utm_content=45007138
에스쁘아,liner,5,에스쁘아 노머징 브러쉬 라이너,failed_detail_fetch,manual_review_required,failed,http_error,robots_fetch_failed_requires_manual_review,http_status:403,,liner,0,,,listed,unknown,Korea,올리브영,13500,https://www.oliveyoung.co.kr/store/common/partner.do?chlNo=1&chlDtlNo=1&utm_source=naver&utm_medium=shopping_ep&utm_campaign=onpro_ep_product_0101_1231&utm_content=pc_price&sndType=goods&sndVal=A000000134324
에스쁘아,liner,6,[에스쁘아] 노머징 브러쉬 라이너 2개 SET,blocked_detail_fetch,blocked,not_attempted,,robots_disallowed,,,,0,,,unknown,unknown,Korea,GSSHOP,31620,http://with.gsshop.com/alia/aliaGate.gs?media=OB&ecpid=1063745868&vodFlag=N&prdseqnum=1063745868&utm_source=price&utm_medium=affiliate&utm_campaign=naver
에스쁘아,liner,7,[에스쁘아] 아이 오프닝 펜슬,blocked_detail_fetch,blocked,not_attempted,,robots_disallowed,,,,0,,,unknown,unknown,Korea,GSSHOP,15300,http://with.gsshop.com/alia/aliaGate.gs?media=OB&ecpid=1081972483&vodFlag=N&prdseqnum=1081972483&utm_source=price&utm_medium=affiliate&utm_campaign=naver
에스쁘아,liner,8,사면확장/아이라이너 에스쁘아 아이 오프닝 펜슬 0.3g,blocked_detail_fetch,blocked,not_attempted,,robots_disallowed,,,,0,,,unknown,unknown,Korea,롯데ON,14850,https://www.lotteon.com/p/product/LO2700267357?sitmNo=LO2700267357_2700267358&ch_no=100065&ch_dtl_no=1000030&entryPoint=pcs&dp_infw_cd=CHT
에스쁘아,liner,9,에스쁘아 노머징 브러쉬 라이너,blocked_detail_fetch,blocked,not_attempted,,robots_disallowed,,,,0,,,unknown,unknown,Korea,롯데ON,17460,https://www.lotteon.com/p/product/LO2700101837?sitmNo=LO2700101837_2700101838&ch_no=100065&ch_dtl_no=1000030&entryPoint=pcs&dp_infw_cd=CHT
에스쁘아,liner,10,에스쁘아 아이 오프닝 펜슬 오트 베이지,blocked_detail_fetch,blocked,not_attempted,,robots_disallowed,,,,0,,,unknown,unknown,Korea,롯데ON,17950,https://www.lotteon.com/p/product/LO2714115085?sitmNo=LO2714115085_2714115086&ch_no=100065&ch_dtl_no=1000030&entryPoint=pcs&dp_infw_cd=CHT
에스쁘아,brow,1,[에스쁘아] 더브로우 밸런스 펜슬,failed_detail_fetch,manual_review_required,failed,http_error,terms_not_configured,http_status:403,,pencil,0,,,unknown,unknown,Korea,ABLY,12040,https://m.a-bly.com/goods/4037591?utm_source=web_naver-shopping&utm_medium=display&utm_campaign=web_naver-shopping&utm_content=4037591
에스쁘아,brow,2,[에스쁘아] 더브로우 컬러 픽싱 카라,failed_detail_fetch,manual_review_required,failed,http_error,terms_not_configured,http_status:403,,,0,,,unknown,unknown,Korea,ABLY,13760,https://m.a-bly.com/goods/7605946?utm_source=web_naver-shopping&utm_medium=display&utm_campaign=web_naver-shopping&utm_content=7605946
에스쁘아,brow,3,[에스쁘아] 더브로우 밸런스 펜슬 2개 세트,failed_detail_fetch,manual_review_required,failed,http_error,terms_not_configured,http_status:403,,pencil,0,,,unknown,unknown,Korea,ABLY,22360,https://m.a-bly.com/goods/16728941?utm_source=web_naver-shopping&utm_medium=display&utm_campaign=web_naver-shopping&utm_content=16728941
에스쁘아,brow,4,[6월 올영픽/NEW 단독기획] 에스쁘아 더브로우 컬러 픽싱 카라 10 Colors,failed_detail_fetch,manual_review_required,failed,http_error,robots_fetch_failed_requires_manual_review,http_status:403,,,0,,,listed,unknown,Korea,올리브영,11900,https://www.oliveyoung.co.kr/store/common/partner.do?chlNo=1&chlDtlNo=1&utm_source=naver&utm_medium=shopping_ep&utm_campaign=onpro_ep_product_0101_1231&utm_content=pc_price&sndType=goods&sndVal=A000000183407
에스쁘아,brow,5,[납작브로우] 에스쁘아 더브로우 이지 쉐이핑 펜슬 5 colors,failed_detail_fetch,manual_review_required,failed,http_error,robots_fetch_failed_requires_manual_review,http_status:403,,pencil,0,,,listed,unknown,Korea,올리브영,14500,https://www.oliveyoung.co.kr/store/common/partner.do?chlNo=1&chlDtlNo=1&utm_source=naver&utm_medium=shopping_ep&utm_campaign=onpro_ep_product_0101_1231&utm_content=pc_price&sndType=goods&sndVal=A000000207415
에스쁘아,brow,6,[올리브영 단독/포켓뷰티] 에스쁘아 더브로우 컬러 픽싱 카라 미니 2g,failed_detail_fetch,manual_review_required,failed,http_error,robots_fetch_failed_requires_manual_review,http_status:403,,,0,,,listed,unknown,Korea,올리브영,8900,https://www.oliveyoung.co.kr/store/common/partner.do?chlNo=1&chlDtlNo=1&utm_source=naver&utm_medium=shopping_ep&utm_campaign=onpro_ep_product_0101_1231&utm_content=pc_price&sndType=goods&sndVal=A000000232526
에스쁘아,brow,7,[올영단독/더블기획] 에스쁘아 더브로우 밸런스 펜슬 0.1g 4colors 2개입,failed_detail_fetch,manual_review_required,failed,http_error,robots_fetch_failed_requires_manual_review,http_status:403,,pencil,0,,,listed,unknown,Korea,올리브영,21900,https://www.oliveyoung.co.kr/store/common/partner.do?chlNo=1&chlDtlNo=1&utm_source=naver&utm_medium=shopping_ep&utm_campaign=onpro_ep_product_0101_1231&utm_content=pc_price&sndType=goods&sndVal=A000000230941
에스쁘아,brow,8,[에스쁘아] 더브로우 이지 쉐이핑 펜슬,failed_detail_fetch,manual_review_required,failed,http_error,terms_not_configured,http_status:403,,pencil,0,,,unknown,unknown,Korea,ABLY,11800,https://m.a-bly.com/goods/22868279?utm_source=web_naver-shopping&utm_medium=display&utm_campaign=web_naver-shopping&utm_content=22868279
에스쁘아,brow,9,에스쁘아 더브로우 밸런스 펜슬,complete_detail,manual_review_required,collected_complete,fetched,terms_not_configured,,,pencil,8,lightweight,,unknown,unknown,Korea,시코르,12800,https://chicor.com/goods/0000000071272?utm_source=naver&utm_medium=cpc&utm_campaign=ep
에스쁘아,brow,10,[에스쁘아] [2개] 더브로우 이지 쉐이핑 펜슬,blocked_detail_fetch,blocked,not_attempted,,robots_disallowed,,,,0,,,unknown,unknown,Korea,GSSHOP,26790,http://with.gsshop.com/alia/aliaGate.gs?media=OB&ecpid=1063745871&vodFlag=N&prdseqnum=1063745871&utm_source=price&utm_medium=affiliate&utm_campaign=naver
뮤드,lip,1,[뮤드] 소프트 블러 틴트 3g,blocked_detail_fetch,blocked,not_attempted,,robots_disallowed,,,,0,,,unknown,unknown,Korea,더블유컨셉,13000,http://www.wconcept.co.kr/Product/303044923?adfrom=naver_ep&utm_source=naver&utm_medium=pcs&utm_campaign=WCONCEPT&utm_content=none&utm_term=none
뮤드,lip,2,뮤드 소프트 블러 틴트 3g 4657204,blocked_detail_fetch,blocked,not_attempted,,robots_disallowed,,,,0,,,unknown,unknown,Korea,롯데ON,25290,https://www.lotteon.com/p/product/LO2675690170?sitmNo=LO2675690170_2675690171&ch_no=100065&ch_dtl_no=1000030&entryPoint=pcs&dp_infw_cd=CHT
뮤드,lip,3,[뮤드] mude 글라세 립 틴트 11종 택1,blocked_detail_fetch,blocked,not_attempted,,robots_disallowed,,,,0,,,unknown,unknown,Korea,롯데ON,17990,https://www.lotteon.com/p/product/LO2474508903?sitmNo=LO2474508903_2474508904&ch_no=100065&ch_dtl_no=1000030&entryPoint=pcs&dp_infw_cd=CHT
뮤드,lip,4,뮤드 소프트 블러 매트 새틴 립 틴트 01 러스티 슈가,blocked_detail_fetch,blocked,not_attempted,,robots_disallowed,,,,0,,,unknown,unknown,Korea,롯데ON,33630,https://www.lotteon.com/p/product/LO2560239246?sitmNo=LO2560239246_2560239247&ch_no=100065&ch_dtl_no=1000030&entryPoint=pcs&dp_infw_cd=CHT
뮤드,lip,5,뮤드 글라세 립 광택 컬러 픽싱 틴트 04 번트 칠리,blocked_detail_fetch,blocked,not_attempted,,robots_disallowed,,,,0,,,unknown,unknown,Korea,롯데ON,33630,https://www.lotteon.com/p/product/LO2560239184?sitmNo=LO2560239184_2560239185&ch_no=100065&ch_dtl_no=1000030&entryPoint=pcs&dp_infw_cd=CHT
뮤드,lip,6,뮤드 글라세 립 촉촉 컬러 픽싱 틴트 13 썸머 피크닉,blocked_detail_fetch,blocked,not_attempted,,robots_disallowed,,,,0,,,unknown,unknown,Korea,롯데ON,33630,https://www.lotteon.com/p/product/LO2560239177?sitmNo=LO2560239177_2560239178&ch_no=100065&ch_dtl_no=1000030&entryPoint=pcs&dp_infw_cd=CHT
뮤드,lip,7,뮤드 엔젤 허그 글레이즈 10종 (단품/기획),blocked_detail_fetch,blocked,not_attempted,,robots_disallowed,,,,0,,,unknown,unknown,Korea,롯데ON,19530,https://www.lotteon.com/p/product/LO2707562816?sitmNo=LO2707562816_2707562817&ch_no=100065&ch_dtl_no=1000030&entryPoint=pcs&dp_infw_cd=CHT
뮤드,lip,8,뮤드 글라세 립 피치 컬러 픽싱 틴트 02 코랄 글라세,blocked_detail_fetch,blocked,not_attempted,,robots_disallowed,,,,0,,,unknown,unknown,Korea,롯데ON,33870,https://www.lotteon.com/p/product/LO2560239256?sitmNo=LO2560239256_2560239257&ch_no=100065&ch_dtl_no=1000030&entryPoint=pcs&dp_infw_cd=CHT
뮤드,lip,9,뮤드 소프트 블러 이지 블러링 립 틴트 11 메이플,blocked_detail_fetch,blocked,not_attempted,,robots_disallowed,,,,0,,,unknown,unknown,Korea,롯데ON,33640,https://www.lotteon.com/p/product/LO2560239425?sitmNo=LO2560239425_2560239426&ch_no=100065&ch_dtl_no=1000030&entryPoint=pcs&dp_infw_cd=CHT
뮤드,lip,10,뮤드 소프트 블러 비비드 핑크 립 틴트 08 스무디,blocked_detail_fetch,blocked,not_attempted,,robots_disallowed,,,,0,,,unknown,unknown,Korea,롯데ON,33630,https://www.lotteon.com/p/product/LO2560239221?sitmNo=LO2560239221_2560239222&ch_no=100065&ch_dtl_no=1000030&entryPoint=pcs&dp_infw_cd=CHT
뮤드,shadow,1,[뮤드] 숄 모먼트 아이섀도우 라떼 팔레트 (7color),blocked_detail_fetch,blocked,not_attempted,,robots_disallowed,,,,0,,,unknown,unknown,Korea,더블유컨셉,27200,http://www.wconcept.co.kr/Product/305589059?adfrom=naver_ep&utm_source=naver&utm_medium=pcs&utm_campaign=WCONCEPT&utm_content=none&utm_term=none
뮤드,shadow,2,숄 모먼트 아이섀도우 팔레트,complete_detail,manual_review_required,collected_complete,fetched,terms_not_configured,,,powder,8,,,unknown,unknown,Korea,시코르,27200,https://chicor.com/goods/0000000070844?utm_source=naver&utm_medium=cpc&utm_campaign=ep
뮤드,shadow,3,뮤드 풀 블룸 글로우 팔레트,complete_detail,manual_review_required,collected_complete,fetched,terms_not_configured,,glossy,powder,1,glow,,unknown,unknown,Korea,시코르,17000,https://chicor.com/goods/0000000107639?utm_source=naver&utm_medium=cpc&utm_campaign=ep
뮤드,shadow,4,뮤드 아이섀도우 팔레트 데일리 메이크업 숄 모먼트 러브시크,blocked_detail_fetch,blocked,not_attempted,,robots_disallowed,,,,0,,,unknown,unknown,Korea,롯데ON,43470,https://www.lotteon.com/p/product/LO2593037923?sitmNo=LO2593037923_2593037924&ch_no=100065&ch_dtl_no=1000030&entryPoint=pcs&dp_infw_cd=CHT
뮤드,shadow,5,NEW컬러 뮤드 숄 모먼트 아이섀도우 팔레트 8종 중 택1 단품기획 4066284,blocked_detail_fetch,blocked,not_attempted,,robots_disallowed,,,,0,,,unknown,unknown,Korea,롯데ON,42390,https://www.lotteon.com/p/product/LO2711102010?sitmNo=LO2711102010_2711102011&ch_no=100065&ch_dtl_no=1000030&entryPoint=pcs&dp_infw_cd=CHT
뮤드,shadow,6,NEW컬러 뮤드 숄 모먼트 아이섀도우 팔레트 8종 중 택1 단품/기획,blocked_detail_fetch,blocked,not_attempted,,robots_disallowed,,,,0,,,unknown,unknown,Korea,롯데ON,29790,https://www.lotteon.com/p/product/LO2699989980?sitmNo=LO2699989980_2699989981&ch_no=100065&ch_dtl_no=1000030&entryPoint=pcs&dp_infw_cd=CHT
뮤드,shadow,7,뮤드 숄 모먼트 아이섀도우 팔레트 뮤즈 모먼트 2호,blocked_detail_fetch,blocked,not_attempted,,robots_disallowed,,,,0,,,unknown,unknown,Korea,롯데ON,35290,https://www.lotteon.com/p/product/LO2682606178?sitmNo=LO2682606178_2682606179&ch_no=100065&ch_dtl_no=1000030&entryPoint=pcs&dp_infw_cd=CHT
뮤드,shadow,8,뮤드 숄 모먼트 아이섀도우 팔레트 라일락 모먼트 4호,blocked_detail_fetch,blocked,not_attempted,,robots_disallowed,,,,0,,,unknown,unknown,Korea,롯데ON,35290,https://www.lotteon.com/p/product/LO2682605879?sitmNo=LO2682605879_2682605880&ch_no=100065&ch_dtl_no=1000030&entryPoint=pcs&dp_infw_cd=CHT
뮤드,shadow,9,뮤드 숄 모먼트 아이섀도우 팔레트 7g 7colors,blocked_detail_fetch,blocked,not_attempted,,robots_disallowed,,,,0,,,unknown,unknown,Korea,롯데ON,42260,https://www.lotteon.com/p/product/LO2682313424?sitmNo=LO2682313424_2682313425&ch_no=100065&ch_dtl_no=1000030&entryPoint=pcs&dp_infw_cd=CHT
뮤드,shadow,10,뮤드 숄 모먼트 아이섀도우 팔레트 러브 시크 8호,blocked_detail_fetch,blocked,not_attempted,,robots_disallowed,,,,0,,,unknown,unknown,Korea,롯데ON,36010,https://www.lotteon.com/p/product/LO2682680593?sitmNo=LO2682680593_2682680594&ch_no=100065&ch_dtl_no=1000030&entryPoint=pcs&dp_infw_cd=CHT
뮤드,base,1,뮤드 소프트 실키 핏 쿠션 (본품+리필) 내추럴 2호,blocked_detail_fetch,blocked,not_attempted,,robots_disallowed,,,,0,,,unknown,unknown,Korea,롯데ON,39690,https://www.lotteon.com/p/product/LO2684240533?sitmNo=LO2684240533_2684240534&ch_no=100065&ch_dtl_no=1000030&entryPoint=pcs&dp_infw_cd=CHT
뮤드,base,2,뮤드 쿠션 커버 파운데이션 소프트 실키 핏 본품 리필 세트,blocked_detail_fetch,blocked,not_attempted,,robots_disallowed,,,,0,,,unknown,unknown,Korea,익스프레스권,53550,https://smartstore.naver.com/main/products/12809393166
뮤드,base,3,컬러 뮤드 숄 모먼트 아이섀도우 팔레트 8종 중 택1,blocked_detail_fetch,blocked,not_attempted,,robots_disallowed,,,,0,,,unknown,unknown,Korea,시크릿 뉴베이스,32220,https://smartstore.naver.com/main/products/11161885037
뮤드,base,4,한국콜마 뮤드 소프트 실키 핏 쿠션 15g(SPF50+) 본품+리필,blocked_detail_fetch,blocked,not_attempted,,robots_disallowed,,,,0,,,unknown,unknown,Korea,네이버,24500,https://search.shopping.naver.com/catalog/59386908783
뮤드,base,5,[뮤드] 소프트 실키 핏 쿠션 (본품+리필),blocked_detail_fetch,blocked,not_attempted,,robots_disallowed,,,,0,,,unknown,unknown,Korea,더블유컨셉,28000,http://www.wconcept.co.kr/Product/305814585?adfrom=naver_ep&utm_source=naver&utm_medium=pcs&utm_campaign=WCONCEPT&utm_content=none&utm_term=none
뮤드,base,6,뮤드 베이스 선 수분 광채 미백 소프트 스킨 핏 글로우 MNS,blocked_detail_fetch,blocked,not_attempted,,robots_disallowed,,,,0,,,unknown,unknown,Korea,11번가,32630,https://www.11st.co.kr/connect/Gateway.tmall?method=Xsite&prdNo=9198751892&tid=1000000061
뮤드,base,7,뮤드 소프트 실키 핏 쿠션 2033996,blocked_detail_fetch,blocked,not_attempted,,robots_disallowed,,,,0,,,unknown,unknown,Korea,11번가,37050,https://www.11st.co.kr/connect/Gateway.tmall?method=Xsite&prdNo=9167353047&tid=1000000061
뮤드,base,8,뮤드 쿠션 커버 파운데이션 소프트 실키 핏 본품 리필 세트,blocked_detail_fetch,blocked,not_attempted,,robots_disallowed,,,,0,,,unknown,unknown,Korea,11번가,48150,https://www.11st.co.kr/connect/Gateway.tmall?method=Xsite&prdNo=8929091239&tid=1000000061
뮤드,base,9,[뮤드] 소프트 실키 핏 쿠션,failed_detail_fetch,manual_review_required,failed,security_challenge,terms_not_configured,security_challenge_no_bypass,,cushion,0,,,unknown,unknown,Korea,29CM,31500,https://product.29cm.co.kr/catalog/2680771?BSCCN1=2680771&BSCPN=CMCOM&utm_campaign=conversion_navershopping&utm_source=growth_naver&utm_term=2680771&naver_code=naver_ep&utm_content=conversion_navershopping&BSPRG=NAVERSH&utm_medium=display
뮤드,base,10,뮤드 소프트 실키 핏 쿠션,complete_detail,manual_review_required,collected_complete,fetched,terms_not_configured,,matte,cushion,2,adhesion | coverage,natural_makeup,unknown,unknown,Korea,시코르,28000,https://chicor.com/goods/0000000100219?utm_source=naver&utm_medium=cpc&utm_campaign=ep
뮤드,cheek,1,[뮤드] 플러터 블러셔 5g,blocked_detail_fetch,blocked,not_attempted,,robots_disallowed,,,,0,,,unknown,unknown,Korea,더블유컨셉,13600,http://www.wconcept.co.kr/Product/301787896?adfrom=naver_ep&utm_source=naver&utm_medium=pcs&utm_campaign=WCONCEPT&utm_content=none&utm_term=none
뮤드,cheek,2,뮤드 플러터 블러셔,blocked_detail_fetch,blocked,not_attempted,,robots_disallowed,,,,0,,,unknown,unknown,Korea,뮤드 mude,14400,https://smartstore.naver.com/main/products/6805021019
뮤드,cheek,3,이런 상품 어때요? 뮤드 플러터 블러셔 5g,partial_detail,manual_review_required,collected_partial,fetched,terms_not_configured,,velvet,,0,blur,,unknown,unknown,Korea,뮤드,14400,https://shopping.naver.com/outlink/itemdetail/6805021018
뮤드,cheek,4,"뮤드 플러터 블러셔 뮤트 라벤더, 5g",blocked_detail_fetch,blocked,not_attempted,,robots_disallowed,,,,0,,,unknown,unknown,Korea,네이버,14400,https://search.shopping.naver.com/catalog/56226379252
뮤드,cheek,5,플러터 블러셔,complete_detail,manual_review_required,collected_complete,fetched,terms_not_configured,,velvet,,11,blur,,unknown,unknown,Korea,시코르,14400,https://chicor.com/goods/0000000073181?utm_source=naver&utm_medium=cpc&utm_campaign=ep
뮤드,cheek,6,[NEW컬러] 뮤드 플러터 블러셔 8종 택1,blocked_detail_fetch,blocked,not_attempted,,robots_disallowed,,,,0,,,unknown,unknown,Korea,롯데ON,23130,https://www.lotteon.com/p/product/LO2713414419?sitmNo=LO2713414419_2713414422&ch_no=100065&ch_dtl_no=1000030&entryPoint=pcs&dp_infw_cd=CHT
뮤드,cheek,7,NEW컬러 뮤드 플러터 블러셔 8종 택1 4065920,blocked_detail_fetch,blocked,not_attempted,,robots_disallowed,,,,0,,,unknown,unknown,Korea,롯데ON,24030,https://www.lotteon.com/p/product/LO2711221031?sitmNo=LO2711221031_2711221034&ch_no=100065&ch_dtl_no=1000030&entryPoint=pcs&dp_infw_cd=CHT
뮤드,cheek,8,NEW컬러 뮤드 플러터 블러셔 8종중 택1,blocked_detail_fetch,blocked,not_attempted,,robots_disallowed,,,,0,,,unknown,unknown,Korea,롯데ON,19170,https://www.lotteon.com/p/product/LO2700822230?sitmNo=LO2700822230_2700822233&ch_no=100065&ch_dtl_no=1000030&entryPoint=pcs&dp_infw_cd=CHT
뮤드,cheek,9,지그재그 스토어,partial_detail,manual_review_required,collected_partial,fetched,terms_not_configured,,velvet,,0,blur,,unknown,unknown,Korea,지그재그,32000,https://zigzag.kr/link/bridge?product_id=156583542&shop_id=21082&utm_source=shopping_naver_all&tab=recommendation
뮤드,cheek,10,뮤드애프터눈코랄 뮤드플러터블러셔 두근두근블러셔,blocked_detail_fetch,blocked,not_attempted,,robots_disallowed,,,,0,,,unknown,unknown,Korea,와우마트369,18140,https://smartstore.naver.com/main/products/10327258382
뮤드,liner,1,컬러 뮤드 인스파이어 스키니 브로우 카라 10종 단품/ 285677,blocked_detail_fetch,blocked,not_attempted,,robots_disallowed,,,,0,,,unknown,unknown,Korea,CYOU,23370,https://smartstore.naver.com/main/products/13592012609
뮤드,liner,2,[NEW] 뮤드 아이래쉬 틴팅 세럼 샷 3종 중 택1,blocked_detail_fetch,blocked,not_attempted,,robots_disallowed,,,,0,,,unknown,unknown,Korea,쿠팡,29000,https://link.coupang.com/re/PCSNAVERPCSDP?pageKey=9262821893&ctag=9262821893&lptag=I27874686977&itemId=27874686977&vendorItemId=94833845790&spec=10305199
뮤드,liner,3,[NEW 출시] 뮤드 아이래쉬 세럼 샷,blocked_detail_fetch,blocked,not_attempted,,robots_disallowed,,,,0,,,unknown,unknown,Korea,쿠팡,31600,https://link.coupang.com/re/PCSNAVERPCSDP?pageKey=8474299176&ctag=8474299176&lptag=I27874786716&itemId=27874786716&vendorItemId=94833944122&spec=10305199
뮤드,liner,4,뮤드 아이래쉬 틴팅 세럼 샷 1개 틴팅 세럼 샷 02 브라운,blocked_detail_fetch,blocked,not_attempted,,robots_disallowed,,,,0,,,unknown,unknown,Korea,쿠팡,21690,https://link.coupang.com/re/PCSNAVERPCSDP?pageKey=9262821893&ctag=9262821893&lptag=V95682928736&itemId=28016631139&vendorItemId=95682928736&spec=10305199
뮤드,liner,5,뮤드 아이래쉬 틴팅 세럼 샷 1개 틴팅 세럼 샷 02 브라운,blocked_detail_fetch,blocked,not_attempted,,robots_disallowed,,,,0,,,unknown,unknown,Korea,쿠팡,19900,https://link.coupang.com/re/PCSNAVERPCSDP?pageKey=9262821893&ctag=9262821893&lptag=V95360629108&itemId=28016631139&vendorItemId=95360629108&spec=10305199
뮤드,liner,6,뮤드 아이래쉬 틴팅 세럼 샷 1개 세럼 샷 00 클리어,blocked_detail_fetch,blocked,not_attempted,,robots_disallowed,,,,0,,,unknown,unknown,Korea,쿠팡,19900,https://link.coupang.com/re/PCSNAVERPCSDP?pageKey=8474299176&ctag=8474299176&lptag=V95360629107&itemId=28016631141&vendorItemId=95360629107&spec=10305199
뮤드,liner,7,뮤드 아이래쉬 틴팅 세럼 샷 1개 세럼 샷 00 클리어,blocked_detail_fetch,blocked,not_attempted,,robots_disallowed,,,,0,,,unknown,unknown,Korea,쿠팡,16300,https://link.coupang.com/re/PCSNAVERPCSDP?pageKey=8474299176&ctag=8474299176&lptag=I28016631141&itemId=28016631141&vendorItemId=95335701913&spec=10305199
뮤드,liner,8,뮤드 아이래쉬 틴팅 세럼 샷 1개 틴팅 세럼 샷 02 브라운,blocked_detail_fetch,blocked,not_attempted,,robots_disallowed,,,,0,,,unknown,unknown,Korea,쿠팡,16300,https://link.coupang.com/re/PCSNAVERPCSDP?pageKey=9262821893&ctag=9262821893&lptag=I28016631139&itemId=28016631139&vendorItemId=95335701911&spec=10305199
뮤드,liner,9,[NEW] 뮤드 아이래쉬 틴팅 세럼 샷 3종 중 택1(단품/기획) [단품]틴팅 세럼 샷 02 브라운,blocked_detail_fetch,blocked,not_attempted,,robots_disallowed,,,,0,,,unknown,unknown,Korea,쿠팡,23400,https://link.coupang.com/re/PCSNAVERPCSDP?pageKey=9387520604&ctag=9387520604&lptag=I28673269322&itemId=28673269322&vendorItemId=95615126264&spec=10305199
뮤드,liner,10,[NEW] 뮤드 아이래쉬 틴팅 세럼 샷 3종 중 택1(단품/기획) [단품]세럼 샷 00 클리어,blocked_detail_fetch,blocked,not_attempted,,robots_disallowed,,,,0,,,unknown,unknown,Korea,쿠팡,23400,https://link.coupang.com/re/PCSNAVERPCSDP?pageKey=9387520604&ctag=9387520604&lptag=I28673269323&itemId=28673269323&vendorItemId=95615126263&spec=10305199
뮤드,brow,1,[뮤드] 뮤드 인스파이어 스키니 브로우 카라,blocked_detail_fetch,blocked,not_attempted,,robots_disallowed,,,,0,,,unknown,unknown,Korea,더블유컨셉,11600,http://www.wconcept.co.kr/Product/306252372?adfrom=naver_ep&utm_source=naver&utm_medium=pcs&utm_campaign=WCONCEPT&utm_content=none&utm_term=none
뮤드,brow,2,[7월 올영픽/마찌콜라보] 뮤드 스키니 브로우 카라 10종 (단품/기획),failed_detail_fetch,manual_review_required,failed,http_error,robots_fetch_failed_requires_manual_review,http_status:403,,,0,,,listed,unknown,Korea,올리브영,11370,https://www.oliveyoung.co.kr/store/common/partner.do?chlNo=1&chlDtlNo=1&utm_source=naver&utm_medium=shopping_ep&utm_campaign=onpro_ep_product_0101_1231&utm_content=pc_price&sndType=goods&sndVal=A000000213046
뮤드,brow,3,뮤드 인스파이어 스키니 브로우 카라,complete_detail,manual_review_required,collected_complete,fetched,terms_not_configured,,,,10,,,unknown,unknown,Korea,시코르,12600,https://chicor.com/goods/0000000113403?utm_source=naver&utm_medium=cpc&utm_campaign=ep
뮤드,brow,4,NEW컬러 뮤드 인스파이어 스키니 브로우 카라 10종 단품/기획,blocked_detail_fetch,blocked,not_attempted,,robots_disallowed,,,,0,,,unknown,unknown,Korea,롯데ON,17100,https://www.lotteon.com/p/product/LO2700000960?sitmNo=LO2700000960_2700000961&ch_no=100065&ch_dtl_no=1000030&entryPoint=pcs&dp_infw_cd=CHT
뮤드,brow,5,뮤드 인스파이어 스키니 브로우 카라 (C02 코튼),blocked_detail_fetch,blocked,not_attempted,,robots_disallowed,,,,0,,,unknown,unknown,Korea,롯데ON,18390,https://www.lotteon.com/p/product/LO2636172135?sitmNo=LO2636172135_2636172136&ch_no=100065&ch_dtl_no=1000030&entryPoint=pcs&dp_infw_cd=CHT
뮤드,brow,6,뮤드 인스파이어 스키니 브로우 카라 버니 P01호,blocked_detail_fetch,blocked,not_attempted,,robots_disallowed,,,,0,,,unknown,unknown,Korea,롯데ON,15750,https://www.lotteon.com/p/product/LO2682607473?sitmNo=LO2682607473_2682607474&ch_no=100065&ch_dtl_no=1000030&entryPoint=pcs&dp_infw_cd=CHT
뮤드,brow,7,뮤드 인스파이어 스키니 브로우 카라 3.2g,blocked_detail_fetch,blocked,not_attempted,,robots_disallowed,,,,0,,,unknown,unknown,Korea,롯데ON,22810,https://www.lotteon.com/p/product/LO2681908644?sitmNo=LO2681908644_2681908645&ch_no=100065&ch_dtl_no=1000030&entryPoint=pcs&dp_infw_cd=CHT
뮤드,brow,8,뮤드 인스파이어 스키니 브로우 카라 뮤트 넛 B02호,blocked_detail_fetch,blocked,not_attempted,,robots_disallowed,,,,0,,,unknown,unknown,Korea,롯데ON,15760,https://www.lotteon.com/p/product/LO2682608462?sitmNo=LO2682608462_2682608463&ch_no=100065&ch_dtl_no=1000030&entryPoint=pcs&dp_infw_cd=CHT
뮤드,brow,9,뮤드 인스파이어 스키니 브로우 카라 페이드 인 C01호,blocked_detail_fetch,blocked,not_attempted,,robots_disallowed,,,,0,,,unknown,unknown,Korea,롯데ON,15760,https://www.lotteon.com/p/product/LO2682609037?sitmNo=LO2682609037_2682609038&ch_no=100065&ch_dtl_no=1000030&entryPoint=pcs&dp_infw_cd=CHT
뮤드,brow,10,뮤드 인스파이어 스키니 브로우 카라 허니 듀 B05호,blocked_detail_fetch,blocked,not_attempted,,robots_disallowed,,,,0,,,unknown,unknown,Korea,롯데ON,15760,https://www.lotteon.com/p/product/LO2682608002?sitmNo=LO2682608002_2682608003&ch_no=100065&ch_dtl_no=1000030&entryPoint=pcs&dp_infw_cd=CHT
