priorityScore,candidateId,brand,category,rankInBrandCategory,productName,manualCoreFields,alsoUsefulFields,currentPriceKrw,currentPurchaseUrl,currentImageUrl,officialSourceUrl,retailSourceUrl,sourceUrl,shadeOptionsCurrent,colorFamilyCurrent,undertoneCurrent,intensityCurrent,finishCurrent,textureCurrent,suitableForCurrent,sellingPointsCurrent,oliveYoungListedStatus,departmentStoreListedStatus,manualStatus,manualNotes
248,naver-53902254666,페리페라,shadow,7,페리페라 [NEW] 페리페라 무드 인 쉐이드 아이스틱,"colorFamily,finish,shadeOptions,texture,undertone","intensity,suitableFor,sellingPoints,oliveYoungListed",8960,https://www.lotteimall.com/coop/affilGate.lotte?chl_no=141370&chl_dtl_no=2540914&returnUrl=/goods/viewGoodsDetail.lotte?goods_no=2950695029&utm_source=naver&utm_medium=affiliate&utm_campaign=price_compare,https://shopping-phinf.pstatic.net/main_5390225/53902254666.1.jpg,,,https://www.lotteimall.com/coop/affilGate.lotte?chl_no=141370&chl_dtl_no=2540914&returnUrl=/goods/viewGoodsDetail.lotte?goods_no=2950695029&utm_source=naver&utm_medium=affiliate&utm_campaign=price_compare,[],,,,,,[],[],unknown,collected,todo,
228,naver-44905853047,클리오,lip,1,클리오 [NEW컬러출시] 크리스탈 글램 밤,"colorFamily,finish,shadeOptions,undertone","intensity,texture,suitableFor,sellingPoints,oliveYoungListed,departmentStoreListed",10780,https://display.cjonstyle.com/p/item/2024412267?infl_cd=I0696&utm_medium=pcs&utm_source=naver,https://shopping-phinf.pstatic.net/main_4490585/44905853047.5.jpg,,,https://display.cjonstyle.com/p/item/2024412267?infl_cd=I0696&utm_medium=pcs&utm_source=naver,[],,,,,balm,[],[],unknown,unknown,todo,
228,naver-40346289296,클리오,lip,8,클리오 [NEW 왕실 에디션]크리스탈 글램 틴트,"colorFamily,finish,shadeOptions,undertone","intensity,texture,suitableFor,sellingPoints,oliveYoungListed,departmentStoreListed",11120,https://display.cjonstyle.com/p/item/2015536002?infl_cd=I0696&utm_medium=pcs&utm_source=naver,https://shopping-phinf.pstatic.net/main_4034628/40346289296.8.jpg,,,https://display.cjonstyle.com/p/item/2015536002?infl_cd=I0696&utm_medium=pcs&utm_source=naver,[],,,,,tint,[],[],unknown,unknown,todo,
228,naver-45520646654,클리오,lip,9,클리오 [NEW] 크리스탈 글램 밤,"colorFamily,finish,shadeOptions,undertone","intensity,texture,suitableFor,sellingPoints,oliveYoungListed",11340,https://www.lotteimall.com/coop/affilGate.lotte?chl_no=141370&chl_dtl_no=2540914&returnUrl=/goods/viewGoodsDetail.lotte?goods_no=2525716323&utm_source=naver&utm_medium=affiliate&utm_campaign=price_compare,https://shopping-phinf.pstatic.net/main_4552064/45520646654.3.jpg,,,https://www.lotteimall.com/coop/affilGate.lotte?chl_no=141370&chl_dtl_no=2540914&returnUrl=/goods/viewGoodsDetail.lotte?goods_no=2525716323&utm_source=naver&utm_medium=affiliate&utm_campaign=price_compare,[],,,,,balm,[],[],unknown,collected,todo,
228,naver-41097800815,3CE,shadow,10,쓰리씨이 [3CE]멀티 아이 컬러 팔레트 (증)글로우 아이 포인트 브러쉬,"colorFamily,finish,texture,undertone","shadeOptions,intensity,suitableFor,sellingPoints,oliveYoungListed",30420,https://www.lotteimall.com/coop/affilGate.lotte?chl_no=141370&chl_dtl_no=2540914&returnUrl=/goods/viewGoodsDetail.lotte?goods_no=2299970864&utm_source=naver&utm_medium=affiliate&utm_campaign=price_compare,https://shopping-phinf.pstatic.net/main_4109780/41097800815.30.jpg,https://www.3cecosmetics.com/all-products/eyes/eyeshadow/3ce-multi-eye-color-palette,,https://www.lotteimall.com/coop/affilGate.lotte?chl_no=141370&chl_dtl_no=2540914&returnUrl=/goods/viewGoodsDetail.lotte?goods_no=2299970864&utm_source=naver&utm_medium=affiliate&utm_campaign=price_compare,"[{""colorFamily"": null, ""confidence"": 0.74, ""intensity"": ""sheer"", ""intensityConfidence"": 0.58, ""optionName"": ""3 CE MULTI EYE PALETTE"", ""shadeName"": ""CE MULTI EYE PALETTE"", ""shadeNumber"": ""3"", ""sourceType"": ""official_brand_page_title"", ""undertone"": null, ""undertoneConfidence"": 0}]",,,sheer,,,[],[],unknown,collected,todo,
228,naver-47416930039,에뛰드,shadow,3,[에뛰드] 재창조 메이커/듀얼 애교살 라이너,"colorFamily,finish,shadeOptions,undertone","intensity,texture,suitableFor,sellingPoints,oliveYoungListed",10720,http://with.gsshop.com/alia/aliaGate.gs?media=OB&ecpid=1054286364&vodFlag=N&prdseqnum=1054286364&utm_source=price&utm_medium=affiliate&utm_campaign=naver,https://shopping-phinf.pstatic.net/main_4741693/47416930039.2.jpg,,https://with.gsshop.com/prd/prd.gs?prdid=1054286364&fromWith=Y,http://with.gsshop.com/alia/aliaGate.gs?media=OB&ecpid=1054286364&vodFlag=N&prdseqnum=1054286364&utm_source=price&utm_medium=affiliate&utm_campaign=naver,[],,,,,liner,[],[],unknown,collected,todo,
228,naver-57023235174,에뛰드,shadow,4,[에뛰드] [Cafe in the deep] 뽀용 아이메이커 손님 그건 애교살이세요,"colorFamily,finish,shadeOptions,undertone","intensity,texture,suitableFor,sellingPoints,oliveYoungListed",15630,http://with.gsshop.com/alia/aliaGate.gs?media=OB&ecpid=1095148837&vodFlag=N&prdseqnum=1095148837&utm_source=price&utm_medium=affiliate&utm_campaign=naver,https://shopping-phinf.pstatic.net/main_5702323/57023235174.5.jpg,,https://with.gsshop.com/prd/prd.gs?prdid=1095148837&fromWith=Y,http://with.gsshop.com/alia/aliaGate.gs?media=OB&ecpid=1095148837&vodFlag=N&prdseqnum=1095148837&utm_source=price&utm_medium=affiliate&utm_campaign=naver,[],,,,,powder,[],[],unknown,collected,todo,
228,naver-35711275561,에뛰드,shadow,8,에뛰드하우스 블링블링 아이스틱 2개 /스틱 아이섀도우,"colorFamily,finish,shadeOptions,undertone","intensity,texture,suitableFor,sellingPoints,oliveYoungListed,departmentStoreListed",9270,https://display.cjonstyle.com/p/item/94817979?infl_cd=I0696&utm_medium=pcs&utm_source=naver,https://shopping-phinf.pstatic.net/main_3571127/35711275561.1.jpg,,,https://display.cjonstyle.com/p/item/94817979?infl_cd=I0696&utm_medium=pcs&utm_source=naver,[],,,,,powder,[],[],unknown,unknown,todo,
228,naver-54509116619,클리오,shadow,1,클리오 소프트 블렌딩 섀도우 스틱,"colorFamily,finish,shadeOptions,undertone","intensity,texture,suitableFor,sellingPoints,departmentStoreListed",10510,https://display.cjonstyle.com/p/item/2056344657?infl_cd=I0696&utm_medium=pcs&utm_source=naver,https://shopping-phinf.pstatic.net/main_5450911/54509116619.jpg,,https://www.oliveyoung.co.kr/store/common/partner.do?chlNo=1&chlDtlNo=1&utm_source=naver&utm_medium=shopping_ep&utm_campaign=onpro_ep_product_0101_1231&utm_content=pc_price&sndType=goods&sndVal=A000000225194,https://display.cjonstyle.com/p/item/2056344657?infl_cd=I0696&utm_medium=pcs&utm_source=naver,[],,,,,powder,[],[],collected,unknown,todo,
228,naver-39674404264,클리오,shadow,7,클리오 쉐이드 앤 섀도우 팔레트 [사은]프로아이섀도우브러쉬,"colorFamily,finish,shadeOptions,undertone","intensity,texture,suitableFor,sellingPoints,oliveYoungListed,departmentStoreListed",19390,https://display.cjonstyle.com/p/item/2007965506?infl_cd=I0696&utm_medium=pcs&utm_source=naver,https://shopping-phinf.pstatic.net/main_3967440/39674404264.11.jpg,,,https://display.cjonstyle.com/p/item/2007965506?infl_cd=I0696&utm_medium=pcs&utm_source=naver,[],,,,,powder,[],[],unknown,unknown,todo,
220,naver-56707958732,VDL,shadow,10,(신세계하남점)아이샤인 컬러모드 팔레트,"colorFamily,finish,shadeOptions,undertone","intensity,suitableFor,sellingPoints,oliveYoungListed",30080,https://www.shinsegaetvshopping.com/display/detail/57213559?inMediaCode=EC12&ckwhere=naverep,https://shopping-phinf.pstatic.net/main_5670795/56707958732.jpg,,https://www.shinsegaetvshopping.com/display/detail/57213559?inMediaCode=EC12&ckwhere=naverep,https://www.shinsegaetvshopping.com/display/detail/57213559?inMediaCode=EC12&ckwhere=naverep,[],,,,,powder,[],[],unknown,collected,todo,
220,naver-50519987812,롬앤,shadow,2,[롬앤]베러댄팔레트6g,"colorFamily,finish,shadeOptions,undertone","intensity,suitableFor,sellingPoints,oliveYoungListed",17370,https://www.shinsegaetvshopping.com/display/detail/70855366?inMediaCode=EC12&ckwhere=naverep,https://shopping-phinf.pstatic.net/main_5051998/50519987812.jpg,,https://www.shinsegaetvshopping.com/display/detail/70855366?inMediaCode=EC12&ckwhere=naverep,https://www.shinsegaetvshopping.com/display/detail/70855366?inMediaCode=EC12&ckwhere=naverep,[],,,,,powder,[],[],unknown,collected,todo,
220,naver-60419371058,투쿨포스쿨,shadow,1,[투쿨포스쿨] ONLY ABLY 프로타주 펜슬 / 틴트 / 브로우 / 라이너 외,"colorFamily,finish,shadeOptions,undertone","intensity,suitableFor,sellingPoints,oliveYoungListed,departmentStoreListed",6900,https://m.a-bly.com/goods/38022424?utm_source=web_naver-shopping&utm_medium=display&utm_campaign=web_naver-shopping&utm_content=38022424,https://shopping-phinf.pstatic.net/main_6041937/60419371058.1.jpg,,https://m.a-bly.com/goods/38022424?utm_source=web_naver-shopping&utm_medium=display&utm_campaign=web_naver-shopping&utm_content=38022424,https://m.a-bly.com/goods/38022424?utm_source=web_naver-shopping&utm_medium=display&utm_campaign=web_naver-shopping&utm_content=38022424,[],,,,,tint,[],[],unknown,unknown,todo,
220,naver-49163556987,투쿨포스쿨,shadow,2,[투쿨포스쿨] 애교살 아트클래스 프로타주 펜슬 + 핑크 샤프너/프로타주 펜슬 랜덤,"colorFamily,finish,shadeOptions,undertone","intensity,suitableFor,sellingPoints,oliveYoungListed,departmentStoreListed",18200,https://m.a-bly.com/goods/3093065?utm_source=web_naver-shopping&utm_medium=display&utm_campaign=web_naver-shopping&utm_content=3093065,https://shopping-phinf.pstatic.net/main_4916355/49163556987.46.jpg,,https://m.a-bly.com/goods/3093065?utm_source=web_naver-shopping&utm_medium=display&utm_campaign=web_naver-shopping&utm_content=3093065,https://m.a-bly.com/goods/3093065?utm_source=web_naver-shopping&utm_medium=display&utm_campaign=web_naver-shopping&utm_content=3093065,[],,,,,powder,[],[],unknown,unknown,todo,
216,naver-59777216016,컬러그램,lip,10,[포켓몬 에디션/메탈참 증정/NEW]컬러그램 누디 블러 스틱 11COLOR,"colorFamily,shadeOptions,texture,undertone","intensity,suitableFor,departmentStoreListed",9800,https://www.oliveyoung.co.kr/store/common/partner.do?chlNo=1&chlDtlNo=1&utm_source=naver&utm_medium=shopping_ep&utm_campaign=onpro_ep_product_0101_1231&utm_content=pc_price&sndType=goods&sndVal=A000000252785,https://shopping-phinf.pstatic.net/main_5977721/59777216016.jpg,,,https://www.oliveyoung.co.kr/store/common/partner.do?chlNo=1&chlDtlNo=1&utm_source=naver&utm_medium=shopping_ep&utm_campaign=onpro_ep_product_0101_1231&utm_content=pc_price&sndType=goods&sndVal=A000000252785,[],,,,velvet,,[],"[""blur""]",collected,unknown,todo,
216,naver-51616189391,롬앤,shadow,5,롬앤 슬라이드 인 싱글 케이스 (섀도우 공용기) | 올리브영,"colorFamily,finish,shadeOptions,undertone","intensity,sellingPoints,departmentStoreListed",5400,https://www.oliveyoung.co.kr/store/common/partner.do?chlNo=1&chlDtlNo=1&utm_source=naver&utm_medium=shopping_ep&utm_campaign=onpro_ep_product_0101_1231&utm_content=pc_price&sndType=goods&sndVal=A000000213963,https://shopping-phinf.pstatic.net/main_5161618/51616189391.jpg,https://romand.co.kr/product/롬앤-슬라이드-인-싱글-케이스/959/,https://www.oliveyoung.co.kr/store/goods/getGoodsDetail.do?goodsNo=A000000213963,https://www.oliveyoung.co.kr/store/common/partner.do?chlNo=1&chlDtlNo=1&utm_source=naver&utm_medium=shopping_ep&utm_campaign=onpro_ep_product_0101_1231&utm_content=pc_price&sndType=goods&sndVal=A000000213963,[],,,sheer,,powder,"[""daily_makeup""]",[],collected,unknown,todo,
204,naver-58797762337,더샘,cheek,6,온누리 더샘 샘물 싱글 블러셔 5gx2개 (GD01 골드 볼륨 라이트),"colorFamily,shadeOptions,undertone","intensity,finish,texture,suitableFor,oliveYoungListed",16570,https://www.hmall.com/md/pda/itemPtc?ReferCode=429&slitmCd=2247033234&utm_source=naver&utm_medium=cps_pcs&utm_campaign=sale,https://shopping-phinf.pstatic.net/main_5879776/58797762337.jpg,,https://www.hmall.com/md/pda/itemPtc?ReferCode=429&slitmCd=2247033234&utm_source=naver&utm_medium=cps_pcs&utm_campaign=sale,https://www.hmall.com/md/pda/itemPtc?ReferCode=429&slitmCd=2247033234&utm_source=naver&utm_medium=cps_pcs&utm_campaign=sale,[],,,,velvet,powder,[],"[""blur"", ""lightweight""]",unknown,collected,todo,
204,naver-52766815714,뮤드,cheek,9,지그재그 스토어,"colorFamily,shadeOptions,undertone","intensity,finish,texture,suitableFor,oliveYoungListed,departmentStoreListed",32000,https://zigzag.kr/link/bridge?product_id=156583542&shop_id=21082&utm_source=shopping_naver_all&tab=recommendation,https://shopping-phinf.pstatic.net/main_5276681/52766815714.5.jpg,,,https://zigzag.kr/link/bridge?product_id=156583542&shop_id=21082&utm_source=shopping_naver_all&tab=recommendation,[],,,,velvet,powder,[],"[""blur""]",unknown,unknown,todo,
204,naver-90899740708,VDL,lip,7,브이디엘 립스틱 스타일 립스틱 아이디어 컴포트 슬립 13 카페 로마노 1개 2.5g,"colorFamily,shadeOptions,undertone","intensity,finish,texture,suitableFor,oliveYoungListed,departmentStoreListed",34600,https://smartstore.naver.com/main/products/13355230376,https://shopping-phinf.pstatic.net/main_9089974/90899740708.jpg,,,https://smartstore.naver.com/main/products/13355230376,[],,,,matte,lipstick,[],"[""long_lasting""]",unknown,unknown,todo,
204,naver-54648462136,클리오,lip,2,클리오 [NEW] 클리오 볼륨메이트 틴트 (글로스/블러),"colorFamily,shadeOptions,undertone","intensity,finish,texture,suitableFor,oliveYoungListed",11160,https://www.lotteimall.com/coop/affilGate.lotte?chl_no=141370&chl_dtl_no=2540914&returnUrl=/goods/viewGoodsDetail.lotte?goods_no=2975513837&utm_source=naver&utm_medium=affiliate&utm_campaign=price_compare,https://shopping-phinf.pstatic.net/main_5464846/54648462136.3.jpg,,,https://www.lotteimall.com/coop/affilGate.lotte?chl_no=141370&chl_dtl_no=2540914&returnUrl=/goods/viewGoodsDetail.lotte?goods_no=2975513837&utm_source=naver&utm_medium=affiliate&utm_campaign=price_compare,[],,,,velvet,tint,[],"[""blur""]",unknown,collected,todo,
204,naver-57486643586,클리오,lip,4,클리오 볼륨메이트 틴트 (글로스 블러),"colorFamily,shadeOptions,undertone","intensity,finish,texture,suitableFor,oliveYoungListed",22200,https://web.queenit.kr/product/e4e4b3af025098fc1acc4f11bbcc39cf?open_app=true,https://shopping-phinf.pstatic.net/main_5748664/57486643586.jpg,,https://www.lotteimall.com/coop/affilGate.lotte?chl_no=141370&chl_dtl_no=2540914&returnUrl=/goods/viewGoodsDetail.lotte?goods_no=2975513837&utm_source=naver&utm_medium=affiliate&utm_campaign=price_compare,https://web.queenit.kr/product/e4e4b3af025098fc1acc4f11bbcc39cf?open_app=true,[],,,,velvet,tint,[],"[""blur""]",unknown,collected,todo,
200,naver-49163536242,롬앤,shadow,3,[롬앤] 베러 댄 팔레트 (+ 총알 브러쉬 ),"colorFamily,finish,undertone","shadeOptions,intensity,suitableFor,sellingPoints,oliveYoungListed,departmentStoreListed",28900,https://m.a-bly.com/goods/2199964?utm_source=web_naver-shopping&utm_medium=display&utm_campaign=web_naver-shopping&utm_content=2199964&coupon_sno=50253092,https://shopping-phinf.pstatic.net/main_4916353/49163536242.9.jpg,https://romand.co.kr/product/첫구매전용-베러-댄-팔레트-스프링피버-9900원-특가/1000/,https://m.a-bly.com/goods/2199964?utm_source=web_naver-shopping&utm_medium=display&utm_campaign=web_naver-shopping&utm_content=2199964&coupon_sno=50253092,https://m.a-bly.com/goods/2199964?utm_source=web_naver-shopping&utm_medium=display&utm_campaign=web_naver-shopping&utm_content=2199964&coupon_sno=50253092,"[{""colorFamily"": null, ""confidence"": 0.82, ""optionName"": ""12 샌디드 브리즈 가든"", ""shadeName"": ""샌디드 브리즈 가든"", ""shadeNumber"": ""12"", ""sourceType"": ""official_brand_page_option_html"", ""undertone"": null, ""undertoneConfidence"": 0}, {""colorFamily"": null, ""confidence"": 0.82, ""optionName"": ""13 오드 브리즈 가든"", ""shadeName"": ""오드 브리즈 가든"", ""shadeNumber"": ""13"", ""sourceType"": ""official_brand_page_option_html"", ""undertone"": null, ""undertoneConfidence"": 0}]",,,,,powder,[],[],unknown,unknown,todo,
200,naver-60026749969,클리오,shadow,3,[단종템부활] 클리오 프로아이팔레트AD+(증정)프로아이섀도우 브러쉬,"colorFamily,finish,undertone","intensity,texture,suitableFor,sellingPoints,oliveYoungListed",23800,http://with.gsshop.com/alia/aliaGate.gs?media=OB&ecpid=95835593&vodFlag=N&prdseqnum=95835593&utm_source=price&utm_medium=affiliate&utm_campaign=naver,https://shopping-phinf.pstatic.net/main_6002674/60026749969.1.jpg,,https://with.gsshop.com/prd/prd.gs?prdid=95835593&fromWith=Y,http://with.gsshop.com/alia/aliaGate.gs?media=OB&ecpid=95835593&vodFlag=N&prdseqnum=95835593&utm_source=price&utm_medium=affiliate&utm_campaign=naver,"[{""colorFamily"": null, ""confidence"": 0.82, ""optionName"": ""019 낮잠자는치즈"", ""shadeName"": ""낮잠자는치즈"", ""shadeNumber"": ""019"", ""sourceType"": ""gsshop_product_option_html"", ""undertone"": null, ""undertoneConfidence"": 0}, {""colorFamily"": null, ""confidence"": 0.82, ""optionName"": ""023 스쿱오브쉐이드"", ""shadeName"": ""스쿱오브쉐이드"", ""shadeNumber"": ""023"", ""sourceType"": ""gsshop_product_option_html"", ""undertone"": null, ""undertoneConfidence"": 0}]",,,,,powder,[],[],unknown,collected,todo,
196,naver-59197963708,롬앤,cheek,3,롬앤베러댄치크-블러셔(SH),"colorFamily,shadeOptions,undertone","intensity,texture,suitableFor,oliveYoungListed",11840,https://www.shinsegaetvshopping.com/display/detail/92919635?inMediaCode=EC12&ckwhere=naverep,https://shopping-phinf.pstatic.net/main_5919796/59197963708.jpg,,https://www.shinsegaetvshopping.com/display/detail/92919635?inMediaCode=EC12&ckwhere=naverep,https://www.shinsegaetvshopping.com/display/detail/92919635?inMediaCode=EC12&ckwhere=naverep,[],,,,velvet,powder,[],"[""blur""]",unknown,collected,todo,
196,naver-57918562998,롬앤,cheek,4,롬앤 시스루 베일 라이터 (하이라이터) | 올리브영,"colorFamily,finish,undertone","intensity,texture,sellingPoints,departmentStoreListed",9900,https://www.oliveyoung.co.kr/store/common/partner.do?chlNo=1&chlDtlNo=1&utm_source=naver&utm_medium=shopping_ep&utm_campaign=onpro_ep_product_0101_1231&utm_content=pc_price&sndType=goods&sndVal=A000000144887,https://shopping-phinf.pstatic.net/main_5791856/57918562998.jpg,,https://www.oliveyoung.co.kr/store/goods/getGoodsDetail.do?goodsNo=A000000144887,https://www.oliveyoung.co.kr/store/common/partner.do?chlNo=1&chlDtlNo=1&utm_source=naver&utm_medium=shopping_ep&utm_campaign=onpro_ep_product_0101_1231&utm_content=pc_price&sndType=goods&sndVal=A000000144887,"[{""colorFamily"": null, ""confidence"": 0.82, ""optionName"": ""01 선 키스드 베일"", ""shadeName"": ""선 키스드 베일"", ""shadeNumber"": ""01"", ""sourceType"": ""oliveyoung_product_option_json"", ""undertone"": null, ""undertoneConfidence"": 0}, {""colorFamily"": null, ""confidence"": 0.82, ""optionName"": ""02 문 키스드 베일"", ""shadeName"": ""문 키스드 베일"", ""shadeNumber"": ""02"", ""sourceType"": ""oliveyoung_product_option_json"", ""undertone"": null, ""undertoneConfidence"": 0}]",,,,,balm,"[""daily_makeup""]",[],collected,unknown,todo,
196,naver-56424895679,웨이크메이크,cheek,2,[숨결 블러셔]웨이크메이크 쉬어 브리즈 블러셔 5g 7COLOR,"colorFamily,shadeOptions,undertone","intensity,texture,suitableFor,departmentStoreListed",10500,https://www.oliveyoung.co.kr/store/common/partner.do?chlNo=1&chlDtlNo=1&utm_source=naver&utm_medium=shopping_ep&utm_campaign=onpro_ep_product_0101_1231&utm_content=pc_price&sndType=goods&sndVal=A000000223261,https://shopping-phinf.pstatic.net/main_5642489/56424895679.jpg,,,https://www.oliveyoung.co.kr/store/common/partner.do?chlNo=1&chlDtlNo=1&utm_source=naver&utm_medium=shopping_ep&utm_campaign=onpro_ep_product_0101_1231&utm_content=pc_price&sndType=goods&sndVal=A000000223261,[],,,sheer,velvet,powder,[],"[""blur""]",collected,unknown,todo,
196,naver-49163474824,에스쁘아,lip,2,[에스쁘아] 꾸뛰르 립틴트 블러벨벳,"colorFamily,shadeOptions,undertone","intensity,finish,suitableFor,oliveYoungListed,departmentStoreListed",10640,https://m.a-bly.com/goods/7607588?utm_source=web_naver-shopping&utm_medium=display&utm_campaign=web_naver-shopping&utm_content=7607588,https://shopping-phinf.pstatic.net/main_4916347/49163474824.4.jpg,,https://m.a-bly.com/goods/7607588?utm_source=web_naver-shopping&utm_medium=display&utm_campaign=web_naver-shopping&utm_content=7607588,https://m.a-bly.com/goods/7607588?utm_source=web_naver-shopping&utm_medium=display&utm_campaign=web_naver-shopping&utm_content=7607588,[],,,,velvet,tint,[],"[""blur""]",unknown,unknown,todo,
196,naver-59320185353,데이지크,shadow,7,[데이지크] 스태리 나잇 섀도우 팔레트,"colorFamily,finish,undertone","intensity,texture,suitableFor,oliveYoungListed,departmentStoreListed",19900,http://www.wconcept.co.kr/Product/306320020?adfrom=naver_ep&utm_source=naver&utm_medium=pcs&utm_campaign=WCONCEPT&utm_content=none&utm_term=none,https://shopping-phinf.pstatic.net/main_5932018/59320185353.jpg,,http://www.wconcept.co.kr/Product/306320020?adfrom=naver_ep&utm_source=naver&utm_medium=pcs&utm_campaign=WCONCEPT&utm_content=none&utm_term=none,http://www.wconcept.co.kr/Product/306320020?adfrom=naver_ep&utm_source=naver&utm_medium=pcs&utm_campaign=WCONCEPT&utm_content=none&utm_term=none,"[{""colorFamily"": null, ""confidence"": 0.8, ""intensity"": ""sheer"", ""intensityConfidence"": 0.58, ""optionName"": ""01 문 라이트"", ""shadeName"": ""문 라이트"", ""shadeNumber"": ""01"", ""sourceType"": ""wconcept_color_option_select"", ""undertone"": null, ""undertoneConfidence"": 0}, {""colorFamily"": null, ""confidence"": 0.8, ""optionName"": ""02 오로라"", ""shadeName"": ""오로라"", ""shadeNumber"": ""02"", ""sourceType"": ""wconcept_color_option_select"", ""undertone"": null, ""undertoneConfidence"": 0}]",,,sheer,,powder,[],"[""lightweight""]",unknown,unknown,todo,
192,naver-60387217597,더샘,lip,7,[온누리상품] 더샘 새미스 젤리 샷 틴트 3.2g 01 밀키,"colorFamily,finish,undertone","intensity,suitableFor,sellingPoints,oliveYoungListed",11670,https://www.lotteon.com/p/product/LO2697834365?sitmNo=LO2697834365_2697834366&ch_no=100065&ch_dtl_no=1000030&entryPoint=pcs&dp_infw_cd=CHT,https://shopping-phinf.pstatic.net/main_6038721/60387217597.jpg,,https://www.lotteon.com/p/product/LO2697834365?sitmNo=LO2697834365_2697834366&ch_no=100065&ch_dtl_no=1000030&entryPoint=pcs&dp_infw_cd=CHT,https://www.lotteon.com/p/product/LO2697834365?sitmNo=LO2697834365_2697834366&ch_no=100065&ch_dtl_no=1000030&entryPoint=pcs&dp_infw_cd=CHT,"[{""colorFamily"": null, ""confidence"": 0.72, ""optionName"": ""01 밀키"", ""shadeName"": ""밀키"", ""shadeNumber"": ""01"", ""sourceType"": ""lotteon_product_api_title"", ""undertone"": null, ""undertoneConfidence"": 0}]",,,,,tint,[],[],unknown,collected,todo,
192,naver-60387219092,더샘,lip,9,[온누리상품] 더샘 새미스 젤리 샷 틴트 3.2g 03 달콤,"colorFamily,finish,undertone","intensity,suitableFor,sellingPoints,oliveYoungListed",11670,https://www.lotteon.com/p/product/LO2697834408?sitmNo=LO2697834408_2697834409&ch_no=100065&ch_dtl_no=1000030&entryPoint=pcs&dp_infw_cd=CHT,https://shopping-phinf.pstatic.net/main_6038721/60387219092.jpg,,https://www.lotteon.com/p/product/LO2697834408?sitmNo=LO2697834408_2697834409&ch_no=100065&ch_dtl_no=1000030&entryPoint=pcs&dp_infw_cd=CHT,https://www.lotteon.com/p/product/LO2697834408?sitmNo=LO2697834408_2697834409&ch_no=100065&ch_dtl_no=1000030&entryPoint=pcs&dp_infw_cd=CHT,"[{""colorFamily"": null, ""confidence"": 0.72, ""optionName"": ""03 달콤"", ""shadeName"": ""달콤"", ""shadeNumber"": ""03"", ""sourceType"": ""lotteon_product_api_title"", ""undertone"": null, ""undertoneConfidence"": 0}]",,,,,tint,[],[],unknown,collected,todo,
192,naver-60100637414,투쿨포스쿨,lip,8,11 투쿨포스쿨 플레르 틴트 4g 8colors 463865,"colorFamily,finish,undertone","intensity,suitableFor,sellingPoints,oliveYoungListed,departmentStoreListed",16290,https://www.lotteon.com/p/product/LO2682662556?sitmNo=LO2682662556_2682662557&ch_no=100065&ch_dtl_no=1000030&entryPoint=pcs&dp_infw_cd=CHT,https://shopping-phinf.pstatic.net/main_6010063/60100637414.jpg,,https://www.lotteon.com/p/product/LO2682662556?sitmNo=LO2682662556_2682662557&ch_no=100065&ch_dtl_no=1000030&entryPoint=pcs&dp_infw_cd=CHT,https://www.lotteon.com/p/product/LO2682662556?sitmNo=LO2682662556_2682662557&ch_no=100065&ch_dtl_no=1000030&entryPoint=pcs&dp_infw_cd=CHT,"[{""colorFamily"": null, ""confidence"": 0.72, ""optionName"": ""5 플래쉬 / 5호 플래쉬"", ""shadeName"": ""플래쉬 / 5호 플래쉬"", ""shadeNumber"": ""5"", ""sourceType"": ""lotteon_product_api_title"", ""undertone"": null, ""undertoneConfidence"": 0}]",,,,,tint,[],[],unknown,unknown,todo,
192,naver-55400191676,VDL,shadow,1,[VDL] 아이스테인 에센셜 섀도우 듀오,"colorFamily,shadeOptions,undertone","intensity,finish,oliveYoungListed",16150,https://m.a-bly.com/goods/43648475?utm_source=web_naver-shopping&utm_medium=display&utm_campaign=web_naver-shopping&utm_content=43648475,https://shopping-phinf.pstatic.net/main_5540019/55400191676.3.jpg,https://www.vdlcosmetics.com/product/detail.jsp?pid=KR52703265,https://m.a-bly.com/goods/43648475?utm_source=web_naver-shopping&utm_medium=display&utm_campaign=web_naver-shopping&utm_content=43648475,https://m.a-bly.com/goods/43648475?utm_source=web_naver-shopping&utm_medium=display&utm_campaign=web_naver-shopping&utm_content=43648475,[],,,sheer,glossy,powder,"[""natural_makeup""]","[""long_lasting""]",unknown,collected,todo,
192,naver-54027548556,VDL,shadow,9,(신세계하남점)아이스테인 에센셜 섀도우 듀오,"colorFamily,shadeOptions,undertone","intensity,finish,oliveYoungListed",15980,https://www.shinsegaetvshopping.com/display/detail/80578297?inMediaCode=EC12&ckwhere=naverep,https://shopping-phinf.pstatic.net/main_5402754/54027548556.jpg,https://www.vdlcosmetics.com/product/detail.jsp?pid=KR52703265,https://www.shinsegaetvshopping.com/display/detail/80578297?inMediaCode=EC12&ckwhere=naverep,https://www.shinsegaetvshopping.com/display/detail/80578297?inMediaCode=EC12&ckwhere=naverep,[],,,sheer,glossy,powder,"[""natural_makeup""]","[""long_lasting""]",unknown,collected,todo,
192,naver-60564475174,정샘물 뷰티,shadow,4,정샘물 마스터클래스 아이섀도우 L 브러쉬 5001608,"colorFamily,shadeOptions,undertone","intensity,suitableFor,sellingPoints,oliveYoungListed",31770,https://www.lotteon.com/p/product/LO2706764305?sitmNo=LO2706764305_2706764306&ch_no=100065&ch_dtl_no=1000030&entryPoint=pcs&dp_infw_cd=CHT,https://shopping-phinf.pstatic.net/main_6056447/60564475174.jpg,https://www.jsmbeauty.com/shop/shopdetail.html?branduid=2200275,https://www.lotteon.com/p/product/LO2706764305?sitmNo=LO2706764305_2706764306&ch_no=100065&ch_dtl_no=1000030&entryPoint=pcs&dp_infw_cd=CHT,https://www.lotteon.com/p/product/LO2706764305?sitmNo=LO2706764305_2706764306&ch_no=100065&ch_dtl_no=1000030&entryPoint=pcs&dp_infw_cd=CHT,[],,,,glossy,powder,[],[],unknown,collected,todo,
192,naver-60564473259,정샘물 뷰티,shadow,5,정샘물 마스터클래스 아이섀도우 S 브러쉬 5001895,"colorFamily,shadeOptions,undertone","intensity,suitableFor,sellingPoints,oliveYoungListed",24030,https://www.lotteon.com/p/product/LO2706732696?sitmNo=LO2706732696_2706732697&ch_no=100065&ch_dtl_no=1000030&entryPoint=pcs&dp_infw_cd=CHT,https://shopping-phinf.pstatic.net/main_6056447/60564473259.jpg,https://www.jsmbeauty.com/shop/shopdetail.html?branduid=2200275,https://www.lotteon.com/p/product/LO2706732696?sitmNo=LO2706732696_2706732697&ch_no=100065&ch_dtl_no=1000030&entryPoint=pcs&dp_infw_cd=CHT,https://www.lotteon.com/p/product/LO2706732696?sitmNo=LO2706732696_2706732697&ch_no=100065&ch_dtl_no=1000030&entryPoint=pcs&dp_infw_cd=CHT,[],,,,glossy,powder,[],[],unknown,collected,todo,
192,naver-60138609816,정샘물 뷰티,shadow,6,정샘물 마스터클래스 아이섀도우 M 브러쉬,"colorFamily,shadeOptions,undertone","intensity,suitableFor,sellingPoints,oliveYoungListed",13600,https://chicor.com/goods/5100002000702?utm_source=naver&utm_medium=cpc&utm_campaign=ep,https://shopping-phinf.pstatic.net/main_6013860/60138609816.jpg,https://www.jsmbeauty.com/shop/shopdetail.html?branduid=2200275,https://chicor.com/goods/5100002000702?utm_source=naver&utm_medium=cpc&utm_campaign=ep,https://chicor.com/goods/5100002000702?utm_source=naver&utm_medium=cpc&utm_campaign=ep,[],,,,glossy,cream,[],[],unknown,collected,todo,
192,naver-60330459471,정샘물 뷰티,shadow,7,정샘물 마스터클래스 아이섀도우 S 브러쉬,"colorFamily,shadeOptions,undertone","intensity,suitableFor,sellingPoints,oliveYoungListed",11900,https://chicor.com/goods/5100002000703?utm_source=naver&utm_medium=cpc&utm_campaign=ep,https://shopping-phinf.pstatic.net/main_6033045/60330459471.jpg,https://www.jsmbeauty.com/shop/shopdetail.html?branduid=2200275,https://chicor.com/goods/5100002000703?utm_source=naver&utm_medium=cpc&utm_campaign=ep,https://chicor.com/goods/5100002000703?utm_source=naver&utm_medium=cpc&utm_campaign=ep,[],,,,glossy,cream,[],[],unknown,collected,todo,
192,naver-60317012853,정샘물 뷰티,shadow,8,정샘물 마스터클래스 아이섀도우 L 브러쉬,"colorFamily,shadeOptions,undertone","intensity,suitableFor,sellingPoints,oliveYoungListed",15470,https://www.hmall.com/md/pda/itemPtc?ReferCode=429&slitmCd=2250941742&utm_source=naver&utm_medium=cps_pcs&utm_campaign=sale,https://shopping-phinf.pstatic.net/main_6031701/60317012853.jpg,https://www.jsmbeauty.com/shop/shopdetail.html?branduid=2200275,https://www.hmall.com/md/pda/itemPtc?ReferCode=429&slitmCd=2250941742&utm_source=naver&utm_medium=cps_pcs&utm_campaign=sale,https://www.hmall.com/md/pda/itemPtc?ReferCode=429&slitmCd=2250941742&utm_source=naver&utm_medium=cps_pcs&utm_campaign=sale,[],,,,glossy,cream,[],[],unknown,collected,todo,
192,naver-60271893094,정샘물 뷰티,shadow,9,[정샘물] 정샘물 마스터클래스 아이섀도우 S 브러쉬,"colorFamily,shadeOptions,undertone","intensity,suitableFor,sellingPoints,oliveYoungListed",10830,https://www.hmall.com/md/pda/itemPtc?ReferCode=429&slitmCd=2250941741&utm_source=naver&utm_medium=cps_pcs&utm_campaign=sale,https://shopping-phinf.pstatic.net/main_6027189/60271893094.jpg,https://www.jsmbeauty.com/shop/shopdetail.html?branduid=2200275,https://www.hmall.com/md/pda/itemPtc?ReferCode=429&slitmCd=2250941741&utm_source=naver&utm_medium=cps_pcs&utm_campaign=sale,https://www.hmall.com/md/pda/itemPtc?ReferCode=429&slitmCd=2250941741&utm_source=naver&utm_medium=cps_pcs&utm_campaign=sale,[],,,,glossy,cream,[],[],unknown,collected,todo,
192,naver-60271895500,정샘물 뷰티,shadow,10,정샘물 마스터클래스 아이섀도우 M 브러쉬,"colorFamily,shadeOptions,undertone","intensity,suitableFor,sellingPoints,oliveYoungListed",12380,https://www.hmall.com/md/pda/itemPtc?ReferCode=429&slitmCd=2250941740&utm_source=naver&utm_medium=cps_pcs&utm_campaign=sale,https://shopping-phinf.pstatic.net/main_6027189/60271895500.jpg,https://www.jsmbeauty.com/shop/shopdetail.html?branduid=2200275,https://www.hmall.com/md/pda/itemPtc?ReferCode=429&slitmCd=2250941740&utm_source=naver&utm_medium=cps_pcs&utm_campaign=sale,https://www.hmall.com/md/pda/itemPtc?ReferCode=429&slitmCd=2250941740&utm_source=naver&utm_medium=cps_pcs&utm_campaign=sale,[],,,,glossy,cream,[],[],unknown,collected,todo,
188,naver-59586665614,라카,lip,8,[밀착광] 라카 데빌립 3.7g 12종,"colorFamily,finish,undertone","intensity,suitableFor,departmentStoreListed",18000,https://www.oliveyoung.co.kr/store/common/partner.do?chlNo=1&chlDtlNo=1&utm_source=naver&utm_medium=shopping_ep&utm_campaign=onpro_ep_product_0101_1231&utm_content=pc_price&sndType=goods&sndVal=A000000248721,https://shopping-phinf.pstatic.net/main_5958666/59586665614.jpg,,https://www.oliveyoung.co.kr/store/goods/getGoodsDetail.do?goodsNo=A000000248721,https://www.oliveyoung.co.kr/store/common/partner.do?chlNo=1&chlDtlNo=1&utm_source=naver&utm_medium=shopping_ep&utm_campaign=onpro_ep_product_0101_1231&utm_content=pc_price&sndType=goods&sndVal=A000000248721,"[{""colorFamily"": null, ""confidence"": 0.82, ""optionName"": ""801 멀멀"", ""shadeName"": ""멀멀"", ""shadeNumber"": ""801"", ""sourceType"": ""oliveyoung_product_option_json"", ""undertone"": null, ""undertoneConfidence"": 0}, {""colorFamily"": null, ""confidence"": 0.82, ""optionName"": ""802 제스트"", ""shadeName"": ""제스트"", ""shadeNumber"": ""802"", ""sourceType"": ""oliveyoung_product_option_json"", ""undertone"": null, ""undertoneConfidence"": 0}, {""colorFamily"": null, ""confidence"": 0.82, ""optionName"": ""803 시즌"", ""shadeName"": ""시즌"", ""shadeNumber"": ""803"", ""sourceType"": ""oliveyoung_product_option_json"", ""undertone"": null, ""undertoneConfidence"": 0}, {""colorFamily"": null, ""confidence"": 0.82, ""optionName"": ""804 칠링"", ""shadeName"": ""칠링"", ""shadeNumber"": ""804"", ""sourceType"": ""oliveyoung_product_option_json"", ""undertone"": null, ""undertoneConfidence"": 0}, {""colorFamily"": null, ""confidence"": 0.82, ""optionName"": ""805 마롱"", ""shadeName"": ""마롱"", ""shadeNumber"": ""805"", ""sourceType"": ""oliveyoung_product_option_json"", ""undertone"": null, ""undertoneConfidence"": 0}, {""colorFamily"": null, ""confidence"": 0.82, ""optionName"": ""806 브랜디"", ""shadeName"": ""브랜디"", ""shadeNumber"": ""806"", ""sourceType"": ""oliveyoung_product_option_json"", ""undertone"": null, ""undertoneConfidence"": 0}, {""colorFamily"": null, ""confidence"": 0.82, ""optionName"": ""807 러스티"", ""shadeName"": ""러스티"", ""shadeNumber"": ""807"", ""sourceType"": ""oliveyoung_product_option_json"", ""undertone"": null, ""undertoneConfidence"": 0}, {""colorFamily"": null, ""confidence"": 0.82, ""optionName"": ""808 퍼즈"", ""shadeName"": ""퍼즈"", ""shadeNumber"": ""808"", ""sourceType"": ""oliveyoung_product_option_json"", ""undertone"": null, ""undertoneConfidence"": 0}, {""colorFamily"": null, ""confidence"": 0.82, ""optionName"": ""810 포에틱"", ""shadeName"": ""포에틱"", ""shadeNumber"": ""810"", ""sourceType"": ""oliveyoung_product_option_json"", ""undertone"": null, ""undertoneConfidence"": 0}, {""colorFamily"": null, ""confidence"": 0.82, ""optionName"": ""811 히든"", ""shadeName"": ""히든"", ""shadeNumber"": ""811"", ""sourceType"": ""oliveyoung_product_option_json"", ""undertone"": null, ""undertoneConfidence"": 0}, {""colorFamily"": null, ""confidence"": 0.82, ""optionName"": ""812 더스키"", ""shadeName"": ""더스키"", ""shadeNumber"": ""812"", ""sourceType"": ""oliveyoung_product_option_json"", ""undertone"": null, ""undertoneConfidence"": 0}, {""colorFamily"": null, ""confidence"": 0.82, ""optionName"": ""809 번트"", ""shadeName"": ""번트"", ""shadeNumber"": ""809"", ""sourceType"": ""oliveyoung_product_option_json"", ""undertone"": null, ""undertoneConfidence"": 0}]",,,,,lipstick,[],"[""adhesion""]",collected,unknown,todo,
188,naver-44774118376,에뛰드,shadow,2,[에뛰드] 플레이 컬러 아이즈/셀러뷰리티,"colorFamily,shadeOptions,undertone","intensity,suitableFor,oliveYoungListed,departmentStoreListed",18980,http://with.gsshop.com/alia/aliaGate.gs?media=OB&ecpid=1046131939&vodFlag=N&prdseqnum=1046131939&utm_source=price&utm_medium=affiliate&utm_campaign=naver,https://shopping-phinf.pstatic.net/main_4477411/44774118376.7.jpg,https://www.etude.com/shop/category/eye/%ed%94%8c%eb%a0%88%ec%9d%b4-%ec%bb%ac%eb%9f%ac-%ec%95%84%ec%9d%b4%ec%a6%88-%ec%85%80%eb%9f%ac%eb%b7%b0%eb%a6%ac%ed%8b%b0/,https://with.gsshop.com/prd/prd.gs?prdid=1046131939&fromWith=Y,http://with.gsshop.com/alia/aliaGate.gs?media=OB&ecpid=1046131939&vodFlag=N&prdseqnum=1046131939&utm_source=price&utm_medium=affiliate&utm_campaign=naver,[],,,,velvet,tint,[],"[""blur"", ""vegan""]",unknown,unknown,todo,
188,naver-57198350460,정샘물 뷰티,shadow,3,정샘물 마스터클래스 아이섀도우 M 브러쉬 + 더블클린수정화장패드(1매),"colorFamily,shadeOptions,undertone","intensity,suitableFor,oliveYoungListed",13380,https://display.cjonstyle.com/p/item/93614747?infl_cd=I0696&utm_medium=pcs&utm_source=naver,https://shopping-phinf.pstatic.net/main_5719835/57198350460.1.jpg,https://www.jsmbeauty.com/shop/shopdetail.html?branduid=2200275,http://shinsegaemall.ssg.com/item/itemView.ssg?itemId=1000586392205&siteNo=6004&salestrNo=6005&ckwhere=s_naver&appPopYn=n&utm_medium=PCS&utm_source=naver&utm_campaign=naver_pcs,https://display.cjonstyle.com/p/item/93614747?infl_cd=I0696&utm_medium=pcs&utm_source=naver,[],,,,glossy,cream,[],"[""smudge_proof""]",unknown,collected,todo,
188,naver-60641405433,클리오,shadow,8,클리오 프로 아이섀도 팔레트 에어 03 뮤트라이브러리 BNS,"colorFamily,finish,undertone","intensity,sellingPoints,oliveYoungListed,departmentStoreListed",37850,https://www.lotteon.com/p/product/LO2711711434?sitmNo=LO2711711434_2711711435&ch_no=100065&ch_dtl_no=1000030&entryPoint=pcs&dp_infw_cd=CHT,https://shopping-phinf.pstatic.net/main_6064140/60641405433.jpg,https://clubclio.co.kr/shop/goodsView/0000007283,https://www.lotteon.com/p/product/LO2711711434?sitmNo=LO2711711434_2711711435&ch_no=100065&ch_dtl_no=1000030&entryPoint=pcs&dp_infw_cd=CHT,https://www.lotteon.com/p/product/LO2711711434?sitmNo=LO2711711434_2711711435&ch_no=100065&ch_dtl_no=1000030&entryPoint=pcs&dp_infw_cd=CHT,"[{""colorFamily"": null, ""confidence"": 0.72, ""optionName"": ""03 뮤트라이브러리"", ""shadeName"": ""뮤트라이브러리"", ""shadeNumber"": ""03"", ""sourceType"": ""lotteon_product_api_title"", ""undertone"": null, ""undertoneConfidence"": 0}]",,,,,powder,"[""all_skin""]",[],unknown,unknown,todo,
184,naver-41098885086,3CE,lip,9,쓰리씨이 [3CE]블러 워터 틴트 (증)미니 틴트(랜덤),"colorFamily,undertone","shadeOptions,intensity,finish,texture,suitableFor,oliveYoungListed",15200,https://www.lotteimall.com/coop/affilGate.lotte?chl_no=141370&chl_dtl_no=2540914&returnUrl=/goods/viewGoodsDetail.lotte?goods_no=2299807695&utm_source=naver&utm_medium=affiliate&utm_campaign=price_compare,https://shopping-phinf.pstatic.net/main_4109888/41098885086.47.jpg,https://www.3cecosmetics.com/all-products/lips/lip-tint/3ce-blur-water-tint,,https://www.lotteimall.com/coop/affilGate.lotte?chl_no=141370&chl_dtl_no=2540914&returnUrl=/goods/viewGoodsDetail.lotte?goods_no=2299807695&utm_source=naver&utm_medium=affiliate&utm_campaign=price_compare,"[{""colorFamily"": null, ""confidence"": 0.74, ""optionName"": ""3 CE BLUR WATER TINT"", ""shadeName"": ""CE BLUR WATER TINT"", ""shadeNumber"": ""3"", ""sourceType"": ""official_brand_page_title"", ""undertone"": null, ""undertoneConfidence"": 0}]",,,,velvet,tint,[],"[""blur""]",unknown,collected,todo,
184,naver-58938409922,컬러그램,lip,7,[순삭커버/입술색 지우개]컬러그램 긱 누드 컬러 커버 틴트 5COLOR,"finish,shadeOptions","colorFamily,undertone,intensity,texture,suitableFor,departmentStoreListed",8800,https://www.oliveyoung.co.kr/store/common/partner.do?chlNo=1&chlDtlNo=1&utm_source=naver&utm_medium=shopping_ep&utm_campaign=onpro_ep_product_0101_1231&utm_content=pc_price&sndType=goods&sndVal=A000000245673,https://shopping-phinf.pstatic.net/main_5893840/58938409922.jpg,,,https://www.oliveyoung.co.kr/store/common/partner.do?chlNo=1&chlDtlNo=1&utm_source=naver&utm_medium=shopping_ep&utm_campaign=onpro_ep_product_0101_1231&utm_content=pc_price&sndType=goods&sndVal=A000000245673,[],nude,neutral,,,tint,[],"[""coverage""]",collected,unknown,todo,
184,naver-58889402875,3CE,shadow,7,[틴티드 에디션] 3CE 멀티 아이 컬러 팔레트+글로우 아이 포인트 브러쉬,"colorFamily,undertone","shadeOptions,intensity,finish,texture,suitableFor,oliveYoungListed",27270,https://www.hmall.com/md/pda/itemPtc?ReferCode=429&slitmCd=2247316478&utm_source=naver&utm_medium=cps_pcs&utm_campaign=sale,https://shopping-phinf.pstatic.net/main_5888940/58889402875.jpg,https://www.3cecosmetics.com/all-products/eyes/eyeshadow/3ce-multi-eye-color-palette,https://www.hmall.com/md/pda/itemPtc?ReferCode=429&slitmCd=2247316478&utm_source=naver&utm_medium=cps_pcs&utm_campaign=sale,https://www.hmall.com/md/pda/itemPtc?ReferCode=429&slitmCd=2247316478&utm_source=naver&utm_medium=cps_pcs&utm_campaign=sale,"[{""colorFamily"": null, ""confidence"": 0.74, ""intensity"": ""sheer"", ""intensityConfidence"": 0.58, ""optionName"": ""3 CE MULTI EYE PALETTE"", ""shadeName"": ""CE MULTI EYE PALETTE"", ""shadeNumber"": ""3"", ""sourceType"": ""official_brand_page_title"", ""undertone"": null, ""undertoneConfidence"": 0}]",,,sheer,glossy,powder,[],"[""glow""]",unknown,collected,todo,
176,naver-50134169742,데이지크,lip,3,[데이지크] 수플레 컬러 팟,"finish,texture","colorFamily,undertone,intensity,sellingPoints,oliveYoungListed,departmentStoreListed",20000,http://www.wconcept.co.kr/Product/306035805?adfrom=naver_ep&utm_source=naver&utm_medium=pcs&utm_campaign=WCONCEPT&utm_content=none&utm_term=none,https://shopping-phinf.pstatic.net/main_5013416/50134169742.2.jpg,,http://www.wconcept.co.kr/Product/306035805?adfrom=naver_ep&utm_source=naver&utm_medium=pcs&utm_campaign=WCONCEPT&utm_content=none&utm_term=none,http://www.wconcept.co.kr/Product/306035805?adfrom=naver_ep&utm_source=naver&utm_medium=pcs&utm_campaign=WCONCEPT&utm_content=none&utm_term=none,"[{""colorFamily"": null, ""confidence"": 0.8, ""optionName"": ""01 살몬 버프"", ""shadeName"": ""살몬 버프"", ""shadeNumber"": ""01"", ""sourceType"": ""wconcept_color_option_select"", ""undertone"": null, ""undertoneConfidence"": 0}, {""colorFamily"": null, ""confidence"": 0.8, ""optionName"": ""02 포멜로 푸딩"", ""shadeName"": ""포멜로 푸딩"", ""shadeNumber"": ""02"", ""sourceType"": ""wconcept_color_option_select"", ""undertone"": null, ""undertoneConfidence"": 0}, {""colorFamily"": ""coral"", ""confidence"": 0.8, ""optionName"": ""03 코랄 슈"", ""shadeName"": ""코랄 슈"", ""shadeNumber"": ""03"", ""sourceType"": ""wconcept_color_option_select"", ""undertone"": ""warm"", ""undertoneConfidence"": 0.62}, {""colorFamily"": ""red"", ""confidence"": 0.8, ""optionName"": ""04 망고 스프레드"", ""shadeName"": ""망고 스프레드"", ""shadeNumber"": ""04"", ""sourceType"": ""wconcept_color_option_select"", ""undertone"": null, ""undertoneConfidence"": 0}, {""colorFamily"": null, ""confidence"": 0.8, ""optionName"": ""05 펌킨 퓨레"", ""shadeName"": ""펌킨 퓨레"", ""shadeNumber"": ""05"", ""sourceType"": ""wconcept_color_option_select"", ""undertone"": null, ""undertoneConfidence"": 0}, {""colorFamily"": null, ""confidence"": 0.8, ""optionName"": ""06 모카 번"", ""shadeName"": ""모카 번"", ""shadeNumber"": ""06"", ""sourceType"": ""wconcept_color_option_select"", ""undertone"": null, ""undertoneConfidence"": 0}, {""colorFamily"": null, ""confidence"": 0.8, ""optionName"": ""07 번트 시에나"", ""shadeName"": ""번트 시에나"", ""shadeNumber"": ""07"", ""sourceType"": ""wconcept_color_option_select"", ""undertone"": null, ""undertoneConfidence"": 0}, {""colorFamily"": null, ""confidence"": 0.8, ""optionName"": ""08 로스팅 피그"", ""shadeName"": ""로스팅 피그"", ""shadeNumber"": ""08"", ""sourceType"": ""wconcept_color_option_select"", ""undertone"": null, ""undertoneConfidence"": 0}, {""colorFamily"": ""rose"", ""confidence"": 0.8, ""optionName"": ""09 헤이즈 로지"", ""shadeName"": ""헤이즈 로지"", ""shadeNumber"": ""09"", ""sourceType"": ""wconcept_color_option_select"", ""undertone"": ""cool"", ""undertoneConfidence"": 0}, {""colorFamily"": ""pink"", ""confidence"": 0.8, ""optionName"": ""10 스윗 핑크"", ""shadeName"": ""스윗 핑크"", ""shadeNumber"": ""10"", ""sourceType"": ""wconcept_color_option_select"", ""undertone"": null, ""undertoneConfidence"": 0}, {""colorFamily"": ""red"", ""confidence"": 0.8, ""optionName"": ""11 체리 커스타드"", ""shadeName"": ""체리 커스타드"", ""shadeNumber"": ""11"", ""sourceType"": ""wconcept_color_option_select"", ""undertone"": null, ""undertoneConfidence"": 0}, {""colorFamily"": null, ""confidence"": 0.8, ""optionName"": ""12 애플 타르트"", ""shadeName"": ""애플 타르트"", ""shadeNumber"": ""12"", ""sourceType"": ""wconcept_color_option_select"", ""undertone"": null, ""undertoneConfidence"": 0}, {""colorFamily"": ""plum"", ""confidence"": 0.8, ""optionName"": ""13 베리 밀크티"", ""shadeName"": ""베리 밀크티"", ""shadeNumber"": ""13"", ""sourceType"": ""wconcept_color_option_select"", ""undertone"": ""cool"", ""undertoneConfidence"": 0.62}, {""colorFamily"": ""plum"", ""confidence"": 0.8, ""optionName"": ""14 콜디스트 플럼"", ""shadeName"": ""콜디스트 플럼"", ""shadeNumber"": ""14"", ""sourceType"": ""wconcept_color_option_select"", ""undertone"": ""cool"", ""undertoneConfidence"": 0.62}, {""colorFamily"": ""plum"", ""confidence"": 0.8, ""optionName"": ""15 라벤더 포타쥬"", ""shadeName"": ""라벤더 포타쥬"", ""shadeNumber"": ""15"", ""sourceType"": ""wconcept_color_option_select"", ""undertone"": ""cool"", ""undertoneConfidence"": 0.62}, {""colorFamily"": ""rose"", ""confidence"": 0.8, ""optionName"": ""18 로즈 온리"", ""shadeName"": ""로즈 온리"", ""shadeNumber"": ""18"", ""sourceType"": ""wconcept_color_option_select"", ""undertone"": null, ""undertoneConfidence"": 0}, {""colorFamily"": ""peach"", ""confidence"": 0.8, ""optionName"": ""19 피치 젤라또"", ""shadeName"": ""피치 젤라또"", ""shadeNumber"": ""19"", ""sourceType"": ""wconcept_color_option_select"", ""undertone"": ""warm"", ""undertoneConfidence"": 0.62}, {""colorFamily"": null, ""confidence"": 0.8, ""optionName"": ""20 애플 캔디"", ""shadeName"": ""애플 캔디"", ""shadeNumber"": ""20"", ""sourceType"": ""wconcept_color_option_select"", ""undertone"": null, ""undertoneConfidence"": 0}, {""colorFamily"": ""rose"", ""confidence"": 0.8, ""optionName"": ""21 로즈 티라미수"", ""shadeName"": ""로즈 티라미수"", ""shadeNumber"": ""21"", ""sourceType"": ""wconcept_color_option_select"", ""undertone"": null, ""undertoneConfidence"": 0}, {""colorFamily"": ""pink"", ""confidence"": 0.8, ""optionName"": ""22 코코 핑크"", ""shadeName"": ""코코 핑크"", ""shadeNumber"": ""22"", ""sourceType"": ""wconcept_color_option_select"", ""undertone"": null, ""undertoneConfidence"": 0}, {""colorFamily"": ""red"", ""confidence"": 0.8, ""optionName"": ""23 포그 체리"", ""shadeName"": ""포그 체리"", ""shadeNumber"": ""23"", ""sourceType"": ""wconcept_color_option_select"", ""undertone"": null, ""undertoneConfidence"": 0}, {""colorFamily"": ""plum"", ""confidence"": 0.8, ""optionName"": ""24 스모키 라일락"", ""shadeName"": ""스모키 라일락"", ""shadeNumber"": ""24"", ""sourceType"": ""wconcept_color_option_select"", ""undertone"": ""cool"", ""undertoneConfidence"": 0.62}, {""colorFamily"": ""black"", ""colorFamilyConfidence"": 0.62, ""confidence"": 0.8, ""intensity"": ""bold"", ""intensityConfidence"": 0.58, ""optionName"": ""25 블랙 커런트"", ""shadeName"": ""블랙 커런트"", ""shadeNumber"": ""25"", ""sourceType"": ""wconcept_color_option_select"", ""undertone"": null, ""undertoneConfidence"": 0}]",plum,cool,bold,,,"[""warm_tone"", ""cool_tone""]",[],unknown,unknown,todo,
176,naver-50276272161,뮤드,shadow,3,뮤드 풀 블룸 글로우 팔레트,"colorFamily,undertone","intensity,finish,texture,suitableFor,oliveYoungListed",17000,https://chicor.com/goods/0000000107639?utm_source=naver&utm_medium=cpc&utm_campaign=ep,https://shopping-phinf.pstatic.net/main_5027627/50276272161.4.jpg,,https://chicor.com/goods/0000000107639?utm_source=naver&utm_medium=cpc&utm_campaign=ep,https://chicor.com/goods/0000000107639?utm_source=naver&utm_medium=cpc&utm_campaign=ep,"[{""colorFamily"": null, ""confidence"": 0.82, ""optionName"": ""01 블루밍"", ""shadeName"": ""블루밍"", ""shadeNumber"": ""01"", ""sourceType"": ""chicor_product_option_json"", ""undertone"": null, ""undertoneConfidence"": 0}]",,,,glossy,powder,[],"[""glow""]",unknown,collected,todo,
176,naver-45433111218,클리오,shadow,2,[1 +1] 클리오 프로 싱글 섀도우,"colorFamily,undertone","intensity,finish,texture,suitableFor,oliveYoungListed",16910,http://with.gsshop.com/alia/aliaGate.gs?media=OB&ecpid=1048129396&vodFlag=N&prdseqnum=1048129396&utm_source=price&utm_medium=affiliate&utm_campaign=naver,https://shopping-phinf.pstatic.net/main_4543311/45433111218.3.jpg,,https://with.gsshop.com/prd/prd.gs?prdid=1048129396&fromWith=Y,http://with.gsshop.com/alia/aliaGate.gs?media=OB&ecpid=1048129396&vodFlag=N&prdseqnum=1048129396&utm_source=price&utm_medium=affiliate&utm_campaign=naver,"[{""colorFamily"": null, ""confidence"": 0.82, ""optionName"": ""G02 캣브리즈"", ""shadeName"": ""캣브리즈"", ""shadeNumber"": ""G02"", ""sourceType"": ""gsshop_product_option_html"", ""undertone"": null, ""undertoneConfidence"": 0}, {""colorFamily"": null, ""confidence"": 0.82, ""intensity"": ""sheer"", ""intensityConfidence"": 0.58, ""optionName"": ""G03 핀라이트"", ""shadeName"": ""핀라이트"", ""shadeNumber"": ""G03"", ""sourceType"": ""gsshop_product_option_html"", ""undertone"": null, ""undertoneConfidence"": 0}, {""colorFamily"": null, ""confidence"": 0.82, ""optionName"": ""G10 펄펙션"", ""shadeName"": ""펄펙션"", ""shadeNumber"": ""G10"", ""sourceType"": ""gsshop_product_option_html"", ""undertone"": null, ""undertoneConfidence"": 0}]",,,sheer,shimmer,powder,[],"[""lightweight""]",unknown,collected,todo,
176,naver-42366928042,클리오,shadow,4,클리오 프로 싱글 섀도우,"colorFamily,undertone","intensity,finish,texture,suitableFor,oliveYoungListed",9100,http://with.gsshop.com/alia/aliaGate.gs?media=OB&ecpid=1038023204&vodFlag=N&prdseqnum=1038023204&utm_source=price&utm_medium=affiliate&utm_campaign=naver,https://shopping-phinf.pstatic.net/main_4236692/42366928042.4.jpg,,https://with.gsshop.com/prd/prd.gs?prdid=1038023204&fromWith=Y,http://with.gsshop.com/alia/aliaGate.gs?media=OB&ecpid=1038023204&vodFlag=N&prdseqnum=1038023204&utm_source=price&utm_medium=affiliate&utm_campaign=naver,"[{""colorFamily"": null, ""confidence"": 0.82, ""optionName"": ""G02 캣브리즈"", ""shadeName"": ""캣브리즈"", ""shadeNumber"": ""G02"", ""sourceType"": ""gsshop_product_option_html"", ""undertone"": null, ""undertoneConfidence"": 0}, {""colorFamily"": null, ""confidence"": 0.82, ""intensity"": ""sheer"", ""intensityConfidence"": 0.58, ""optionName"": ""G03 핀라이트"", ""shadeName"": ""핀라이트"", ""shadeNumber"": ""G03"", ""sourceType"": ""gsshop_product_option_html"", ""undertone"": null, ""undertoneConfidence"": 0}, {""colorFamily"": null, ""confidence"": 0.82, ""optionName"": ""G10 펄펙션"", ""shadeName"": ""펄펙션"", ""shadeNumber"": ""G10"", ""sourceType"": ""gsshop_product_option_html"", ""undertone"": null, ""undertoneConfidence"": 0}]",,,sheer,shimmer,powder,[],"[""lightweight""]",unknown,collected,todo,
176,naver-53879502034,투쿨포스쿨,shadow,7,투쿨포스쿨 아이 글리츠,"finish,texture","colorFamily,undertone,intensity,sellingPoints,departmentStoreListed",6000,https://www.oliveyoung.co.kr/store/common/partner.do?chlNo=1&chlDtlNo=1&utm_source=naver&utm_medium=shopping_ep&utm_campaign=onpro_ep_product_0101_1231&utm_content=pc_price&sndType=goods&sndVal=A000000213074,https://shopping-phinf.pstatic.net/main_5387950/53879502034.jpg,,https://www.oliveyoung.co.kr/store/goods/getGoodsDetail.do?goodsNo=A000000213074,https://www.oliveyoung.co.kr/store/common/partner.do?chlNo=1&chlDtlNo=1&utm_source=naver&utm_medium=shopping_ep&utm_campaign=onpro_ep_product_0101_1231&utm_content=pc_price&sndType=goods&sndVal=A000000213074,"[{""colorFamily"": null, ""confidence"": 0.82, ""optionName"": ""01 버블리 엔젤"", ""shadeName"": ""버블리 엔젤"", ""shadeNumber"": ""01"", ""sourceType"": ""oliveyoung_product_option_json"", ""undertone"": null, ""undertoneConfidence"": 0}, {""colorFamily"": ""peach"", ""confidence"": 0.82, ""optionName"": ""02 피치 스파클링"", ""shadeName"": ""피치 스파클링"", ""shadeNumber"": ""02"", ""sourceType"": ""oliveyoung_product_option_json"", ""undertone"": ""warm"", ""undertoneConfidence"": 0.62}, {""colorFamily"": null, ""confidence"": 0.82, ""optionName"": ""03 허니 후르츠"", ""shadeName"": ""허니 후르츠"", ""shadeNumber"": ""03"", ""sourceType"": ""oliveyoung_product_option_json"", ""undertone"": ""warm"", ""undertoneConfidence"": 0.62}, {""colorFamily"": ""plum"", ""confidence"": 0.82, ""optionName"": ""04 베리 에이드"", ""shadeName"": ""베리 에이드"", ""shadeNumber"": ""04"", ""sourceType"": ""oliveyoung_product_option_json"", ""undertone"": ""cool"", ""undertoneConfidence"": 0.62}, {""colorFamily"": null, ""confidence"": 0.82, ""optionName"": ""05 밀키 소다"", ""shadeName"": ""밀키 소다"", ""shadeNumber"": ""05"", ""sourceType"": ""oliveyoung_product_option_json"", ""undertone"": null, ""undertoneConfidence"": 0}]",peach,warm,,,,"[""warm_tone"", ""cool_tone""]",[],collected,unknown,todo,
172,naver-59872761697,라카,cheek,5,선 실드 글로이 치크,"colorFamily,undertone","intensity,texture,suitableFor,sellingPoints,departmentStoreListed",14400,https://chicor.com/goods/5100002067403?utm_source=naver&utm_medium=cpc&utm_campaign=ep,https://shopping-phinf.pstatic.net/main_5987276/59872761697.2.jpg,,https://chicor.com/goods/5100002067403?utm_source=naver&utm_medium=cpc&utm_campaign=ep,https://chicor.com/goods/5100002067403?utm_source=naver&utm_medium=cpc&utm_campaign=ep,"[{""colorFamily"": null, ""confidence"": 0.82, ""optionName"": ""01 시에나"", ""shadeName"": ""시에나"", ""shadeNumber"": ""01"", ""sourceType"": ""chicor_product_option_json"", ""undertone"": null, ""undertoneConfidence"": 0}, {""colorFamily"": null, ""confidence"": 0.82, ""optionName"": ""02 코지"", ""shadeName"": ""코지"", ""shadeNumber"": ""02"", ""sourceType"": ""chicor_product_option_json"", ""undertone"": null, ""undertoneConfidence"": 0}, {""colorFamily"": null, ""confidence"": 0.82, ""optionName"": ""03 포멜로"", ""shadeName"": ""포멜로"", ""shadeNumber"": ""03"", ""sourceType"": ""chicor_product_option_json"", ""undertone"": null, ""undertoneConfidence"": 0}, {""colorFamily"": null, ""confidence"": 0.82, ""optionName"": ""04 쉘"", ""shadeName"": ""쉘"", ""shadeNumber"": ""04"", ""sourceType"": ""chicor_product_option_json"", ""undertone"": null, ""undertoneConfidence"": 0}, {""colorFamily"": null, ""confidence"": 0.82, ""optionName"": ""05 뮤즈"", ""shadeName"": ""뮤즈"", ""shadeNumber"": ""05"", ""sourceType"": ""chicor_product_option_json"", ""undertone"": null, ""undertoneConfidence"": 0}, {""colorFamily"": null, ""confidence"": 0.82, ""optionName"": ""06 포피"", ""shadeName"": ""포피"", ""shadeNumber"": ""06"", ""sourceType"": ""chicor_product_option_json"", ""undertone"": null, ""undertoneConfidence"": 0}, {""colorFamily"": null, ""confidence"": 0.82, ""optionName"": ""07 보그"", ""shadeName"": ""보그"", ""shadeNumber"": ""07"", ""sourceType"": ""chicor_product_option_json"", ""undertone"": null, ""undertoneConfidence"": 0}, {""colorFamily"": null, ""confidence"": 0.82, ""optionName"": ""08 크림슨"", ""shadeName"": ""크림슨"", ""shadeNumber"": ""08"", ""sourceType"": ""chicor_product_option_json"", ""undertone"": null, ""undertoneConfidence"": 0}, {""colorFamily"": null, ""confidence"": 0.82, ""optionName"": ""09 라이즈"", ""shadeName"": ""라이즈"", ""shadeNumber"": ""09"", ""sourceType"": ""chicor_product_option_json"", ""undertone"": null, ""undertoneConfidence"": 0}, {""colorFamily"": null, ""confidence"": 0.82, ""optionName"": ""10 멀버리"", ""shadeName"": ""멀버리"", ""shadeNumber"": ""10"", ""sourceType"": ""chicor_product_option_json"", ""undertone"": null, ""undertoneConfidence"": 0}, {""colorFamily"": null, ""confidence"": 0.82, ""optionName"": ""11 세피아"", ""shadeName"": ""세피아"", ""shadeNumber"": ""11"", ""sourceType"": ""chicor_product_option_json"", ""undertone"": null, ""undertoneConfidence"": 0}]",,,,glossy,cream,[],[],collected,unknown,todo,
172,naver-60464969790,라카,lip,1,라카 퍼펙트 트윈립,"finish,texture","colorFamily,undertone,intensity,departmentStoreListed",22000,https://chicor.com/goods/5100002077792?utm_source=naver&utm_medium=cpc&utm_campaign=ep,https://shopping-phinf.pstatic.net/main_6046496/60464969790.2.jpg,,https://chicor.com/goods/5100002077792?utm_source=naver&utm_medium=cpc&utm_campaign=ep,https://chicor.com/goods/5100002077792?utm_source=naver&utm_medium=cpc&utm_campaign=ep,"[{""colorFamily"": ""peach"", ""confidence"": 0.82, ""optionName"": ""901 트루피치"", ""shadeName"": ""트루피치"", ""shadeNumber"": ""901"", ""sourceType"": ""chicor_product_option_json"", ""undertone"": ""warm"", ""undertoneConfidence"": 0.62}, {""colorFamily"": ""coral"", ""confidence"": 0.82, ""optionName"": ""902 비지코랄"", ""shadeName"": ""비지코랄"", ""shadeNumber"": ""902"", ""sourceType"": ""chicor_product_option_json"", ""undertone"": ""warm"", ""undertoneConfidence"": 0.62}, {""colorFamily"": ""nude"", ""confidence"": 0.82, ""optionName"": ""903 누드오드"", ""shadeName"": ""누드오드"", ""shadeNumber"": ""903"", ""sourceType"": ""chicor_product_option_json"", ""undertone"": ""neutral"", ""undertoneConfidence"": 0.62}, {""colorFamily"": ""pink"", ""confidence"": 0.82, ""optionName"": ""904 시티핑크"", ""shadeName"": ""시티핑크"", ""shadeNumber"": ""904"", ""sourceType"": ""chicor_product_option_json"", ""undertone"": null, ""undertoneConfidence"": 0}, {""colorFamily"": ""rose"", ""confidence"": 0.82, ""optionName"": ""905 로지하이"", ""shadeName"": ""로지하이"", ""shadeNumber"": ""905"", ""sourceType"": ""chicor_product_option_json"", ""undertone"": ""cool"", ""undertoneConfidence"": 0}, {""colorFamily"": null, ""confidence"": 0.82, ""optionName"": ""906 솔티피그"", ""shadeName"": ""솔티피그"", ""shadeNumber"": ""906"", ""sourceType"": ""chicor_product_option_json"", ""undertone"": null, ""undertoneConfidence"": 0}, {""colorFamily"": ""rose"", ""confidence"": 0.82, ""optionName"": ""907 젠틀로즈"", ""shadeName"": ""젠틀로즈"", ""shadeNumber"": ""907"", ""sourceType"": ""chicor_product_option_json"", ""undertone"": null, ""undertoneConfidence"": 0}, {""colorFamily"": null, ""confidence"": 0.82, ""optionName"": ""908 인카페인"", ""shadeName"": ""인카페인"", ""shadeNumber"": ""908"", ""sourceType"": ""chicor_product_option_json"", ""undertone"": null, ""undertoneConfidence"": 0}, {""colorFamily"": ""mauve"", ""confidence"": 0.82, ""optionName"": ""909 길티모브"", ""shadeName"": ""길티모브"", ""shadeNumber"": ""909"", ""sourceType"": ""chicor_product_option_json"", ""undertone"": ""cool"", ""undertoneConfidence"": 0.62}, {""colorFamily"": ""red"", ""confidence"": 0.82, ""optionName"": ""910 보스체리"", ""shadeName"": ""보스체리"", ""shadeNumber"": ""910"", ""sourceType"": ""chicor_product_option_json"", ""undertone"": null, ""undertoneConfidence"": 0}]",rose,warm,sheer,,,"[""warm_tone"", ""cool_tone""]","[""long_lasting""]",collected,unknown,todo,
172,naver-56999029537,데이지크,shadow,3,데이지크 무드 섀도우 팔레트 색상 러브하트,"colorFamily,undertone","intensity,finish,suitableFor,sellingPoints,oliveYoungListed,departmentStoreListed",71190,https://www.lotteon.com/p/product/LO2553668114?sitmNo=LO2553668114_2553668115&ch_no=100065&ch_dtl_no=1000030&entryPoint=pcs&dp_infw_cd=CHT,https://shopping-phinf.pstatic.net/main_5699902/56999029537.jpg,https://dasique.com/products/mood-shadow-palette-27-rose-milk-tea,https://www.lotteon.com/p/product/LO2553668114?sitmNo=LO2553668114_2553668115&ch_no=100065&ch_dtl_no=1000030&entryPoint=pcs&dp_infw_cd=CHT,https://www.lotteon.com/p/product/LO2553668114?sitmNo=LO2553668114_2553668115&ch_no=100065&ch_dtl_no=1000030&entryPoint=pcs&dp_infw_cd=CHT,"[{""colorFamily"": null, ""confidence"": 0.72, ""optionName"": ""러브하트"", ""shadeName"": ""러브하트"", ""shadeNumber"": null, ""sourceType"": ""lotteon_product_api_title"", ""undertone"": null, ""undertoneConfidence"": 0}]",,,,matte,powder,[],[],unknown,unknown,todo,
168,naver-60407033539,더샘,cheek,5,[온누리상품] 더샘 퍼펙트 글램 스틱블러셔 WH01 오로라 웨이브,"colorFamily,undertone","intensity,texture,suitableFor,oliveYoungListed",14590,https://www.lotteon.com/p/product/LO2698608846?sitmNo=LO2698608846_2698608847&ch_no=100065&ch_dtl_no=1000030&entryPoint=pcs&dp_infw_cd=CHT,https://shopping-phinf.pstatic.net/main_6040703/60407033539.jpg,,https://www.lotteon.com/p/product/LO2698608846?sitmNo=LO2698608846_2698608847&ch_no=100065&ch_dtl_no=1000030&entryPoint=pcs&dp_infw_cd=CHT,https://www.lotteon.com/p/product/LO2698608846?sitmNo=LO2698608846_2698608847&ch_no=100065&ch_dtl_no=1000030&entryPoint=pcs&dp_infw_cd=CHT,"[{""colorFamily"": null, ""confidence"": 0.72, ""optionName"": ""WH01 오로라 웨이브"", ""shadeName"": ""오로라 웨이브"", ""shadeNumber"": ""WH01"", ""sourceType"": ""lotteon_product_api_title"", ""undertone"": null, ""undertoneConfidence"": 0}]",,,,velvet,powder,[],"[""blur""]",unknown,collected,todo,
168,naver-60278341676,웨이크메이크,cheek,8,웨이크메이크 믹스 블러링 볼륨 블러셔 소프트뮤트 3호,"colorFamily,undertone","intensity,texture,suitableFor,oliveYoungListed,departmentStoreListed",15120,https://www.lotteon.com/p/product/LO2692549790?sitmNo=LO2692549790_2692549791&ch_no=100065&ch_dtl_no=1000030&entryPoint=pcs&dp_infw_cd=CHT,https://shopping-phinf.pstatic.net/main_6027834/60278341676.jpg,,https://www.lotteon.com/p/product/LO2692549790?sitmNo=LO2692549790_2692549791&ch_no=100065&ch_dtl_no=1000030&entryPoint=pcs&dp_infw_cd=CHT,https://www.lotteon.com/p/product/LO2692549790?sitmNo=LO2692549790_2692549791&ch_no=100065&ch_dtl_no=1000030&entryPoint=pcs&dp_infw_cd=CHT,"[{""colorFamily"": null, ""confidence"": 0.72, ""optionName"": ""3 소프트뮤트"", ""shadeName"": ""소프트뮤트"", ""shadeNumber"": ""3"", ""sourceType"": ""lotteon_product_api_title"", ""undertone"": null, ""undertoneConfidence"": 0}]",,,,velvet,powder,[],"[""blur""]",unknown,unknown,todo,
168,naver-60388598321,컬러그램,cheek,3,컬러그램 틴토리 솜 블러셔 베어바나 9호,"colorFamily,undertone","intensity,texture,suitableFor,oliveYoungListed,departmentStoreListed",12610,https://www.lotteon.com/p/product/LO2697920785?sitmNo=LO2697920785_2697920786&ch_no=100065&ch_dtl_no=1000030&entryPoint=pcs&dp_infw_cd=CHT,https://shopping-phinf.pstatic.net/main_6038859/60388598321.jpg,,https://www.lotteon.com/p/product/LO2697920785?sitmNo=LO2697920785_2697920786&ch_no=100065&ch_dtl_no=1000030&entryPoint=pcs&dp_infw_cd=CHT,https://www.lotteon.com/p/product/LO2697920785?sitmNo=LO2697920785_2697920786&ch_no=100065&ch_dtl_no=1000030&entryPoint=pcs&dp_infw_cd=CHT,"[{""colorFamily"": null, ""confidence"": 0.72, ""optionName"": ""9 베어바나"", ""shadeName"": ""베어바나"", ""shadeNumber"": ""9"", ""sourceType"": ""lotteon_product_api_title"", ""undertone"": null, ""undertoneConfidence"": 0}]",,,sheer,velvet,powder,[],"[""blur""]",unknown,unknown,todo,
168,naver-60388595258,컬러그램,cheek,6,컬러그램 틴토리 솜 블러셔 도란도화 2호,"colorFamily,undertone","intensity,texture,suitableFor,oliveYoungListed,departmentStoreListed",12610,https://www.lotteon.com/p/product/LO2697921401?sitmNo=LO2697921401_2697921402&ch_no=100065&ch_dtl_no=1000030&entryPoint=pcs&dp_infw_cd=CHT,https://shopping-phinf.pstatic.net/main_6038859/60388595258.jpg,,https://www.lotteon.com/p/product/LO2697921401?sitmNo=LO2697921401_2697921402&ch_no=100065&ch_dtl_no=1000030&entryPoint=pcs&dp_infw_cd=CHT,https://www.lotteon.com/p/product/LO2697921401?sitmNo=LO2697921401_2697921402&ch_no=100065&ch_dtl_no=1000030&entryPoint=pcs&dp_infw_cd=CHT,"[{""colorFamily"": null, ""confidence"": 0.72, ""optionName"": ""2 도란도화"", ""shadeName"": ""도란도화"", ""shadeNumber"": ""2"", ""sourceType"": ""lotteon_product_api_title"", ""undertone"": null, ""undertoneConfidence"": 0}]",,,,velvet,powder,[],"[""blur""]",unknown,unknown,todo,
168,naver-60388601127,컬러그램,cheek,8,컬러그램 틴토리 솜 블러셔 무화카롱 6호,"colorFamily,undertone","intensity,texture,suitableFor,oliveYoungListed,departmentStoreListed",12610,https://www.lotteon.com/p/product/LO2697921096?sitmNo=LO2697921096_2697921097&ch_no=100065&ch_dtl_no=1000030&entryPoint=pcs&dp_infw_cd=CHT,https://shopping-phinf.pstatic.net/main_6038860/60388601127.jpg,,https://www.lotteon.com/p/product/LO2697921096?sitmNo=LO2697921096_2697921097&ch_no=100065&ch_dtl_no=1000030&entryPoint=pcs&dp_infw_cd=CHT,https://www.lotteon.com/p/product/LO2697921096?sitmNo=LO2697921096_2697921097&ch_no=100065&ch_dtl_no=1000030&entryPoint=pcs&dp_infw_cd=CHT,"[{""colorFamily"": null, ""confidence"": 0.72, ""optionName"": ""6 무화카롱"", ""shadeName"": ""무화카롱"", ""shadeNumber"": ""6"", ""sourceType"": ""lotteon_product_api_title"", ""undertone"": null, ""undertoneConfidence"": 0}]",,,,velvet,powder,[],"[""blur""]",unknown,unknown,todo,
168,naver-57559079333,VDL,lip,2,VDL 립스테인 컴포트 슬립 11 더티비엔나,finish,"shadeOptions,colorFamily,undertone,intensity,texture,suitableFor,sellingPoints,oliveYoungListed,departmentStoreListed",36850,https://search.shopping.naver.com/catalog/57559079333,https://shopping-phinf.pstatic.net/main_5755907/57559079333.20251104171634.jpg,,,https://search.shopping.naver.com/catalog/57559079333,"[{""colorFamily"": ""brown"", ""colorFamilyConfidence"": 0.58, ""confidence"": 0.55, ""intensity"": ""medium"", ""intensityConfidence"": 0.56, ""optionName"": ""브라운 베이지"", ""shadeName"": ""브라운 베이지"", ""sourceType"": ""naver_offer_title_option_inferred"", ""undertone"": ""neutral"", ""undertoneConfidence"": 0.58}]",brown,neutral,medium,,lipstick,[],[],unknown,unknown,todo,
168,naver-45922519249,웨이크메이크,lip,4,웨이크메이크 듀이 젤 글로우 틴트 1.8g - 립틴트/R,"colorFamily,undertone","intensity,texture,suitableFor,oliveYoungListed,departmentStoreListed",7110,https://www.lotteon.com/p/product/LO2265610375?sitmNo=LO2265610375_2265610386&ch_no=100065&ch_dtl_no=1000030&entryPoint=pcs&dp_infw_cd=CHT,https://shopping-phinf.pstatic.net/main_4592251/45922519249.2.jpg,,https://www.lotteon.com/p/product/LO2265610375?sitmNo=LO2265610375_2265610386&ch_no=100065&ch_dtl_no=1000030&entryPoint=pcs&dp_infw_cd=CHT,https://www.lotteon.com/p/product/LO2265610375?sitmNo=LO2265610375_2265610386&ch_no=100065&ch_dtl_no=1000030&entryPoint=pcs&dp_infw_cd=CHT,"[{""colorFamily"": null, ""confidence"": 0.72, ""optionName"": ""11 글래시 플로우"", ""shadeName"": ""글래시 플로우"", ""shadeNumber"": ""11"", ""sourceType"": ""lotteon_product_api_title"", ""undertone"": null, ""undertoneConfidence"": 0}]",,,,glossy,tint,[],"[""moisturizing"", ""glow""]",unknown,unknown,todo,
168,naver-56999002705,데이지크,shadow,6,데이지크 섀도우 팔레트 색상 34 트윙클 머메이드,"colorFamily,undertone","intensity,finish,suitableFor,oliveYoungListed,departmentStoreListed",30870,https://www.lotteon.com/p/product/LO2553668030?sitmNo=LO2553668030_2553668031&ch_no=100065&ch_dtl_no=1000030&entryPoint=pcs&dp_infw_cd=CHT,https://shopping-phinf.pstatic.net/main_5699900/56999002705.jpg,https://dasique.com/products/shine-glowy-highlighter-palette-01-twinkle-mermaid,https://www.lotteon.com/p/product/LO2553668030?sitmNo=LO2553668030_2553668031&ch_no=100065&ch_dtl_no=1000030&entryPoint=pcs&dp_infw_cd=CHT,https://www.lotteon.com/p/product/LO2553668030?sitmNo=LO2553668030_2553668031&ch_no=100065&ch_dtl_no=1000030&entryPoint=pcs&dp_infw_cd=CHT,"[{""colorFamily"": null, ""confidence"": 0.72, ""optionName"": ""34 트윙클 머메이드"", ""shadeName"": ""트윙클 머메이드"", ""shadeNumber"": ""34"", ""sourceType"": ""lotteon_product_api_title"", ""undertone"": null, ""undertoneConfidence"": 0}]",,,,glossy,powder,[],"[""glow""]",unknown,unknown,todo,
164,naver-49163458340,데이지크,cheek,1,[데이지크] 블렌딩 무드 치크,finish,"shadeOptions,colorFamily,undertone,intensity,texture,sellingPoints,oliveYoungListed,departmentStoreListed",20000,https://m.a-bly.com/goods/4582150?utm_source=web_naver-shopping&utm_medium=display&utm_campaign=web_naver-shopping&utm_content=4582150,https://shopping-phinf.pstatic.net/main_4916345/49163458340.14.jpg,,,https://m.a-bly.com/goods/4582150?utm_source=web_naver-shopping&utm_medium=display&utm_campaign=web_naver-shopping&utm_content=4582150,"[{""colorFamily"": ""plum"", ""colorFamilyConfidence"": 0.58, ""confidence"": 0.55, ""optionName"": ""08 블루베리 소르베"", ""shadeName"": ""블루베리 소르베"", ""shadeNumber"": ""08"", ""sourceType"": ""naver_offer_title_option_inferred"", ""undertone"": ""cool"", ""undertoneConfidence"": 0.62}, {""colorFamily"": ""plum"", ""colorFamilyConfidence"": 0.58, ""confidence"": 0.55, ""optionName"": ""05 바이올렛 니트"", ""shadeName"": ""바이올렛 니트"", ""shadeNumber"": ""05"", ""sourceType"": ""naver_offer_title_option_inferred"", ""undertone"": ""cool"", ""undertoneConfidence"": 0.58}, {""colorFamily"": ""plum"", ""colorFamilyConfidence"": 0.58, ""confidence"": 0.55, ""optionName"": ""바이올렛 니트"", ""shadeName"": ""바이올렛 니트"", ""sourceType"": ""naver_offer_title_option_inferred"", ""undertone"": ""cool"", ""undertoneConfidence"": 0.58}, {""colorFamily"": ""peach"", ""colorFamilyConfidence"": 0.58, ""confidence"": 0.55, ""optionName"": ""03 피치 블렌딩"", ""shadeName"": ""피치 블렌딩"", ""shadeNumber"": ""03"", ""sourceType"": ""naver_offer_title_option_inferred"", ""undertone"": ""warm"", ""undertoneConfidence"": 0.58}, {""colorFamily"": ""peach"", ""colorFamilyConfidence"": 0.58, ""confidence"": 0.55, ""optionName"": ""피치 스퀴즈 컬렉션"", ""shadeName"": ""피치 스퀴즈 컬렉션"", ""sourceType"": ""naver_offer_title_option_inferred"", ""undertone"": ""warm"", ""undertoneConfidence"": 0.58}, {""colorFamily"": ""peach"", ""colorFamilyConfidence"": 0.58, ""confidence"": 0.55, ""optionName"": ""피치 블렌딩"", ""shadeName"": ""피치 블렌딩"", ""sourceType"": ""naver_offer_title_option_inferred"", ""undertone"": ""warm"", ""undertoneConfidence"": 0.58}]",plum,cool,,,powder,"[""warm_tone"", ""cool_tone""]",[],unknown,unknown,todo,
164,naver-59660675985,데이지크,cheek,2,[데이지크] 미니 블렌딩 무드 치크,finish,"shadeOptions,colorFamily,undertone,intensity,texture,sellingPoints,oliveYoungListed,departmentStoreListed",14000,https://m.a-bly.com/goods/67205249?utm_source=web_naver-shopping&utm_medium=display&utm_campaign=web_naver-shopping&utm_content=67205249,https://shopping-phinf.pstatic.net/main_5966067/59660675985.jpg,https://dasique.com/products/blending-mood-cheek-warm-blending,,https://m.a-bly.com/goods/67205249?utm_source=web_naver-shopping&utm_medium=display&utm_campaign=web_naver-shopping&utm_content=67205249,"[{""colorFamily"": ""nude"", ""colorFamilyConfidence"": 0.58, ""confidence"": 0.55, ""optionName"": ""09아몬드바닐라"", ""shadeName"": ""09아몬드바닐라"", ""sourceType"": ""naver_offer_title_option_inferred"", ""undertone"": ""neutral"", ""undertoneConfidence"": 0.58}]",nude,neutral,,,powder,"[""natural_makeup""]",[],unknown,unknown,todo,
164,naver-56057064634,라카,cheek,1,라카 러브 실크 블러쉬 6 colors,"colorFamily,undertone","intensity,texture,departmentStoreListed",15000,https://www.oliveyoung.co.kr/store/common/partner.do?chlNo=1&chlDtlNo=1&utm_source=naver&utm_medium=shopping_ep&utm_campaign=onpro_ep_product_0101_1231&utm_content=pc_price&sndType=goods&sndVal=A000000183448,https://shopping-phinf.pstatic.net/main_5605706/56057064634.jpg,https://laka.co.kr/product/러브-실크-블러쉬/168/,https://www.oliveyoung.co.kr/store/goods/getGoodsDetail.do?goodsNo=A000000183448,https://www.oliveyoung.co.kr/store/common/partner.do?chlNo=1&chlDtlNo=1&utm_source=naver&utm_medium=shopping_ep&utm_campaign=onpro_ep_product_0101_1231&utm_content=pc_price&sndType=goods&sndVal=A000000183448,"[{""colorFamily"": null, ""confidence"": 0.82, ""optionName"": ""701 하리코"", ""shadeName"": ""하리코"", ""shadeNumber"": ""701"", ""sourceType"": ""official_brand_page_option_html"", ""undertone"": null, ""undertoneConfidence"": 0}, {""colorFamily"": null, ""confidence"": 0.82, ""optionName"": ""702 판타지"", ""shadeName"": ""판타지"", ""shadeNumber"": ""702"", ""sourceType"": ""official_brand_page_option_html"", ""undertone"": null, ""undertoneConfidence"": 0}, {""colorFamily"": null, ""confidence"": 0.82, ""optionName"": ""703 아이콘"", ""shadeName"": ""아이콘"", ""shadeNumber"": ""703"", ""sourceType"": ""official_brand_page_option_html"", ""undertone"": null, ""undertoneConfidence"": 0}, {""colorFamily"": null, ""confidence"": 0.82, ""optionName"": ""704 눈누"", ""shadeName"": ""눈누"", ""shadeNumber"": ""704"", ""sourceType"": ""official_brand_page_option_html"", ""undertone"": null, ""undertoneConfidence"": 0}, {""colorFamily"": null, ""confidence"": 0.82, ""optionName"": ""705 엔젤"", ""shadeName"": ""엔젤"", ""shadeNumber"": ""705"", ""sourceType"": ""official_brand_page_option_html"", ""undertone"": null, ""undertoneConfidence"": 0}, {""colorFamily"": null, ""confidence"": 0.82, ""optionName"": ""706 러버"", ""shadeName"": ""러버"", ""shadeNumber"": ""706"", ""sourceType"": ""official_brand_page_option_html"", ""undertone"": null, ""undertoneConfidence"": 0}, {""colorFamily"": null, ""confidence"": 0.82, ""optionName"": ""707 스윗"", ""shadeName"": ""스윗"", ""shadeNumber"": ""707"", ""sourceType"": ""official_brand_page_option_html"", ""undertone"": null, ""undertoneConfidence"": 0}, {""colorFamily"": null, ""confidence"": 0.82, ""optionName"": ""708 포엠"", ""shadeName"": ""포엠"", ""shadeNumber"": ""708"", ""sourceType"": ""official_brand_page_option_html"", ""undertone"": null, ""undertoneConfidence"": 0}, {""colorFamily"": null, ""confidence"": 0.82, ""optionName"": ""709 돌체"", ""shadeName"": ""돌체"", ""shadeNumber"": ""709"", ""sourceType"": ""official_brand_page_option_html"", ""undertone"": null, ""undertoneConfidence"": 0}]",,,sheer,velvet,powder,"[""daily_makeup""]","[""blur""]",collected,unknown,todo,
164,naver-38119022373,라카,cheek,2,러브 실크 블러쉬,"colorFamily,undertone","intensity,texture,departmentStoreListed",13500,https://chicor.com/goods/0000000078622?utm_source=naver&utm_medium=cpc&utm_campaign=ep,https://shopping-phinf.pstatic.net/main_3811902/38119022373.8.jpg,https://laka.co.kr/product/러브-실크-블러쉬/168/,https://chicor.com/goods/0000000078622?utm_source=naver&utm_medium=cpc&utm_campaign=ep,https://chicor.com/goods/0000000078622?utm_source=naver&utm_medium=cpc&utm_campaign=ep,"[{""colorFamily"": null, ""confidence"": 0.82, ""optionName"": ""701 하리코"", ""shadeName"": ""하리코"", ""shadeNumber"": ""701"", ""sourceType"": ""official_brand_page_option_html"", ""undertone"": null, ""undertoneConfidence"": 0}, {""colorFamily"": null, ""confidence"": 0.82, ""optionName"": ""702 판타지"", ""shadeName"": ""판타지"", ""shadeNumber"": ""702"", ""sourceType"": ""official_brand_page_option_html"", ""undertone"": null, ""undertoneConfidence"": 0}, {""colorFamily"": null, ""confidence"": 0.82, ""optionName"": ""703 아이콘"", ""shadeName"": ""아이콘"", ""shadeNumber"": ""703"", ""sourceType"": ""official_brand_page_option_html"", ""undertone"": null, ""undertoneConfidence"": 0}, {""colorFamily"": null, ""confidence"": 0.82, ""optionName"": ""704 눈누"", ""shadeName"": ""눈누"", ""shadeNumber"": ""704"", ""sourceType"": ""official_brand_page_option_html"", ""undertone"": null, ""undertoneConfidence"": 0}, {""colorFamily"": null, ""confidence"": 0.82, ""optionName"": ""705 엔젤"", ""shadeName"": ""엔젤"", ""shadeNumber"": ""705"", ""sourceType"": ""official_brand_page_option_html"", ""undertone"": null, ""undertoneConfidence"": 0}, {""colorFamily"": null, ""confidence"": 0.82, ""optionName"": ""706 러버"", ""shadeName"": ""러버"", ""shadeNumber"": ""706"", ""sourceType"": ""official_brand_page_option_html"", ""undertone"": null, ""undertoneConfidence"": 0}, {""colorFamily"": null, ""confidence"": 0.82, ""optionName"": ""707 스윗"", ""shadeName"": ""스윗"", ""shadeNumber"": ""707"", ""sourceType"": ""official_brand_page_option_html"", ""undertone"": null, ""undertoneConfidence"": 0}, {""colorFamily"": null, ""confidence"": 0.82, ""optionName"": ""708 포엠"", ""shadeName"": ""포엠"", ""shadeNumber"": ""708"", ""sourceType"": ""official_brand_page_option_html"", ""undertone"": null, ""undertoneConfidence"": 0}, {""colorFamily"": null, ""confidence"": 0.82, ""optionName"": ""709 돌체"", ""shadeName"": ""돌체"", ""shadeNumber"": ""709"", ""sourceType"": ""official_brand_page_option_html"", ""undertone"": null, ""undertoneConfidence"": 0}]",,,sheer,velvet,powder,"[""daily_makeup""]","[""blur""]",collected,unknown,todo,
164,naver-60588301435,라카,cheek,6,라카 러브 매끄러운 실크 광택 블러셔 701 하리코 X2,"colorFamily,undertone","intensity,texture,oliveYoungListed,departmentStoreListed",47950,https://www.lotteon.com/p/product/LO2531778426?sitmNo=LO2531778426_2531778427&ch_no=100065&ch_dtl_no=1000030&entryPoint=pcs&dp_infw_cd=CHT,https://shopping-phinf.pstatic.net/main_6058830/60588301435.jpg,https://laka.co.kr/product/러브-실크-블러쉬/168/,https://www.lotteon.com/p/product/LO2531778426?sitmNo=LO2531778426_2531778427&ch_no=100065&ch_dtl_no=1000030&entryPoint=pcs&dp_infw_cd=CHT,https://www.lotteon.com/p/product/LO2531778426?sitmNo=LO2531778426_2531778427&ch_no=100065&ch_dtl_no=1000030&entryPoint=pcs&dp_infw_cd=CHT,"[{""colorFamily"": null, ""confidence"": 0.72, ""optionName"": ""701 하리코"", ""shadeName"": ""하리코"", ""shadeNumber"": ""701"", ""sourceType"": ""lotteon_product_api_title"", ""undertone"": null, ""undertoneConfidence"": 0}]",,,sheer,velvet,powder,"[""all_skin""]","[""glow"", ""blur""]",unknown,unknown,todo,
164,naver-60539278222,라카,cheek,7,라카 러브 매끄러운 실크 광택 블러셔 704 눈누 X2,"colorFamily,undertone","intensity,texture,oliveYoungListed,departmentStoreListed",60850,https://www.lotteon.com/p/product/LO2574344113?sitmNo=LO2574344113_2574344114&ch_no=100065&ch_dtl_no=1000030&entryPoint=pcs&dp_infw_cd=CHT,https://shopping-phinf.pstatic.net/main_6053927/60539278222.jpg,https://laka.co.kr/product/러브-실크-블러쉬/168/,https://www.lotteon.com/p/product/LO2574344113?sitmNo=LO2574344113_2574344114&ch_no=100065&ch_dtl_no=1000030&entryPoint=pcs&dp_infw_cd=CHT,https://www.lotteon.com/p/product/LO2574344113?sitmNo=LO2574344113_2574344114&ch_no=100065&ch_dtl_no=1000030&entryPoint=pcs&dp_infw_cd=CHT,"[{""colorFamily"": null, ""confidence"": 0.72, ""optionName"": ""704 눈누"", ""shadeName"": ""눈누"", ""shadeNumber"": ""704"", ""sourceType"": ""lotteon_product_api_title"", ""undertone"": null, ""undertoneConfidence"": 0}]",,,sheer,velvet,powder,"[""all_skin""]","[""glow"", ""blur""]",unknown,unknown,todo,
164,naver-60191645537,라카,cheek,8,라카 러브 부드러운 실크 광택 블러셔 709 돌체 X2,"colorFamily,undertone","intensity,texture,oliveYoungListed,departmentStoreListed",60850,https://www.lotteon.com/p/product/LO2574333577?sitmNo=LO2574333577_2574333578&ch_no=100065&ch_dtl_no=1000030&entryPoint=pcs&dp_infw_cd=CHT,https://shopping-phinf.pstatic.net/main_6019164/60191645537.jpg,https://laka.co.kr/product/러브-실크-블러쉬/168/,https://www.lotteon.com/p/product/LO2574333577?sitmNo=LO2574333577_2574333578&ch_no=100065&ch_dtl_no=1000030&entryPoint=pcs&dp_infw_cd=CHT,https://www.lotteon.com/p/product/LO2574333577?sitmNo=LO2574333577_2574333578&ch_no=100065&ch_dtl_no=1000030&entryPoint=pcs&dp_infw_cd=CHT,"[{""colorFamily"": null, ""confidence"": 0.72, ""optionName"": ""709 돌체"", ""shadeName"": ""돌체"", ""shadeNumber"": ""709"", ""sourceType"": ""lotteon_product_api_title"", ""undertone"": null, ""undertoneConfidence"": 0}]",,,sheer,velvet,powder,"[""all_skin""]","[""glow"", ""blur""]",unknown,unknown,todo,
164,naver-51282166542,에뛰드,cheek,4,에뛰드 하트 팝 듀오 블러셔 /볼터치/하이라이터,"colorFamily,undertone","intensity,texture,oliveYoungListed",15190,https://www.lotteon.com/p/product/LO2356398966?sitmNo=LO2356398966_2356398967&ch_no=100065&ch_dtl_no=1000030&entryPoint=pcs&dp_infw_cd=CHT,https://shopping-phinf.pstatic.net/main_5128216/51282166542.2.jpg,https://www.etude.com/shop/category/face/%ed%95%98%ed%8a%b8-%ed%94%8c%eb%9f%ac%ed%84%b0-%eb%b8%94%eb%9f%ac%ec%85%94-4g/,https://www.lotteon.com/p/product/LO2356398966?sitmNo=LO2356398966_2356398967&ch_no=100065&ch_dtl_no=1000030&entryPoint=pcs&dp_infw_cd=CHT,https://www.lotteon.com/p/product/LO2356398966?sitmNo=LO2356398966_2356398967&ch_no=100065&ch_dtl_no=1000030&entryPoint=pcs&dp_infw_cd=CHT,"[{""colorFamily"": null, ""confidence"": 0.72, ""optionName"": ""엔비 페일"", ""shadeName"": ""엔비 페일"", ""shadeNumber"": null, ""sourceType"": ""lotteon_product_api_title"", ""undertone"": null, ""undertoneConfidence"": 0}]",,,,velvet,tint,"[""all_skin""]","[""blur""]",unknown,collected,todo,
164,naver-54278836356,3CE,lip,5,3CE [지속력끝판왕] 레이지 팝 립 스테인 4.5g+미니아이스위치(랜덤),"finish,texture","undertone,intensity,oliveYoungListed",14340,https://www.hmall.com/md/pda/itemPtc?ReferCode=429&slitmCd=2232578685&utm_source=naver&utm_medium=cps_pcs&utm_campaign=sale,https://shopping-phinf.pstatic.net/main_5427883/54278836356.3.jpg,https://www.3cecosmetics.com/all-products/lips/lip-tint/3ce-lazy-pop-lip-stain,https://www.hmall.com/md/pda/itemPtc?ReferCode=429&slitmCd=2232578685&utm_source=naver&utm_medium=cps_pcs&utm_campaign=sale,https://www.hmall.com/md/pda/itemPtc?ReferCode=429&slitmCd=2232578685&utm_source=naver&utm_medium=cps_pcs&utm_campaign=sale,"[{""colorFamily"": ""plum"", ""confidence"": 0.82, ""optionName"": ""베리 스프링"", ""shadeName"": ""베리 스프링"", ""shadeNumber"": null, ""sourceType"": ""hmall_next_stock_option"", ""undertone"": ""cool"", ""undertoneConfidence"": 0.62}, {""colorFamily"": ""plum"", ""confidence"": 0.82, ""optionName"": ""뮤트 라일락"", ""shadeName"": ""뮤트 라일락"", ""shadeNumber"": null, ""sourceType"": ""hmall_next_stock_option"", ""undertone"": ""cool"", ""undertoneConfidence"": 0.62}, {""colorFamily"": ""rose"", ""confidence"": 0.82, ""optionName"": ""로지 프로미스"", ""shadeName"": ""로지 프로미스"", ""shadeNumber"": null, ""sourceType"": ""hmall_next_stock_option"", ""undertone"": ""cool"", ""undertoneConfidence"": 0}]",plum,cool,,,,"[""cool_tone""]","[""long_lasting""]",unknown,collected,todo,
164,naver-60202637260,네이밍,lip,1,[7월 올영픽/위위시헌쌤픽] 네이밍 하이 듀 립 글레이즈 (+미니틴트) 9colors,"colorFamily,undertone","shadeOptions,intensity,departmentStoreListed",12200,https://www.oliveyoung.co.kr/store/common/partner.do?chlNo=1&chlDtlNo=1&utm_source=naver&utm_medium=shopping_ep&utm_campaign=onpro_ep_product_0101_1231&utm_content=pc_price&sndType=goods&sndVal=A000000257218,https://shopping-phinf.pstatic.net/main_6020263/60202637260.jpg,https://naming.co.kr/product/new-하이-듀-립-글레이즈/553/,https://www.oliveyoung.co.kr/store/goods/getGoodsDetail.do?goodsNo=A000000257218,https://www.oliveyoung.co.kr/store/common/partner.do?chlNo=1&chlDtlNo=1&utm_source=naver&utm_medium=shopping_ep&utm_campaign=onpro_ep_product_0101_1231&utm_content=pc_price&sndType=goods&sndVal=A000000257218,"[{""colorFamily"": null, ""confidence"": 0.82, ""optionName"": ""어딕트"", ""shadeName"": ""어딕트"", ""shadeNumber"": null, ""sourceType"": ""official_brand_page_option_json"", ""undertone"": null, ""undertoneConfidence"": 0}, {""colorFamily"": null, ""confidence"": 0.82, ""optionName"": ""코지"", ""shadeName"": ""코지"", ""shadeNumber"": null, ""sourceType"": ""official_brand_page_option_json"", ""undertone"": null, ""undertoneConfidence"": 0}, {""colorFamily"": null, ""confidence"": 0.82, ""optionName"": ""멜로우"", ""shadeName"": ""멜로우"", ""shadeNumber"": null, ""sourceType"": ""official_brand_page_option_json"", ""undertone"": null, ""undertoneConfidence"": 0}, {""colorFamily"": null, ""confidence"": 0.82, ""optionName"": ""플러터"", ""shadeName"": ""플러터"", ""shadeNumber"": null, ""sourceType"": ""official_brand_page_option_json"", ""undertone"": null, ""undertoneConfidence"": 0}, {""colorFamily"": null, ""confidence"": 0.82, ""optionName"": ""스위튼"", ""shadeName"": ""스위튼"", ""shadeNumber"": null, ""sourceType"": ""official_brand_page_option_json"", ""undertone"": null, ""undertoneConfidence"": 0}]",,,sheer,velvet,tint,"[""daily_makeup""]","[""glow"", ""blur"", ""lightweight""]",collected,unknown,todo,
164,naver-60191142386,뮤드,lip,6,뮤드 글라세 립 촉촉 컬러 픽싱 틴트 13 썸머 피크닉,"colorFamily,undertone","intensity,finish,oliveYoungListed,departmentStoreListed",33630,https://www.lotteon.com/p/product/LO2560239177?sitmNo=LO2560239177_2560239178&ch_no=100065&ch_dtl_no=1000030&entryPoint=pcs&dp_infw_cd=CHT,https://shopping-phinf.pstatic.net/main_6019114/60191142386.jpg,https://mude.co.kr/product/뮤드-글라세-립-틴트/91/,https://www.lotteon.com/p/product/LO2560239177?sitmNo=LO2560239177_2560239178&ch_no=100065&ch_dtl_no=1000030&entryPoint=pcs&dp_infw_cd=CHT,https://www.lotteon.com/p/product/LO2560239177?sitmNo=LO2560239177_2560239178&ch_no=100065&ch_dtl_no=1000030&entryPoint=pcs&dp_infw_cd=CHT,"[{""colorFamily"": null, ""confidence"": 0.72, ""optionName"": ""13 썸머 피크닉"", ""shadeName"": ""썸머 피크닉"", ""shadeNumber"": ""13"", ""sourceType"": ""lotteon_product_api_title"", ""undertone"": null, ""undertoneConfidence"": 0}]",,,,glossy,tint,"[""all_skin""]","[""moisturizing""]",unknown,unknown,todo,
164,naver-50894910866,컬러그램,lip,8,[꿀먹광 글로스]컬러그램 탕후루 탱글 꿀로스 3COLOR,"colorFamily,undertone","intensity,suitableFor,sellingPoints,departmentStoreListed",10000,https://www.oliveyoung.co.kr/store/common/partner.do?chlNo=1&chlDtlNo=1&utm_source=naver&utm_medium=shopping_ep&utm_campaign=onpro_ep_product_0101_1231&utm_content=pc_price&sndType=goods&sndVal=A000000198689,https://shopping-phinf.pstatic.net/main_5089491/50894910866.2.jpg,,https://www.oliveyoung.co.kr/store/goods/getGoodsDetail.do?goodsNo=A000000198689,https://www.oliveyoung.co.kr/store/common/partner.do?chlNo=1&chlDtlNo=1&utm_source=naver&utm_medium=shopping_ep&utm_campaign=onpro_ep_product_0101_1231&utm_content=pc_price&sndType=goods&sndVal=A000000198689,"[{""colorFamily"": null, ""confidence"": 0.82, ""optionName"": ""06 체리리링"", ""shadeName"": ""체리리링"", ""shadeNumber"": ""06"", ""sourceType"": ""oliveyoung_product_option_json"", ""undertone"": null, ""undertoneConfidence"": 0}, {""colorFamily"": null, ""confidence"": 0.82, ""optionName"": ""03 딸기키킥"", ""shadeName"": ""딸기키킥"", ""shadeNumber"": ""03"", ""sourceType"": ""oliveyoung_product_option_json"", ""undertone"": null, ""undertoneConfidence"": 0}, {""colorFamily"": null, ""confidence"": 0.82, ""optionName"": ""04 구아바이"", ""shadeName"": ""구아바이"", ""shadeNumber"": ""04"", ""sourceType"": ""oliveyoung_product_option_json"", ""undertone"": null, ""undertoneConfidence"": 0}, {""colorFamily"": null, ""confidence"": 0.82, ""optionName"": ""05 리치칫뿡"", ""shadeName"": ""리치칫뿡"", ""shadeNumber"": ""05"", ""sourceType"": ""oliveyoung_product_option_json"", ""undertone"": null, ""undertoneConfidence"": 0}]",,,,glossy,tint,[],[],collected,unknown,todo,
164,naver-50894739523,컬러그램,lip,9,컬러그램 탕후루 탱글 틴트 미니 듀오 3 COLOR,"colorFamily,undertone","intensity,suitableFor,sellingPoints,departmentStoreListed",15000,https://www.oliveyoung.co.kr/store/common/partner.do?chlNo=1&chlDtlNo=1&utm_source=naver&utm_medium=shopping_ep&utm_campaign=onpro_ep_product_0101_1231&utm_content=pc_price&sndType=goods&sndVal=A000000201779,https://shopping-phinf.pstatic.net/main_5089473/50894739523.jpg,,https://www.oliveyoung.co.kr/store/goods/getGoodsDetail.do?goodsNo=A000000201779,https://www.oliveyoung.co.kr/store/common/partner.do?chlNo=1&chlDtlNo=1&utm_source=naver&utm_medium=shopping_ep&utm_campaign=onpro_ep_product_0101_1231&utm_content=pc_price&sndType=goods&sndVal=A000000201779,"[{""colorFamily"": null, ""confidence"": 0.82, ""optionName"": ""01 더블글로스"", ""shadeName"": ""더블글로스"", ""shadeNumber"": ""01"", ""sourceType"": ""oliveyoung_product_option_json"", ""undertone"": null, ""undertoneConfidence"": 0}, {""colorFamily"": null, ""confidence"": 0.82, ""optionName"": ""02 웜꿀조합"", ""shadeName"": ""웜꿀조합"", ""shadeNumber"": ""02"", ""sourceType"": ""oliveyoung_product_option_json"", ""undertone"": null, ""undertoneConfidence"": 0}, {""colorFamily"": null, ""confidence"": 0.82, ""optionName"": ""03 쿨꿀조합"", ""shadeName"": ""쿨꿀조합"", ""shadeNumber"": ""03"", ""sourceType"": ""oliveyoung_product_option_json"", ""undertone"": null, ""undertoneConfidence"": 0}]",,,,glossy,tint,[],[],collected,unknown,todo,
164,naver-52098911223,3CE,shadow,2,3CE 아이 스위치,"finish,undertone","intensity,suitableFor,sellingPoints,departmentStoreListed",19000,https://www.oliveyoung.co.kr/store/common/partner.do?chlNo=1&chlDtlNo=1&utm_source=naver&utm_medium=shopping_ep&utm_campaign=onpro_ep_product_0101_1231&utm_content=pc_price&sndType=goods&sndVal=A000000110707,https://shopping-phinf.pstatic.net/main_5209891/52098911223.1.jpg,,https://www.oliveyoung.co.kr/store/goods/getGoodsDetail.do?goodsNo=A000000110707,https://www.oliveyoung.co.kr/store/common/partner.do?chlNo=1&chlDtlNo=1&utm_source=naver&utm_medium=shopping_ep&utm_campaign=onpro_ep_product_0101_1231&utm_content=pc_price&sndType=goods&sndVal=A000000110707,"[{""colorFamily"": ""pink"", ""confidence"": 0.82, ""optionName"": ""핑크 쉰"", ""shadeName"": ""핑크 쉰"", ""shadeNumber"": null, ""sourceType"": ""oliveyoung_product_option_json"", ""undertone"": null, ""undertoneConfidence"": 0}]",pink,,,,powder,[],[],collected,unknown,todo,
164,naver-55322600441,3CE,shadow,8,3CE 멀티 아이 컬러 팔레트,"finish,undertone","intensity,suitableFor,sellingPoints,departmentStoreListed",31200,https://www.oliveyoung.co.kr/store/common/partner.do?chlNo=1&chlDtlNo=1&utm_source=naver&utm_medium=shopping_ep&utm_campaign=onpro_ep_product_0101_1231&utm_content=pc_price&sndType=goods&sndVal=A000000148589,https://shopping-phinf.pstatic.net/main_5532260/55322600441.1.jpg,https://www.3cecosmetics.com/all-products/eyes/eyeshadow/3ce-multi-eye-color-palette,https://www.oliveyoung.co.kr/store/goods/getGoodsDetail.do?goodsNo=A000000148589,https://www.oliveyoung.co.kr/store/common/partner.do?chlNo=1&chlDtlNo=1&utm_source=naver&utm_medium=shopping_ep&utm_campaign=onpro_ep_product_0101_1231&utm_content=pc_price&sndType=goods&sndVal=A000000148589,"[{""colorFamily"": ""pink"", ""confidence"": 0.82, ""optionName"": ""노티드 핑크"", ""shadeName"": ""노티드 핑크"", ""shadeNumber"": null, ""sourceType"": ""oliveyoung_product_option_json"", ""undertone"": null, ""undertoneConfidence"": 0}]",pink,,sheer,,cream,[],[],collected,unknown,todo,
164,naver-91176070196,네이밍,shadow,2,품절대란/멀티라이너 네이밍 퍼펙테일 아이 디자이닝 펜슬 듀얼 라이너 0.2g 칼라택1,finish,"shadeOptions,colorFamily,undertone,intensity,texture,sellingPoints,oliveYoungListed,departmentStoreListed",16700,https://smartstore.naver.com/main/products/13631559532,https://shopping-phinf.pstatic.net/main_9117607/91176070196.jpg,https://naming.co.kr/product/퍼펙테일-아이-디자이닝-펜슬-슬림라이너/449/,,https://smartstore.naver.com/main/products/13631559532,"[{""colorFamily"": ""black"", ""colorFamilyConfidence"": 0.62, ""confidence"": 0.82, ""intensity"": ""bold"", ""intensityConfidence"": 0.58, ""optionName"": ""퍼펙트블랙"", ""shadeName"": ""퍼펙트블랙"", ""shadeNumber"": null, ""sourceType"": ""official_brand_page_option_json"", ""undertone"": null, ""undertoneConfidence"": 0}, {""colorFamily"": ""brown"", ""confidence"": 0.82, ""optionName"": ""디테일브라운"", ""shadeName"": ""디테일브라운"", ""shadeNumber"": null, ""sourceType"": ""official_brand_page_option_json"", ""undertone"": ""neutral"", ""undertoneConfidence"": 0.62}, {""colorFamily"": ""brown"", ""confidence"": 0.82, ""optionName"": ""살몬브라운"", ""shadeName"": ""살몬브라운"", ""shadeNumber"": null, ""sourceType"": ""official_brand_page_option_json"", ""undertone"": ""neutral"", ""undertoneConfidence"": 0.62}, {""colorFamily"": ""rose"", ""confidence"": 0.82, ""optionName"": ""로즈 애쉬 브라운"", ""shadeName"": ""로즈 애쉬 브라운"", ""shadeNumber"": null, ""sourceType"": ""official_brand_page_option_json"", ""undertone"": ""neutral"", ""undertoneConfidence"": 0.62}, {""colorFamily"": ""nude"", ""confidence"": 0.82, ""intensity"": ""medium"", ""intensityConfidence"": 0.56, ""optionName"": ""언더 베이지"", ""shadeName"": ""언더 베이지"", ""shadeNumber"": null, ""sourceType"": ""official_brand_page_option_json"", ""undertone"": ""neutral"", ""undertoneConfidence"": 0.62}, {""colorFamily"": ""mauve"", ""confidence"": 0.82, ""optionName"": ""그레이시 모브"", ""shadeName"": ""그레이시 모브"", ""shadeNumber"": null, ""sourceType"": ""official_brand_page_option_json"", ""undertone"": ""cool"", ""undertoneConfidence"": 0.62}, {""colorFamily"": null, ""confidence"": 0.82, ""intensity"": ""bold"", ""intensityConfidence"": 0.56, ""optionName"": ""딥 차콜"", ""shadeName"": ""딥 차콜"", ""shadeNumber"": null, ""sourceType"": ""official_brand_page_option_json"", ""undertone"": null, ""undertoneConfidence"": 0}, {""colorFamily"": ""rose"", ""confidence"": 0.82, ""optionName"": ""딤 로즈"", ""shadeName"": ""딤 로즈"", ""shadeNumber"": null, ""sourceType"": ""official_brand_page_option_json"", ""undertone"": null, ""undertoneConfidence"": 0}, {""colorFamily"": ""pink"", ""confidence"": 0.82, ""optionName"": ""브라우니 핑크"", ""shadeName"": ""브라우니 핑크"", ""shadeNumber"": null, ""sourceType"": ""official_brand_page_option_json"", ""undertone"": null, ""undertoneConfidence"": 0}, {""colorFamily"": ""brown"", ""confidence"": 0.82, ""intensity"": ""medium"", ""intensityConfidence"": 0.56, ""optionName"": ""토프 베이지"", ""shadeName"": ""토프 베이지"", ""shadeNumber"": null, ""sourceType"": ""official_brand_page_option_json"", ""undertone"": ""neutral"", ""undertoneConfidence"": 0.62}, {""colorFamily"": ""brown"", ""confidence"": 0.82, ""optionName"": ""모카 브라운"", ""shadeName"": ""모카 브라운"", ""shadeNumber"": null, ""sourceType"": ""official_brand_page_option_json"", ""undertone"": ""neutral"", ""undertoneConfidence"": 0.62}]",brown,neutral,sheer,,pencil,"[""daily_makeup""]",[],unknown,unknown,todo,
160,naver-58015909365,데이지크,cheek,4,데이지크 블렌딩 무드 치크 팔레트 블러셔 14 러브 하트,"colorFamily,undertone","intensity,suitableFor,oliveYoungListed,departmentStoreListed",25920,https://www.lotteon.com/p/product/LO2586203592?sitmNo=LO2586203592_2586203593&ch_no=100065&ch_dtl_no=1000030&entryPoint=pcs&dp_infw_cd=CHT,https://shopping-phinf.pstatic.net/main_5801590/58015909365.jpg,https://dasique.com/products/blending-mood-cheek-14-brown-bear,https://www.lotteon.com/p/product/LO2586203592?sitmNo=LO2586203592_2586203593&ch_no=100065&ch_dtl_no=1000030&entryPoint=pcs&dp_infw_cd=CHT,https://www.lotteon.com/p/product/LO2586203592?sitmNo=LO2586203592_2586203593&ch_no=100065&ch_dtl_no=1000030&entryPoint=pcs&dp_infw_cd=CHT,"[{""colorFamily"": null, ""confidence"": 0.72, ""optionName"": ""14 러브 하트"", ""shadeName"": ""러브 하트"", ""shadeNumber"": ""14"", ""sourceType"": ""lotteon_product_api_title"", ""undertone"": null, ""undertoneConfidence"": 0}]",,,medium,velvet,powder,[],"[""blur""]",unknown,unknown,todo,
160,naver-60220140175,라카,cheek,3,[SPF50+] 라카 선 실드 글로이 치크 7g,"colorFamily,undertone","intensity,suitableFor,departmentStoreListed",18000,https://www.oliveyoung.co.kr/store/common/partner.do?chlNo=1&chlDtlNo=1&utm_source=naver&utm_medium=shopping_ep&utm_campaign=onpro_ep_product_0101_1231&utm_content=pc_price&sndType=goods&sndVal=A000000257081,https://shopping-phinf.pstatic.net/main_6022014/60220140175.jpg,https://laka.co.kr/product/선-실드-글로이-치크-spf-50-pa/193/,https://www.oliveyoung.co.kr/store/goods/getGoodsDetail.do?goodsNo=A000000257081,https://www.oliveyoung.co.kr/store/common/partner.do?chlNo=1&chlDtlNo=1&utm_source=naver&utm_medium=shopping_ep&utm_campaign=onpro_ep_product_0101_1231&utm_content=pc_price&sndType=goods&sndVal=A000000257081,"[{""colorFamily"": null, ""confidence"": 0.82, ""optionName"": ""01 시에나"", ""shadeName"": ""시에나"", ""shadeNumber"": ""01"", ""sourceType"": ""oliveyoung_product_option_json"", ""undertone"": null, ""undertoneConfidence"": 0}, {""colorFamily"": null, ""confidence"": 0.82, ""optionName"": ""02 코지"", ""shadeName"": ""코지"", ""shadeNumber"": ""02"", ""sourceType"": ""oliveyoung_product_option_json"", ""undertone"": null, ""undertoneConfidence"": 0}, {""colorFamily"": null, ""confidence"": 0.82, ""optionName"": ""05 뮤즈"", ""shadeName"": ""뮤즈"", ""shadeNumber"": ""05"", ""sourceType"": ""oliveyoung_product_option_json"", ""undertone"": null, ""undertoneConfidence"": 0}, {""colorFamily"": null, ""confidence"": 0.82, ""optionName"": ""06 포피"", ""shadeName"": ""포피"", ""shadeNumber"": ""06"", ""sourceType"": ""oliveyoung_product_option_json"", ""undertone"": null, ""undertoneConfidence"": 0}, {""colorFamily"": null, ""confidence"": 0.82, ""optionName"": ""08 크림슨"", ""shadeName"": ""크림슨"", ""shadeNumber"": ""08"", ""sourceType"": ""oliveyoung_product_option_json"", ""undertone"": null, ""undertoneConfidence"": 0}, {""colorFamily"": null, ""confidence"": 0.82, ""optionName"": ""09 라이즈"", ""shadeName"": ""라이즈"", ""shadeNumber"": ""09"", ""sourceType"": ""oliveyoung_product_option_json"", ""undertone"": null, ""undertoneConfidence"": 0}, {""colorFamily"": null, ""confidence"": 0.82, ""optionName"": ""10 멀버리"", ""shadeName"": ""멀버리"", ""shadeNumber"": ""10"", ""sourceType"": ""oliveyoung_product_option_json"", ""undertone"": null, ""undertoneConfidence"": 0}, {""colorFamily"": null, ""confidence"": 0.82, ""optionName"": ""11 세피아"", ""shadeName"": ""세피아"", ""shadeNumber"": ""11"", ""sourceType"": ""oliveyoung_product_option_json"", ""undertone"": null, ""undertoneConfidence"": 0}, {""colorFamily"": null, ""confidence"": 0.82, ""optionName"": ""03 포멜로"", ""shadeName"": ""포멜로"", ""shadeNumber"": ""03"", ""sourceType"": ""oliveyoung_product_option_json"", ""undertone"": null, ""undertoneConfidence"": 0}, {""colorFamily"": null, ""confidence"": 0.82, ""optionName"": ""04 쉘"", ""shadeName"": ""쉘"", ""shadeNumber"": ""04"", ""sourceType"": ""oliveyoung_product_option_json"", ""undertone"": null, ""undertoneConfidence"": 0}, {""colorFamily"": null, ""confidence"": 0.82, ""optionName"": ""07 보그"", ""shadeName"": ""보그"", ""shadeNumber"": ""07"", ""sourceType"": ""oliveyoung_product_option_json"", ""undertone"": null, ""undertoneConfidence"": 0}]",,,,velvet,cream,[],"[""blur""]",collected,unknown,todo,
160,naver-60387219005,더샘,lip,3,[온누리상품] 더샘 플로우 립 리얼래스팅 틴트,"finish,undertone","intensity,suitableFor,oliveYoungListed",17020,https://www.lotteon.com/p/product/LO2697834144?sitmNo=LO2697834144_2697834145&ch_no=100065&ch_dtl_no=1000030&entryPoint=pcs&dp_infw_cd=CHT,https://shopping-phinf.pstatic.net/main_6038721/60387219005.jpg,,https://www.lotteon.com/p/product/LO2697834144?sitmNo=LO2697834144_2697834145&ch_no=100065&ch_dtl_no=1000030&entryPoint=pcs&dp_infw_cd=CHT,https://www.lotteon.com/p/product/LO2697834144?sitmNo=LO2697834144_2697834145&ch_no=100065&ch_dtl_no=1000030&entryPoint=pcs&dp_infw_cd=CHT,"[{""colorFamily"": ""coral"", ""confidence"": 0.84, ""optionName"": ""CR01 업사이드"", ""shadeName"": ""업사이드"", ""shadeNumber"": ""CR01"", ""sourceType"": ""lotteon_product_api_option"", ""undertone"": null, ""undertoneConfidence"": 0}]",coral,,,,tint,[],"[""long_lasting""]",unknown,collected,todo,
160,naver-60387220767,더샘,lip,4,[온누리상품] 더샘 플로우 립 리얼래스팅 틴트 CR01 업사이드,"finish,undertone","intensity,suitableFor,oliveYoungListed",17470,https://www.lotteon.com/p/product/LO2697834114?sitmNo=LO2697834114_2697834115&ch_no=100065&ch_dtl_no=1000030&entryPoint=pcs&dp_infw_cd=CHT,https://shopping-phinf.pstatic.net/main_6038722/60387220767.jpg,,https://www.lotteon.com/p/product/LO2697834114?sitmNo=LO2697834114_2697834115&ch_no=100065&ch_dtl_no=1000030&entryPoint=pcs&dp_infw_cd=CHT,https://www.lotteon.com/p/product/LO2697834114?sitmNo=LO2697834114_2697834115&ch_no=100065&ch_dtl_no=1000030&entryPoint=pcs&dp_infw_cd=CHT,"[{""colorFamily"": ""coral"", ""confidence"": 0.72, ""optionName"": ""CR01 업사이드"", ""shadeName"": ""업사이드"", ""shadeNumber"": ""CR01"", ""sourceType"": ""lotteon_product_api_title"", ""undertone"": null, ""undertoneConfidence"": 0}]",coral,,,,tint,[],"[""long_lasting""]",unknown,collected,todo,
160,naver-60278851230,웨이크메이크,lip,6,웨이크메이크 볼드 립 블러 틴트 애프리시티 3호,"colorFamily,undertone","intensity,suitableFor,departmentStoreListed",16130,https://www.lotteon.com/p/product/LO2692596343?sitmNo=LO2692596343_2692596344&ch_no=100065&ch_dtl_no=1000030&entryPoint=pcs&dp_infw_cd=CHT,https://shopping-phinf.pstatic.net/main_6027885/60278851230.jpg,,https://www.lotteon.com/p/product/LO2692596343?sitmNo=LO2692596343_2692596344&ch_no=100065&ch_dtl_no=1000030&entryPoint=pcs&dp_infw_cd=CHT,https://www.lotteon.com/p/product/LO2692596343?sitmNo=LO2692596343_2692596344&ch_no=100065&ch_dtl_no=1000030&entryPoint=pcs&dp_infw_cd=CHT,"[{""colorFamily"": null, ""confidence"": 0.72, ""optionName"": ""3 애프리시티"", ""shadeName"": ""애프리시티"", ""shadeNumber"": ""3"", ""sourceType"": ""lotteon_product_api_title"", ""undertone"": null, ""undertoneConfidence"": 0}]",,,bold,velvet,tint,[],"[""blur""]",collected,unknown,todo,
160,naver-54972530313,웨이크메이크,lip,8,웨이크메이크 워터 블러링 레이어 틴트 콜드하이 8호,"colorFamily,undertone","intensity,suitableFor,departmentStoreListed",16780,https://www.lotteon.com/p/product/LO2490172489?sitmNo=LO2490172489_2490172490&ch_no=100065&ch_dtl_no=1000030&entryPoint=pcs&dp_infw_cd=CHT,https://shopping-phinf.pstatic.net/main_5497253/54972530313.jpg,,https://www.lotteon.com/p/product/LO2490172489?sitmNo=LO2490172489_2490172490&ch_no=100065&ch_dtl_no=1000030&entryPoint=pcs&dp_infw_cd=CHT,https://www.lotteon.com/p/product/LO2490172489?sitmNo=LO2490172489_2490172490&ch_no=100065&ch_dtl_no=1000030&entryPoint=pcs&dp_infw_cd=CHT,"[{""colorFamily"": null, ""confidence"": 0.72, ""optionName"": ""8 콜드하이"", ""shadeName"": ""콜드하이"", ""shadeNumber"": ""8"", ""sourceType"": ""lotteon_product_api_title"", ""undertone"": null, ""undertoneConfidence"": 0}]",,,,velvet,tint,[],"[""blur""]",collected,unknown,todo,
160,naver-60003569426,에뛰드,shadow,9,에뛰드 재창조 메이커 2개 /쉐딩 멀티 스틱 /한끗 차이로 달라지는 쉐입,"colorFamily,undertone","intensity,sellingPoints,oliveYoungListed,departmentStoreListed",23800,https://www.lotteon.com/p/product/LO2230461533?sitmNo=LO2230461533_2230461534&ch_no=100065&ch_dtl_no=1000030&entryPoint=pcs&dp_infw_cd=CHT,https://shopping-phinf.pstatic.net/main_6000356/60003569426.1.jpg,,https://www.lotteon.com/p/product/LO2230461533?sitmNo=LO2230461533_2230461534&ch_no=100065&ch_dtl_no=1000030&entryPoint=pcs&dp_infw_cd=CHT,https://www.lotteon.com/p/product/LO2230461533?sitmNo=LO2230461533_2230461534&ch_no=100065&ch_dtl_no=1000030&entryPoint=pcs&dp_infw_cd=CHT,"[{""colorFamily"": null, ""confidence"": 0.72, ""optionName"": ""웜 쉐딩 / 웜 쉐딩"", ""shadeName"": ""웜 쉐딩 / 웜 쉐딩"", ""shadeNumber"": null, ""sourceType"": ""lotteon_product_api_title"", ""undertone"": null, ""undertoneConfidence"": 0}]",,,,matte,balm,"[""all_skin""]",[],unknown,unknown,todo,
160,naver-52481509070,에뛰드,shadow,10,에뛰드 샤인 픽스 아이즈 글리터 /아이라이너 /반짝임 가득 /글리터 섀도우,"colorFamily,undertone","intensity,sellingPoints,oliveYoungListed",7400,https://www.lotteon.com/p/product/LO2085374077?sitmNo=LO2085374077_2085374080&ch_no=100065&ch_dtl_no=1000030&entryPoint=pcs&dp_infw_cd=CHT,https://shopping-phinf.pstatic.net/main_5248150/52481509070.jpg,,https://www.lotteon.com/p/product/LO2085374077?sitmNo=LO2085374077_2085374080&ch_no=100065&ch_dtl_no=1000030&entryPoint=pcs&dp_infw_cd=CHT,https://www.lotteon.com/p/product/LO2085374077?sitmNo=LO2085374077_2085374080&ch_no=100065&ch_dtl_no=1000030&entryPoint=pcs&dp_infw_cd=CHT,"[{""colorFamily"": null, ""confidence"": 0.72, ""optionName"": ""03 러브 갤럭시"", ""shadeName"": ""러브 갤럭시"", ""shadeNumber"": ""03"", ""sourceType"": ""lotteon_product_api_title"", ""undertone"": null, ""undertoneConfidence"": 0}]",,,,shimmer,liquid,"[""all_skin""]",[],unknown,collected,todo,
160,naver-60263586437,웨이크메이크,shadow,4,웨이크메이크 소프트 블러링 아이 팔레트 03 선셋 블러링,"colorFamily,undertone","intensity,suitableFor,oliveYoungListed,departmentStoreListed",23890,https://www.lotteon.com/p/product/LO2297826079?sitmNo=LO2297826079_2297826080&ch_no=100065&ch_dtl_no=1000030&entryPoint=pcs&dp_infw_cd=CHT,https://shopping-phinf.pstatic.net/main_6026358/60263586437.jpg,,https://www.lotteon.com/p/product/LO2297826079?sitmNo=LO2297826079_2297826080&ch_no=100065&ch_dtl_no=1000030&entryPoint=pcs&dp_infw_cd=CHT,https://www.lotteon.com/p/product/LO2297826079?sitmNo=LO2297826079_2297826080&ch_no=100065&ch_dtl_no=1000030&entryPoint=pcs&dp_infw_cd=CHT,"[{""colorFamily"": null, ""confidence"": 0.72, ""optionName"": ""03 선셋 블러링"", ""shadeName"": ""선셋 블러링"", ""shadeNumber"": ""03"", ""sourceType"": ""lotteon_product_api_title"", ""undertone"": null, ""undertoneConfidence"": 0}]",,,,velvet,powder,[],"[""blur""]",unknown,unknown,todo,
160,naver-56796628954,컬러그램,shadow,8,컬러그램 올인원 애교살 메이커 - /R,"colorFamily,finish","intensity,sellingPoints,oliveYoungListed,departmentStoreListed",5400,https://www.lotteon.com/p/product/LO2127584831?sitmNo=LO2127584831_2127584832&ch_no=100065&ch_dtl_no=1000030&entryPoint=pcs&dp_infw_cd=CHT,https://shopping-phinf.pstatic.net/main_5679662/56796628954.1.jpg,,https://www.lotteon.com/p/product/LO2127584831?sitmNo=LO2127584831_2127584832&ch_no=100065&ch_dtl_no=1000030&entryPoint=pcs&dp_infw_cd=CHT,https://www.lotteon.com/p/product/LO2127584831?sitmNo=LO2127584831_2127584832&ch_no=100065&ch_dtl_no=1000030&entryPoint=pcs&dp_infw_cd=CHT,"[{""colorFamily"": null, ""confidence"": 0.72, ""optionName"": ""01 웜톤"", ""shadeName"": ""웜톤"", ""shadeNumber"": ""01"", ""sourceType"": ""lotteon_product_api_title"", ""undertone"": ""warm"", ""undertoneConfidence"": 0.72}]",,warm,,,pencil,"[""warm_tone""]",[],unknown,unknown,todo,
156,naver-58015977198,데이지크,cheek,3,데이지크 블렌딩 무드 치크 팔레트 블러셔 10 뮤티드 넛츠,"colorFamily,undertone","intensity,oliveYoungListed,departmentStoreListed",25920,https://www.lotteon.com/p/product/LO2586203612?sitmNo=LO2586203612_2586203613&ch_no=100065&ch_dtl_no=1000030&entryPoint=pcs&dp_infw_cd=CHT,https://shopping-phinf.pstatic.net/main_5801597/58015977198.jpg,https://dasique.com/products/blending-mood-cheek-10-muted-nuts,https://www.lotteon.com/p/product/LO2586203612?sitmNo=LO2586203612_2586203613&ch_no=100065&ch_dtl_no=1000030&entryPoint=pcs&dp_infw_cd=CHT,https://www.lotteon.com/p/product/LO2586203612?sitmNo=LO2586203612_2586203613&ch_no=100065&ch_dtl_no=1000030&entryPoint=pcs&dp_infw_cd=CHT,"[{""colorFamily"": null, ""confidence"": 0.72, ""optionName"": ""10 뮤티드 넛츠"", ""shadeName"": ""뮤티드 넛츠"", ""shadeNumber"": ""10"", ""sourceType"": ""lotteon_product_api_title"", ""undertone"": null, ""undertoneConfidence"": 0}]",,,,velvet,powder,"[""natural_makeup""]","[""blur""]",unknown,unknown,todo,
156,naver-60678916659,데이지크,cheek,10,[데이지크] 리틀 블러쉬 팔레트,finish,"colorFamily,undertone,intensity,texture,sellingPoints,oliveYoungListed,departmentStoreListed",21000,http://www.wconcept.co.kr/Product/308741946?adfrom=naver_ep&utm_source=naver&utm_medium=pcs&utm_campaign=WCONCEPT&utm_content=none&utm_term=none,https://shopping-phinf.pstatic.net/main_6067891/60678916659.jpg,,http://www.wconcept.co.kr/Product/308741946?adfrom=naver_ep&utm_source=naver&utm_medium=pcs&utm_campaign=WCONCEPT&utm_content=none&utm_term=none,http://www.wconcept.co.kr/Product/308741946?adfrom=naver_ep&utm_source=naver&utm_medium=pcs&utm_campaign=WCONCEPT&utm_content=none&utm_term=none,"[{""colorFamily"": ""plum"", ""confidence"": 0.8, ""optionName"": ""01 베리 포켓"", ""shadeName"": ""베리 포켓"", ""shadeNumber"": ""01"", ""sourceType"": ""wconcept_color_option_select"", ""undertone"": ""cool"", ""undertoneConfidence"": 0.62}, {""colorFamily"": ""orange"", ""confidence"": 0.8, ""optionName"": ""02 피치 탠저린"", ""shadeName"": ""피치 탠저린"", ""shadeNumber"": ""02"", ""sourceType"": ""wconcept_color_option_select"", ""undertone"": ""warm"", ""undertoneConfidence"": 0.62}, {""colorFamily"": ""rose"", ""confidence"": 0.8, ""optionName"": ""03 로지 포켓"", ""shadeName"": ""로지 포켓"", ""shadeNumber"": ""03"", ""sourceType"": ""wconcept_color_option_select"", ""undertone"": ""cool"", ""undertoneConfidence"": 0}]",plum,cool,,,powder,"[""warm_tone"", ""cool_tone""]",[],unknown,unknown,todo,
156,naver-60384995791,라카,cheek,10,라카 러브 실크 블러쉬 (9종 택1) 4995209,"colorFamily,undertone","intensity,oliveYoungListed,departmentStoreListed",31140,https://www.lotteon.com/p/product/LO2697513135?sitmNo=LO2697513135_2697513136&ch_no=100065&ch_dtl_no=1000030&entryPoint=pcs&dp_infw_cd=CHT,https://shopping-phinf.pstatic.net/main_6038499/60384995791.jpg,https://laka.co.kr/product/러브-실크-블러쉬/168/,https://www.lotteon.com/p/product/LO2697513135?sitmNo=LO2697513135_2697513136&ch_no=100065&ch_dtl_no=1000030&entryPoint=pcs&dp_infw_cd=CHT,https://www.lotteon.com/p/product/LO2697513135?sitmNo=LO2697513135_2697513136&ch_no=100065&ch_dtl_no=1000030&entryPoint=pcs&dp_infw_cd=CHT,"[{""colorFamily"": null, ""confidence"": 0.82, ""optionName"": ""701 하리코"", ""shadeName"": ""하리코"", ""shadeNumber"": ""701"", ""sourceType"": ""official_brand_page_option_html"", ""undertone"": null, ""undertoneConfidence"": 0}, {""colorFamily"": null, ""confidence"": 0.82, ""optionName"": ""702 판타지"", ""shadeName"": ""판타지"", ""shadeNumber"": ""702"", ""sourceType"": ""official_brand_page_option_html"", ""undertone"": null, ""undertoneConfidence"": 0}, {""colorFamily"": null, ""confidence"": 0.82, ""optionName"": ""703 아이콘"", ""shadeName"": ""아이콘"", ""shadeNumber"": ""703"", ""sourceType"": ""official_brand_page_option_html"", ""undertone"": null, ""undertoneConfidence"": 0}, {""colorFamily"": null, ""confidence"": 0.82, ""optionName"": ""704 눈누"", ""shadeName"": ""눈누"", ""shadeNumber"": ""704"", ""sourceType"": ""official_brand_page_option_html"", ""undertone"": null, ""undertoneConfidence"": 0}, {""colorFamily"": null, ""confidence"": 0.82, ""optionName"": ""705 엔젤"", ""shadeName"": ""엔젤"", ""shadeNumber"": ""705"", ""sourceType"": ""official_brand_page_option_html"", ""undertone"": null, ""undertoneConfidence"": 0}, {""colorFamily"": null, ""confidence"": 0.82, ""optionName"": ""706 러버"", ""shadeName"": ""러버"", ""shadeNumber"": ""706"", ""sourceType"": ""official_brand_page_option_html"", ""undertone"": null, ""undertoneConfidence"": 0}, {""colorFamily"": null, ""confidence"": 0.82, ""optionName"": ""707 스윗"", ""shadeName"": ""스윗"", ""shadeNumber"": ""707"", ""sourceType"": ""official_brand_page_option_html"", ""undertone"": null, ""undertoneConfidence"": 0}, {""colorFamily"": null, ""confidence"": 0.82, ""optionName"": ""708 포엠"", ""shadeName"": ""포엠"", ""shadeNumber"": ""708"", ""sourceType"": ""official_brand_page_option_html"", ""undertone"": null, ""undertoneConfidence"": 0}, {""colorFamily"": null, ""confidence"": 0.82, ""optionName"": ""709 돌체"", ""shadeName"": ""돌체"", ""shadeNumber"": ""709"", ""sourceType"": ""official_brand_page_option_html"", ""undertone"": null, ""undertoneConfidence"": 0}]",,,sheer,velvet,powder,"[""daily_makeup""]","[""blur""]",unknown,unknown,todo,
156,naver-53880762390,롬앤,cheek,5,쥬시 알 치크,finish,"colorFamily,undertone,intensity,texture,sellingPoints",10920,https://chicor.com/goods/0000000119859?utm_source=naver&utm_medium=cpc&utm_campaign=ep,https://shopping-phinf.pstatic.net/main_5388076/53880762390.2.jpg,https://romand.co.kr/product/롬앤-쥬시-알-치크-핑거-퍼프-3p-증정/996/,https://chicor.com/goods/0000000119859?utm_source=naver&utm_medium=cpc&utm_campaign=ep,https://chicor.com/goods/0000000119859?utm_source=naver&utm_medium=cpc&utm_campaign=ep,"[{""colorFamily"": null, ""confidence"": 0.82, ""optionName"": ""01 레어 애플"", ""shadeName"": ""레어 애플"", ""shadeNumber"": ""01"", ""sourceType"": ""chicor_product_option_json"", ""undertone"": null, ""undertoneConfidence"": 0}, {""colorFamily"": ""plum"", ""confidence"": 0.82, ""optionName"": ""02 드래곤 베리"", ""shadeName"": ""드래곤 베리"", ""shadeNumber"": ""02"", ""sourceType"": ""chicor_product_option_json"", ""undertone"": ""cool"", ""undertoneConfidence"": 0.62}, {""colorFamily"": ""peach"", ""confidence"": 0.82, ""optionName"": ""03 백도 피치"", ""shadeName"": ""백도 피치"", ""shadeNumber"": ""03"", ""sourceType"": ""chicor_product_option_json"", ""undertone"": ""warm"", ""undertoneConfidence"": 0.62}, {""colorFamily"": ""coral"", ""confidence"": 0.82, ""intensity"": ""medium"", ""intensityConfidence"": 0.56, ""optionName"": ""04 살구 베이지"", ""shadeName"": ""살구 베이지"", ""shadeNumber"": ""04"", ""sourceType"": ""chicor_product_option_json"", ""undertone"": ""warm"", ""undertoneConfidence"": 0.62}, {""colorFamily"": null, ""confidence"": 0.82, ""optionName"": ""05 누가 코코"", ""shadeName"": ""누가 코코"", ""shadeNumber"": ""05"", ""sourceType"": ""chicor_product_option_json"", ""undertone"": null, ""undertoneConfidence"": 0}, {""colorFamily"": ""plum"", ""confidence"": 0.82, ""optionName"": ""06 베어 그레이프"", ""shadeName"": ""베어 그레이프"", ""shadeNumber"": ""06"", ""sourceType"": ""chicor_product_option_json"", ""undertone"": ""cool"", ""undertoneConfidence"": 0.62}]",plum,cool,sheer,,powder,"[""warm_tone"", ""cool_tone""]",[],collected,collected,todo,
156,naver-52921038936,페리페라,cheek,9,[NEW COLOR]페리페라 시럽피 톡 치크,finish,"colorFamily,undertone,intensity,texture,sellingPoints,departmentStoreListed",11200,http://with.gsshop.com/alia/aliaGate.gs?media=OB&ecpid=1075765458&vodFlag=N&prdseqnum=1075765458&utm_source=price&utm_medium=affiliate&utm_campaign=naver,https://shopping-phinf.pstatic.net/main_5292103/52921038936.4.jpg,https://clubclio.co.kr/shop/goodsView/0000006088#page1&id=0000006088,https://with.gsshop.com/prd/prd.gs?prdid=1075765458&fromWith=Y,http://with.gsshop.com/alia/aliaGate.gs?media=OB&ecpid=1075765458&vodFlag=N&prdseqnum=1075765458&utm_source=price&utm_medium=affiliate&utm_campaign=naver,"[{""colorFamily"": ""plum"", ""confidence"": 0.82, ""optionName"": ""002 포도우유레시피"", ""shadeName"": ""포도우유레시피"", ""shadeNumber"": ""002"", ""sourceType"": ""gsshop_product_option_html"", ""undertone"": ""cool"", ""undertoneConfidence"": 0.62}, {""colorFamily"": ""mauve"", ""confidence"": 0.82, ""optionName"": ""003 애정만땅모브"", ""shadeName"": ""애정만땅모브"", ""shadeNumber"": ""003"", ""sourceType"": ""gsshop_product_option_html"", ""undertone"": ""cool"", ""undertoneConfidence"": 0.62}, {""colorFamily"": null, ""confidence"": 0.82, ""optionName"": ""004 햇살담은무화과"", ""shadeName"": ""햇살담은무화과"", ""shadeNumber"": ""004"", ""sourceType"": ""gsshop_product_option_html"", ""undertone"": null, ""undertoneConfidence"": 0}, {""colorFamily"": null, ""confidence"": 0.82, ""optionName"": ""005 쿨한사과얌얌"", ""shadeName"": ""쿨한사과얌얌"", ""shadeNumber"": ""005"", ""sourceType"": ""gsshop_product_option_html"", ""undertone"": null, ""undertoneConfidence"": 0}, {""colorFamily"": null, ""confidence"": 0.82, ""optionName"": ""006 꼬숩달달밀크티"", ""shadeName"": ""꼬숩달달밀크티"", ""shadeNumber"": ""006"", ""sourceType"": ""gsshop_product_option_html"", ""undertone"": null, ""undertoneConfidence"": 0}, {""colorFamily"": null, ""confidence"": 0.82, ""optionName"": ""007 대롱대롱딸기"", ""shadeName"": ""대롱대롱딸기"", ""shadeNumber"": ""007"", ""sourceType"": ""gsshop_product_option_html"", ""undertone"": null, ""undertoneConfidence"": 0}, {""colorFamily"": null, ""confidence"": 0.82, ""optionName"": ""008 시럽에빠진자몽"", ""shadeName"": ""시럽에빠진자몽"", ""shadeNumber"": ""008"", ""sourceType"": ""gsshop_product_option_html"", ""undertone"": null, ""undertoneConfidence"": 0}, {""colorFamily"": ""peach"", ""confidence"": 0.82, ""optionName"": ""009 우유머금은복숭아"", ""shadeName"": ""우유머금은복숭아"", ""shadeNumber"": ""009"", ""sourceType"": ""gsshop_product_option_html"", ""undertone"": null, ""undertoneConfidence"": 0}, {""colorFamily"": ""plum"", ""confidence"": 0.82, ""optionName"": ""010 포도우유샷추가"", ""shadeName"": ""포도우유샷추가"", ""shadeNumber"": ""010"", ""sourceType"": ""gsshop_product_option_html"", ""undertone"": ""cool"", ""undertoneConfidence"": 0.62}, {""colorFamily"": null, ""confidence"": 0.82, ""optionName"": ""011 안개속생딸기"", ""shadeName"": ""안개속생딸기"", ""shadeNumber"": ""011"", ""sourceType"": ""gsshop_product_option_html"", ""undertone"": null, ""undertoneConfidence"": 0}, {""colorFamily"": ""mauve"", ""confidence"": 0.82, ""optionName"": ""012 뭉게뭉게모브"", ""shadeName"": ""뭉게뭉게모브"", ""shadeNumber"": ""012"", ""sourceType"": ""gsshop_product_option_html"", ""undertone"": ""cool"", ""undertoneConfidence"": 0.62}, {""colorFamily"": ""coral"", ""confidence"": 0.82, ""optionName"": ""013 나른한살구야"", ""shadeName"": ""나른한살구야"", ""shadeNumber"": ""013"", ""sourceType"": ""gsshop_product_option_html"", ""undertone"": ""warm"", ""undertoneConfidence"": 0.62}, {""colorFamily"": null, ""confidence"": 0.82, ""optionName"": ""014 살랑살랑무화과"", ""shadeName"": ""살랑살랑무화과"", ""shadeNumber"": ""014"", ""sourceType"": ""gsshop_product_option_html"", ""undertone"": null, ""undertoneConfidence"": 0}, {""colorFamily"": null, ""confidence"": 0.82, ""optionName"": ""015 구름동동자몽"", ""shadeName"": ""구름동동자몽"", ""shadeNumber"": ""015"", ""sourceType"": ""gsshop_product_option_html"", ""undertone"": null, ""undertoneConfidence"": 0}]",plum,cool,,,powder,"[""warm_tone"", ""cool_tone""]",[],collected,unknown,todo,
156,naver-51600439140,하트퍼센트,cheek,3,도트 온 무드 커스텀 립앤치크,finish,"colorFamily,undertone,intensity,texture,sellingPoints",24000,https://chicor.com/goods/0000000113801?utm_source=naver&utm_medium=cpc&utm_campaign=ep,https://shopping-phinf.pstatic.net/main_5160043/51600439140.1.jpg,https://heartpercent.co.kr/product/도트-온-무드-커스텀-립-앤-치크/352/,https://chicor.com/goods/0000000113801?utm_source=naver&utm_medium=cpc&utm_campaign=ep,https://chicor.com/goods/0000000113801?utm_source=naver&utm_medium=cpc&utm_campaign=ep,"[{""colorFamily"": ""coral"", ""confidence"": 0.82, ""optionName"": ""01 애프리콧코랄"", ""shadeName"": ""애프리콧코랄"", ""shadeNumber"": ""01"", ""sourceType"": ""official_brand_page_option_html"", ""undertone"": ""warm"", ""undertoneConfidence"": 0.62}, {""colorFamily"": ""coral"", ""confidence"": 0.82, ""optionName"": ""02 헬씨코랄"", ""shadeName"": ""헬씨코랄"", ""shadeNumber"": ""02"", ""sourceType"": ""official_brand_page_option_html"", ""undertone"": ""warm"", ""undertoneConfidence"": 0.62}, {""colorFamily"": ""pink"", ""confidence"": 0.82, ""optionName"": ""03 디어핑크"", ""shadeName"": ""디어핑크"", ""shadeNumber"": ""03"", ""sourceType"": ""official_brand_page_option_html"", ""undertone"": null, ""undertoneConfidence"": 0}, {""colorFamily"": ""pink"", ""confidence"": 0.82, ""optionName"": ""04 소프트핑크"", ""shadeName"": ""소프트핑크"", ""shadeNumber"": ""04"", ""sourceType"": ""official_brand_page_option_html"", ""undertone"": null, ""undertoneConfidence"": 0}, {""colorFamily"": null, ""confidence"": 0.82, ""optionName"": ""05 모비쉬"", ""shadeName"": ""모비쉬"", ""shadeNumber"": ""05"", ""sourceType"": ""official_brand_page_option_html"", ""undertone"": null, ""undertoneConfidence"": 0}, {""colorFamily"": ""nude"", ""confidence"": 0.82, ""optionName"": ""06 베어누드"", ""shadeName"": ""베어누드"", ""shadeNumber"": ""06"", ""sourceType"": ""official_brand_page_option_html"", ""undertone"": ""neutral"", ""undertoneConfidence"": 0.62}, {""colorFamily"": ""plum"", ""confidence"": 0.82, ""optionName"": ""07 긱앤플럼"", ""shadeName"": ""긱앤플럼"", ""shadeNumber"": ""07"", ""sourceType"": ""official_brand_page_option_html"", ""undertone"": ""cool"", ""undertoneConfidence"": 0.62}]",coral,warm,sheer,,powder,"[""warm_tone"", ""cool_tone""]",[],collected,collected,todo,
156,naver-51761037424,하트퍼센트,cheek,4,[하트퍼센트] 도트 온 무드 커스텀 립앤치크,finish,"colorFamily,undertone,intensity,texture,sellingPoints",22800,http://www.wconcept.co.kr/Product/306277260?adfrom=naver_ep&utm_source=naver&utm_medium=pcs&utm_campaign=WCONCEPT&utm_content=none&utm_term=none,https://shopping-phinf.pstatic.net/main_5176103/51761037424.jpg,https://heartpercent.co.kr/product/도트-온-무드-커스텀-립-앤-치크/352/,https://www.oliveyoung.co.kr/store/common/partner.do?chlNo=1&chlDtlNo=1&utm_source=naver&utm_medium=shopping_ep&utm_campaign=onpro_ep_product_0101_1231&utm_content=pc_price&sndType=goods&sndVal=A000000213083,http://www.wconcept.co.kr/Product/306277260?adfrom=naver_ep&utm_source=naver&utm_medium=pcs&utm_campaign=WCONCEPT&utm_content=none&utm_term=none,"[{""colorFamily"": ""coral"", ""confidence"": 0.82, ""optionName"": ""01 애프리콧코랄"", ""shadeName"": ""애프리콧코랄"", ""shadeNumber"": ""01"", ""sourceType"": ""official_brand_page_option_html"", ""undertone"": ""warm"", ""undertoneConfidence"": 0.62}, {""colorFamily"": ""coral"", ""confidence"": 0.82, ""optionName"": ""02 헬씨코랄"", ""shadeName"": ""헬씨코랄"", ""shadeNumber"": ""02"", ""sourceType"": ""official_brand_page_option_html"", ""undertone"": ""warm"", ""undertoneConfidence"": 0.62}, {""colorFamily"": ""pink"", ""confidence"": 0.82, ""optionName"": ""03 디어핑크"", ""shadeName"": ""디어핑크"", ""shadeNumber"": ""03"", ""sourceType"": ""official_brand_page_option_html"", ""undertone"": null, ""undertoneConfidence"": 0}, {""colorFamily"": ""pink"", ""confidence"": 0.82, ""optionName"": ""04 소프트핑크"", ""shadeName"": ""소프트핑크"", ""shadeNumber"": ""04"", ""sourceType"": ""official_brand_page_option_html"", ""undertone"": null, ""undertoneConfidence"": 0}, {""colorFamily"": null, ""confidence"": 0.82, ""optionName"": ""05 모비쉬"", ""shadeName"": ""모비쉬"", ""shadeNumber"": ""05"", ""sourceType"": ""official_brand_page_option_html"", ""undertone"": null, ""undertoneConfidence"": 0}, {""colorFamily"": ""nude"", ""confidence"": 0.82, ""optionName"": ""06 베어누드"", ""shadeName"": ""베어누드"", ""shadeNumber"": ""06"", ""sourceType"": ""official_brand_page_option_html"", ""undertone"": ""neutral"", ""undertoneConfidence"": 0.62}, {""colorFamily"": ""plum"", ""confidence"": 0.82, ""optionName"": ""07 긱앤플럼"", ""shadeName"": ""긱앤플럼"", ""shadeNumber"": ""07"", ""sourceType"": ""official_brand_page_option_html"", ""undertone"": ""cool"", ""undertoneConfidence"": 0.62}]",coral,warm,sheer,,powder,"[""warm_tone"", ""cool_tone""]",[],collected,collected,todo,
156,naver-59080367776,3CE,lip,8,3CE [NEW/이슬틴트] 미스티 립 베어 4.6g+미스티 틴트 링,finish,"colorFamily,undertone,intensity,texture,sellingPoints,oliveYoungListed",16010,https://www.hmall.com/md/pda/itemPtc?ReferCode=429&slitmCd=2247791281&utm_source=naver&utm_medium=cps_pcs&utm_campaign=sale,https://shopping-phinf.pstatic.net/main_5908036/59080367776.jpg,https://www.3cecosmetics.com/all-products/lips/lip-tint/3ce-misty-lip-bare,https://www.hmall.com/md/pda/itemPtc?ReferCode=429&slitmCd=2247791281&utm_source=naver&utm_medium=cps_pcs&utm_campaign=sale,https://www.hmall.com/md/pda/itemPtc?ReferCode=429&slitmCd=2247791281&utm_source=naver&utm_medium=cps_pcs&utm_campaign=sale,"[{""colorFamily"": ""nude"", ""confidence"": 0.82, ""optionName"": ""누드 위스퍼"", ""shadeName"": ""누드 위스퍼"", ""shadeNumber"": null, ""sourceType"": ""hmall_next_stock_option"", ""undertone"": ""neutral"", ""undertoneConfidence"": 0.62}, {""colorFamily"": ""pink"", ""confidence"": 0.82, ""optionName"": ""핑크 스킴"", ""shadeName"": ""핑크 스킴"", ""shadeNumber"": null, ""sourceType"": ""hmall_next_stock_option"", ""undertone"": null, ""undertoneConfidence"": 0}, {""colorFamily"": ""coral"", ""confidence"": 0.82, ""optionName"": ""코랄 드렌치"", ""shadeName"": ""코랄 드렌치"", ""shadeNumber"": null, ""sourceType"": ""hmall_next_stock_option"", ""undertone"": ""warm"", ""undertoneConfidence"": 0.62}, {""colorFamily"": ""orange"", ""confidence"": 0.82, ""optionName"": ""칠리 플레임"", ""shadeName"": ""칠리 플레임"", ""shadeNumber"": null, ""sourceType"": ""hmall_next_stock_option"", ""undertone"": null, ""undertoneConfidence"": 0}, {""colorFamily"": ""brown"", ""confidence"": 0.82, ""optionName"": ""콰이어트 토프"", ""shadeName"": ""콰이어트 토프"", ""shadeNumber"": null, ""sourceType"": ""hmall_next_stock_option"", ""undertone"": ""neutral"", ""undertoneConfidence"": 0}, {""colorFamily"": ""rose"", ""confidence"": 0.82, ""optionName"": ""로즈 사이"", ""shadeName"": ""로즈 사이"", ""shadeNumber"": null, ""sourceType"": ""hmall_next_stock_option"", ""undertone"": null, ""undertoneConfidence"": 0}]",nude,neutral,sheer,,tint,"[""warm_tone""]",[],unknown,collected,todo,
156,naver-57498587578,네이밍,lip,2,[7월 올영픽/미지근탠드립] 네이밍 오버 듀 글로시 립 틴트 (+부오이 헤어클립) 21colors,"colorFamily,undertone","intensity,departmentStoreListed",13200,https://www.oliveyoung.co.kr/store/common/partner.do?chlNo=1&chlDtlNo=1&utm_source=naver&utm_medium=shopping_ep&utm_campaign=onpro_ep_product_0101_1231&utm_content=pc_price&sndType=goods&sndVal=A000000235351,https://shopping-phinf.pstatic.net/main_5749858/57498587578.jpg,https://naming.co.kr/product/오버-듀-글로시-립-틴트/459/,https://www.oliveyoung.co.kr/store/goods/getGoodsDetail.do?goodsNo=A000000235351,https://www.oliveyoung.co.kr/store/common/partner.do?chlNo=1&chlDtlNo=1&utm_source=naver&utm_medium=shopping_ep&utm_campaign=onpro_ep_product_0101_1231&utm_content=pc_price&sndType=goods&sndVal=A000000235351,"[{""colorFamily"": null, ""confidence"": 0.82, ""optionName"": ""누디"", ""shadeName"": ""누디"", ""shadeNumber"": null, ""sourceType"": ""official_brand_page_option_json"", ""undertone"": null, ""undertoneConfidence"": 0}, {""colorFamily"": null, ""confidence"": 0.82, ""optionName"": ""베이"", ""shadeName"": ""베이"", ""shadeNumber"": null, ""sourceType"": ""official_brand_page_option_json"", ""undertone"": null, ""undertoneConfidence"": 0}, {""colorFamily"": null, ""confidence"": 0.82, ""optionName"": ""데니아"", ""shadeName"": ""데니아"", ""shadeNumber"": null, ""sourceType"": ""official_brand_page_option_json"", ""undertone"": null, ""undertoneConfidence"": 0}, {""colorFamily"": null, ""confidence"": 0.82, ""optionName"": ""세피아"", ""shadeName"": ""세피아"", ""shadeNumber"": null, ""sourceType"": ""official_brand_page_option_json"", ""undertone"": null, ""undertoneConfidence"": 0}, {""colorFamily"": null, ""confidence"": 0.82, ""optionName"": ""번트"", ""shadeName"": ""번트"", ""shadeNumber"": null, ""sourceType"": ""official_brand_page_option_json"", ""undertone"": null, ""undertoneConfidence"": 0}, {""colorFamily"": null, ""confidence"": 0.82, ""optionName"": ""시엔나"", ""shadeName"": ""시엔나"", ""shadeNumber"": null, ""sourceType"": ""official_brand_page_option_json"", ""undertone"": null, ""undertoneConfidence"": 0}, {""colorFamily"": null, ""confidence"": 0.82, ""optionName"": ""오브디"", ""shadeName"": ""오브디"", ""shadeNumber"": null, ""sourceType"": ""official_brand_page_option_json"", ""undertone"": null, ""undertoneConfidence"": 0}, {""colorFamily"": null, ""confidence"": 0.82, ""optionName"": ""보일"", ""shadeName"": ""보일"", ""shadeNumber"": null, ""sourceType"": ""official_brand_page_option_json"", ""undertone"": null, ""undertoneConfidence"": 0}, {""colorFamily"": null, ""confidence"": 0.82, ""optionName"": ""로스트"", ""shadeName"": ""로스트"", ""shadeNumber"": null, ""sourceType"": ""official_brand_page_option_json"", ""undertone"": null, ""undertoneConfidence"": 0}, {""colorFamily"": null, ""confidence"": 0.82, ""optionName"": ""듀이"", ""shadeName"": ""듀이"", ""shadeNumber"": null, ""sourceType"": ""official_brand_page_option_json"", ""undertone"": null, ""undertoneConfidence"": 0}, {""colorFamily"": null, ""confidence"": 0.82, ""optionName"": ""메이"", ""shadeName"": ""메이"", ""shadeNumber"": null, ""sourceType"": ""official_brand_page_option_json"", ""undertone"": null, ""undertoneConfidence"": 0}, {""colorFamily"": null, ""confidence"": 0.82, ""optionName"": ""피크"", ""shadeName"": ""피크"", ""shadeNumber"": null, ""sourceType"": ""official_brand_page_option_json"", ""undertone"": null, ""undertoneConfidence"": 0}, {""colorFamily"": null, ""confidence"": 0.82, ""optionName"": ""허쉬"", ""shadeName"": ""허쉬"", ""shadeNumber"": null, ""sourceType"": ""official_brand_page_option_json"", ""undertone"": null, ""undertoneConfidence"": 0}, {""colorFamily"": null, ""confidence"": 0.82, ""optionName"": ""론"", ""shadeName"": ""론"", ""shadeNumber"": null, ""sourceType"": ""official_brand_page_option_json"", ""undertone"": null, ""undertoneConfidence"": 0}]",,,sheer,glossy,tint,"[""daily_makeup""]","[""glow""]",collected,unknown,todo,
156,naver-51840641529,네이밍,lip,3,[네이밍] 블러리 하트 립 틴트 듀오,"colorFamily,undertone","intensity,oliveYoungListed,departmentStoreListed",25160,http://www.wconcept.co.kr/Product/306264184?adfrom=naver_ep&utm_source=naver&utm_medium=pcs&utm_campaign=WCONCEPT&utm_content=none&utm_term=none,https://shopping-phinf.pstatic.net/main_5184064/51840641529.6.jpg,https://naming.co.kr/product/블러리-하트-립-틴트/369/,http://www.wconcept.co.kr/Product/306264184?adfrom=naver_ep&utm_source=naver&utm_medium=pcs&utm_campaign=WCONCEPT&utm_content=none&utm_term=none,http://www.wconcept.co.kr/Product/306264184?adfrom=naver_ep&utm_source=naver&utm_medium=pcs&utm_campaign=WCONCEPT&utm_content=none&utm_term=none,"[{""colorFamily"": null, ""confidence"": 0.82, ""optionName"": ""플로이드"", ""shadeName"": ""플로이드"", ""shadeNumber"": null, ""sourceType"": ""official_brand_page_option_json"", ""undertone"": null, ""undertoneConfidence"": 0}, {""colorFamily"": null, ""confidence"": 0.82, ""optionName"": ""셀론"", ""shadeName"": ""셀론"", ""shadeNumber"": null, ""sourceType"": ""official_brand_page_option_json"", ""undertone"": null, ""undertoneConfidence"": 0}, {""colorFamily"": null, ""confidence"": 0.82, ""optionName"": ""도즈"", ""shadeName"": ""도즈"", ""shadeNumber"": null, ""sourceType"": ""official_brand_page_option_json"", ""undertone"": null, ""undertoneConfidence"": 0}, {""colorFamily"": null, ""confidence"": 0.82, ""optionName"": ""루"", ""shadeName"": ""루"", ""shadeNumber"": null, ""sourceType"": ""official_brand_page_option_json"", ""undertone"": null, ""undertoneConfidence"": 0}, {""colorFamily"": null, ""confidence"": 0.82, ""optionName"": ""알레시스"", ""shadeName"": ""알레시스"", ""shadeNumber"": null, ""sourceType"": ""official_brand_page_option_json"", ""undertone"": null, ""undertoneConfidence"": 0}, {""colorFamily"": null, ""confidence"": 0.82, ""optionName"": ""범프"", ""shadeName"": ""범프"", ""shadeNumber"": null, ""sourceType"": ""official_brand_page_option_json"", ""undertone"": null, ""undertoneConfidence"": 0}, {""colorFamily"": null, ""confidence"": 0.82, ""optionName"": ""포이베"", ""shadeName"": ""포이베"", ""shadeNumber"": null, ""sourceType"": ""official_brand_page_option_json"", ""undertone"": null, ""undertoneConfidence"": 0}, {""colorFamily"": null, ""confidence"": 0.82, ""optionName"": ""크레이브"", ""shadeName"": ""크레이브"", ""shadeNumber"": null, ""sourceType"": ""official_brand_page_option_json"", ""undertone"": null, ""undertoneConfidence"": 0}, {""colorFamily"": null, ""confidence"": 0.82, ""optionName"": ""미네즈"", ""shadeName"": ""미네즈"", ""shadeNumber"": null, ""sourceType"": ""official_brand_page_option_json"", ""undertone"": null, ""undertoneConfidence"": 0}, {""colorFamily"": null, ""confidence"": 0.82, ""optionName"": ""어도우"", ""shadeName"": ""어도우"", ""shadeNumber"": null, ""sourceType"": ""official_brand_page_option_json"", ""undertone"": null, ""undertoneConfidence"": 0}]",,,sheer,velvet,tint,"[""daily_makeup""]","[""blur""]",unknown,unknown,todo,
156,naver-51840584473,네이밍,lip,6,[네이밍] 블러리 하트 립 틴트,"colorFamily,undertone","intensity,oliveYoungListed,departmentStoreListed",13600,http://www.wconcept.co.kr/Product/306264172?adfrom=naver_ep&utm_source=naver&utm_medium=pcs&utm_campaign=WCONCEPT&utm_content=none&utm_term=none,https://shopping-phinf.pstatic.net/main_5184058/51840584473.3.jpg,https://naming.co.kr/product/블러리-하트-립-틴트/369/,http://www.wconcept.co.kr/Product/306264172?adfrom=naver_ep&utm_source=naver&utm_medium=pcs&utm_campaign=WCONCEPT&utm_content=none&utm_term=none,http://www.wconcept.co.kr/Product/306264172?adfrom=naver_ep&utm_source=naver&utm_medium=pcs&utm_campaign=WCONCEPT&utm_content=none&utm_term=none,"[{""colorFamily"": null, ""confidence"": 0.82, ""optionName"": ""플로이드"", ""shadeName"": ""플로이드"", ""shadeNumber"": null, ""sourceType"": ""official_brand_page_option_json"", ""undertone"": null, ""undertoneConfidence"": 0}, {""colorFamily"": null, ""confidence"": 0.82, ""optionName"": ""셀론"", ""shadeName"": ""셀론"", ""shadeNumber"": null, ""sourceType"": ""official_brand_page_option_json"", ""undertone"": null, ""undertoneConfidence"": 0}, {""colorFamily"": null, ""confidence"": 0.82, ""optionName"": ""도즈"", ""shadeName"": ""도즈"", ""shadeNumber"": null, ""sourceType"": ""official_brand_page_option_json"", ""undertone"": null, ""undertoneConfidence"": 0}, {""colorFamily"": null, ""confidence"": 0.82, ""optionName"": ""루"", ""shadeName"": ""루"", ""shadeNumber"": null, ""sourceType"": ""official_brand_page_option_json"", ""undertone"": null, ""undertoneConfidence"": 0}, {""colorFamily"": null, ""confidence"": 0.82, ""optionName"": ""알레시스"", ""shadeName"": ""알레시스"", ""shadeNumber"": null, ""sourceType"": ""official_brand_page_option_json"", ""undertone"": null, ""undertoneConfidence"": 0}, {""colorFamily"": null, ""confidence"": 0.82, ""optionName"": ""범프"", ""shadeName"": ""범프"", ""shadeNumber"": null, ""sourceType"": ""official_brand_page_option_json"", ""undertone"": null, ""undertoneConfidence"": 0}, {""colorFamily"": null, ""confidence"": 0.82, ""optionName"": ""포이베"", ""shadeName"": ""포이베"", ""shadeNumber"": null, ""sourceType"": ""official_brand_page_option_json"", ""undertone"": null, ""undertoneConfidence"": 0}, {""colorFamily"": null, ""confidence"": 0.82, ""optionName"": ""크레이브"", ""shadeName"": ""크레이브"", ""shadeNumber"": null, ""sourceType"": ""official_brand_page_option_json"", ""undertone"": null, ""undertoneConfidence"": 0}, {""colorFamily"": null, ""confidence"": 0.82, ""optionName"": ""미네즈"", ""shadeName"": ""미네즈"", ""shadeNumber"": null, ""sourceType"": ""official_brand_page_option_json"", ""undertone"": null, ""undertoneConfidence"": 0}, {""colorFamily"": null, ""confidence"": 0.82, ""optionName"": ""어도우"", ""shadeName"": ""어도우"", ""shadeNumber"": null, ""sourceType"": ""official_brand_page_option_json"", ""undertone"": null, ""undertoneConfidence"": 0}]",,,sheer,velvet,tint,"[""daily_makeup""]","[""blur""]",unknown,unknown,todo,
156,naver-59099480547,라카,lip,2,라카 팝핑 벌룬 틴트 4.5g 12종,"colorFamily,undertone","intensity,departmentStoreListed",13500,https://www.oliveyoung.co.kr/store/common/partner.do?chlNo=1&chlDtlNo=1&utm_source=naver&utm_medium=shopping_ep&utm_campaign=onpro_ep_product_0101_1231&utm_content=pc_price&sndType=goods&sndVal=A000000212152,https://shopping-phinf.pstatic.net/main_5909948/59099480547.jpg,https://laka.co.kr/product/팝핑-벌룬-틴트/162/,https://www.oliveyoung.co.kr/store/goods/getGoodsDetail.do?goodsNo=A000000212152,https://www.oliveyoung.co.kr/store/common/partner.do?chlNo=1&chlDtlNo=1&utm_source=naver&utm_medium=shopping_ep&utm_campaign=onpro_ep_product_0101_1231&utm_content=pc_price&sndType=goods&sndVal=A000000212152,"[{""colorFamily"": null, ""confidence"": 0.82, ""optionName"": ""501 피징"", ""shadeName"": ""피징"", ""shadeNumber"": ""501"", ""sourceType"": ""official_brand_page_option_html"", ""undertone"": null, ""undertoneConfidence"": 0}, {""colorFamily"": null, ""confidence"": 0.82, ""optionName"": ""502 스펑키"", ""shadeName"": ""스펑키"", ""shadeNumber"": ""502"", ""sourceType"": ""official_brand_page_option_html"", ""undertone"": null, ""undertoneConfidence"": 0}, {""colorFamily"": null, ""confidence"": 0.82, ""optionName"": ""503 스파클링"", ""shadeName"": ""스파클링"", ""shadeNumber"": ""503"", ""sourceType"": ""official_brand_page_option_html"", ""undertone"": null, ""undertoneConfidence"": 0}, {""colorFamily"": null, ""confidence"": 0.82, ""optionName"": ""505 츄이"", ""shadeName"": ""츄이"", ""shadeNumber"": ""505"", ""sourceType"": ""official_brand_page_option_html"", ""undertone"": null, ""undertoneConfidence"": 0}, {""colorFamily"": null, ""confidence"": 0.82, ""optionName"": ""506 탱이"", ""shadeName"": ""탱이"", ""shadeNumber"": ""506"", ""sourceType"": ""official_brand_page_option_html"", ""undertone"": null, ""undertoneConfidence"": 0}, {""colorFamily"": null, ""confidence"": 0.82, ""optionName"": ""507 플레이풀"", ""shadeName"": ""플레이풀"", ""shadeNumber"": ""507"", ""sourceType"": ""official_brand_page_option_html"", ""undertone"": null, ""undertoneConfidence"": 0}, {""colorFamily"": null, ""confidence"": 0.82, ""optionName"": ""508 바운시"", ""shadeName"": ""바운시"", ""shadeNumber"": ""508"", ""sourceType"": ""official_brand_page_option_html"", ""undertone"": null, ""undertoneConfidence"": 0}, {""colorFamily"": null, ""confidence"": 0.82, ""optionName"": ""509 딜라잇풀"", ""shadeName"": ""딜라잇풀"", ""shadeNumber"": ""509"", ""sourceType"": ""official_brand_page_option_html"", ""undertone"": null, ""undertoneConfidence"": 0}, {""colorFamily"": null, ""confidence"": 0.82, ""optionName"": ""510 브리지"", ""shadeName"": ""브리지"", ""shadeNumber"": ""510"", ""sourceType"": ""official_brand_page_option_html"", ""undertone"": null, ""undertoneConfidence"": 0}, {""colorFamily"": null, ""confidence"": 0.82, ""optionName"": ""511 스프릿시"", ""shadeName"": ""스프릿시"", ""shadeNumber"": ""511"", ""sourceType"": ""official_brand_page_option_html"", ""undertone"": null, ""undertoneConfidence"": 0}, {""colorFamily"": null, ""confidence"": 0.82, ""optionName"": ""512 시즐링"", ""shadeName"": ""시즐링"", ""shadeNumber"": ""512"", ""sourceType"": ""official_brand_page_option_html"", ""undertone"": null, ""undertoneConfidence"": 0}, {""colorFamily"": null, ""confidence"": 0.82, ""optionName"": ""990 스모키"", ""shadeName"": ""스모키"", ""shadeNumber"": ""990"", ""sourceType"": ""official_brand_page_option_html"", ""undertone"": null, ""undertoneConfidence"": 0}, {""colorFamily"": null, ""confidence"": 0.82, ""optionName"": ""991 헤이지"", ""shadeName"": ""헤이지"", ""shadeNumber"": ""991"", ""sourceType"": ""official_brand_page_option_html"", ""undertone"": null, ""undertoneConfidence"": 0}, {""colorFamily"": null, ""confidence"": 0.82, ""optionName"": ""992 에티튜드"", ""shadeName"": ""에티튜드"", ""shadeNumber"": ""992"", ""sourceType"": ""official_brand_page_option_html"", ""undertone"": null, ""undertoneConfidence"": 0}, {""colorFamily"": null, ""confidence"": 0.82, ""optionName"": ""993 하쉬"", ""shadeName"": ""하쉬"", ""shadeNumber"": ""993"", ""sourceType"": ""official_brand_page_option_html"", ""undertone"": null, ""undertoneConfidence"": 0}]",,,sheer,sheer,tint,"[""daily_makeup""]","[""glow""]",collected,unknown,todo,
156,naver-60117749141,라카,lip,4,[올영단독컬러] 라카 맥시 글레이어 틴트 미니 2.2g,"colorFamily,undertone","intensity,departmentStoreListed",9000,https://www.oliveyoung.co.kr/store/common/partner.do?chlNo=1&chlDtlNo=1&utm_source=naver&utm_medium=shopping_ep&utm_campaign=onpro_ep_product_0101_1231&utm_content=pc_price&sndType=goods&sndVal=A000000257134,https://shopping-phinf.pstatic.net/main_6011774/60117749141.jpg,https://laka.co.kr/product/맥시-글레이어-틴트/155/,https://www.oliveyoung.co.kr/store/goods/getGoodsDetail.do?goodsNo=A000000257134,https://www.oliveyoung.co.kr/store/common/partner.do?chlNo=1&chlDtlNo=1&utm_source=naver&utm_medium=shopping_ep&utm_campaign=onpro_ep_product_0101_1231&utm_content=pc_price&sndType=goods&sndVal=A000000257134,"[{""colorFamily"": null, ""confidence"": 0.82, ""optionName"": ""601 린넨"", ""shadeName"": ""린넨"", ""shadeNumber"": ""601"", ""sourceType"": ""official_brand_page_option_html"", ""undertone"": null, ""undertoneConfidence"": 0}, {""colorFamily"": null, ""confidence"": 0.82, ""optionName"": ""602 버니"", ""shadeName"": ""버니"", ""shadeNumber"": ""602"", ""sourceType"": ""official_brand_page_option_html"", ""undertone"": null, ""undertoneConfidence"": 0}, {""colorFamily"": null, ""confidence"": 0.82, ""optionName"": ""603 비비"", ""shadeName"": ""비비"", ""shadeNumber"": ""603"", ""sourceType"": ""official_brand_page_option_html"", ""undertone"": null, ""undertoneConfidence"": 0}, {""colorFamily"": null, ""confidence"": 0.82, ""optionName"": ""604 미스티"", ""shadeName"": ""미스티"", ""shadeNumber"": ""604"", ""sourceType"": ""official_brand_page_option_html"", ""undertone"": null, ""undertoneConfidence"": 0}, {""colorFamily"": null, ""confidence"": 0.82, ""optionName"": ""605 스킨"", ""shadeName"": ""스킨"", ""shadeNumber"": ""605"", ""sourceType"": ""official_brand_page_option_html"", ""undertone"": null, ""undertoneConfidence"": 0}, {""colorFamily"": null, ""confidence"": 0.82, ""optionName"": ""606 미닝"", ""shadeName"": ""미닝"", ""shadeNumber"": ""606"", ""sourceType"": ""official_brand_page_option_html"", ""undertone"": null, ""undertoneConfidence"": 0}, {""colorFamily"": null, ""confidence"": 0.82, ""optionName"": ""607 카야"", ""shadeName"": ""카야"", ""shadeNumber"": ""607"", ""sourceType"": ""official_brand_page_option_html"", ""undertone"": null, ""undertoneConfidence"": 0}, {""colorFamily"": null, ""confidence"": 0.82, ""optionName"": ""608 위스퍼"", ""shadeName"": ""위스퍼"", ""shadeNumber"": ""608"", ""sourceType"": ""official_brand_page_option_html"", ""undertone"": null, ""undertoneConfidence"": 0}, {""colorFamily"": null, ""confidence"": 0.82, ""optionName"": ""609 클래시"", ""shadeName"": ""클래시"", ""shadeNumber"": ""609"", ""sourceType"": ""official_brand_page_option_html"", ""undertone"": null, ""undertoneConfidence"": 0}, {""colorFamily"": null, ""confidence"": 0.82, ""optionName"": ""610 대쉬"", ""shadeName"": ""대쉬"", ""shadeNumber"": ""610"", ""sourceType"": ""official_brand_page_option_html"", ""undertone"": null, ""undertoneConfidence"": 0}, {""colorFamily"": null, ""confidence"": 0.82, ""optionName"": ""611 온리"", ""shadeName"": ""온리"", ""shadeNumber"": ""611"", ""sourceType"": ""official_brand_page_option_html"", ""undertone"": null, ""undertoneConfidence"": 0}, {""colorFamily"": null, ""confidence"": 0.82, ""optionName"": ""612 컨투어"", ""shadeName"": ""컨투어"", ""shadeNumber"": ""612"", ""sourceType"": ""official_brand_page_option_html"", ""undertone"": null, ""undertoneConfidence"": 0}, {""colorFamily"": null, ""confidence"": 0.82, ""optionName"": ""613 피크"", ""shadeName"": ""피크"", ""shadeNumber"": ""613"", ""sourceType"": ""official_brand_page_option_html"", ""undertone"": null, ""undertoneConfidence"": 0}, {""colorFamily"": null, ""confidence"": 0.82, ""optionName"": ""614 레이디"", ""shadeName"": ""레이디"", ""shadeNumber"": ""614"", ""sourceType"": ""official_brand_page_option_html"", ""undertone"": null, ""undertoneConfidence"": 0}, {""colorFamily"": null, ""confidence"": 0.82, ""optionName"": ""615 스킵"", ""shadeName"": ""스킵"", ""shadeNumber"": ""615"", ""sourceType"": ""official_brand_page_option_html"", ""undertone"": null, ""undertoneConfidence"": 0}, {""colorFamily"": null, ""confidence"": 0.82, ""optionName"": ""616 메이플"", ""shadeName"": ""메이플"", ""shadeNumber"": ""616"", ""sourceType"": ""official_brand_page_option_html"", ""undertone"": null, ""undertoneConfidence"": 0}, {""colorFamily"": null, ""confidence"": 0.82, ""optionName"": ""617 그레인"", ""shadeName"": ""그레인"", ""shadeNumber"": ""617"", ""sourceType"": ""official_brand_page_option_html"", ""undertone"": null, ""undertoneConfidence"": 0}, {""colorFamily"": null, ""confidence"": 0.82, ""optionName"": ""618 체이스"", ""shadeName"": ""체이스"", ""shadeNumber"": ""618"", ""sourceType"": ""official_brand_page_option_html"", ""undertone"": null, ""undertoneConfidence"": 0}, {""colorFamily"": null, ""confidence"": 0.82, ""optionName"": ""619 포징"", ""shadeName"": ""포징"", ""shadeNumber"": ""619"", ""sourceType"": ""official_brand_page_option_html"", ""undertone"": null, ""undertoneConfidence"": 0}, {""colorFamily"": null, ""confidence"": 0.82, ""optionName"": ""620 템포"", ""shadeName"": ""템포"", ""shadeNumber"": ""620"", ""sourceType"": ""official_brand_page_option_html"", ""undertone"": null, ""undertoneConfidence"": 0}]",,,sheer,sheer,tint,"[""daily_makeup""]","[""moisturizing"", ""glow""]",collected,unknown,todo,
156,naver-51398369386,라카,lip,9,팝핑 벌룬 틴트,"colorFamily,undertone","intensity,departmentStoreListed",16200,https://chicor.com/goods/0000000112859?utm_source=naver&utm_medium=cpc&utm_campaign=ep,https://shopping-phinf.pstatic.net/main_5139836/51398369386.4.jpg,https://laka.co.kr/product/팝핑-벌룬-틴트/162/,https://chicor.com/goods/0000000112859?utm_source=naver&utm_medium=cpc&utm_campaign=ep,https://chicor.com/goods/0000000112859?utm_source=naver&utm_medium=cpc&utm_campaign=ep,"[{""colorFamily"": null, ""confidence"": 0.82, ""optionName"": ""501 피징"", ""shadeName"": ""피징"", ""shadeNumber"": ""501"", ""sourceType"": ""official_brand_page_option_html"", ""undertone"": null, ""undertoneConfidence"": 0}, {""colorFamily"": null, ""confidence"": 0.82, ""optionName"": ""502 스펑키"", ""shadeName"": ""스펑키"", ""shadeNumber"": ""502"", ""sourceType"": ""official_brand_page_option_html"", ""undertone"": null, ""undertoneConfidence"": 0}, {""colorFamily"": null, ""confidence"": 0.82, ""optionName"": ""503 스파클링"", ""shadeName"": ""스파클링"", ""shadeNumber"": ""503"", ""sourceType"": ""official_brand_page_option_html"", ""undertone"": null, ""undertoneConfidence"": 0}, {""colorFamily"": null, ""confidence"": 0.82, ""optionName"": ""505 츄이"", ""shadeName"": ""츄이"", ""shadeNumber"": ""505"", ""sourceType"": ""official_brand_page_option_html"", ""undertone"": null, ""undertoneConfidence"": 0}, {""colorFamily"": null, ""confidence"": 0.82, ""optionName"": ""506 탱이"", ""shadeName"": ""탱이"", ""shadeNumber"": ""506"", ""sourceType"": ""official_brand_page_option_html"", ""undertone"": null, ""undertoneConfidence"": 0}, {""colorFamily"": null, ""confidence"": 0.82, ""optionName"": ""507 플레이풀"", ""shadeName"": ""플레이풀"", ""shadeNumber"": ""507"", ""sourceType"": ""official_brand_page_option_html"", ""undertone"": null, ""undertoneConfidence"": 0}, {""colorFamily"": null, ""confidence"": 0.82, ""optionName"": ""508 바운시"", ""shadeName"": ""바운시"", ""shadeNumber"": ""508"", ""sourceType"": ""official_brand_page_option_html"", ""undertone"": null, ""undertoneConfidence"": 0}, {""colorFamily"": null, ""confidence"": 0.82, ""optionName"": ""509 딜라잇풀"", ""shadeName"": ""딜라잇풀"", ""shadeNumber"": ""509"", ""sourceType"": ""official_brand_page_option_html"", ""undertone"": null, ""undertoneConfidence"": 0}, {""colorFamily"": null, ""confidence"": 0.82, ""optionName"": ""510 브리지"", ""shadeName"": ""브리지"", ""shadeNumber"": ""510"", ""sourceType"": ""official_brand_page_option_html"", ""undertone"": null, ""undertoneConfidence"": 0}, {""colorFamily"": null, ""confidence"": 0.82, ""optionName"": ""511 스프릿시"", ""shadeName"": ""스프릿시"", ""shadeNumber"": ""511"", ""sourceType"": ""official_brand_page_option_html"", ""undertone"": null, ""undertoneConfidence"": 0}, {""colorFamily"": null, ""confidence"": 0.82, ""optionName"": ""512 시즐링"", ""shadeName"": ""시즐링"", ""shadeNumber"": ""512"", ""sourceType"": ""official_brand_page_option_html"", ""undertone"": null, ""undertoneConfidence"": 0}, {""colorFamily"": null, ""confidence"": 0.82, ""optionName"": ""990 스모키"", ""shadeName"": ""스모키"", ""shadeNumber"": ""990"", ""sourceType"": ""official_brand_page_option_html"", ""undertone"": null, ""undertoneConfidence"": 0}, {""colorFamily"": null, ""confidence"": 0.82, ""optionName"": ""991 헤이지"", ""shadeName"": ""헤이지"", ""shadeNumber"": ""991"", ""sourceType"": ""official_brand_page_option_html"", ""undertone"": null, ""undertoneConfidence"": 0}, {""colorFamily"": null, ""confidence"": 0.82, ""optionName"": ""992 에티튜드"", ""shadeName"": ""에티튜드"", ""shadeNumber"": ""992"", ""sourceType"": ""official_brand_page_option_html"", ""undertone"": null, ""undertoneConfidence"": 0}, {""colorFamily"": null, ""confidence"": 0.82, ""optionName"": ""993 하쉬"", ""shadeName"": ""하쉬"", ""shadeNumber"": ""993"", ""sourceType"": ""official_brand_page_option_html"", ""undertone"": null, ""undertoneConfidence"": 0}]",,,sheer,sheer,tint,"[""daily_makeup""]","[""glow""]",collected,unknown,todo,
156,naver-53073130697,클리오,lip,3,[왕실에디션]클리오 크리스탈 글램 틴트,finish,"colorFamily,undertone,intensity,texture,sellingPoints,oliveYoungListed,departmentStoreListed",12600,http://with.gsshop.com/alia/aliaGate.gs?media=OB&ecpid=1032428272&vodFlag=N&prdseqnum=1032428272&utm_source=price&utm_medium=affiliate&utm_campaign=naver,https://shopping-phinf.pstatic.net/main_5307313/53073130697.3.jpg,,https://with.gsshop.com/prd/prd.gs?prdid=1032428272&fromWith=Y,http://with.gsshop.com/alia/aliaGate.gs?media=OB&ecpid=1032428272&vodFlag=N&prdseqnum=1032428272&utm_source=price&utm_medium=affiliate&utm_campaign=naver,"[{""colorFamily"": null, ""confidence"": 0.82, ""optionName"": ""001 빈티지 애플"", ""shadeName"": ""빈티지 애플"", ""shadeNumber"": ""001"", ""sourceType"": ""gsshop_product_option_html"", ""undertone"": null, ""undertoneConfidence"": 0}, {""colorFamily"": ""plum"", ""confidence"": 0.82, ""optionName"": ""004 페일 플럼"", ""shadeName"": ""페일 플럼"", ""shadeNumber"": ""004"", ""sourceType"": ""gsshop_product_option_html"", ""undertone"": ""cool"", ""undertoneConfidence"": 0.62}, {""colorFamily"": ""red"", ""confidence"": 0.82, ""optionName"": ""005 프레쉬 체리"", ""shadeName"": ""프레쉬 체리"", ""shadeNumber"": ""005"", ""sourceType"": ""gsshop_product_option_html"", ""undertone"": null, ""undertoneConfidence"": 0}, {""colorFamily"": ""mauve"", ""confidence"": 0.82, ""intensity"": ""sheer"", ""intensityConfidence"": 0.56, ""optionName"": ""006 데일리 모브"", ""shadeName"": ""데일리 모브"", ""shadeNumber"": ""006"", ""sourceType"": ""gsshop_product_option_html"", ""undertone"": ""cool"", ""undertoneConfidence"": 0.62}, {""colorFamily"": null, ""confidence"": 0.82, ""optionName"": ""008 젠틀 시나몬"", ""shadeName"": ""젠틀 시나몬"", ""shadeNumber"": ""008"", ""sourceType"": ""gsshop_product_option_html"", ""undertone"": null, ""undertoneConfidence"": 0}, {""colorFamily"": ""peach"", ""confidence"": 0.82, ""optionName"": ""009 베어피치"", ""shadeName"": ""베어피치"", ""shadeNumber"": ""009"", ""sourceType"": ""gsshop_product_option_html"", ""undertone"": ""warm"", ""undertoneConfidence"": 0.62}, {""colorFamily"": ""plum"", ""confidence"": 0.82, ""optionName"": ""010 베이비베리"", ""shadeName"": ""베이비베리"", ""shadeNumber"": ""010"", ""sourceType"": ""gsshop_product_option_html"", ""undertone"": ""cool"", ""undertoneConfidence"": 0.62}, {""colorFamily"": null, ""confidence"": 0.82, ""optionName"": ""011 멜로우피그"", ""shadeName"": ""멜로우피그"", ""shadeNumber"": ""011"", ""sourceType"": ""gsshop_product_option_html"", ""undertone"": null, ""undertoneConfidence"": 0}, {""colorFamily"": ""rose"", ""confidence"": 0.82, ""optionName"": ""012 파이어리로즈"", ""shadeName"": ""파이어리로즈"", ""shadeNumber"": ""012"", ""sourceType"": ""gsshop_product_option_html"", ""undertone"": null, ""undertoneConfidence"": 0}, {""colorFamily"": null, ""confidence"": 0.82, ""optionName"": ""017 클래식애플"", ""shadeName"": ""클래식애플"", ""shadeNumber"": ""017"", ""sourceType"": ""gsshop_product_option_html"", ""undertone"": null, ""undertoneConfidence"": 0}, {""colorFamily"": null, ""confidence"": 0.82, ""optionName"": ""018 프레쉬애플"", ""shadeName"": ""프레쉬애플"", ""shadeNumber"": ""018"", ""sourceType"": ""gsshop_product_option_html"", ""undertone"": null, ""undertoneConfidence"": 0}, {""colorFamily"": null, ""confidence"": 0.82, ""optionName"": ""019 베이비애플"", ""shadeName"": ""베이비애플"", ""shadeNumber"": ""019"", ""sourceType"": ""gsshop_product_option_html"", ""undertone"": null, ""undertoneConfidence"": 0}, {""colorFamily"": ""nude"", ""colorFamilyConfidence"": 0.62, ""confidence"": 0.82, ""optionName"": ""020 바닐라애플"", ""shadeName"": ""바닐라애플"", ""shadeNumber"": ""020"", ""sourceType"": ""gsshop_product_option_html"", ""undertone"": ""neutral"", ""undertoneConfidence"": 0}, {""colorFamily"": ""red"", ""confidence"": 0.82, ""intensity"": ""bold"", ""intensityConfidence"": 0.58, ""optionName"": ""025 다크체리"", ""shadeName"": ""다크체리"", ""shadeNumber"": ""025"", ""sourceType"": ""gsshop_product_option_html"", ""undertone"": null, ""undertoneConfidence"": 0}, {""colorFamily"": ""red"", ""confidence"": 0.82, ""optionName"": ""026 모브체리"", ""shadeName"": ""모브체리"", ""shadeNumber"": ""026"", ""sourceType"": ""gsshop_product_option_html"", ""undertone"": ""cool"", ""undertoneConfidence"": 0.62}, {""colorFamily"": ""red"", ""confidence"": 0.82, ""optionName"": ""027 허니체리"", ""shadeName"": ""허니체리"", ""shadeNumber"": ""027"", ""sourceType"": ""gsshop_product_option_html"", ""undertone"": ""warm"", ""undertoneConfidence"": 0.62}, {""colorFamily"": ""red"", ""confidence"": 0.82, ""optionName"": ""028 드라이체리"", ""shadeName"": ""드라이체리"", ""shadeNumber"": ""028"", ""sourceType"": ""gsshop_product_option_html"", ""undertone"": null, ""undertoneConfidence"": 0}, {""colorFamily"": ""red"", ""confidence"": 0.82, ""optionName"": ""029 붉은구름범레드"", ""shadeName"": ""붉은구름범레드"", ""shadeNumber"": ""029"", ""sourceType"": ""gsshop_product_option_html"", ""undertone"": null, ""undertoneConfidence"": 0}, {""colorFamily"": ""coral"", ""confidence"": 0.82, ""optionName"": ""030 햇살뜰사슴코랄"", ""shadeName"": ""햇살뜰사슴코랄"", ""shadeNumber"": ""030"", ""sourceType"": ""gsshop_product_option_html"", ""undertone"": ""warm"", ""undertoneConfidence"": 0.62}, {""colorFamily"": ""nude"", ""confidence"": 0.82, ""intensity"": ""medium"", ""intensityConfidence"": 0.56, ""optionName"": ""031 노을빛원앙베이지"", ""shadeName"": ""노을빛원앙베이지"", ""shadeNumber"": ""031"", ""sourceType"": ""gsshop_product_option_html"", ""undertone"": ""neutral"", ""undertoneConfidence"": 0.62}, {""colorFamily"": ""pink"", ""confidence"": 0.82, ""optionName"": ""032 궁정원토끼핑크"", ""shadeName"": ""궁정원토끼핑크"", ""shadeNumber"": ""032"", ""sourceType"": ""gsshop_product_option_html"", ""undertone"": null, ""undertoneConfidence"": 0}, {""colorFamily"": ""mauve"", ""confidence"": 0.82, ""optionName"": ""033 자개장나비모브"", ""shadeName"": ""자개장나비모브"", ""shadeNumber"": ""033"", ""sourceType"": ""gsshop_product_option_html"", ""undertone"": ""cool"", ""undertoneConfidence"": 0.62}]",red,cool,sheer,,tint,"[""warm_tone"", ""cool_tone""]",[],unknown,unknown,todo,
156,naver-44910218872,클리오,lip,5,[2EA]클리오 크리스탈 글램밤+(증정)립앤아이리무버31ml,finish,"colorFamily,undertone,intensity,texture,sellingPoints,oliveYoungListed,departmentStoreListed",24120,http://with.gsshop.com/alia/aliaGate.gs?media=OB&ecpid=1046460824&vodFlag=N&prdseqnum=1046460824&utm_source=price&utm_medium=affiliate&utm_campaign=naver,https://shopping-phinf.pstatic.net/main_4491021/44910218872.4.jpg,,https://with.gsshop.com/prd/prd.gs?prdid=1046460824&fromWith=Y,http://with.gsshop.com/alia/aliaGate.gs?media=OB&ecpid=1046460824&vodFlag=N&prdseqnum=1046460824&utm_source=price&utm_medium=affiliate&utm_campaign=naver,"[{""colorFamily"": null, ""confidence"": 0.82, ""optionName"": ""003 꿀 앵두"", ""shadeName"": ""꿀 앵두"", ""shadeNumber"": ""003"", ""sourceType"": ""gsshop_product_option_html"", ""undertone"": null, ""undertoneConfidence"": 0}, {""colorFamily"": null, ""confidence"": 0.82, ""optionName"": ""004 꿀 사과"", ""shadeName"": ""꿀 사과"", ""shadeNumber"": ""004"", ""sourceType"": ""gsshop_product_option_html"", ""undertone"": null, ""undertoneConfidence"": 0}, {""colorFamily"": null, ""confidence"": 0.82, ""optionName"": ""006 꿀 무화과"", ""shadeName"": ""꿀 무화과"", ""shadeNumber"": ""006"", ""sourceType"": ""gsshop_product_option_html"", ""undertone"": null, ""undertoneConfidence"": 0}, {""colorFamily"": null, ""confidence"": 0.82, ""optionName"": ""010 헤이즐 밀크"", ""shadeName"": ""헤이즐 밀크"", ""shadeNumber"": ""010"", ""sourceType"": ""gsshop_product_option_html"", ""undertone"": null, ""undertoneConfidence"": 0}, {""colorFamily"": ""plum"", ""confidence"": 0.82, ""optionName"": ""011 베리 브루"", ""shadeName"": ""베리 브루"", ""shadeNumber"": ""011"", ""sourceType"": ""gsshop_product_option_html"", ""undertone"": ""cool"", ""undertoneConfidence"": 0.62}, {""colorFamily"": ""rose"", ""confidence"": 0.82, ""optionName"": ""012 차이 로즈"", ""shadeName"": ""차이 로즈"", ""shadeNumber"": ""012"", ""sourceType"": ""gsshop_product_option_html"", ""undertone"": null, ""undertoneConfidence"": 0}, {""colorFamily"": ""plum"", ""confidence"": 0.82, ""optionName"": ""013 플럼 드리즐"", ""shadeName"": ""플럼 드리즐"", ""shadeNumber"": ""013"", ""sourceType"": ""gsshop_product_option_html"", ""undertone"": ""cool"", ""undertoneConfidence"": 0.62}]",plum,cool,,,balm,"[""cool_tone""]",[],unknown,unknown,todo,
156,naver-48355835095,클리오,lip,6,[냥생역전코숏] 클리오 크리스탈 글램 틴트,finish,"colorFamily,undertone,intensity,texture,sellingPoints,oliveYoungListed,departmentStoreListed",12600,http://with.gsshop.com/alia/aliaGate.gs?media=OB&ecpid=1057235094&vodFlag=N&prdseqnum=1057235094&utm_source=price&utm_medium=affiliate&utm_campaign=naver,https://shopping-phinf.pstatic.net/main_4835583/48355835095.4.jpg,,https://with.gsshop.com/prd/prd.gs?prdid=1057235094&fromWith=Y,http://with.gsshop.com/alia/aliaGate.gs?media=OB&ecpid=1057235094&vodFlag=N&prdseqnum=1057235094&utm_source=price&utm_medium=affiliate&utm_campaign=naver,"[{""colorFamily"": ""coral"", ""confidence"": 0.82, ""optionName"": ""013 코숏진주코랄"", ""shadeName"": ""코숏진주코랄"", ""shadeNumber"": ""013"", ""sourceType"": ""gsshop_product_option_html"", ""undertone"": ""warm"", ""undertoneConfidence"": 0.62}, {""colorFamily"": ""pink"", ""confidence"": 0.82, ""optionName"": ""014 하트핑크다이아"", ""shadeName"": ""하트핑크다이아"", ""shadeNumber"": ""014"", ""sourceType"": ""gsshop_product_option_html"", ""undertone"": null, ""undertoneConfidence"": 0}, {""colorFamily"": ""peach"", ""confidence"": 0.82, ""optionName"": ""015 그루밍피치오팔"", ""shadeName"": ""그루밍피치오팔"", ""shadeNumber"": ""015"", ""sourceType"": ""gsshop_product_option_html"", ""undertone"": ""warm"", ""undertoneConfidence"": 0.62}, {""colorFamily"": ""mauve"", ""confidence"": 0.82, ""optionName"": ""016 럭셔리모브루비"", ""shadeName"": ""럭셔리모브루비"", ""shadeNumber"": ""016"", ""sourceType"": ""gsshop_product_option_html"", ""undertone"": ""cool"", ""undertoneConfidence"": 0.62}]",coral,warm,,,tint,"[""warm_tone"", ""cool_tone""]",[],unknown,unknown,todo,
156,naver-58714586388,클리오,lip,7,[클리오] 크리스탈 글램 틴트,finish,"colorFamily,undertone,intensity,texture,sellingPoints,oliveYoungListed,departmentStoreListed",14900,http://www.wconcept.co.kr/Product/308157243?adfrom=naver_ep&utm_source=naver&utm_medium=pcs&utm_campaign=WCONCEPT&utm_content=none&utm_term=none,https://shopping-phinf.pstatic.net/main_5871458/58714586388.1.jpg,,http://www.wconcept.co.kr/Product/308157243?adfrom=naver_ep&utm_source=naver&utm_medium=pcs&utm_campaign=WCONCEPT&utm_content=none&utm_term=none,http://www.wconcept.co.kr/Product/308157243?adfrom=naver_ep&utm_source=naver&utm_medium=pcs&utm_campaign=WCONCEPT&utm_content=none&utm_term=none,"[{""colorFamily"": null, ""confidence"": 0.8, ""optionName"": ""001 빈티지애플"", ""shadeName"": ""빈티지애플"", ""shadeNumber"": ""001"", ""sourceType"": ""wconcept_color_option_select"", ""undertone"": null, ""undertoneConfidence"": 0}, {""colorFamily"": ""plum"", ""confidence"": 0.8, ""optionName"": ""004 페일플럼"", ""shadeName"": ""페일플럼"", ""shadeNumber"": ""004"", ""sourceType"": ""wconcept_color_option_select"", ""undertone"": ""cool"", ""undertoneConfidence"": 0.62}, {""colorFamily"": ""red"", ""confidence"": 0.8, ""optionName"": ""005 프레쉬체리"", ""shadeName"": ""프레쉬체리"", ""shadeNumber"": ""005"", ""sourceType"": ""wconcept_color_option_select"", ""undertone"": null, ""undertoneConfidence"": 0}, {""colorFamily"": ""mauve"", ""confidence"": 0.8, ""intensity"": ""sheer"", ""intensityConfidence"": 0.56, ""optionName"": ""006 데일리모브"", ""shadeName"": ""데일리모브"", ""shadeNumber"": ""006"", ""sourceType"": ""wconcept_color_option_select"", ""undertone"": ""cool"", ""undertoneConfidence"": 0.62}, {""colorFamily"": null, ""confidence"": 0.8, ""optionName"": ""008 젠틀시나몬"", ""shadeName"": ""젠틀시나몬"", ""shadeNumber"": ""008"", ""sourceType"": ""wconcept_color_option_select"", ""undertone"": null, ""undertoneConfidence"": 0}, {""colorFamily"": ""peach"", ""confidence"": 0.8, ""optionName"": ""009 베어피치"", ""shadeName"": ""베어피치"", ""shadeNumber"": ""009"", ""sourceType"": ""wconcept_color_option_select"", ""undertone"": ""warm"", ""undertoneConfidence"": 0.62}, {""colorFamily"": ""plum"", ""confidence"": 0.8, ""optionName"": ""010 베이비베리"", ""shadeName"": ""베이비베리"", ""shadeNumber"": ""010"", ""sourceType"": ""wconcept_color_option_select"", ""undertone"": ""cool"", ""undertoneConfidence"": 0.62}, {""colorFamily"": null, ""confidence"": 0.8, ""optionName"": ""011 멜로우피그"", ""shadeName"": ""멜로우피그"", ""shadeNumber"": ""011"", ""sourceType"": ""wconcept_color_option_select"", ""undertone"": null, ""undertoneConfidence"": 0}, {""colorFamily"": ""rose"", ""confidence"": 0.8, ""optionName"": ""012 파이어리로즈"", ""shadeName"": ""파이어리로즈"", ""shadeNumber"": ""012"", ""sourceType"": ""wconcept_color_option_select"", ""undertone"": null, ""undertoneConfidence"": 0}, {""colorFamily"": ""coral"", ""confidence"": 0.8, ""optionName"": ""013 코숏진주코랄"", ""shadeName"": ""코숏진주코랄"", ""shadeNumber"": ""013"", ""sourceType"": ""wconcept_color_option_select"", ""undertone"": ""warm"", ""undertoneConfidence"": 0.62}, {""colorFamily"": ""pink"", ""confidence"": 0.8, ""optionName"": ""014 하트핑크다이아"", ""shadeName"": ""하트핑크다이아"", ""shadeNumber"": ""014"", ""sourceType"": ""wconcept_color_option_select"", ""undertone"": null, ""undertoneConfidence"": 0}, {""colorFamily"": ""peach"", ""confidence"": 0.8, ""optionName"": ""015 그루밍피치오팔"", ""shadeName"": ""그루밍피치오팔"", ""shadeNumber"": ""015"", ""sourceType"": ""wconcept_color_option_select"", ""undertone"": ""warm"", ""undertoneConfidence"": 0.62}, {""colorFamily"": ""mauve"", ""confidence"": 0.8, ""optionName"": ""016 럭셔리모브루비"", ""shadeName"": ""럭셔리모브루비"", ""shadeNumber"": ""016"", ""sourceType"": ""wconcept_color_option_select"", ""undertone"": ""cool"", ""undertoneConfidence"": 0.62}, {""colorFamily"": null, ""confidence"": 0.8, ""optionName"": ""017 클래식애플"", ""shadeName"": ""클래식애플"", ""shadeNumber"": ""017"", ""sourceType"": ""wconcept_color_option_select"", ""undertone"": null, ""undertoneConfidence"": 0}, {""colorFamily"": null, ""confidence"": 0.8, ""optionName"": ""018 프레쉬애플"", ""shadeName"": ""프레쉬애플"", ""shadeNumber"": ""018"", ""sourceType"": ""wconcept_color_option_select"", ""undertone"": null, ""undertoneConfidence"": 0}, {""colorFamily"": null, ""confidence"": 0.8, ""optionName"": ""019 베이비애플"", ""shadeName"": ""베이비애플"", ""shadeNumber"": ""019"", ""sourceType"": ""wconcept_color_option_select"", ""undertone"": null, ""undertoneConfidence"": 0}, {""colorFamily"": ""nude"", ""colorFamilyConfidence"": 0.62, ""confidence"": 0.8, ""optionName"": ""020 바닐라애플"", ""shadeName"": ""바닐라애플"", ""shadeNumber"": ""020"", ""sourceType"": ""wconcept_color_option_select"", ""undertone"": ""neutral"", ""undertoneConfidence"": 0}, {""colorFamily"": ""red"", ""confidence"": 0.8, ""intensity"": ""bold"", ""intensityConfidence"": 0.58, ""optionName"": ""025 다크체리"", ""shadeName"": ""다크체리"", ""shadeNumber"": ""025"", ""sourceType"": ""wconcept_color_option_select"", ""undertone"": null, ""undertoneConfidence"": 0}, {""colorFamily"": ""red"", ""confidence"": 0.8, ""optionName"": ""026 모브체리"", ""shadeName"": ""모브체리"", ""shadeNumber"": ""026"", ""sourceType"": ""wconcept_color_option_select"", ""undertone"": ""cool"", ""undertoneConfidence"": 0.62}, {""colorFamily"": ""red"", ""confidence"": 0.8, ""optionName"": ""027 허니체리"", ""shadeName"": ""허니체리"", ""shadeNumber"": ""027"", ""sourceType"": ""wconcept_color_option_select"", ""undertone"": ""warm"", ""undertoneConfidence"": 0.62}, {""colorFamily"": ""red"", ""confidence"": 0.8, ""optionName"": ""028 드라이체리"", ""shadeName"": ""드라이체리"", ""shadeNumber"": ""028"", ""sourceType"": ""wconcept_color_option_select"", ""undertone"": null, ""undertoneConfidence"": 0}]",red,cool,sheer,,tint,"[""warm_tone"", ""cool_tone""]",[],unknown,unknown,todo,
156,naver-46856492574,페리페라,lip,8,[2EA]페라페라 잉크 에어리벨벳(AD),texture,"colorFamily,undertone,intensity,finish,sellingPoints,oliveYoungListed,departmentStoreListed",16010,http://with.gsshop.com/alia/aliaGate.gs?media=OB&ecpid=98630846&vodFlag=N&prdseqnum=98630846&utm_source=price&utm_medium=affiliate&utm_campaign=naver,https://shopping-phinf.pstatic.net/main_4685649/46856492574.6.jpg,,https://with.gsshop.com/prd/prd.gs?prdid=98630846&fromWith=Y,http://with.gsshop.com/alia/aliaGate.gs?media=OB&ecpid=98630846&vodFlag=N&prdseqnum=98630846&utm_source=price&utm_medium=affiliate&utm_campaign=naver,"[{""colorFamily"": ""coral"", ""confidence"": 0.82, ""optionName"": ""003 만찢코랄"", ""shadeName"": ""만찢코랄"", ""shadeNumber"": ""003"", ""sourceType"": ""gsshop_product_option_html"", ""undertone"": ""warm"", ""undertoneConfidence"": 0.62}, {""colorFamily"": null, ""confidence"": 0.82, ""optionName"": ""006 조기품절"", ""shadeName"": ""조기품절"", ""shadeNumber"": ""006"", ""sourceType"": ""gsshop_product_option_html"", ""undertone"": null, ""undertoneConfidence"": 0}, {""colorFamily"": null, ""confidence"": 0.82, ""optionName"": ""007 심장폭격"", ""shadeName"": ""심장폭격"", ""shadeNumber"": ""007"", ""sourceType"": ""gsshop_product_option_html"", ""undertone"": null, ""undertoneConfidence"": 0}, {""colorFamily"": null, ""confidence"": 0.82, ""optionName"": ""008 최애쁨템"", ""shadeName"": ""최애쁨템"", ""shadeNumber"": ""008"", ""sourceType"": ""gsshop_product_option_html"", ""undertone"": null, ""undertoneConfidence"": 0}, {""colorFamily"": ""pink"", ""confidence"": 0.82, ""optionName"": ""014 핑크짬바"", ""shadeName"": ""핑크짬바"", ""shadeNumber"": ""014"", ""sourceType"": ""gsshop_product_option_html"", ""undertone"": null, ""undertoneConfidence"": 0}, {""colorFamily"": null, ""confidence"": 0.82, ""optionName"": ""015 입못다물"", ""shadeName"": ""입못다물"", ""shadeNumber"": ""015"", ""sourceType"": ""gsshop_product_option_html"", ""undertone"": null, ""undertoneConfidence"": 0}, {""colorFamily"": null, ""confidence"": 0.82, ""optionName"": ""016 최애정템"", ""shadeName"": ""최애정템"", ""shadeNumber"": ""016"", ""sourceType"": ""gsshop_product_option_html"", ""undertone"": null, ""undertoneConfidence"": 0}, {""colorFamily"": null, ""confidence"": 0.82, ""optionName"": ""017 최애픽템"", ""shadeName"": ""최애픽템"", ""shadeNumber"": ""017"", ""sourceType"": ""gsshop_product_option_html"", ""undertone"": null, ""undertoneConfidence"": 0}, {""colorFamily"": null, ""confidence"": 0.82, ""optionName"": ""019 엘프요정"", ""shadeName"": ""엘프요정"", ""shadeNumber"": ""019"", ""sourceType"": ""gsshop_product_option_html"", ""undertone"": null, ""undertoneConfidence"": 0}, {""colorFamily"": null, ""confidence"": 0.82, ""optionName"": ""020 미모열일"", ""shadeName"": ""미모열일"", ""shadeNumber"": ""020"", ""sourceType"": ""gsshop_product_option_html"", ""undertone"": null, ""undertoneConfidence"": 0}, {""colorFamily"": ""rose"", ""confidence"": 0.82, ""optionName"": ""031 로즈맛꿀마"", ""shadeName"": ""로즈맛꿀마"", ""shadeNumber"": ""031"", ""sourceType"": ""gsshop_product_option_html"", ""undertone"": null, ""undertoneConfidence"": 0}, {""colorFamily"": ""rose"", ""confidence"": 0.82, ""optionName"": ""032 로즈추구미"", ""shadeName"": ""로즈추구미"", ""shadeNumber"": ""032"", ""sourceType"": ""gsshop_product_option_html"", ""undertone"": null, ""undertoneConfidence"": 0}, {""colorFamily"": ""rose"", ""confidence"": 0.82, ""optionName"": ""033 로즈림픽"", ""shadeName"": ""로즈림픽"", ""shadeNumber"": ""033"", ""sourceType"": ""gsshop_product_option_html"", ""undertone"": null, ""undertoneConfidence"": 0}, {""colorFamily"": ""rose"", ""confidence"": 0.82, ""optionName"": ""034 제당로즈만"", ""shadeName"": ""제당로즈만"", ""shadeNumber"": ""034"", ""sourceType"": ""gsshop_product_option_html"", ""undertone"": null, ""undertoneConfidence"": 0}, {""colorFamily"": ""rose"", ""confidence"": 0.82, ""optionName"": ""035 넘흐로즈넹"", ""shadeName"": ""넘흐로즈넹"", ""shadeNumber"": ""035"", ""sourceType"": ""gsshop_product_option_html"", ""undertone"": null, ""undertoneConfidence"": 0}]",rose,warm,,velvet,,"[""warm_tone""]",[],unknown,unknown,todo,
156,naver-59388413752,3CE,shadow,6,3CE 아이 스위치 스틱+미니틴트(랜덤),finish,"colorFamily,undertone,intensity,texture,sellingPoints,oliveYoungListed",14950,https://www.hmall.com/md/pda/itemPtc?ReferCode=429&slitmCd=2248985627&utm_source=naver&utm_medium=cps_pcs&utm_campaign=sale,https://shopping-phinf.pstatic.net/main_5938841/59388413752.jpg,https://www.3cecosmetics.com/all-products/eyes/eyeshadow/3ce-eye-switch-stick,https://www.hmall.com/md/pda/itemPtc?ReferCode=429&slitmCd=2248985627&utm_source=naver&utm_medium=cps_pcs&utm_campaign=sale,https://www.hmall.com/md/pda/itemPtc?ReferCode=429&slitmCd=2248985627&utm_source=naver&utm_medium=cps_pcs&utm_campaign=sale,"[{""colorFamily"": ""orange"", ""confidence"": 0.82, ""optionName"": ""오렌지 베이크"", ""shadeName"": ""오렌지 베이크"", ""shadeNumber"": null, ""sourceType"": ""hmall_next_stock_option"", ""undertone"": ""warm"", ""undertoneConfidence"": 0.62}, {""colorFamily"": ""pink"", ""confidence"": 0.82, ""optionName"": ""핑크 쉰"", ""shadeName"": ""핑크 쉰"", ""shadeNumber"": null, ""sourceType"": ""hmall_next_stock_option"", ""undertone"": null, ""undertoneConfidence"": 0}, {""colorFamily"": ""nude"", ""confidence"": 0.82, ""optionName"": ""아이보리 브리즈"", ""shadeName"": ""아이보리 브리즈"", ""shadeNumber"": null, ""sourceType"": ""hmall_next_stock_option"", ""undertone"": ""neutral"", ""undertoneConfidence"": 0.62}, {""colorFamily"": ""plum"", ""confidence"": 0.82, ""optionName"": ""라벤더 데이즈"", ""shadeName"": ""라벤더 데이즈"", ""shadeNumber"": null, ""sourceType"": ""hmall_next_stock_option"", ""undertone"": ""cool"", ""undertoneConfidence"": 0.62}]",orange,warm,,,tint,"[""warm_tone"", ""cool_tone""]",[],unknown,collected,todo,
156,naver-59999134087,데이지크,shadow,1,[데이지크] 무드 싱글 섀도우 40종,finish,"shadeOptions,colorFamily,undertone,intensity,sellingPoints,oliveYoungListed,departmentStoreListed",7000,https://m.a-bly.com/goods/53145563?utm_source=web_naver-shopping&utm_medium=display&utm_campaign=web_naver-shopping&utm_content=53145563,https://shopping-phinf.pstatic.net/main_5999913/59999134087.jpg,,https://m.a-bly.com/goods/53145563?utm_source=web_naver-shopping&utm_medium=display&utm_campaign=web_naver-shopping&utm_content=53145563,https://m.a-bly.com/goods/53145563?utm_source=web_naver-shopping&utm_medium=display&utm_campaign=web_naver-shopping&utm_content=53145563,"[{""colorFamily"": ""mauve"", ""colorFamilyConfidence"": 0.58, ""confidence"": 0.55, ""optionName"": ""40 모브 파우더"", ""shadeName"": ""모브 파우더"", ""shadeNumber"": ""40"", ""sourceType"": ""naver_offer_title_option_inferred"", ""undertone"": ""cool"", ""undertoneConfidence"": 0.58}, {""colorFamily"": ""mauve"", ""colorFamilyConfidence"": 0.58, ""confidence"": 0.55, ""optionName"": ""모브 파우더"", ""shadeName"": ""모브 파우더"", ""sourceType"": ""naver_offer_title_option_inferred"", ""undertone"": ""cool"", ""undertoneConfidence"": 0.58}, {""colorFamily"": ""peach"", ""colorFamilyConfidence"": 0.58, ""confidence"": 0.55, ""optionName"": ""17 피치 피치"", ""shadeName"": ""피치 피치"", ""shadeNumber"": ""17"", ""sourceType"": ""naver_offer_title_option_inferred"", ""undertone"": ""warm"", ""undertoneConfidence"": 0.58}, {""colorFamily"": ""peach"", ""colorFamilyConfidence"": 0.58, ""confidence"": 0.55, ""optionName"": ""피치 피치"", ""shadeName"": ""피치 피치"", ""sourceType"": ""naver_offer_title_option_inferred"", ""undertone"": ""warm"", ""undertoneConfidence"": 0.58}, {""colorFamily"": ""coral"", ""colorFamilyConfidence"": 0.58, ""confidence"": 0.55, ""optionName"": ""16 멜티드 코랄"", ""shadeName"": ""멜티드 코랄"", ""shadeNumber"": ""16"", ""sourceType"": ""naver_offer_title_option_inferred"", ""undertone"": ""warm"", ""undertoneConfidence"": 0.58}, {""colorFamily"": ""coral"", ""colorFamilyConfidence"": 0.58, ""confidence"": 0.55, ""optionName"": ""코랄"", ""shadeName"": ""코랄"", ""sourceType"": ""naver_offer_title_option_inferred"", ""undertone"": ""warm"", ""undertoneConfidence"": 0.58}]",mauve,warm,,,powder,"[""warm_tone"", ""cool_tone""]",[],unknown,unknown,todo,
156,naver-46093215046,라카,shadow,2,모노아이섀도우,finish,"colorFamily,undertone,intensity,texture,sellingPoints,oliveYoungListed,departmentStoreListed",7200,https://chicor.com/goods/0000000079824?utm_source=naver&utm_medium=cpc&utm_campaign=ep,https://shopping-phinf.pstatic.net/main_4609321/46093215046.7.jpg,,https://chicor.com/goods/0000000079824?utm_source=naver&utm_medium=cpc&utm_campaign=ep,https://chicor.com/goods/0000000079824?utm_source=naver&utm_medium=cpc&utm_campaign=ep,"[{""colorFamily"": null, ""confidence"": 0.82, ""optionName"": ""901 테디"", ""shadeName"": ""테디"", ""shadeNumber"": ""901"", ""sourceType"": ""chicor_product_option_json"", ""undertone"": null, ""undertoneConfidence"": 0}, {""colorFamily"": null, ""confidence"": 0.82, ""optionName"": ""902 얼스"", ""shadeName"": ""얼스"", ""shadeNumber"": ""902"", ""sourceType"": ""chicor_product_option_json"", ""undertone"": null, ""undertoneConfidence"": 0}, {""colorFamily"": ""pink"", ""confidence"": 0.82, ""optionName"": ""904 피오니"", ""shadeName"": ""피오니"", ""shadeNumber"": ""904"", ""sourceType"": ""chicor_product_option_json"", ""undertone"": null, ""undertoneConfidence"": 0}, {""colorFamily"": null, ""confidence"": 0.82, ""optionName"": ""905 모더니스트"", ""shadeName"": ""모더니스트"", ""shadeNumber"": ""905"", ""sourceType"": ""chicor_product_option_json"", ""undertone"": null, ""undertoneConfidence"": 0}, {""colorFamily"": null, ""confidence"": 0.82, ""optionName"": ""906 토니"", ""shadeName"": ""토니"", ""shadeNumber"": ""906"", ""sourceType"": ""chicor_product_option_json"", ""undertone"": null, ""undertoneConfidence"": 0}, {""colorFamily"": null, ""confidence"": 0.82, ""intensity"": ""bold"", ""intensityConfidence"": 0.58, ""optionName"": ""907 진저"", ""shadeName"": ""진저"", ""shadeNumber"": ""907"", ""sourceType"": ""chicor_product_option_json"", ""undertone"": ""warm"", ""undertoneConfidence"": 0}, {""colorFamily"": ""nude"", ""colorFamilyConfidence"": 0.62, ""confidence"": 0.82, ""optionName"": ""908 바닐라"", ""shadeName"": ""바닐라"", ""shadeNumber"": ""908"", ""sourceType"": ""chicor_product_option_json"", ""undertone"": ""neutral"", ""undertoneConfidence"": 0}, {""colorFamily"": null, ""confidence"": 0.82, ""optionName"": ""909 솝"", ""shadeName"": ""솝"", ""shadeNumber"": ""909"", ""sourceType"": ""chicor_product_option_json"", ""undertone"": null, ""undertoneConfidence"": 0}, {""colorFamily"": null, ""confidence"": 0.82, ""optionName"": ""910 포그"", ""shadeName"": ""포그"", ""shadeNumber"": ""910"", ""sourceType"": ""chicor_product_option_json"", ""undertone"": null, ""undertoneConfidence"": 0}, {""colorFamily"": ""peach"", ""confidence"": 0.82, ""optionName"": ""911 테라피치"", ""shadeName"": ""테라피치"", ""shadeNumber"": ""911"", ""sourceType"": ""chicor_product_option_json"", ""undertone"": ""warm"", ""undertoneConfidence"": 0.62}, {""colorFamily"": null, ""confidence"": 0.82, ""optionName"": ""912 샌달우드"", ""shadeName"": ""샌달우드"", ""shadeNumber"": ""912"", ""sourceType"": ""chicor_product_option_json"", ""undertone"": null, ""undertoneConfidence"": 0}, {""colorFamily"": null, ""confidence"": 0.82, ""optionName"": ""913 시나몬"", ""shadeName"": ""시나몬"", ""shadeNumber"": ""913"", ""sourceType"": ""chicor_product_option_json"", ""undertone"": null, ""undertoneConfidence"": 0}, {""colorFamily"": null, ""confidence"": 0.82, ""optionName"": ""914 코코아"", ""shadeName"": ""코코아"", ""shadeNumber"": ""914"", ""sourceType"": ""chicor_product_option_json"", ""undertone"": null, ""undertoneConfidence"": 0}, {""colorFamily"": null, ""confidence"": 0.82, ""optionName"": ""915 헤이즐"", ""shadeName"": ""헤이즐"", ""shadeNumber"": ""915"", ""sourceType"": ""chicor_product_option_json"", ""undertone"": null, ""undertoneConfidence"": 0}, {""colorFamily"": null, ""confidence"": 0.82, ""optionName"": ""916 베베"", ""shadeName"": ""베베"", ""shadeNumber"": ""916"", ""sourceType"": ""chicor_product_option_json"", ""undertone"": null, ""undertoneConfidence"": 0}, {""colorFamily"": null, ""confidence"": 0.82, ""optionName"": ""917 메이"", ""shadeName"": ""메이"", ""shadeNumber"": ""917"", ""sourceType"": ""chicor_product_option_json"", ""undertone"": null, ""undertoneConfidence"": 0}, {""colorFamily"": null, ""confidence"": 0.82, ""optionName"": ""918 플로리스트"", ""shadeName"": ""플로리스트"", ""shadeNumber"": ""918"", ""sourceType"": ""chicor_product_option_json"", ""undertone"": null, ""undertoneConfidence"": 0}, {""colorFamily"": null, ""confidence"": 0.82, ""optionName"": ""919 써머"", ""shadeName"": ""써머"", ""shadeNumber"": ""919"", ""sourceType"": ""chicor_product_option_json"", ""undertone"": null, ""undertoneConfidence"": 0}, {""colorFamily"": null, ""confidence"": 0.82, ""optionName"": ""920 칸나"", ""shadeName"": ""칸나"", ""shadeNumber"": ""920"", ""sourceType"": ""chicor_product_option_json"", ""undertone"": null, ""undertoneConfidence"": 0}, {""colorFamily"": null, ""confidence"": 0.82, ""optionName"": ""921 얼루어"", ""shadeName"": ""얼루어"", ""shadeNumber"": ""921"", ""sourceType"": ""chicor_product_option_json"", ""undertone"": null, ""undertoneConfidence"": 0}, {""colorFamily"": null, ""confidence"": 0.82, ""optionName"": ""922 스노우"", ""shadeName"": ""스노우"", ""shadeNumber"": ""922"", ""sourceType"": ""chicor_product_option_json"", ""undertone"": null, ""undertoneConfidence"": 0}, {""colorFamily"": null, ""confidence"": 0.82, ""optionName"": ""923 챈스"", ""shadeName"": ""챈스"", ""shadeNumber"": ""923"", ""sourceType"": ""chicor_product_option_json"", ""undertone"": null, ""undertoneConfidence"": 0}, {""colorFamily"": null, ""confidence"": 0.82, ""optionName"": ""924 클리프"", ""shadeName"": ""클리프"", ""shadeNumber"": ""924"", ""sourceType"": ""chicor_product_option_json"", ""undertone"": null, ""undertoneConfidence"": 0}, {""colorFamily"": null, ""confidence"": 0.82, ""optionName"": ""925 글로리"", ""shadeName"": ""글로리"", ""shadeNumber"": ""925"", ""sourceType"": ""chicor_product_option_json"", ""undertone"": null, ""undertoneConfidence"": 0}, {""colorFamily"": null, ""confidence"": 0.82, ""optionName"": ""926 리버티"", ""shadeName"": ""리버티"", ""shadeNumber"": ""926"", ""sourceType"": ""chicor_product_option_json"", ""undertone"": null, ""undertoneConfidence"": 0}, {""colorFamily"": null, ""confidence"": 0.82, ""optionName"": ""927 퓨어"", ""shadeName"": ""퓨어"", ""shadeNumber"": ""927"", ""sourceType"": ""chicor_product_option_json"", ""undertone"": null, ""undertoneConfidence"": 0}, {""colorFamily"": null, ""confidence"": 0.82, ""optionName"": ""928 허그"", ""shadeName"": ""허그"", ""shadeNumber"": ""928"", ""sourceType"": ""chicor_product_option_json"", ""undertone"": null, ""undertoneConfidence"": 0}, {""colorFamily"": null, ""confidence"": 0.82, ""optionName"": ""929 치어풀"", ""shadeName"": ""치어풀"", ""shadeNumber"": ""929"", ""sourceType"": ""chicor_product_option_json"", ""undertone"": null, ""undertoneConfidence"": 0}, {""colorFamily"": null, ""confidence"": 0.82, ""optionName"": ""930 써니"", ""shadeName"": ""써니"", ""shadeNumber"": ""930"", ""sourceType"": ""chicor_product_option_json"", ""undertone"": null, ""undertoneConfidence"": 0}, {""colorFamily"": null, ""confidence"": 0.82, ""optionName"": ""931 리듬"", ""shadeName"": ""리듬"", ""shadeNumber"": ""931"", ""sourceType"": ""chicor_product_option_json"", ""undertone"": null, ""undertoneConfidence"": 0}, {""colorFamily"": ""brown"", ""confidence"": 0.82, ""optionName"": ""932 토스트"", ""shadeName"": ""토스트"", ""shadeNumber"": ""932"", ""sourceType"": ""chicor_product_option_json"", ""undertone"": ""neutral"", ""undertoneConfidence"": 0.62}, {""colorFamily"": null, ""confidence"": 0.82, ""optionName"": ""933 소울"", ""shadeName"": ""소울"", ""shadeNumber"": ""933"", ""sourceType"": ""chicor_product_option_json"", ""undertone"": null, ""undertoneConfidence"": 0}, {""colorFamily"": null, ""confidence"": 0.82, ""optionName"": ""934 바운스"", ""shadeName"": ""바운스"", ""shadeNumber"": ""934"", ""sourceType"": ""chicor_product_option_json"", ""undertone"": null, ""undertoneConfidence"": 0}, {""colorFamily"": null, ""confidence"": 0.82, ""optionName"": ""935 헤이즈"", ""shadeName"": ""헤이즈"", ""shadeNumber"": ""935"", ""sourceType"": ""chicor_product_option_json"", ""undertone"": null, ""undertoneConfidence"": 0}, {""colorFamily"": ""plum"", ""confidence"": 0.82, ""optionName"": ""936 그레이프"", ""shadeName"": ""그레이프"", ""shadeNumber"": ""936"", ""sourceType"": ""chicor_product_option_json"", ""undertone"": ""cool"", ""undertoneConfidence"": 0.62}, {""colorFamily"": null, ""confidence"": 0.82, ""optionName"": ""937 엔비"", ""shadeName"": ""엔비"", ""shadeNumber"": ""937"", ""sourceType"": ""chicor_product_option_json"", ""undertone"": null, ""undertoneConfidence"": 0}, {""colorFamily"": null, ""confidence"": 0.82, ""optionName"": ""938 카키"", ""shadeName"": ""카키"", ""shadeNumber"": ""938"", ""sourceType"": ""chicor_product_option_json"", ""undertone"": null, ""undertoneConfidence"": 0}, {""colorFamily"": null, ""confidence"": 0.82, ""optionName"": ""939 선셋"", ""shadeName"": ""선셋"", ""shadeNumber"": ""939"", ""sourceType"": ""chicor_product_option_json"", ""undertone"": null, ""undertoneConfidence"": 0}, {""colorFamily"": null, ""confidence"": 0.82, ""optionName"": ""940 허쉬"", ""shadeName"": ""허쉬"", ""shadeNumber"": ""940"", ""sourceType"": ""chicor_product_option_json"", ""undertone"": null, ""undertoneConfidence"": 0}, {""colorFamily"": null, ""confidence"": 0.82, ""optionName"": ""941 샤이"", ""shadeName"": ""샤이"", ""shadeNumber"": ""941"", ""sourceType"": ""chicor_product_option_json"", ""undertone"": null, ""undertoneConfidence"": 0}]",pink,warm,bold,,powder,"[""warm_tone"", ""cool_tone""]",[],unknown,unknown,todo,
156,naver-52813470842,롬앤,shadow,4,[롬앤] [NEW/런칭특가] 슬라이드 인 싱글 1&1,finish,"colorFamily,undertone,intensity,texture,sellingPoints,oliveYoungListed,departmentStoreListed",11900,http://www.wconcept.co.kr/Product/306391515?adfrom=naver_ep&utm_source=naver&utm_medium=pcs&utm_campaign=WCONCEPT&utm_content=none&utm_term=none,https://shopping-phinf.pstatic.net/main_5281347/52813470842.1.jpg,,http://www.wconcept.co.kr/Product/306391515?adfrom=naver_ep&utm_source=naver&utm_medium=pcs&utm_campaign=WCONCEPT&utm_content=none&utm_term=none,http://www.wconcept.co.kr/Product/306391515?adfrom=naver_ep&utm_source=naver&utm_medium=pcs&utm_campaign=WCONCEPT&utm_content=none&utm_term=none,"[{""colorFamily"": null, ""confidence"": 0.8, ""optionName"": ""M01 웜 볼류머"", ""shadeName"": ""웜 볼류머"", ""shadeNumber"": ""M01"", ""sourceType"": ""wconcept_color_option_select"", ""undertone"": null, ""undertoneConfidence"": 0}, {""colorFamily"": null, ""confidence"": 0.8, ""optionName"": ""M02 쿨 볼류머"", ""shadeName"": ""쿨 볼류머"", ""shadeNumber"": ""M02"", ""sourceType"": ""wconcept_color_option_select"", ""undertone"": null, ""undertoneConfidence"": 0}, {""colorFamily"": null, ""confidence"": 0.8, ""optionName"": ""M03 요거트 크림"", ""shadeName"": ""요거트 크림"", ""shadeNumber"": ""M03"", ""sourceType"": ""wconcept_color_option_select"", ""undertone"": null, ""undertoneConfidence"": 0}, {""colorFamily"": ""orange"", ""confidence"": 0.8, ""optionName"": ""M04 쥬시 망고"", ""shadeName"": ""쥬시 망고"", ""shadeNumber"": ""M04"", ""sourceType"": ""wconcept_color_option_select"", ""undertone"": null, ""undertoneConfidence"": 0}, {""colorFamily"": null, ""confidence"": 0.8, ""optionName"": ""M05 멜론 듀"", ""shadeName"": ""멜론 듀"", ""shadeNumber"": ""M05"", ""sourceType"": ""wconcept_color_option_select"", ""undertone"": null, ""undertoneConfidence"": 0}, {""colorFamily"": null, ""confidence"": 0.8, ""optionName"": ""M06 소다 팝"", ""shadeName"": ""소다 팝"", ""shadeNumber"": ""M06"", ""sourceType"": ""wconcept_color_option_select"", ""undertone"": null, ""undertoneConfidence"": 0}, {""colorFamily"": ""plum"", ""confidence"": 0.8, ""optionName"": ""M07 스프링 라벤더"", ""shadeName"": ""스프링 라벤더"", ""shadeNumber"": ""M07"", ""sourceType"": ""wconcept_color_option_select"", ""undertone"": ""cool"", ""undertoneConfidence"": 0.62}, {""colorFamily"": ""pink"", ""confidence"": 0.8, ""optionName"": ""M08 페일 피오니"", ""shadeName"": ""페일 피오니"", ""shadeNumber"": ""M08"", ""sourceType"": ""wconcept_color_option_select"", ""undertone"": null, ""undertoneConfidence"": 0}, {""colorFamily"": null, ""confidence"": 0.8, ""optionName"": ""M09 비 헤이지"", ""shadeName"": ""비 헤이지"", ""shadeNumber"": ""M09"", ""sourceType"": ""wconcept_color_option_select"", ""undertone"": null, ""undertoneConfidence"": 0}, {""colorFamily"": null, ""confidence"": 0.8, ""optionName"": ""M10 토피 라떼"", ""shadeName"": ""토피 라떼"", ""shadeNumber"": ""M10"", ""sourceType"": ""wconcept_color_option_select"", ""undertone"": null, ""undertoneConfidence"": 0}, {""colorFamily"": null, ""confidence"": 0.8, ""optionName"": ""M11 커스터드"", ""shadeName"": ""커스터드"", ""shadeNumber"": ""M11"", ""sourceType"": ""wconcept_color_option_select"", ""undertone"": null, ""undertoneConfidence"": 0}, {""colorFamily"": null, ""confidence"": 0.8, ""optionName"": ""M12 마가렛"", ""shadeName"": ""마가렛"", ""shadeNumber"": ""M12"", ""sourceType"": ""wconcept_color_option_select"", ""undertone"": null, ""undertoneConfidence"": 0}, {""colorFamily"": ""plum"", ""confidence"": 0.8, ""optionName"": ""M13 포도 크림"", ""shadeName"": ""포도 크림"", ""shadeNumber"": ""M13"", ""sourceType"": ""wconcept_color_option_select"", ""undertone"": ""cool"", ""undertoneConfidence"": 0.62}, {""colorFamily"": null, ""confidence"": 0.8, ""optionName"": ""M14 토 슈즈"", ""shadeName"": ""토 슈즈"", ""shadeNumber"": ""M14"", ""sourceType"": ""wconcept_color_option_select"", ""undertone"": null, ""undertoneConfidence"": 0}, {""colorFamily"": ""peach"", ""confidence"": 0.8, ""optionName"": ""M15 낫띵 피치"", ""shadeName"": ""낫띵 피치"", ""shadeNumber"": ""M15"", ""sourceType"": ""wconcept_color_option_select"", ""undertone"": ""warm"", ""undertoneConfidence"": 0.62}, {""colorFamily"": null, ""confidence"": 0.8, ""optionName"": ""M16 피그 휘핑"", ""shadeName"": ""피그 휘핑"", ""shadeNumber"": ""M16"", ""sourceType"": ""wconcept_color_option_select"", ""undertone"": null, ""undertoneConfidence"": 0}, {""colorFamily"": null, ""confidence"": 0.8, ""optionName"": ""M17 포니"", ""shadeName"": ""포니"", ""shadeNumber"": ""M17"", ""sourceType"": ""wconcept_color_option_select"", ""undertone"": null, ""undertoneConfidence"": 0}, {""colorFamily"": null, ""confidence"": 0.8, ""optionName"": ""M18 플레인 모카"", ""shadeName"": ""플레인 모카"", ""shadeNumber"": ""M18"", ""sourceType"": ""wconcept_color_option_select"", ""undertone"": null, ""undertoneConfidence"": 0}, {""colorFamily"": ""mauve"", ""confidence"": 0.8, ""optionName"": ""M19 모브 도우"", ""shadeName"": ""모브 도우"", ""shadeNumber"": ""M19"", ""sourceType"": ""wconcept_color_option_select"", ""undertone"": ""cool"", ""undertoneConfidence"": 0.62}, {""colorFamily"": null, ""confidence"": 0.8, ""intensity"": ""sheer"", ""intensityConfidence"": 0.56, ""optionName"": ""M20 데일리 메밀"", ""shadeName"": ""데일리 메밀"", ""shadeNumber"": ""M20"", ""sourceType"": ""wconcept_color_option_select"", ""undertone"": null, ""undertoneConfidence"": 0}, {""colorFamily"": null, ""confidence"": 0.8, ""optionName"": ""M21 웜 캐러멜"", ""shadeName"": ""웜 캐러멜"", ""shadeNumber"": ""M21"", ""sourceType"": ""wconcept_color_option_select"", ""undertone"": null, ""undertoneConfidence"": 0}, {""colorFamily"": null, ""confidence"": 0.8, ""optionName"": ""M22 미드 마롱"", ""shadeName"": ""미드 마롱"", ""shadeNumber"": ""M22"", ""sourceType"": ""wconcept_color_option_select"", ""undertone"": null, ""undertoneConfidence"": 0}, {""colorFamily"": ""red"", ""confidence"": 0.8, ""optionName"": ""M23 레드 빈즈"", ""shadeName"": ""레드 빈즈"", ""shadeNumber"": ""M23"", ""sourceType"": ""wconcept_color_option_select"", ""undertone"": null, ""undertoneConfidence"": 0}, {""colorFamily"": null, ""confidence"": 0.8, ""optionName"": ""M24 먼지"", ""shadeName"": ""먼지"", ""shadeNumber"": ""M24"", ""sourceType"": ""wconcept_color_option_select"", ""undertone"": null, ""undertoneConfidence"": 0}, {""colorFamily"": ""brown"", ""confidence"": 0.8, ""optionName"": ""M25 처비 초코"", ""shadeName"": ""처비 초코"", ""shadeNumber"": ""M25"", ""sourceType"": ""wconcept_color_option_select"", ""undertone"": null, ""undertoneConfidence"": 0}, {""colorFamily"": null, ""confidence"": 0.8, ""optionName"": ""M26 블렌딩 코코"", ""shadeName"": ""블렌딩 코코"", ""shadeNumber"": ""M26"", ""sourceType"": ""wconcept_color_option_select"", ""undertone"": null, ""undertoneConfidence"": 0}, {""colorFamily"": null, ""confidence"": 0.8, ""optionName"": ""M27 콜드 브루"", ""shadeName"": ""콜드 브루"", ""shadeNumber"": ""M27"", ""sourceType"": ""wconcept_color_option_select"", ""undertone"": null, ""undertoneConfidence"": 0}, {""colorFamily"": null, ""confidence"": 0.8, ""optionName"": ""S01 글레이즈"", ""shadeName"": ""글레이즈"", ""shadeNumber"": ""S01"", ""sourceType"": ""wconcept_color_option_select"", ""undertone"": null, ""undertoneConfidence"": 0}, {""colorFamily"": null, ""confidence"": 0.8, ""optionName"": ""S02 리치 레몬"", ""shadeName"": ""리치 레몬"", ""shadeNumber"": ""S02"", ""sourceType"": ""wconcept_color_option_select"", ""undertone"": null, ""undertoneConfidence"": 0}, {""colorFamily"": null, ""confidence"": 0.8, ""optionName"": ""S03 블루 베일"", ""shadeName"": ""블루 베일"", ""shadeNumber"": ""S03"", ""sourceType"": ""wconcept_color_option_select"", ""undertone"": null, ""undertoneConfidence"": 0}, {""colorFamily"": null, ""confidence"": 0.8, ""optionName"": ""S04 베어 타로"", ""shadeName"": ""베어 타로"", ""shadeNumber"": ""S04"", ""sourceType"": ""wconcept_color_option_select"", ""undertone"": null, ""undertoneConfidence"": 0}, {""colorFamily"": null, ""confidence"": 0.8, ""optionName"": ""S05 버블리"", ""shadeName"": ""버블리"", ""shadeNumber"": ""S05"", ""sourceType"": ""wconcept_color_option_select"", ""undertone"": null, ""undertoneConfidence"": 0}, {""colorFamily"": null, ""confidence"": 0.8, ""optionName"": ""S06 소르베 휩"", ""shadeName"": ""소르베 휩"", ""shadeNumber"": ""S06"", ""sourceType"": ""wconcept_color_option_select"", ""undertone"": null, ""undertoneConfidence"": 0}, {""colorFamily"": ""nude"", ""colorFamilyConfidence"": 0.62, ""confidence"": 0.8, ""intensity"": ""sheer"", ""intensityConfidence"": 0.58, ""optionName"": ""S07 포슬린"", ""shadeName"": ""포슬린"", ""shadeNumber"": ""S07"", ""sourceType"": ""wconcept_color_option_select"", ""undertone"": ""neutral"", ""undertoneConfidence"": 0}, {""colorFamily"": ""pink"", ""confidence"": 0.8, ""optionName"": ""S08 핑크 샤"", ""shadeName"": ""핑크 샤"", ""shadeNumber"": ""S08"", ""sourceType"": ""wconcept_color_option_select"", ""undertone"": null, ""undertoneConfidence"": 0}, {""colorFamily"": ""nude"", ""colorFamilyConfidence"": 0.62, ""confidence"": 0.8, ""optionName"": ""S09 솔티 바닐라"", ""shadeName"": ""솔티 바닐라"", ""shadeNumber"": ""S09"", ""sourceType"": ""wconcept_color_option_select"", ""undertone"": ""neutral"", ""undertoneConfidence"": 0}, {""colorFamily"": ""pink"", ""confidence"": 0.8, ""optionName"": ""S10 잠봉 핑크"", ""shadeName"": ""잠봉 핑크"", ""shadeNumber"": ""S10"", ""sourceType"": ""wconcept_color_option_select"", ""undertone"": null, ""undertoneConfidence"": 0}, {""colorFamily"": null, ""confidence"": 0.8, ""optionName"": ""S11 매쉬드 자몽"", ""shadeName"": ""매쉬드 자몽"", ""shadeNumber"": ""S11"", ""sourceType"": ""wconcept_color_option_select"", ""undertone"": null, ""undertoneConfidence"": 0}, {""colorFamily"": null, ""confidence"": 0.8, ""optionName"": ""S12 카프리 바이올렛"", ""shadeName"": ""카프리 바이올렛"", ""shadeNumber"": ""S12"", ""sourceType"": ""wconcept_color_option_select"", ""undertone"": null, ""undertoneConfidence"": 0}, {""colorFamily"": null, ""confidence"": 0.8, ""optionName"": ""S13 레이지 마젠타"", ""shadeName"": ""레이지 마젠타"", ""shadeNumber"": ""S13"", ""sourceType"": ""wconcept_color_option_select"", ""undertone"": null, ""undertoneConfidence"": 0}]",pink,cool,sheer,,cream,"[""warm_tone"", ""cool_tone""]",[],unknown,unknown,todo,
156,naver-28780183276,롬앤,shadow,7,[롬앤] 베러 댄 아이즈,finish,"colorFamily,undertone,intensity,texture,sellingPoints,oliveYoungListed,departmentStoreListed",14900,http://www.wconcept.co.kr/Product/301447103?adfrom=naver_ep&utm_source=naver&utm_medium=pcs&utm_campaign=WCONCEPT&utm_content=none&utm_term=none,https://shopping-phinf.pstatic.net/main_2878018/28780183276.5.jpg,https://romand.co.kr/product/롬앤-베러-댄-아이즈-오리지널/175/,http://www.wconcept.co.kr/Product/301447103?adfrom=naver_ep&utm_source=naver&utm_medium=pcs&utm_campaign=WCONCEPT&utm_content=none&utm_term=none,http://www.wconcept.co.kr/Product/301447103?adfrom=naver_ep&utm_source=naver&utm_medium=pcs&utm_campaign=WCONCEPT&utm_content=none&utm_term=none,"[{""colorFamily"": ""rose"", ""confidence"": 0.8, ""optionName"": ""02 말린 장미"", ""shadeName"": ""말린 장미"", ""shadeNumber"": ""02"", ""sourceType"": ""wconcept_color_option_select"", ""undertone"": null, ""undertoneConfidence"": 0}, {""colorFamily"": null, ""confidence"": 0.8, ""optionName"": ""03 말린 라그라스"", ""shadeName"": ""말린 라그라스"", ""shadeNumber"": ""03"", ""sourceType"": ""wconcept_color_option_select"", ""undertone"": null, ""undertoneConfidence"": 0}, {""colorFamily"": null, ""confidence"": 0.8, ""optionName"": ""M01 말린 애플 블라썸"", ""shadeName"": ""말린 애플 블라썸"", ""shadeNumber"": ""M01"", ""sourceType"": ""wconcept_color_option_select"", ""undertone"": null, ""undertoneConfidence"": 0}, {""colorFamily"": null, ""confidence"": 0.8, ""optionName"": ""M02 말린 메밀꽃"", ""shadeName"": ""말린 메밀꽃"", ""shadeNumber"": ""M02"", ""sourceType"": ""wconcept_color_option_select"", ""undertone"": null, ""undertoneConfidence"": 0}, {""colorFamily"": ""plum"", ""confidence"": 0.8, ""optionName"": ""W01 말린 라벤더"", ""shadeName"": ""말린 라벤더"", ""shadeNumber"": ""W01"", ""sourceType"": ""wconcept_color_option_select"", ""undertone"": ""cool"", ""undertoneConfidence"": 0.62}, {""colorFamily"": ""peach"", ""confidence"": 0.8, ""optionName"": ""W02 말린 복숭아꽃"", ""shadeName"": ""말린 복숭아꽃"", ""shadeNumber"": ""W02"", ""sourceType"": ""wconcept_color_option_select"", ""undertone"": null, ""undertoneConfidence"": 0}, {""colorFamily"": ""plum"", ""confidence"": 0.8, ""optionName"": ""W03 말린 스트로베리"", ""shadeName"": ""말린 스트로베리"", ""shadeNumber"": ""W03"", ""sourceType"": ""wconcept_color_option_select"", ""undertone"": ""cool"", ""undertoneConfidence"": 0.62}, {""colorFamily"": null, ""confidence"": 0.8, ""optionName"": ""N01 말린 버들꽃"", ""shadeName"": ""말린 버들꽃"", ""shadeNumber"": ""N01"", ""sourceType"": ""wconcept_color_option_select"", ""undertone"": null, ""undertoneConfidence"": 0}, {""colorFamily"": ""pink"", ""confidence"": 0.8, ""optionName"": ""이나피 B02 그을린 피오니"", ""shadeName"": ""이나피 B02 그을린 피오니"", ""shadeNumber"": null, ""sourceType"": ""wconcept_color_option_select"", ""undertone"": null, ""undertoneConfidence"": 0}, {""colorFamily"": null, ""confidence"": 0.8, ""optionName"": ""MF01 말린 데이지"", ""shadeName"": ""말린 데이지"", ""shadeNumber"": ""MF01"", ""sourceType"": ""wconcept_color_option_select"", ""undertone"": null, ""undertoneConfidence"": 0}]",plum,cool,,,powder,"[""cool_tone""]",[],unknown,unknown,todo,
156,naver-60204327075,에스쁘아,shadow,3,에스쁘아 리얼 아이 팔레트 올 뉴 7.5g,"colorFamily,undertone","intensity,oliveYoungListed,departmentStoreListed",13590,https://www.lotteon.com/p/product/LO2688114850?sitmNo=LO2688114850_2688114851&ch_no=100065&ch_dtl_no=1000030&entryPoint=pcs&dp_infw_cd=CHT,https://shopping-phinf.pstatic.net/main_6020432/60204327075.jpg,https://www.espoir.com/ko/shop/shop_prd_view.do?i_sProductcd=125107135,https://www.lotteon.com/p/product/LO2688114850?sitmNo=LO2688114850_2688114851&ch_no=100065&ch_dtl_no=1000030&entryPoint=pcs&dp_infw_cd=CHT,https://www.lotteon.com/p/product/LO2688114850?sitmNo=LO2688114850_2688114851&ch_no=100065&ch_dtl_no=1000030&entryPoint=pcs&dp_infw_cd=CHT,"[{""colorFamily"": null, ""confidence"": 0.84, ""optionName"": ""4 샹들리에"", ""shadeName"": ""샹들리에"", ""shadeNumber"": ""4"", ""sourceType"": ""lotteon_product_api_option"", ""undertone"": null, ""undertoneConfidence"": 0}]",,,,glossy,powder,"[""all_skin""]","[""glow""]",unknown,unknown,todo,
156,naver-59505236622,컬러그램,shadow,7,컬러그램 올인원 애교살 메이커 07 웜피치(섀도우+음영),finish,"shadeOptions,colorFamily,undertone,intensity,sellingPoints,oliveYoungListed,departmentStoreListed",8760,https://www.lotteon.com/p/product/LO2297825108?sitmNo=LO2297825108_2297825109&ch_no=100065&ch_dtl_no=1000030&entryPoint=pcs&dp_infw_cd=CHT,https://shopping-phinf.pstatic.net/main_5950523/59505236622.jpg,,https://www.lotteon.com/p/product/LO2297825108?sitmNo=LO2297825108_2297825109&ch_no=100065&ch_dtl_no=1000030&entryPoint=pcs&dp_infw_cd=CHT,https://www.lotteon.com/p/product/LO2297825108?sitmNo=LO2297825108_2297825109&ch_no=100065&ch_dtl_no=1000030&entryPoint=pcs&dp_infw_cd=CHT,"[{""colorFamily"": ""peach"", ""colorFamilyConfidence"": 0.58, ""confidence"": 0.55, ""optionName"": ""07 웜피치"", ""shadeName"": ""웜피치"", ""shadeNumber"": ""07"", ""sourceType"": ""naver_offer_title_option_inferred"", ""undertone"": ""warm"", ""undertoneConfidence"": 0.58}, {""colorFamily"": ""peach"", ""colorFamilyConfidence"": 0.58, ""confidence"": 0.55, ""optionName"": ""웜피치"", ""shadeName"": ""웜피치"", ""sourceType"": ""naver_offer_title_option_inferred"", ""undertone"": ""warm"", ""undertoneConfidence"": 0.58}]",peach,warm,,,powder,"[""warm_tone""]",[],unknown,unknown,todo,
156,naver-60505280927,컬러그램,shadow,9,컬러그램 올인원 애교살 메이커 07 웜피치(섀도우+음영) 3개,finish,"shadeOptions,colorFamily,undertone,intensity,sellingPoints,oliveYoungListed,departmentStoreListed",21010,https://www.lotteon.com/p/product/LO2393768982?sitmNo=LO2393768982_2393768983&ch_no=100065&ch_dtl_no=1000030&entryPoint=pcs&dp_infw_cd=CHT,https://shopping-phinf.pstatic.net/main_6050528/60505280927.jpg,,https://www.lotteon.com/p/product/LO2393768982?sitmNo=LO2393768982_2393768983&ch_no=100065&ch_dtl_no=1000030&entryPoint=pcs&dp_infw_cd=CHT,https://www.lotteon.com/p/product/LO2393768982?sitmNo=LO2393768982_2393768983&ch_no=100065&ch_dtl_no=1000030&entryPoint=pcs&dp_infw_cd=CHT,"[{""colorFamily"": ""peach"", ""colorFamilyConfidence"": 0.58, ""confidence"": 0.55, ""optionName"": ""07 웜피치"", ""shadeName"": ""웜피치"", ""shadeNumber"": ""07"", ""sourceType"": ""naver_offer_title_option_inferred"", ""undertone"": ""warm"", ""undertoneConfidence"": 0.58}, {""colorFamily"": ""peach"", ""colorFamilyConfidence"": 0.58, ""confidence"": 0.55, ""optionName"": ""웜피치"", ""shadeName"": ""웜피치"", ""sourceType"": ""naver_offer_title_option_inferred"", ""undertone"": ""warm"", ""undertoneConfidence"": 0.58}]",peach,warm,,,powder,"[""warm_tone""]",[],unknown,unknown,todo,
156,naver-60505276840,컬러그램,shadow,10,컬러그램 올인원 애교살 메이커 07 웜피치(섀도우+음영) 2개,finish,"shadeOptions,colorFamily,undertone,intensity,sellingPoints,oliveYoungListed,departmentStoreListed",14890,https://www.lotteon.com/p/product/LO2297825119?sitmNo=LO2297825119_2297825120&ch_no=100065&ch_dtl_no=1000030&entryPoint=pcs&dp_infw_cd=CHT,https://shopping-phinf.pstatic.net/main_6050527/60505276840.jpg,,https://www.lotteon.com/p/product/LO2297825119?sitmNo=LO2297825119_2297825120&ch_no=100065&ch_dtl_no=1000030&entryPoint=pcs&dp_infw_cd=CHT,https://www.lotteon.com/p/product/LO2297825119?sitmNo=LO2297825119_2297825120&ch_no=100065&ch_dtl_no=1000030&entryPoint=pcs&dp_infw_cd=CHT,"[{""colorFamily"": ""peach"", ""colorFamilyConfidence"": 0.58, ""confidence"": 0.55, ""optionName"": ""07 웜피치"", ""shadeName"": ""웜피치"", ""shadeNumber"": ""07"", ""sourceType"": ""naver_offer_title_option_inferred"", ""undertone"": ""warm"", ""undertoneConfidence"": 0.58}, {""colorFamily"": ""peach"", ""colorFamilyConfidence"": 0.58, ""confidence"": 0.55, ""optionName"": ""웜피치"", ""shadeName"": ""웜피치"", ""sourceType"": ""naver_offer_title_option_inferred"", ""undertone"": ""warm"", ""undertoneConfidence"": 0.58}]",peach,warm,,,powder,"[""warm_tone""]",[],unknown,unknown,todo,
152,naver-40083254682,3CE,cheek,1,[3CE] 페이스 블러쉬+글로우 멀티 유즈 브러쉬,texture,"colorFamily,undertone,intensity,finish,oliveYoungListed",15090,https://www.hmall.com/md/pda/itemPtc?ReferCode=429&slitmCd=2150800826&utm_source=naver&utm_medium=cps_pcs&utm_campaign=sale,https://shopping-phinf.pstatic.net/main_4008325/40083254682.3.jpg,,https://www.hmall.com/md/pda/itemPtc?ReferCode=429&slitmCd=2150800826&utm_source=naver&utm_medium=cps_pcs&utm_campaign=sale,https://www.hmall.com/md/pda/itemPtc?ReferCode=429&slitmCd=2150800826&utm_source=naver&utm_medium=cps_pcs&utm_campaign=sale,"[{""colorFamily"": ""mauve"", ""confidence"": 0.82, ""optionName"": ""CURIOUS MAUVE 큐리어스 모브"", ""shadeName"": ""CURIOUS MAUVE 큐리어스 모브"", ""shadeNumber"": null, ""sourceType"": ""hmall_next_stock_option"", ""undertone"": ""cool"", ""undertoneConfidence"": 0.62}, {""colorFamily"": ""pink"", ""confidence"": 0.82, ""optionName"": ""MONO PINK 모노 핑크"", ""shadeName"": ""MONO PINK 모노 핑크"", ""shadeNumber"": null, ""sourceType"": ""hmall_next_stock_option"", ""undertone"": null, ""undertoneConfidence"": 0}, {""colorFamily"": ""nude"", ""confidence"": 0.82, ""optionName"": ""NUDE PEACH 누드 피치"", ""shadeName"": ""NUDE PEACH 누드 피치"", ""shadeNumber"": null, ""sourceType"": ""hmall_next_stock_option"", ""undertone"": ""warm"", ""undertoneConfidence"": 0.62}, {""colorFamily"": ""peach"", ""confidence"": 0.82, ""optionName"": ""PEACH SPLASH 피치 스플래쉬"", ""shadeName"": ""PEACH SPLASH 피치 스플래쉬"", ""shadeNumber"": null, ""sourceType"": ""hmall_next_stock_option"", ""undertone"": ""warm"", ""undertoneConfidence"": 0.62}, {""colorFamily"": ""rose"", ""confidence"": 0.82, ""intensity"": ""medium"", ""intensityConfidence"": 0.56, ""optionName"": ""ROSE BEIGE 로즈 베이지"", ""shadeName"": ""ROSE BEIGE 로즈 베이지"", ""shadeNumber"": null, ""sourceType"": ""hmall_next_stock_option"", ""undertone"": ""neutral"", ""undertoneConfidence"": 0.62}, {""colorFamily"": ""coral"", ""confidence"": 0.82, ""optionName"": ""SOFT SALMON 소프트 살몬"", ""shadeName"": ""SOFT SALMON 소프트 살몬"", ""shadeNumber"": null, ""sourceType"": ""hmall_next_stock_option"", ""undertone"": null, ""undertoneConfidence"": 0}, {""colorFamily"": ""pink"", ""confidence"": 0.82, ""optionName"": ""PINK FILTER 핑크 필터"", ""shadeName"": ""PINK FILTER 핑크 필터"", ""shadeNumber"": null, ""sourceType"": ""hmall_next_stock_option"", ""undertone"": null, ""undertoneConfidence"": 0}, {""colorFamily"": ""mauve"", ""confidence"": 0.82, ""optionName"": ""CITY MAUVE 시티 마브"", ""shadeName"": ""CITY MAUVE 시티 마브"", ""shadeNumber"": null, ""sourceType"": ""hmall_next_stock_option"", ""undertone"": null, ""undertoneConfidence"": 0}]",mauve,warm,sheer,velvet,,"[""warm_tone"", ""cool_tone""]","[""glow"", ""blur""]",unknown,collected,todo,
152,naver-60640697454,하트퍼센트,cheek,7,NEW 하트퍼센트 도트 온 무드 커스텀 립앤치크 9.4g 2종 4065103,finish,"undertone,intensity,texture,suitableFor,sellingPoints,departmentStoreListed",30060,https://www.lotteon.com/p/product/LO2711605209?sitmNo=LO2711605209_2711605212&ch_no=100065&ch_dtl_no=1000030&entryPoint=pcs&dp_infw_cd=CHT,https://shopping-phinf.pstatic.net/main_6064069/60640697454.jpg,https://heartpercent.co.kr/product/도트-온-무드-커스텀-립-앤-치크/352/,https://www.lotteon.com/p/product/LO2711605209?sitmNo=LO2711605209_2711605212&ch_no=100065&ch_dtl_no=1000030&entryPoint=pcs&dp_infw_cd=CHT,https://www.lotteon.com/p/product/LO2711605209?sitmNo=LO2711605209_2711605212&ch_no=100065&ch_dtl_no=1000030&entryPoint=pcs&dp_infw_cd=CHT,"[{""colorFamily"": ""nude"", ""confidence"": 0.72, ""optionName"": ""06 베어 누드"", ""shadeName"": ""베어 누드"", ""shadeNumber"": ""06"", ""sourceType"": ""lotteon_product_api_title"", ""undertone"": ""neutral"", ""undertoneConfidence"": 0.62}]",nude,neutral,,,powder,[],[],collected,unknown,todo,
152,naver-56945939744,3CE,lip,6,3CE NEW 벨벳 립 틴트 플러쉬+벨벳 파우치 키링,undertone,"intensity,finish,texture,suitableFor,sellingPoints,oliveYoungListed",15640,https://www.hmall.com/md/pda/itemPtc?ReferCode=429&slitmCd=2241383271&utm_source=naver&utm_medium=cps_pcs&utm_campaign=sale,https://shopping-phinf.pstatic.net/main_5694593/56945939744.jpg,https://www.3cecosmetics.com/all-products/lips/lip-tint/3ce-velvet-lip-tint-plush,https://www.hmall.com/md/pda/itemPtc?ReferCode=429&slitmCd=2241383271&utm_source=naver&utm_medium=cps_pcs&utm_campaign=sale,https://www.hmall.com/md/pda/itemPtc?ReferCode=429&slitmCd=2241383271&utm_source=naver&utm_medium=cps_pcs&utm_campaign=sale,"[{""colorFamily"": ""nude"", ""confidence"": 0.82, ""optionName"": ""CASHMERE NUDE"", ""shadeName"": ""CASHMERE NUDE"", ""shadeNumber"": null, ""sourceType"": ""hmall_next_stock_option"", ""undertone"": null, ""undertoneConfidence"": 0}, {""colorFamily"": ""plum"", ""confidence"": 0.82, ""optionName"": ""PLUM SMOKE"", ""shadeName"": ""PLUM SMOKE"", ""shadeNumber"": null, ""sourceType"": ""hmall_next_stock_option"", ""undertone"": null, ""undertoneConfidence"": 0}]",nude,,,velvet,tint,[],[],unknown,collected,todo,
152,naver-59066281851,3CE,lip,7,3CE [NEW 이슬틴트] 미스티 립 베어 (증)미스티 틴트 링,finish,"colorFamily,undertone,intensity,texture,oliveYoungListed",15600,https://www.lotteon.com/p/product/LO2627712653?sitmNo=LO2627712653_2627712654&ch_no=100065&ch_dtl_no=1000030&entryPoint=pcs&dp_infw_cd=CHT,https://shopping-phinf.pstatic.net/main_5906628/59066281851.jpg,https://www.3cecosmetics.com/all-products/lips/lip-tint/3ce-misty-lip-bare,https://www.lotteon.com/p/product/LO2627712653?sitmNo=LO2627712653_2627712654&ch_no=100065&ch_dtl_no=1000030&entryPoint=pcs&dp_infw_cd=CHT,https://www.lotteon.com/p/product/LO2627712653?sitmNo=LO2627712653_2627712654&ch_no=100065&ch_dtl_no=1000030&entryPoint=pcs&dp_infw_cd=CHT,"[{""colorFamily"": ""nude"", ""confidence"": 0.84, ""optionName"": ""누드 위스퍼"", ""shadeName"": ""누드 위스퍼"", ""shadeNumber"": null, ""sourceType"": ""lotteon_product_api_option"", ""undertone"": ""neutral"", ""undertoneConfidence"": 0.62}, {""colorFamily"": null, ""confidence"": 0.84, ""optionName"": ""얼리어"", ""shadeName"": ""얼리어"", ""shadeNumber"": null, ""sourceType"": ""lotteon_product_api_option"", ""undertone"": null, ""undertoneConfidence"": 0}, {""colorFamily"": null, ""confidence"": 0.84, ""optionName"": ""밀키 일루션"", ""shadeName"": ""밀키 일루션"", ""shadeNumber"": null, ""sourceType"": ""lotteon_product_api_option"", ""undertone"": null, ""undertoneConfidence"": 0}, {""colorFamily"": ""pink"", ""confidence"": 0.84, ""optionName"": ""핑크 스킴"", ""shadeName"": ""핑크 스킴"", ""shadeNumber"": null, ""sourceType"": ""lotteon_product_api_option"", ""undertone"": null, ""undertoneConfidence"": 0}, {""colorFamily"": ""coral"", ""confidence"": 0.84, ""optionName"": ""코랄 드렌치"", ""shadeName"": ""코랄 드렌치"", ""shadeNumber"": null, ""sourceType"": ""lotteon_product_api_option"", ""undertone"": ""warm"", ""undertoneConfidence"": 0.62}, {""colorFamily"": null, ""confidence"": 0.84, ""optionName"": ""썬 퍼즈"", ""shadeName"": ""썬 퍼즈"", ""shadeNumber"": null, ""sourceType"": ""lotteon_product_api_option"", ""undertone"": null, ""undertoneConfidence"": 0}, {""colorFamily"": ""orange"", ""confidence"": 0.84, ""optionName"": ""칠리 플레임"", ""shadeName"": ""칠리 플레임"", ""shadeNumber"": null, ""sourceType"": ""lotteon_product_api_option"", ""undertone"": null, ""undertoneConfidence"": 0}, {""colorFamily"": null, ""confidence"": 0.84, ""optionName"": ""드리프트우드"", ""shadeName"": ""드리프트우드"", ""shadeNumber"": null, ""sourceType"": ""lotteon_product_api_option"", ""undertone"": null, ""undertoneConfidence"": 0}, {""colorFamily"": ""brown"", ""confidence"": 0.84, ""optionName"": ""콰이어트 토프"", ""shadeName"": ""콰이어트 토프"", ""shadeNumber"": null, ""sourceType"": ""lotteon_product_api_option"", ""undertone"": ""neutral"", ""undertoneConfidence"": 0}, {""colorFamily"": ""rose"", ""confidence"": 0.84, ""optionName"": ""로즈 사이"", ""shadeName"": ""로즈 사이"", ""shadeNumber"": null, ""sourceType"": ""lotteon_product_api_option"", ""undertone"": null, ""undertoneConfidence"": 0}]",nude,neutral,sheer,,tint,"[""all_skin""]","[""moisturizing""]",unknown,collected,todo,
152,naver-54646629608,하트퍼센트,lip,8,[하트퍼센트] 도트 온 무드 올 커버 립 베이스,finish,"colorFamily,undertone,intensity,texture,oliveYoungListed",14250,http://www.wconcept.co.kr/Product/306905143?adfrom=naver_ep&utm_source=naver&utm_medium=pcs&utm_campaign=WCONCEPT&utm_content=none&utm_term=none,https://shopping-phinf.pstatic.net/main_5464662/54646629608.1.jpg,https://heartpercent.co.kr/product/이한-pick-도트-온-무드-올-커버-립-베이스/370/,http://department.ssg.com/item/itemView.ssg?itemId=1000704683925&siteNo=6009&salestrNo=1027&ckwhere=s_naver&appPopYn=n&utm_medium=PCS&utm_source=naver&utm_campaign=naver_pcs,http://www.wconcept.co.kr/Product/306905143?adfrom=naver_ep&utm_source=naver&utm_medium=pcs&utm_campaign=WCONCEPT&utm_content=none&utm_term=none,"[{""colorFamily"": ""nude"", ""confidence"": 0.82, ""intensity"": ""medium"", ""intensityConfidence"": 0.56, ""optionName"": ""01 크림베이지"", ""shadeName"": ""크림베이지"", ""shadeNumber"": ""01"", ""sourceType"": ""official_brand_page_option_html"", ""undertone"": ""neutral"", ""undertoneConfidence"": 0.62}, {""colorFamily"": ""rose"", ""confidence"": 0.82, ""optionName"": ""02 크리미로즈"", ""shadeName"": ""크리미로즈"", ""shadeNumber"": ""02"", ""sourceType"": ""official_brand_page_option_html"", ""undertone"": null, ""undertoneConfidence"": 0}, {""colorFamily"": ""pink"", ""confidence"": 0.82, ""optionName"": ""03 누디핑크"", ""shadeName"": ""누디핑크"", ""shadeNumber"": ""03"", ""sourceType"": ""official_brand_page_option_html"", ""undertone"": null, ""undertoneConfidence"": 0}, {""colorFamily"": null, ""confidence"": 0.82, ""optionName"": ""04 누디살몬"", ""shadeName"": ""누디살몬"", ""shadeNumber"": ""04"", ""sourceType"": ""official_brand_page_option_html"", ""undertone"": null, ""undertoneConfidence"": 0}, {""colorFamily"": ""pink"", ""confidence"": 0.82, ""optionName"": ""05 미스티핑크"", ""shadeName"": ""미스티핑크"", ""shadeNumber"": ""05"", ""sourceType"": ""official_brand_page_option_html"", ""undertone"": null, ""undertoneConfidence"": 0}, {""colorFamily"": ""brown"", ""confidence"": 0.82, ""optionName"": ""06 피그브라운"", ""shadeName"": ""피그브라운"", ""shadeNumber"": ""06"", ""sourceType"": ""official_brand_page_option_html"", ""undertone"": ""neutral"", ""undertoneConfidence"": 0.62}, {""colorFamily"": ""nude"", ""confidence"": 0.82, ""intensity"": ""medium"", ""intensityConfidence"": 0.56, ""optionName"": ""07 바닐라베이지"", ""shadeName"": ""바닐라베이지"", ""shadeNumber"": ""07"", ""sourceType"": ""official_brand_page_option_html"", ""undertone"": ""neutral"", ""undertoneConfidence"": 0.62}, {""colorFamily"": ""peach"", ""confidence"": 0.82, ""optionName"": ""08 누디피치"", ""shadeName"": ""누디피치"", ""shadeNumber"": ""08"", ""sourceType"": ""official_brand_page_option_html"", ""undertone"": ""warm"", ""undertoneConfidence"": 0.62}, {""colorFamily"": ""gray"", ""colorFamilyConfidence"": 0.62, ""confidence"": 0.82, ""optionName"": ""09 소프트그레이"", ""shadeName"": ""소프트그레이"", ""shadeNumber"": ""09"", ""sourceType"": ""official_brand_page_option_html"", ""undertone"": ""cool"", ""undertoneConfidence"": 0}]",nude,neutral,medium,,cream,"[""warm_tone"", ""cool_tone""]","[""coverage""]",unknown,collected,todo,
152,naver-50792684927,롬앤,shadow,8,롬앤 베러 댄 팔레트 - /R 아이 섀도우,finish,"colorFamily,undertone,intensity,suitableFor,sellingPoints,oliveYoungListed,departmentStoreListed",15900,https://www.lotteon.com/p/product/LO2373771885?sitmNo=LO2373771885_2373771886&ch_no=100065&ch_dtl_no=1000030&entryPoint=pcs&dp_infw_cd=CHT,https://shopping-phinf.pstatic.net/main_5079268/50792684927.2.jpg,https://romand.co.kr/product/앤드바이롬앤-멜로우-아이-팔레트/1096/,https://www.lotteon.com/p/product/LO2373771885?sitmNo=LO2373771885_2373771886&ch_no=100065&ch_dtl_no=1000030&entryPoint=pcs&dp_infw_cd=CHT,https://www.lotteon.com/p/product/LO2373771885?sitmNo=LO2373771885_2373771886&ch_no=100065&ch_dtl_no=1000030&entryPoint=pcs&dp_infw_cd=CHT,"[{""colorFamily"": null, ""confidence"": 0.72, ""intensity"": ""sheer"", ""intensityConfidence"": 0.58, ""optionName"": ""00 라이트 앤 글리터 가든"", ""shadeName"": ""라이트 앤 글리터 가든"", ""shadeNumber"": ""00"", ""sourceType"": ""lotteon_product_api_title"", ""undertone"": null, ""undertoneConfidence"": 0}]",rose,neutral,sheer,,powder,[],[],unknown,unknown,todo,
148,naver-60448548145,3CE,base,3,쓰리씨이 [3CE] 핏팅 메쉬 커버 쿠션 (증)피카소 콜라보 퍼프,"colorFamily,finish,shadeOptions,texture,undertone","intensity,suitableFor,sellingPoints,oliveYoungListed",24020,https://www.lotteimall.com/coop/affilGate.lotte?chl_no=141370&chl_dtl_no=2540914&returnUrl=/goods/viewGoodsDetail.lotte?goods_no=3342992818&utm_source=naver&utm_medium=affiliate&utm_campaign=price_compare,https://shopping-phinf.pstatic.net/main_6044854/60448548145.1.jpg,,,https://www.lotteimall.com/coop/affilGate.lotte?chl_no=141370&chl_dtl_no=2540914&returnUrl=/goods/viewGoodsDetail.lotte?goods_no=3342992818&utm_source=naver&utm_medium=affiliate&utm_campaign=price_compare,[],,,,,,[],[],unknown,collected,todo,
148,naver-54859828855,롬앤,brow,8,[롬앤] 한올 브로우 픽서,"colorFamily,finish,shadeOptions,texture,undertone","intensity,suitableFor,sellingPoints,oliveYoungListed",9900,http://www.wconcept.co.kr/Product/301447391?adfrom=naver_ep&utm_source=naver&utm_medium=pcs&utm_campaign=WCONCEPT&utm_content=none&utm_term=none,https://shopping-phinf.pstatic.net/main_5485982/54859828855.jpg,,https://www.shinsegaev.com/gate/gate.siv?partnerNm=navershopping_pc&goods_no=2301625411&utm_source=navershopping&utm_medium=cps&utm_term={query},http://www.wconcept.co.kr/Product/301447391?adfrom=naver_ep&utm_source=naver&utm_medium=pcs&utm_campaign=WCONCEPT&utm_content=none&utm_term=none,[],,,,,,[],[],unknown,collected,todo,
148,naver-56456048563,웨이크메이크,brow,1,웨이크메이크 소프트 드로잉 슬림 브로우 4COLOR,"colorFamily,finish,shadeOptions,texture,undertone","intensity,suitableFor,sellingPoints,departmentStoreListed",9700,https://www.oliveyoung.co.kr/store/common/partner.do?chlNo=1&chlDtlNo=1&utm_source=naver&utm_medium=shopping_ep&utm_campaign=onpro_ep_product_0101_1231&utm_content=pc_price&sndType=goods&sndVal=A000000208272,https://shopping-phinf.pstatic.net/main_5645604/56456048563.jpg,,,https://www.oliveyoung.co.kr/store/common/partner.do?chlNo=1&chlDtlNo=1&utm_source=naver&utm_medium=shopping_ep&utm_campaign=onpro_ep_product_0101_1231&utm_content=pc_price&sndType=goods&sndVal=A000000208272,[],,,,,,[],[],collected,unknown,todo,
148,naver-57918520615,클리오,brow,5,클리오 킬브로우 듀얼 타투펜 기획 (타투펜+리무버펜),"colorFamily,finish,shadeOptions,texture,undertone","intensity,suitableFor,sellingPoints,departmentStoreListed",20000,https://www.oliveyoung.co.kr/store/common/partner.do?chlNo=1&chlDtlNo=1&utm_source=naver&utm_medium=shopping_ep&utm_campaign=onpro_ep_product_0101_1231&utm_content=pc_price&sndType=goods&sndVal=A000000129242,https://shopping-phinf.pstatic.net/main_5791852/57918520615.jpg,,,https://www.oliveyoung.co.kr/store/common/partner.do?chlNo=1&chlDtlNo=1&utm_source=naver&utm_medium=shopping_ep&utm_campaign=onpro_ep_product_0101_1231&utm_content=pc_price&sndType=goods&sndVal=A000000129242,[],,,,,,[],[],collected,unknown,todo,
148,naver-58981432130,페리페라,brow,5,페리페라 스피디 스키니 브로우 8 Colors,"colorFamily,finish,shadeOptions,texture,undertone","intensity,suitableFor,sellingPoints,departmentStoreListed",6000,https://www.oliveyoung.co.kr/store/common/partner.do?chlNo=1&chlDtlNo=1&utm_source=naver&utm_medium=shopping_ep&utm_campaign=onpro_ep_product_0101_1231&utm_content=pc_price&sndType=goods&sndVal=A000000138671,https://shopping-phinf.pstatic.net/main_5898143/58981432130.jpg,,,https://www.oliveyoung.co.kr/store/common/partner.do?chlNo=1&chlDtlNo=1&utm_source=naver&utm_medium=shopping_ep&utm_campaign=onpro_ep_product_0101_1231&utm_content=pc_price&sndType=goods&sndVal=A000000138671,[],,,,,,[],[],collected,unknown,todo,
148,naver-56466289432,하트퍼센트,brow,1,[NEW] 하트퍼센트 도트 온 무드 엣지 앤 플랫 아이브로우 6colors(기획/단품),"colorFamily,finish,shadeOptions,texture,undertone","intensity,suitableFor,sellingPoints,departmentStoreListed",14000,https://www.oliveyoung.co.kr/store/common/partner.do?chlNo=1&chlDtlNo=1&utm_source=naver&utm_medium=shopping_ep&utm_campaign=onpro_ep_product_0101_1231&utm_content=pc_price&sndType=goods&sndVal=A000000221710,https://shopping-phinf.pstatic.net/main_5646628/56466289432.jpg,,,https://www.oliveyoung.co.kr/store/common/partner.do?chlNo=1&chlDtlNo=1&utm_source=naver&utm_medium=shopping_ep&utm_campaign=onpro_ep_product_0101_1231&utm_content=pc_price&sndType=goods&sndVal=A000000221710,[],,,,,,[],[],collected,unknown,todo,
148,naver-58572203464,하트퍼센트,brow,2,[NEW] 하트퍼센트 컬러 체인저 원유즈,"colorFamily,finish,shadeOptions,texture,undertone","intensity,suitableFor,sellingPoints,departmentStoreListed",6900,https://www.oliveyoung.co.kr/store/common/partner.do?chlNo=1&chlDtlNo=1&utm_source=naver&utm_medium=shopping_ep&utm_campaign=onpro_ep_product_0101_1231&utm_content=pc_price&sndType=goods&sndVal=A000000222921,https://shopping-phinf.pstatic.net/main_5857220/58572203464.jpg,,,https://www.oliveyoung.co.kr/store/common/partner.do?chlNo=1&chlDtlNo=1&utm_source=naver&utm_medium=shopping_ep&utm_campaign=onpro_ep_product_0101_1231&utm_content=pc_price&sndType=goods&sndVal=A000000222921,[],,,,,,[],[],collected,unknown,todo,
148,naver-53918530141,3CE,cheek,2,3CE NEW 블러쉬 라이터+글로우 멀티 유즈 브러쉬,texture,"undertone,intensity,finish,suitableFor,oliveYoungListed",18110,https://www.hmall.com/md/pda/itemPtc?ReferCode=429&slitmCd=2231665559&utm_source=naver&utm_medium=cps_pcs&utm_campaign=sale,https://shopping-phinf.pstatic.net/main_5391853/53918530141.1.jpg,,https://www.hmall.com/md/pda/itemPtc?ReferCode=429&slitmCd=2231665559&utm_source=naver&utm_medium=cps_pcs&utm_campaign=sale,https://www.hmall.com/md/pda/itemPtc?ReferCode=429&slitmCd=2231665559&utm_source=naver&utm_medium=cps_pcs&utm_campaign=sale,"[{""colorFamily"": ""coral"", ""confidence"": 0.82, ""optionName"": ""CORAL FLUSH"", ""shadeName"": ""CORAL FLUSH"", ""shadeNumber"": null, ""sourceType"": ""hmall_next_stock_option"", ""undertone"": null, ""undertoneConfidence"": 0}, {""colorFamily"": ""nude"", ""confidence"": 0.82, ""intensity"": ""medium"", ""intensityConfidence"": 0.56, ""optionName"": ""BEIGE HOUR"", ""shadeName"": ""BEIGE HOUR"", ""shadeNumber"": null, ""sourceType"": ""hmall_next_stock_option"", ""undertone"": ""neutral"", ""undertoneConfidence"": 0.62}]",coral,neutral,medium,velvet,,[],"[""glow"", ""blur""]",unknown,collected,todo,
148,naver-60470066288,하트퍼센트,cheek,1,[NEW] 하트퍼센트 도트 온 무드 커스텀 립앤치크 9.4g 2종,finish,"colorFamily,undertone,intensity,sellingPoints,departmentStoreListed",21600,https://www.oliveyoung.co.kr/store/common/partner.do?chlNo=1&chlDtlNo=1&utm_source=naver&utm_medium=shopping_ep&utm_campaign=onpro_ep_product_0101_1231&utm_content=pc_price&sndType=goods&sndVal=A000000213083,https://shopping-phinf.pstatic.net/main_6047006/60470066288.jpg,https://heartpercent.co.kr/product/도트-온-무드-커스텀-립-앤-치크/352/,https://www.oliveyoung.co.kr/store/goods/getGoodsDetail.do?goodsNo=A000000213083,https://www.oliveyoung.co.kr/store/common/partner.do?chlNo=1&chlDtlNo=1&utm_source=naver&utm_medium=shopping_ep&utm_campaign=onpro_ep_product_0101_1231&utm_content=pc_price&sndType=goods&sndVal=A000000213083,"[{""colorFamily"": ""nude"", ""confidence"": 0.82, ""optionName"": ""06 베어 누드"", ""shadeName"": ""베어 누드"", ""shadeNumber"": ""06"", ""sourceType"": ""oliveyoung_product_option_json"", ""undertone"": ""neutral"", ""undertoneConfidence"": 0.62}, {""colorFamily"": ""plum"", ""confidence"": 0.82, ""optionName"": ""07 긱 앤 플럼"", ""shadeName"": ""긱 앤 플럼"", ""shadeNumber"": ""07"", ""sourceType"": ""oliveyoung_product_option_json"", ""undertone"": ""cool"", ""undertoneConfidence"": 0.62}, {""colorFamily"": null, ""confidence"": 0.82, ""optionName"": ""05 모비쉬"", ""shadeName"": ""모비쉬"", ""shadeNumber"": ""05"", ""sourceType"": ""oliveyoung_product_option_json"", ""undertone"": null, ""undertoneConfidence"": 0}]",nude,neutral,sheer,,balm,"[""cool_tone""]",[],collected,unknown,todo,
148,naver-86402475917,VDL,liner,1,브이디엘 23MS아이파인 브로우카라,"colorFamily,finish,shadeOptions,texture,undertone","intensity,suitableFor,sellingPoints,oliveYoungListed,departmentStoreListed",24900,https://smartstore.naver.com/main/products/8857975599,https://shopping-phinf.pstatic.net/main_8640247/86402475917.jpg,,,https://smartstore.naver.com/main/products/8857975599,[],,,,,,[],[],unknown,unknown,todo,
148,naver-59383822717,뮤드,liner,2,[NEW] 뮤드 아이래쉬 틴팅 세럼 샷 3종 중 택1,"colorFamily,finish,shadeOptions,texture,undertone","intensity,suitableFor,sellingPoints,oliveYoungListed,departmentStoreListed",29000,https://link.coupang.com/re/PCSNAVERPCSDP?pageKey=9262821893&ctag=9262821893&lptag=I27874686977&itemId=27874686977&vendorItemId=94833845790&spec=10305199,https://shopping-phinf.pstatic.net/main_5938382/59383822717.2.jpg,,,https://link.coupang.com/re/PCSNAVERPCSDP?pageKey=9262821893&ctag=9262821893&lptag=I27874686977&itemId=27874686977&vendorItemId=94833845790&spec=10305199,[],,,,,,[],[],unknown,unknown,todo,
148,naver-58998968523,뮤드,liner,3,[NEW 출시] 뮤드 아이래쉬 세럼 샷,"colorFamily,finish,shadeOptions,texture,undertone","intensity,suitableFor,sellingPoints,departmentStoreListed",31600,https://link.coupang.com/re/PCSNAVERPCSDP?pageKey=8474299176&ctag=8474299176&lptag=I27874786716&itemId=27874786716&vendorItemId=94833944122&spec=10305199,https://shopping-phinf.pstatic.net/main_5899896/58998968523.jpg,,https://www.oliveyoung.co.kr/store/common/partner.do?chlNo=1&chlDtlNo=1&utm_source=naver&utm_medium=shopping_ep&utm_campaign=onpro_ep_product_0101_1231&utm_content=pc_price&sndType=goods&sndVal=A000000213690,https://link.coupang.com/re/PCSNAVERPCSDP?pageKey=8474299176&ctag=8474299176&lptag=I27874786716&itemId=27874786716&vendorItemId=94833944122&spec=10305199,[],,,,,,[],[],collected,unknown,todo,
148,naver-57918559290,에스쁘아,liner,5,에스쁘아 노머징 브러쉬 라이너,"colorFamily,finish,shadeOptions,texture,undertone","intensity,suitableFor,sellingPoints,departmentStoreListed",13500,https://www.oliveyoung.co.kr/store/common/partner.do?chlNo=1&chlDtlNo=1&utm_source=naver&utm_medium=shopping_ep&utm_campaign=onpro_ep_product_0101_1231&utm_content=pc_price&sndType=goods&sndVal=A000000134324,https://shopping-phinf.pstatic.net/main_5791855/57918559290.jpg,,,https://www.oliveyoung.co.kr/store/common/partner.do?chlNo=1&chlDtlNo=1&utm_source=naver&utm_medium=shopping_ep&utm_campaign=onpro_ep_product_0101_1231&utm_content=pc_price&sndType=goods&sndVal=A000000134324,[],,,,,,[],[],collected,unknown,todo,
148,naver-56425945155,웨이크메이크,liner,1,[1+1]웨이크메이크 철벽 브러쉬 아이라이너 3COLOR(1+1 기획),"colorFamily,finish,shadeOptions,texture,undertone","intensity,suitableFor,sellingPoints,departmentStoreListed",13000,https://www.oliveyoung.co.kr/store/common/partner.do?chlNo=1&chlDtlNo=1&utm_source=naver&utm_medium=shopping_ep&utm_campaign=onpro_ep_product_0101_1231&utm_content=pc_price&sndType=goods&sndVal=A000000130012,https://shopping-phinf.pstatic.net/main_5642594/56425945155.jpg,,,https://www.oliveyoung.co.kr/store/common/partner.do?chlNo=1&chlDtlNo=1&utm_source=naver&utm_medium=shopping_ep&utm_campaign=onpro_ep_product_0101_1231&utm_content=pc_price&sndType=goods&sndVal=A000000130012,[],,,,,,[],[],collected,unknown,todo,
148,naver-50062074979,클리오,liner,7,클리오 [NEW] 수퍼프루프 브러쉬라이너 킬 애쉬,"colorFamily,finish,shadeOptions,texture,undertone","intensity,suitableFor,sellingPoints,oliveYoungListed",10200,https://www.lotteimall.com/coop/affilGate.lotte?chl_no=141370&chl_dtl_no=2540914&returnUrl=/goods/viewGoodsDetail.lotte?goods_no=2745564556&utm_source=naver&utm_medium=affiliate&utm_campaign=price_compare,https://shopping-phinf.pstatic.net/main_5006207/50062074979.1.jpg,,,https://www.lotteimall.com/coop/affilGate.lotte?chl_no=141370&chl_dtl_no=2540914&returnUrl=/goods/viewGoodsDetail.lotte?goods_no=2745564556&utm_source=naver&utm_medium=affiliate&utm_campaign=price_compare,[],,,,,,[],[],unknown,collected,todo,
148,naver-57908272565,클리오,liner,9,클리오 수퍼프루프 브러쉬라이너 킬애쉬,"colorFamily,finish,shadeOptions,texture,undertone","intensity,suitableFor,sellingPoints,departmentStoreListed",11900,https://www.oliveyoung.co.kr/store/common/partner.do?chlNo=1&chlDtlNo=1&utm_source=naver&utm_medium=shopping_ep&utm_campaign=onpro_ep_product_0101_1231&utm_content=pc_price&sndType=goods&sndVal=A000000209821,https://shopping-phinf.pstatic.net/main_5790827/57908272565.jpg,,,https://www.oliveyoung.co.kr/store/common/partner.do?chlNo=1&chlDtlNo=1&utm_source=naver&utm_medium=shopping_ep&utm_campaign=onpro_ep_product_0101_1231&utm_content=pc_price&sndType=goods&sndVal=A000000209821,[],,,,,,[],[],collected,unknown,todo,
148,naver-35193664590,페리페라,liner,5,페리페라 페리페라 잉크 씬씬 브러쉬라이너,"colorFamily,finish,shadeOptions,texture,undertone","intensity,suitableFor,sellingPoints,oliveYoungListed",4680,https://www.lotteimall.com/coop/affilGate.lotte?chl_no=141370&chl_dtl_no=2540914&returnUrl=/goods/viewGoodsDetail.lotte?goods_no=1943038218&utm_source=naver&utm_medium=affiliate&utm_campaign=price_compare,https://shopping-phinf.pstatic.net/main_3519366/35193664590.jpg,,,https://www.lotteimall.com/coop/affilGate.lotte?chl_no=141370&chl_dtl_no=2540914&returnUrl=/goods/viewGoodsDetail.lotte?goods_no=1943038218&utm_source=naver&utm_medium=affiliate&utm_campaign=price_compare,[],,,,,,[],[],unknown,collected,todo,
148,naver-58328191713,페리페라,liner,10,페리페라 [NEW] 페리페라 스피디 스키니 브러쉬 라이너,"colorFamily,finish,shadeOptions,texture,undertone","intensity,suitableFor,sellingPoints,oliveYoungListed",5600,https://www.lotteimall.com/coop/affilGate.lotte?chl_no=141370&chl_dtl_no=2540914&returnUrl=/goods/viewGoodsDetail.lotte?goods_no=3177480445&utm_source=naver&utm_medium=affiliate&utm_campaign=price_compare,https://shopping-phinf.pstatic.net/main_5832819/58328191713.jpg,,,https://www.lotteimall.com/coop/affilGate.lotte?chl_no=141370&chl_dtl_no=2540914&returnUrl=/goods/viewGoodsDetail.lotte?goods_no=3177480445&utm_source=naver&utm_medium=affiliate&utm_campaign=price_compare,[],,,,,,[],[],unknown,collected,todo,
148,naver-60003185186,3CE,lip,10,3CE [APP전용][NEW 이슬틴트] 미스티 립 베어 [증정]미니틴트(랜덤),finish,"colorFamily,undertone,intensity,sellingPoints,oliveYoungListed",15600,https://www.lotteon.com/p/product/LO2620997218?sitmNo=LO2620997218_2620997219&ch_no=100065&ch_dtl_no=1000030&entryPoint=pcs&dp_infw_cd=CHT,https://shopping-phinf.pstatic.net/main_6000318/60003185186.3.jpg,https://www.3cecosmetics.com/all-products/lips/lip-tint/3ce-misty-lip-bare,https://www.lotteon.com/p/product/LO2620997218?sitmNo=LO2620997218_2620997219&ch_no=100065&ch_dtl_no=1000030&entryPoint=pcs&dp_infw_cd=CHT,https://www.lotteon.com/p/product/LO2620997218?sitmNo=LO2620997218_2620997219&ch_no=100065&ch_dtl_no=1000030&entryPoint=pcs&dp_infw_cd=CHT,"[{""colorFamily"": ""nude"", ""confidence"": 0.84, ""optionName"": ""누드 위스퍼"", ""shadeName"": ""누드 위스퍼"", ""shadeNumber"": null, ""sourceType"": ""lotteon_product_api_option"", ""undertone"": ""neutral"", ""undertoneConfidence"": 0.62}, {""colorFamily"": null, ""confidence"": 0.84, ""optionName"": ""얼리어"", ""shadeName"": ""얼리어"", ""shadeNumber"": null, ""sourceType"": ""lotteon_product_api_option"", ""undertone"": null, ""undertoneConfidence"": 0}, {""colorFamily"": null, ""confidence"": 0.84, ""optionName"": ""밀키 일루션"", ""shadeName"": ""밀키 일루션"", ""shadeNumber"": null, ""sourceType"": ""lotteon_product_api_option"", ""undertone"": null, ""undertoneConfidence"": 0}, {""colorFamily"": ""pink"", ""confidence"": 0.84, ""optionName"": ""핑크 스킴"", ""shadeName"": ""핑크 스킴"", ""shadeNumber"": null, ""sourceType"": ""lotteon_product_api_option"", ""undertone"": null, ""undertoneConfidence"": 0}, {""colorFamily"": ""coral"", ""confidence"": 0.84, ""optionName"": ""코랄 드렌치"", ""shadeName"": ""코랄 드렌치"", ""shadeNumber"": null, ""sourceType"": ""lotteon_product_api_option"", ""undertone"": ""warm"", ""undertoneConfidence"": 0.62}, {""colorFamily"": null, ""confidence"": 0.84, ""optionName"": ""썬 퍼즈"", ""shadeName"": ""썬 퍼즈"", ""shadeNumber"": null, ""sourceType"": ""lotteon_product_api_option"", ""undertone"": null, ""undertoneConfidence"": 0}, {""colorFamily"": ""orange"", ""confidence"": 0.84, ""optionName"": ""칠리 플레임"", ""shadeName"": ""칠리 플레임"", ""shadeNumber"": null, ""sourceType"": ""lotteon_product_api_option"", ""undertone"": null, ""undertoneConfidence"": 0}, {""colorFamily"": null, ""confidence"": 0.84, ""optionName"": ""드리프트우드"", ""shadeName"": ""드리프트우드"", ""shadeNumber"": null, ""sourceType"": ""lotteon_product_api_option"", ""undertone"": null, ""undertoneConfidence"": 0}, {""colorFamily"": ""brown"", ""confidence"": 0.84, ""optionName"": ""콰이어트 토프"", ""shadeName"": ""콰이어트 토프"", ""shadeNumber"": null, ""sourceType"": ""lotteon_product_api_option"", ""undertone"": ""neutral"", ""undertoneConfidence"": 0}, {""colorFamily"": ""rose"", ""confidence"": 0.84, ""optionName"": ""로즈 사이"", ""shadeName"": ""로즈 사이"", ""shadeNumber"": null, ""sourceType"": ""lotteon_product_api_option"", ""undertone"": null, ""undertoneConfidence"": 0}]",nude,neutral,sheer,,tint,"[""all_skin""]",[],unknown,collected,todo,
148,naver-60387224567,더샘,lip,10,[온누리상품] 더샘 새미스 젤리 샷 틴트 3.2g (선택1),finish,"colorFamily,undertone,intensity,sellingPoints,oliveYoungListed",11670,https://www.lotteon.com/p/product/LO2697834516?sitmNo=LO2697834516_2697834517&ch_no=100065&ch_dtl_no=1000030&entryPoint=pcs&dp_infw_cd=CHT,https://shopping-phinf.pstatic.net/main_6038722/60387224567.jpg,,https://www.lotteon.com/p/product/LO2697834516?sitmNo=LO2697834516_2697834517&ch_no=100065&ch_dtl_no=1000030&entryPoint=pcs&dp_infw_cd=CHT,https://www.lotteon.com/p/product/LO2697834516?sitmNo=LO2697834516_2697834517&ch_no=100065&ch_dtl_no=1000030&entryPoint=pcs&dp_infw_cd=CHT,"[{""colorFamily"": null, ""confidence"": 0.84, ""optionName"": ""01 밀키"", ""shadeName"": ""밀키"", ""shadeNumber"": ""01"", ""sourceType"": ""lotteon_product_api_option"", ""undertone"": null, ""undertoneConfidence"": 0}, {""colorFamily"": null, ""confidence"": 0.84, ""optionName"": ""02 포멜로"", ""shadeName"": ""포멜로"", ""shadeNumber"": ""02"", ""sourceType"": ""lotteon_product_api_option"", ""undertone"": null, ""undertoneConfidence"": 0}, {""colorFamily"": null, ""confidence"": 0.84, ""optionName"": ""03 달콤"", ""shadeName"": ""달콤"", ""shadeNumber"": ""03"", ""sourceType"": ""lotteon_product_api_option"", ""undertone"": null, ""undertoneConfidence"": 0}, {""colorFamily"": ""plum"", ""confidence"": 0.84, ""optionName"": ""04 베리스"", ""shadeName"": ""베리스"", ""shadeNumber"": ""04"", ""sourceType"": ""lotteon_product_api_option"", ""undertone"": ""cool"", ""undertoneConfidence"": 0.62}, {""colorFamily"": ""plum"", ""confidence"": 0.84, ""optionName"": ""05 포도"", ""shadeName"": ""포도"", ""shadeNumber"": ""05"", ""sourceType"": ""lotteon_product_api_option"", ""undertone"": ""cool"", ""undertoneConfidence"": 0.62}, {""colorFamily"": null, ""confidence"": 0.84, ""optionName"": ""06 피넛"", ""shadeName"": ""피넛"", ""shadeNumber"": ""06"", ""sourceType"": ""lotteon_product_api_option"", ""undertone"": null, ""undertoneConfidence"": 0}]",plum,cool,,,tint,"[""cool_tone""]",[],unknown,collected,todo,
148,naver-58490394145,컬러그램,lip,2,[컬러립밤]컬러그램 틴토리 잼 6COLOR,finish,"colorFamily,undertone,intensity,sellingPoints,departmentStoreListed",6700,https://www.oliveyoung.co.kr/store/common/partner.do?chlNo=1&chlDtlNo=1&utm_source=naver&utm_medium=shopping_ep&utm_campaign=onpro_ep_product_0101_1231&utm_content=pc_price&sndType=goods&sndVal=A000000201777,https://shopping-phinf.pstatic.net/main_5849039/58490394145.jpg,,https://www.oliveyoung.co.kr/store/goods/getGoodsDetail.do?goodsNo=A000000201777,https://www.oliveyoung.co.kr/store/common/partner.do?chlNo=1&chlDtlNo=1&utm_source=naver&utm_medium=shopping_ep&utm_campaign=onpro_ep_product_0101_1231&utm_content=pc_price&sndType=goods&sndVal=A000000201777,"[{""colorFamily"": null, ""confidence"": 0.82, ""optionName"": ""04 땅따리자몽"", ""shadeName"": ""땅따리자몽"", ""shadeNumber"": ""04"", ""sourceType"": ""oliveyoung_product_option_json"", ""undertone"": null, ""undertoneConfidence"": 0}, {""colorFamily"": null, ""confidence"": 0.82, ""optionName"": ""08 앙버찌"", ""shadeName"": ""앙버찌"", ""shadeNumber"": ""08"", ""sourceType"": ""oliveyoung_product_option_json"", ""undertone"": null, ""undertoneConfidence"": 0}, {""colorFamily"": ""coral"", ""colorFamilyConfidence"": 0.62, ""confidence"": 0.82, ""optionName"": ""10 살짝살구"", ""shadeName"": ""살짝살구"", ""shadeNumber"": ""10"", ""sourceType"": ""oliveyoung_product_option_json"", ""undertone"": ""warm"", ""undertoneConfidence"": 0}, {""colorFamily"": ""peach"", ""confidence"": 0.82, ""optionName"": ""03 피치삐짐"", ""shadeName"": ""피치삐짐"", ""shadeNumber"": ""03"", ""sourceType"": ""oliveyoung_product_option_json"", ""undertone"": ""warm"", ""undertoneConfidence"": 0.62}, {""colorFamily"": null, ""confidence"": 0.82, ""optionName"": ""05 꿀수박바"", ""shadeName"": ""꿀수박바"", ""shadeNumber"": ""05"", ""sourceType"": ""oliveyoung_product_option_json"", ""undertone"": null, ""undertoneConfidence"": 0}, {""colorFamily"": null, ""confidence"": 0.82, ""optionName"": ""06 앵두리번"", ""shadeName"": ""앵두리번"", ""shadeNumber"": ""06"", ""sourceType"": ""oliveyoung_product_option_json"", ""undertone"": null, ""undertoneConfidence"": 0}, {""colorFamily"": null, ""confidence"": 0.82, ""optionName"": ""07 너무화과지"", ""shadeName"": ""너무화과지"", ""shadeNumber"": ""07"", ""sourceType"": ""oliveyoung_product_option_json"", ""undertone"": null, ""undertoneConfidence"": 0}, {""colorFamily"": ""plum"", ""colorFamilyConfidence"": 0.62, ""confidence"": 0.82, ""optionName"": ""09 퐁퐁포도"", ""shadeName"": ""퐁퐁포도"", ""shadeNumber"": ""09"", ""sourceType"": ""oliveyoung_product_option_json"", ""undertone"": ""cool"", ""undertoneConfidence"": 0}]",peach,warm,,,balm,"[""warm_tone"", ""cool_tone""]",[],collected,unknown,todo,
148,naver-55079002640,컬러그램,lip,6,[기존 용기]컬러그램 긱 누드 컬러 커버 틴트,finish,"colorFamily,undertone,intensity,suitableFor,departmentStoreListed",10000,https://www.oliveyoung.co.kr/store/common/partner.do?chlNo=1&chlDtlNo=1&utm_source=naver&utm_medium=shopping_ep&utm_campaign=onpro_ep_product_0101_1231&utm_content=pc_price&sndType=goods&sndVal=A000000223676,https://shopping-phinf.pstatic.net/main_5507900/55079002640.jpg,,https://www.oliveyoung.co.kr/store/goods/getGoodsDetail.do?goodsNo=A000000223676,https://www.oliveyoung.co.kr/store/common/partner.do?chlNo=1&chlDtlNo=1&utm_source=naver&utm_medium=shopping_ep&utm_campaign=onpro_ep_product_0101_1231&utm_content=pc_price&sndType=goods&sndVal=A000000223676,"[{""colorFamily"": null, ""confidence"": 0.82, ""optionName"": ""04 쿨누디 23"", ""shadeName"": ""쿨누디 23"", ""shadeNumber"": ""04"", ""sourceType"": ""oliveyoung_product_option_json"", ""undertone"": null, ""undertoneConfidence"": 0}, {""colorFamily"": null, ""confidence"": 0.82, ""optionName"": ""01 웜누디 21"", ""shadeName"": ""웜누디 21"", ""shadeNumber"": ""01"", ""sourceType"": ""oliveyoung_product_option_json"", ""undertone"": null, ""undertoneConfidence"": 0}, {""colorFamily"": null, ""confidence"": 0.82, ""optionName"": ""02 웜누디 23"", ""shadeName"": ""웜누디 23"", ""shadeNumber"": ""02"", ""sourceType"": ""oliveyoung_product_option_json"", ""undertone"": null, ""undertoneConfidence"": 0}, {""colorFamily"": null, ""confidence"": 0.82, ""optionName"": ""03 쿨누디 21"", ""shadeName"": ""쿨누디 21"", ""shadeNumber"": ""03"", ""sourceType"": ""oliveyoung_product_option_json"", ""undertone"": null, ""undertoneConfidence"": 0}, {""colorFamily"": null, ""confidence"": 0.82, ""optionName"": ""05 시멘트"", ""shadeName"": ""시멘트"", ""shadeNumber"": ""05"", ""sourceType"": ""oliveyoung_product_option_json"", ""undertone"": null, ""undertoneConfidence"": 0}]",nude,neutral,sheer,,tint,[],"[""coverage""]",collected,unknown,todo,
148,naver-60422402740,투쿨포스쿨,lip,6,투쿨포스쿨 베일 스킨 틴트 17 포슬린 기획 (+퍼프),finish,"colorFamily,undertone,intensity,sellingPoints,oliveYoungListed,departmentStoreListed",24300,https://www.lotteon.com/p/product/LO2699526619?sitmNo=LO2699526619_2699526620&ch_no=100065&ch_dtl_no=1000030&entryPoint=pcs&dp_infw_cd=CHT,https://shopping-phinf.pstatic.net/main_6042240/60422402740.jpg,https://toocoolforschool.com/product/베일-스킨-틴트-포켓-거울-팔레트/1154/,https://www.lotteon.com/p/product/LO2699526619?sitmNo=LO2699526619_2699526620&ch_no=100065&ch_dtl_no=1000030&entryPoint=pcs&dp_infw_cd=CHT,https://www.lotteon.com/p/product/LO2699526619?sitmNo=LO2699526619_2699526620&ch_no=100065&ch_dtl_no=1000030&entryPoint=pcs&dp_infw_cd=CHT,"[{""colorFamily"": ""pink"", ""colorFamilyConfidence"": 0.62, ""confidence"": 0.82, ""optionName"": ""21 C호 쿨 페탈"", ""shadeName"": ""C호 쿨 페탈"", ""shadeNumber"": ""21"", ""sourceType"": ""official_brand_page_option_html"", ""undertone"": ""cool"", ""undertoneConfidence"": 0}, {""colorFamily"": ""nude"", ""colorFamilyConfidence"": 0.62, ""confidence"": 0.82, ""optionName"": ""21 N호 웜 아이보리"", ""shadeName"": ""N호 웜 아이보리"", ""shadeNumber"": ""21"", ""sourceType"": ""official_brand_page_option_html"", ""undertone"": ""neutral"", ""undertoneConfidence"": 0}, {""colorFamily"": ""nude"", ""confidence"": 0.82, ""intensity"": ""medium"", ""intensityConfidence"": 0.56, ""optionName"": ""23 베이지"", ""shadeName"": ""베이지"", ""shadeNumber"": ""23"", ""sourceType"": ""official_brand_page_option_html"", ""undertone"": ""neutral"", ""undertoneConfidence"": 0.62}]",nude,neutral,medium,,tint,"[""cool_tone""]",[],unknown,unknown,todo,
148,naver-31318154013,페리페라,lip,1,페리페라 [NEW] 잉크 무드 글로이 틴트,finish,"colorFamily,undertone,intensity,sellingPoints,oliveYoungListed",8360,https://www.lotteimall.com/coop/affilGate.lotte?chl_no=141370&chl_dtl_no=2540914&returnUrl=/goods/viewGoodsDetail.lotte?goods_no=1957100092&utm_source=naver&utm_medium=affiliate&utm_campaign=price_compare,https://shopping-phinf.pstatic.net/main_3131815/31318154013.6.jpg,https://clubclio.co.kr/shop/goodsView/0000003508,,https://www.lotteimall.com/coop/affilGate.lotte?chl_no=141370&chl_dtl_no=2540914&returnUrl=/goods/viewGoodsDetail.lotte?goods_no=1957100092&utm_source=naver&utm_medium=affiliate&utm_campaign=price_compare,"[{""colorFamily"": null, ""confidence"": 0.82, ""optionName"": ""040 햇꿀구마"", ""shadeName"": ""햇꿀구마"", ""shadeNumber"": ""040"", ""sourceType"": ""official_brand_page_option_json"", ""undertone"": null, ""undertoneConfidence"": 0}, {""colorFamily"": null, ""confidence"": 0.82, ""optionName"": ""041 갓기구마"", ""shadeName"": ""갓기구마"", ""shadeNumber"": ""041"", ""sourceType"": ""official_brand_page_option_json"", ""undertone"": null, ""undertoneConfidence"": 0}, {""colorFamily"": null, ""confidence"": 0.82, ""optionName"": ""042 제철핑구마"", ""shadeName"": ""제철핑구마"", ""shadeNumber"": ""042"", ""sourceType"": ""official_brand_page_option_json"", ""undertone"": null, ""undertoneConfidence"": 0}, {""colorFamily"": ""rose"", ""confidence"": 0.82, ""optionName"": ""033 로지위시"", ""shadeName"": ""로지위시"", ""shadeNumber"": ""033"", ""sourceType"": ""official_brand_page_option_json"", ""undertone"": ""cool"", ""undertoneConfidence"": 0}, {""colorFamily"": null, ""confidence"": 0.82, ""optionName"": ""021 쿨소평가"", ""shadeName"": ""쿨소평가"", ""shadeNumber"": ""021"", ""sourceType"": ""official_brand_page_option_json"", ""undertone"": null, ""undertoneConfidence"": 0}, {""colorFamily"": null, ""confidence"": 0.82, ""optionName"": ""022 쿨계포상"", ""shadeName"": ""쿨계포상"", ""shadeNumber"": ""022"", ""sourceType"": ""official_brand_page_option_json"", ""undertone"": null, ""undertoneConfidence"": 0}, {""colorFamily"": null, ""confidence"": 0.82, ""optionName"": ""024 자몽부심"", ""shadeName"": ""자몽부심"", ""shadeNumber"": ""024"", ""sourceType"": ""official_brand_page_option_json"", ""undertone"": null, ""undertoneConfidence"": 0}, {""colorFamily"": null, ""confidence"": 0.82, ""optionName"": ""025 힙플딸기"", ""shadeName"": ""힙플딸기"", ""shadeNumber"": ""025"", ""sourceType"": ""official_brand_page_option_json"", ""undertone"": null, ""undertoneConfidence"": 0}, {""colorFamily"": null, ""confidence"": 0.82, ""optionName"": ""027 핑토당토"", ""shadeName"": ""핑토당토"", ""shadeNumber"": ""027"", ""sourceType"": ""official_brand_page_option_json"", ""undertone"": null, ""undertoneConfidence"": 0}, {""colorFamily"": null, ""confidence"": 0.82, ""optionName"": ""028 웜탠다드"", ""shadeName"": ""웜탠다드"", ""shadeNumber"": ""028"", ""sourceType"": ""official_brand_page_option_json"", ""undertone"": null, ""undertoneConfidence"": 0}, {""colorFamily"": null, ""confidence"": 0.82, ""optionName"": ""029 쿨레벌떡"", ""shadeName"": ""쿨레벌떡"", ""shadeNumber"": ""029"", ""sourceType"": ""official_brand_page_option_json"", ""undertone"": null, ""undertoneConfidence"": 0}, {""colorFamily"": ""plum"", ""confidence"": 0.82, ""optionName"": ""030 행집베리"", ""shadeName"": ""행집베리"", ""shadeNumber"": ""030"", ""sourceType"": ""official_brand_page_option_json"", ""undertone"": ""cool"", ""undertoneConfidence"": 0.62}, {""colorFamily"": null, ""confidence"": 0.82, ""optionName"": ""031 명예딸기광"", ""shadeName"": ""명예딸기광"", ""shadeNumber"": ""031"", ""sourceType"": ""official_brand_page_option_json"", ""undertone"": null, ""undertoneConfidence"": 0}, {""colorFamily"": null, ""confidence"": 0.82, ""optionName"": ""032 딸기야가자"", ""shadeName"": ""딸기야가자"", ""shadeNumber"": ""032"", ""sourceType"": ""official_brand_page_option_json"", ""undertone"": null, ""undertoneConfidence"": 0}, {""colorFamily"": null, ""confidence"": 0.82, ""optionName"": ""034 웜행평가"", ""shadeName"": ""웜행평가"", ""shadeNumber"": ""034"", ""sourceType"": ""official_brand_page_option_json"", ""undertone"": null, ""undertoneConfidence"": 0}, {""colorFamily"": ""coral"", ""confidence"": 0.82, ""optionName"": ""035 코랄특강"", ""shadeName"": ""코랄특강"", ""shadeNumber"": ""035"", ""sourceType"": ""official_brand_page_option_json"", ""undertone"": ""warm"", ""undertoneConfidence"": 0.62}, {""colorFamily"": null, ""confidence"": 0.82, ""optionName"": ""036 쿨타강사"", ""shadeName"": ""쿨타강사"", ""shadeNumber"": ""036"", ""sourceType"": ""official_brand_page_option_json"", ""undertone"": null, ""undertoneConfidence"": 0}, {""colorFamily"": null, ""confidence"": 0.82, ""optionName"": ""037 실사판공주"", ""shadeName"": ""실사판공주"", ""shadeNumber"": ""037"", ""sourceType"": ""official_brand_page_option_json"", ""undertone"": null, ""undertoneConfidence"": 0}, {""colorFamily"": null, ""confidence"": 0.82, ""optionName"": ""038 쿨세자빈"", ""shadeName"": ""쿨세자빈"", ""shadeNumber"": ""038"", ""sourceType"": ""official_brand_page_option_json"", ""undertone"": null, ""undertoneConfidence"": 0}]",rose,cool,,,tint,"[""warm_tone"", ""cool_tone""]",[],unknown,collected,todo,
148,naver-45396573312,페리페라,lip,3,[2EA]페리페라 잉크 무드 글로이 틴트,finish,"colorFamily,undertone,intensity,sellingPoints,oliveYoungListed",16940,http://with.gsshop.com/alia/aliaGate.gs?media=OB&ecpid=1007622505&vodFlag=N&prdseqnum=1007622505&utm_source=price&utm_medium=affiliate&utm_campaign=naver,https://shopping-phinf.pstatic.net/main_4539657/45396573312.11.jpg,https://clubclio.co.kr/shop/goodsView/0000003508,https://with.gsshop.com/prd/prd.gs?prdid=1007622505&fromWith=Y,http://with.gsshop.com/alia/aliaGate.gs?media=OB&ecpid=1007622505&vodFlag=N&prdseqnum=1007622505&utm_source=price&utm_medium=affiliate&utm_campaign=naver,"[{""colorFamily"": null, ""confidence"": 0.82, ""optionName"": ""040 햇꿀구마"", ""shadeName"": ""햇꿀구마"", ""shadeNumber"": ""040"", ""sourceType"": ""official_brand_page_option_json"", ""undertone"": null, ""undertoneConfidence"": 0}, {""colorFamily"": null, ""confidence"": 0.82, ""optionName"": ""041 갓기구마"", ""shadeName"": ""갓기구마"", ""shadeNumber"": ""041"", ""sourceType"": ""official_brand_page_option_json"", ""undertone"": null, ""undertoneConfidence"": 0}, {""colorFamily"": null, ""confidence"": 0.82, ""optionName"": ""042 제철핑구마"", ""shadeName"": ""제철핑구마"", ""shadeNumber"": ""042"", ""sourceType"": ""official_brand_page_option_json"", ""undertone"": null, ""undertoneConfidence"": 0}, {""colorFamily"": ""rose"", ""confidence"": 0.82, ""optionName"": ""033 로지위시"", ""shadeName"": ""로지위시"", ""shadeNumber"": ""033"", ""sourceType"": ""official_brand_page_option_json"", ""undertone"": ""cool"", ""undertoneConfidence"": 0}, {""colorFamily"": null, ""confidence"": 0.82, ""optionName"": ""021 쿨소평가"", ""shadeName"": ""쿨소평가"", ""shadeNumber"": ""021"", ""sourceType"": ""official_brand_page_option_json"", ""undertone"": null, ""undertoneConfidence"": 0}, {""colorFamily"": null, ""confidence"": 0.82, ""optionName"": ""022 쿨계포상"", ""shadeName"": ""쿨계포상"", ""shadeNumber"": ""022"", ""sourceType"": ""official_brand_page_option_json"", ""undertone"": null, ""undertoneConfidence"": 0}, {""colorFamily"": null, ""confidence"": 0.82, ""optionName"": ""024 자몽부심"", ""shadeName"": ""자몽부심"", ""shadeNumber"": ""024"", ""sourceType"": ""official_brand_page_option_json"", ""undertone"": null, ""undertoneConfidence"": 0}, {""colorFamily"": null, ""confidence"": 0.82, ""optionName"": ""025 힙플딸기"", ""shadeName"": ""힙플딸기"", ""shadeNumber"": ""025"", ""sourceType"": ""official_brand_page_option_json"", ""undertone"": null, ""undertoneConfidence"": 0}, {""colorFamily"": null, ""confidence"": 0.82, ""optionName"": ""027 핑토당토"", ""shadeName"": ""핑토당토"", ""shadeNumber"": ""027"", ""sourceType"": ""official_brand_page_option_json"", ""undertone"": null, ""undertoneConfidence"": 0}, {""colorFamily"": null, ""confidence"": 0.82, ""optionName"": ""028 웜탠다드"", ""shadeName"": ""웜탠다드"", ""shadeNumber"": ""028"", ""sourceType"": ""official_brand_page_option_json"", ""undertone"": null, ""undertoneConfidence"": 0}, {""colorFamily"": null, ""confidence"": 0.82, ""optionName"": ""029 쿨레벌떡"", ""shadeName"": ""쿨레벌떡"", ""shadeNumber"": ""029"", ""sourceType"": ""official_brand_page_option_json"", ""undertone"": null, ""undertoneConfidence"": 0}, {""colorFamily"": ""plum"", ""confidence"": 0.82, ""optionName"": ""030 행집베리"", ""shadeName"": ""행집베리"", ""shadeNumber"": ""030"", ""sourceType"": ""official_brand_page_option_json"", ""undertone"": ""cool"", ""undertoneConfidence"": 0.62}, {""colorFamily"": null, ""confidence"": 0.82, ""optionName"": ""031 명예딸기광"", ""shadeName"": ""명예딸기광"", ""shadeNumber"": ""031"", ""sourceType"": ""official_brand_page_option_json"", ""undertone"": null, ""undertoneConfidence"": 0}, {""colorFamily"": null, ""confidence"": 0.82, ""optionName"": ""032 딸기야가자"", ""shadeName"": ""딸기야가자"", ""shadeNumber"": ""032"", ""sourceType"": ""official_brand_page_option_json"", ""undertone"": null, ""undertoneConfidence"": 0}, {""colorFamily"": null, ""confidence"": 0.82, ""optionName"": ""034 웜행평가"", ""shadeName"": ""웜행평가"", ""shadeNumber"": ""034"", ""sourceType"": ""official_brand_page_option_json"", ""undertone"": null, ""undertoneConfidence"": 0}, {""colorFamily"": ""coral"", ""confidence"": 0.82, ""optionName"": ""035 코랄특강"", ""shadeName"": ""코랄특강"", ""shadeNumber"": ""035"", ""sourceType"": ""official_brand_page_option_json"", ""undertone"": ""warm"", ""undertoneConfidence"": 0.62}, {""colorFamily"": null, ""confidence"": 0.82, ""optionName"": ""036 쿨타강사"", ""shadeName"": ""쿨타강사"", ""shadeNumber"": ""036"", ""sourceType"": ""official_brand_page_option_json"", ""undertone"": null, ""undertoneConfidence"": 0}, {""colorFamily"": null, ""confidence"": 0.82, ""optionName"": ""037 실사판공주"", ""shadeName"": ""실사판공주"", ""shadeNumber"": ""037"", ""sourceType"": ""official_brand_page_option_json"", ""undertone"": null, ""undertoneConfidence"": 0}, {""colorFamily"": null, ""confidence"": 0.82, ""optionName"": ""038 쿨세자빈"", ""shadeName"": ""쿨세자빈"", ""shadeNumber"": ""038"", ""sourceType"": ""official_brand_page_option_json"", ""undertone"": null, ""undertoneConfidence"": 0}]",rose,cool,,,tint,"[""warm_tone"", ""cool_tone""]",[],unknown,collected,todo,
148,naver-46865764264,페리페라,lip,4,페리페라 잉크 무드 글로이 틴트,finish,"colorFamily,undertone,intensity,sellingPoints,oliveYoungListed",8810,http://with.gsshop.com/alia/aliaGate.gs?media=OB&ecpid=1006497233&vodFlag=N&prdseqnum=1006497233&utm_source=price&utm_medium=affiliate&utm_campaign=naver,https://shopping-phinf.pstatic.net/main_4686576/46865764264.6.jpg,https://clubclio.co.kr/shop/goodsView/0000003508,https://with.gsshop.com/prd/prd.gs?prdid=1006497233&fromWith=Y,http://with.gsshop.com/alia/aliaGate.gs?media=OB&ecpid=1006497233&vodFlag=N&prdseqnum=1006497233&utm_source=price&utm_medium=affiliate&utm_campaign=naver,"[{""colorFamily"": null, ""confidence"": 0.82, ""optionName"": ""040 햇꿀구마"", ""shadeName"": ""햇꿀구마"", ""shadeNumber"": ""040"", ""sourceType"": ""official_brand_page_option_json"", ""undertone"": null, ""undertoneConfidence"": 0}, {""colorFamily"": null, ""confidence"": 0.82, ""optionName"": ""041 갓기구마"", ""shadeName"": ""갓기구마"", ""shadeNumber"": ""041"", ""sourceType"": ""official_brand_page_option_json"", ""undertone"": null, ""undertoneConfidence"": 0}, {""colorFamily"": null, ""confidence"": 0.82, ""optionName"": ""042 제철핑구마"", ""shadeName"": ""제철핑구마"", ""shadeNumber"": ""042"", ""sourceType"": ""official_brand_page_option_json"", ""undertone"": null, ""undertoneConfidence"": 0}, {""colorFamily"": ""rose"", ""confidence"": 0.82, ""optionName"": ""033 로지위시"", ""shadeName"": ""로지위시"", ""shadeNumber"": ""033"", ""sourceType"": ""official_brand_page_option_json"", ""undertone"": ""cool"", ""undertoneConfidence"": 0}, {""colorFamily"": null, ""confidence"": 0.82, ""optionName"": ""021 쿨소평가"", ""shadeName"": ""쿨소평가"", ""shadeNumber"": ""021"", ""sourceType"": ""official_brand_page_option_json"", ""undertone"": null, ""undertoneConfidence"": 0}, {""colorFamily"": null, ""confidence"": 0.82, ""optionName"": ""022 쿨계포상"", ""shadeName"": ""쿨계포상"", ""shadeNumber"": ""022"", ""sourceType"": ""official_brand_page_option_json"", ""undertone"": null, ""undertoneConfidence"": 0}, {""colorFamily"": null, ""confidence"": 0.82, ""optionName"": ""024 자몽부심"", ""shadeName"": ""자몽부심"", ""shadeNumber"": ""024"", ""sourceType"": ""official_brand_page_option_json"", ""undertone"": null, ""undertoneConfidence"": 0}, {""colorFamily"": null, ""confidence"": 0.82, ""optionName"": ""025 힙플딸기"", ""shadeName"": ""힙플딸기"", ""shadeNumber"": ""025"", ""sourceType"": ""official_brand_page_option_json"", ""undertone"": null, ""undertoneConfidence"": 0}, {""colorFamily"": null, ""confidence"": 0.82, ""optionName"": ""027 핑토당토"", ""shadeName"": ""핑토당토"", ""shadeNumber"": ""027"", ""sourceType"": ""official_brand_page_option_json"", ""undertone"": null, ""undertoneConfidence"": 0}, {""colorFamily"": null, ""confidence"": 0.82, ""optionName"": ""028 웜탠다드"", ""shadeName"": ""웜탠다드"", ""shadeNumber"": ""028"", ""sourceType"": ""official_brand_page_option_json"", ""undertone"": null, ""undertoneConfidence"": 0}, {""colorFamily"": null, ""confidence"": 0.82, ""optionName"": ""029 쿨레벌떡"", ""shadeName"": ""쿨레벌떡"", ""shadeNumber"": ""029"", ""sourceType"": ""official_brand_page_option_json"", ""undertone"": null, ""undertoneConfidence"": 0}, {""colorFamily"": ""plum"", ""confidence"": 0.82, ""optionName"": ""030 행집베리"", ""shadeName"": ""행집베리"", ""shadeNumber"": ""030"", ""sourceType"": ""official_brand_page_option_json"", ""undertone"": ""cool"", ""undertoneConfidence"": 0.62}, {""colorFamily"": null, ""confidence"": 0.82, ""optionName"": ""031 명예딸기광"", ""shadeName"": ""명예딸기광"", ""shadeNumber"": ""031"", ""sourceType"": ""official_brand_page_option_json"", ""undertone"": null, ""undertoneConfidence"": 0}, {""colorFamily"": null, ""confidence"": 0.82, ""optionName"": ""032 딸기야가자"", ""shadeName"": ""딸기야가자"", ""shadeNumber"": ""032"", ""sourceType"": ""official_brand_page_option_json"", ""undertone"": null, ""undertoneConfidence"": 0}, {""colorFamily"": null, ""confidence"": 0.82, ""optionName"": ""034 웜행평가"", ""shadeName"": ""웜행평가"", ""shadeNumber"": ""034"", ""sourceType"": ""official_brand_page_option_json"", ""undertone"": null, ""undertoneConfidence"": 0}, {""colorFamily"": ""coral"", ""confidence"": 0.82, ""optionName"": ""035 코랄특강"", ""shadeName"": ""코랄특강"", ""shadeNumber"": ""035"", ""sourceType"": ""official_brand_page_option_json"", ""undertone"": ""warm"", ""undertoneConfidence"": 0.62}, {""colorFamily"": null, ""confidence"": 0.82, ""optionName"": ""036 쿨타강사"", ""shadeName"": ""쿨타강사"", ""shadeNumber"": ""036"", ""sourceType"": ""official_brand_page_option_json"", ""undertone"": null, ""undertoneConfidence"": 0}, {""colorFamily"": null, ""confidence"": 0.82, ""optionName"": ""037 실사판공주"", ""shadeName"": ""실사판공주"", ""shadeNumber"": ""037"", ""sourceType"": ""official_brand_page_option_json"", ""undertone"": null, ""undertoneConfidence"": 0}, {""colorFamily"": null, ""confidence"": 0.82, ""optionName"": ""038 쿨세자빈"", ""shadeName"": ""쿨세자빈"", ""shadeNumber"": ""038"", ""sourceType"": ""official_brand_page_option_json"", ""undertone"": null, ""undertoneConfidence"": 0}]",rose,cool,,,tint,"[""warm_tone"", ""cool_tone""]",[],unknown,collected,todo,
148,naver-58782654417,페리페라,lip,10,[페리페라] 잉크 무드 글로이 틴트,finish,"colorFamily,undertone,intensity,sellingPoints,oliveYoungListed",9500,http://www.wconcept.co.kr/Product/308168279?adfrom=naver_ep&utm_source=naver&utm_medium=pcs&utm_campaign=WCONCEPT&utm_content=none&utm_term=none,https://shopping-phinf.pstatic.net/main_5878265/58782654417.jpg,https://clubclio.co.kr/shop/goodsView/0000003508,https://www.lotteimall.com/coop/affilGate.lotte?chl_no=141370&chl_dtl_no=2540914&returnUrl=/goods/viewGoodsDetail.lotte?goods_no=1957100092&utm_source=naver&utm_medium=affiliate&utm_campaign=price_compare,http://www.wconcept.co.kr/Product/308168279?adfrom=naver_ep&utm_source=naver&utm_medium=pcs&utm_campaign=WCONCEPT&utm_content=none&utm_term=none,"[{""colorFamily"": null, ""confidence"": 0.82, ""optionName"": ""040 햇꿀구마"", ""shadeName"": ""햇꿀구마"", ""shadeNumber"": ""040"", ""sourceType"": ""official_brand_page_option_json"", ""undertone"": null, ""undertoneConfidence"": 0}, {""colorFamily"": null, ""confidence"": 0.82, ""optionName"": ""041 갓기구마"", ""shadeName"": ""갓기구마"", ""shadeNumber"": ""041"", ""sourceType"": ""official_brand_page_option_json"", ""undertone"": null, ""undertoneConfidence"": 0}, {""colorFamily"": null, ""confidence"": 0.82, ""optionName"": ""042 제철핑구마"", ""shadeName"": ""제철핑구마"", ""shadeNumber"": ""042"", ""sourceType"": ""official_brand_page_option_json"", ""undertone"": null, ""undertoneConfidence"": 0}, {""colorFamily"": ""rose"", ""confidence"": 0.82, ""optionName"": ""033 로지위시"", ""shadeName"": ""로지위시"", ""shadeNumber"": ""033"", ""sourceType"": ""official_brand_page_option_json"", ""undertone"": ""cool"", ""undertoneConfidence"": 0}, {""colorFamily"": null, ""confidence"": 0.82, ""optionName"": ""021 쿨소평가"", ""shadeName"": ""쿨소평가"", ""shadeNumber"": ""021"", ""sourceType"": ""official_brand_page_option_json"", ""undertone"": null, ""undertoneConfidence"": 0}, {""colorFamily"": null, ""confidence"": 0.82, ""optionName"": ""022 쿨계포상"", ""shadeName"": ""쿨계포상"", ""shadeNumber"": ""022"", ""sourceType"": ""official_brand_page_option_json"", ""undertone"": null, ""undertoneConfidence"": 0}, {""colorFamily"": null, ""confidence"": 0.82, ""optionName"": ""024 자몽부심"", ""shadeName"": ""자몽부심"", ""shadeNumber"": ""024"", ""sourceType"": ""official_brand_page_option_json"", ""undertone"": null, ""undertoneConfidence"": 0}, {""colorFamily"": null, ""confidence"": 0.82, ""optionName"": ""025 힙플딸기"", ""shadeName"": ""힙플딸기"", ""shadeNumber"": ""025"", ""sourceType"": ""official_brand_page_option_json"", ""undertone"": null, ""undertoneConfidence"": 0}, {""colorFamily"": null, ""confidence"": 0.82, ""optionName"": ""027 핑토당토"", ""shadeName"": ""핑토당토"", ""shadeNumber"": ""027"", ""sourceType"": ""official_brand_page_option_json"", ""undertone"": null, ""undertoneConfidence"": 0}, {""colorFamily"": null, ""confidence"": 0.82, ""optionName"": ""028 웜탠다드"", ""shadeName"": ""웜탠다드"", ""shadeNumber"": ""028"", ""sourceType"": ""official_brand_page_option_json"", ""undertone"": null, ""undertoneConfidence"": 0}, {""colorFamily"": null, ""confidence"": 0.82, ""optionName"": ""029 쿨레벌떡"", ""shadeName"": ""쿨레벌떡"", ""shadeNumber"": ""029"", ""sourceType"": ""official_brand_page_option_json"", ""undertone"": null, ""undertoneConfidence"": 0}, {""colorFamily"": ""plum"", ""confidence"": 0.82, ""optionName"": ""030 행집베리"", ""shadeName"": ""행집베리"", ""shadeNumber"": ""030"", ""sourceType"": ""official_brand_page_option_json"", ""undertone"": ""cool"", ""undertoneConfidence"": 0.62}, {""colorFamily"": null, ""confidence"": 0.82, ""optionName"": ""031 명예딸기광"", ""shadeName"": ""명예딸기광"", ""shadeNumber"": ""031"", ""sourceType"": ""official_brand_page_option_json"", ""undertone"": null, ""undertoneConfidence"": 0}, {""colorFamily"": null, ""confidence"": 0.82, ""optionName"": ""032 딸기야가자"", ""shadeName"": ""딸기야가자"", ""shadeNumber"": ""032"", ""sourceType"": ""official_brand_page_option_json"", ""undertone"": null, ""undertoneConfidence"": 0}, {""colorFamily"": null, ""confidence"": 0.82, ""optionName"": ""034 웜행평가"", ""shadeName"": ""웜행평가"", ""shadeNumber"": ""034"", ""sourceType"": ""official_brand_page_option_json"", ""undertone"": null, ""undertoneConfidence"": 0}, {""colorFamily"": ""coral"", ""confidence"": 0.82, ""optionName"": ""035 코랄특강"", ""shadeName"": ""코랄특강"", ""shadeNumber"": ""035"", ""sourceType"": ""official_brand_page_option_json"", ""undertone"": ""warm"", ""undertoneConfidence"": 0.62}, {""colorFamily"": null, ""confidence"": 0.82, ""optionName"": ""036 쿨타강사"", ""shadeName"": ""쿨타강사"", ""shadeNumber"": ""036"", ""sourceType"": ""official_brand_page_option_json"", ""undertone"": null, ""undertoneConfidence"": 0}, {""colorFamily"": null, ""confidence"": 0.82, ""optionName"": ""037 실사판공주"", ""shadeName"": ""실사판공주"", ""shadeNumber"": ""037"", ""sourceType"": ""official_brand_page_option_json"", ""undertone"": null, ""undertoneConfidence"": 0}, {""colorFamily"": null, ""confidence"": 0.82, ""optionName"": ""038 쿨세자빈"", ""shadeName"": ""쿨세자빈"", ""shadeNumber"": ""038"", ""sourceType"": ""official_brand_page_option_json"", ""undertone"": null, ""undertoneConfidence"": 0}]",rose,cool,,,tint,"[""warm_tone"", ""cool_tone""]",[],unknown,collected,todo,
148,naver-59489382838,하트퍼센트,lip,9,하트퍼센트 도트 온 무드 퍼스트틴트,finish,"colorFamily,undertone,intensity,sellingPoints,oliveYoungListed",16000,https://chicor.com/goods/5100002047244?utm_source=naver&utm_medium=cpc&utm_campaign=ep,https://shopping-phinf.pstatic.net/main_5948938/59489382838.3.jpg,https://heartpercent.co.kr/product/도트-온-무드-퍼스트-틴트/413/,https://chicor.com/goods/5100002047244?utm_source=naver&utm_medium=cpc&utm_campaign=ep,https://chicor.com/goods/5100002047244?utm_source=naver&utm_medium=cpc&utm_campaign=ep,"[{""colorFamily"": null, ""confidence"": 0.82, ""optionName"": ""01 피그 라떼"", ""shadeName"": ""피그 라떼"", ""shadeNumber"": ""01"", ""sourceType"": ""official_brand_page_option_html"", ""undertone"": null, ""undertoneConfidence"": 0}, {""colorFamily"": ""peach"", ""confidence"": 0.82, ""optionName"": ""02 플레인 피치"", ""shadeName"": ""플레인 피치"", ""shadeNumber"": ""02"", ""sourceType"": ""official_brand_page_option_html"", ""undertone"": ""warm"", ""undertoneConfidence"": 0.62}, {""colorFamily"": ""plum"", ""confidence"": 0.82, ""optionName"": ""03 무디 그레이프"", ""shadeName"": ""무디 그레이프"", ""shadeNumber"": ""03"", ""sourceType"": ""official_brand_page_option_html"", ""undertone"": ""cool"", ""undertoneConfidence"": 0.62}, {""colorFamily"": ""mauve"", ""confidence"": 0.82, ""optionName"": ""04 모브 오디"", ""shadeName"": ""모브 오디"", ""shadeNumber"": ""04"", ""sourceType"": ""official_brand_page_option_html"", ""undertone"": ""cool"", ""undertoneConfidence"": 0.62}, {""colorFamily"": ""rose"", ""confidence"": 0.82, ""optionName"": ""05 로즈 모카"", ""shadeName"": ""로즈 모카"", ""shadeNumber"": ""05"", ""sourceType"": ""official_brand_page_option_html"", ""undertone"": null, ""undertoneConfidence"": 0}]",peach,cool,,,tint,"[""warm_tone"", ""cool_tone""]",[],unknown,collected,todo,
148,naver-60208058322,3CE,shadow,9,[999팔레트] 3CE 멀티 아이 컬러 팔레트 더 텍스타일 8g 단품/기획,finish,"colorFamily,undertone,intensity,sellingPoints,departmentStoreListed",31200,https://www.oliveyoung.co.kr/store/common/partner.do?chlNo=1&chlDtlNo=1&utm_source=naver&utm_medium=shopping_ep&utm_campaign=onpro_ep_product_0101_1231&utm_content=pc_price&sndType=goods&sndVal=A000000255393,https://shopping-phinf.pstatic.net/main_6020805/60208058322.jpg,https://www.3cecosmetics.com/all-products/eyes/eyeshadow/3ce-multi-eye-color-palette,https://www.oliveyoung.co.kr/store/goods/getGoodsDetail.do?goodsNo=A000000255393,https://www.oliveyoung.co.kr/store/common/partner.do?chlNo=1&chlDtlNo=1&utm_source=naver&utm_medium=shopping_ep&utm_campaign=onpro_ep_product_0101_1231&utm_content=pc_price&sndType=goods&sndVal=A000000255393,"[{""colorFamily"": ""pink"", ""confidence"": 0.82, ""optionName"": ""쿨트럴 핑크"", ""shadeName"": ""쿨트럴 핑크"", ""shadeNumber"": null, ""sourceType"": ""oliveyoung_product_option_json"", ""undertone"": null, ""undertoneConfidence"": 0}, {""colorFamily"": ""mauve"", ""confidence"": 0.82, ""optionName"": ""모브 포커스"", ""shadeName"": ""모브 포커스"", ""shadeNumber"": null, ""sourceType"": ""oliveyoung_product_option_json"", ""undertone"": ""cool"", ""undertoneConfidence"": 0.62}, {""colorFamily"": ""nude"", ""confidence"": 0.82, ""optionName"": ""베어 누드"", ""shadeName"": ""베어 누드"", ""shadeNumber"": null, ""sourceType"": ""oliveyoung_product_option_json"", ""undertone"": ""neutral"", ""undertoneConfidence"": 0.62}]",pink,cool,sheer,,powder,"[""warm_tone"", ""cool_tone""]",[],collected,unknown,todo,
148,naver-35114789994,VDL,shadow,4,[현대백화점 신촌점] [브이디엘] 아이샤인 컬러모드 팔레트,finish,"colorFamily,undertone,intensity,sellingPoints,oliveYoungListed",32000,https://hi.thehyundai.com/product/40A1600827?ReferCode=429&utm_source=naver_ep&utm_medium=ep_price,https://shopping-phinf.pstatic.net/main_3511478/35114789994.1.jpg,,https://hi.thehyundai.com/product/40A1600827?ReferCode=429&utm_source=naver_ep&utm_medium=ep_price,https://hi.thehyundai.com/product/40A1600827?ReferCode=429&utm_source=naver_ep&utm_medium=ep_price,"[{""colorFamily"": ""peach"", ""confidence"": 0.84, ""optionName"": ""01 피치"", ""shadeName"": ""피치"", ""shadeNumber"": ""01"", ""sourceType"": ""thehyundai_next_option"", ""undertone"": ""warm"", ""undertoneConfidence"": 0.62}, {""colorFamily"": ""plum"", ""confidence"": 0.84, ""optionName"": ""02 라일락"", ""shadeName"": ""라일락"", ""shadeNumber"": ""02"", ""sourceType"": ""thehyundai_next_option"", ""undertone"": ""cool"", ""undertoneConfidence"": 0.62}, {""colorFamily"": null, ""confidence"": 0.84, ""optionName"": ""04 코지 뉴트럴"", ""shadeName"": ""코지 뉴트럴"", ""shadeNumber"": ""04"", ""sourceType"": ""thehyundai_next_option"", ""undertone"": ""neutral"", ""undertoneConfidence"": 0.72}]",peach,warm,,,powder,"[""warm_tone"", ""cool_tone""]",[],unknown,collected,todo,
148,naver-59827153259,VDL,shadow,7,[현대신촌점] [브이디엘]아이샤인 컬러모드 팔레트,finish,"undertone,intensity,texture,sellingPoints,oliveYoungListed",26660,https://www.hmall.com/md/pda/itemPtc?ReferCode=429&slitmCd=2250259533&utm_source=naver&utm_medium=cps_pcs&utm_campaign=sale,https://shopping-phinf.pstatic.net/main_5982715/59827153259.jpg,,https://www.hmall.com/md/pda/itemPtc?ReferCode=429&slitmCd=2250259533&utm_source=naver&utm_medium=cps_pcs&utm_campaign=sale,https://www.hmall.com/md/pda/itemPtc?ReferCode=429&slitmCd=2250259533&utm_source=naver&utm_medium=cps_pcs&utm_campaign=sale,"[{""colorFamily"": ""peach"", ""confidence"": 0.82, ""optionName"": ""01 피치"", ""shadeName"": ""피치"", ""shadeNumber"": ""01"", ""sourceType"": ""hmall_next_stock_option"", ""undertone"": ""warm"", ""undertoneConfidence"": 0.62}]",peach,warm,,,powder,"[""warm_tone""]",[],unknown,collected,todo,
148,naver-90990709427,네이밍,shadow,4,네이밍 퍼펙테일 아이 디자이닝 펜슬 슬림라이너 디테일브라운,finish,"colorFamily,undertone,intensity,sellingPoints,oliveYoungListed,departmentStoreListed",21600,https://smartstore.naver.com/main/products/13446199075,https://shopping-phinf.pstatic.net/main_9099070/90990709427.jpg,https://naming.co.kr/product/퍼펙테일-아이-디자이닝-펜슬-슬림라이너/449/,,https://smartstore.naver.com/main/products/13446199075,"[{""colorFamily"": ""black"", ""colorFamilyConfidence"": 0.62, ""confidence"": 0.82, ""intensity"": ""bold"", ""intensityConfidence"": 0.58, ""optionName"": ""퍼펙트블랙"", ""shadeName"": ""퍼펙트블랙"", ""shadeNumber"": null, ""sourceType"": ""official_brand_page_option_json"", ""undertone"": null, ""undertoneConfidence"": 0}, {""colorFamily"": ""brown"", ""confidence"": 0.82, ""optionName"": ""살몬브라운"", ""shadeName"": ""살몬브라운"", ""shadeNumber"": null, ""sourceType"": ""official_brand_page_option_json"", ""undertone"": ""neutral"", ""undertoneConfidence"": 0.62}, {""colorFamily"": ""rose"", ""confidence"": 0.82, ""optionName"": ""로즈 애쉬 브라운"", ""shadeName"": ""로즈 애쉬 브라운"", ""shadeNumber"": null, ""sourceType"": ""official_brand_page_option_json"", ""undertone"": ""neutral"", ""undertoneConfidence"": 0.62}, {""colorFamily"": ""nude"", ""confidence"": 0.82, ""intensity"": ""medium"", ""intensityConfidence"": 0.56, ""optionName"": ""언더 베이지"", ""shadeName"": ""언더 베이지"", ""shadeNumber"": null, ""sourceType"": ""official_brand_page_option_json"", ""undertone"": ""neutral"", ""undertoneConfidence"": 0.62}, {""colorFamily"": ""mauve"", ""confidence"": 0.82, ""optionName"": ""그레이시 모브"", ""shadeName"": ""그레이시 모브"", ""shadeNumber"": null, ""sourceType"": ""official_brand_page_option_json"", ""undertone"": ""cool"", ""undertoneConfidence"": 0.62}, {""colorFamily"": null, ""confidence"": 0.82, ""intensity"": ""bold"", ""intensityConfidence"": 0.56, ""optionName"": ""딥 차콜"", ""shadeName"": ""딥 차콜"", ""shadeNumber"": null, ""sourceType"": ""official_brand_page_option_json"", ""undertone"": null, ""undertoneConfidence"": 0}, {""colorFamily"": ""rose"", ""confidence"": 0.82, ""optionName"": ""딤 로즈"", ""shadeName"": ""딤 로즈"", ""shadeNumber"": null, ""sourceType"": ""official_brand_page_option_json"", ""undertone"": null, ""undertoneConfidence"": 0}, {""colorFamily"": ""pink"", ""confidence"": 0.82, ""optionName"": ""브라우니 핑크"", ""shadeName"": ""브라우니 핑크"", ""shadeNumber"": null, ""sourceType"": ""official_brand_page_option_json"", ""undertone"": null, ""undertoneConfidence"": 0}, {""colorFamily"": ""brown"", ""confidence"": 0.82, ""intensity"": ""medium"", ""intensityConfidence"": 0.56, ""optionName"": ""토프 베이지"", ""shadeName"": ""토프 베이지"", ""shadeNumber"": null, ""sourceType"": ""official_brand_page_option_json"", ""undertone"": ""neutral"", ""undertoneConfidence"": 0.62}, {""colorFamily"": ""brown"", ""confidence"": 0.82, ""optionName"": ""모카 브라운"", ""shadeName"": ""모카 브라운"", ""shadeNumber"": null, ""sourceType"": ""official_brand_page_option_json"", ""undertone"": ""neutral"", ""undertoneConfidence"": 0.62}]",brown,neutral,sheer,,pencil,"[""daily_makeup""]",[],unknown,unknown,todo,
148,naver-53648127899,더샘,shadow,3,샘물 싱글 섀도우,,"shadeOptions,colorFamily,undertone,intensity,finish,texture,suitableFor,sellingPoints,oliveYoungListed,departmentStoreListed",4900,https://chicor.com/goods/0000000119699?utm_source=naver&utm_medium=cpc&utm_campaign=ep,https://shopping-phinf.pstatic.net/main_5364812/53648127899.1.jpg,,https://chicor.com/goods/0000000119699?utm_source=naver&utm_medium=cpc&utm_campaign=ep,https://chicor.com/goods/0000000119699?utm_source=naver&utm_medium=cpc&utm_campaign=ep,"[{""colorFamily"": ""nude"", ""colorFamilyConfidence"": 0.58, ""confidence"": 0.55, ""optionName"": ""WH02 살결st 바닐라"", ""shadeName"": ""WH02 살결st 바닐라"", ""sourceType"": ""naver_offer_title_option_inferred"", ""undertone"": ""neutral"", ""undertoneConfidence"": 0.58}]",nude,neutral,,glossy,powder,[],[],unknown,unknown,todo,
148,naver-56149298490,라카,shadow,1,[NEW컬러출시] 라카 모노 아이섀도우,finish,"colorFamily,undertone,intensity,sellingPoints,departmentStoreListed",8000,https://www.oliveyoung.co.kr/store/common/partner.do?chlNo=1&chlDtlNo=1&utm_source=naver&utm_medium=shopping_ep&utm_campaign=onpro_ep_product_0101_1231&utm_content=pc_price&sndType=goods&sndVal=A000000183472,https://shopping-phinf.pstatic.net/main_5614929/56149298490.jpg,https://laka.co.kr/product/모노-아이섀도우/164/,https://www.oliveyoung.co.kr/store/goods/getGoodsDetail.do?goodsNo=A000000183472,https://www.oliveyoung.co.kr/store/common/partner.do?chlNo=1&chlDtlNo=1&utm_source=naver&utm_medium=shopping_ep&utm_campaign=onpro_ep_product_0101_1231&utm_content=pc_price&sndType=goods&sndVal=A000000183472,"[{""colorFamily"": null, ""confidence"": 0.82, ""optionName"": ""901 테디"", ""shadeName"": ""테디"", ""shadeNumber"": ""901"", ""sourceType"": ""official_brand_page_option_html"", ""undertone"": null, ""undertoneConfidence"": 0}, {""colorFamily"": null, ""confidence"": 0.82, ""optionName"": ""902 얼스"", ""shadeName"": ""얼스"", ""shadeNumber"": ""902"", ""sourceType"": ""official_brand_page_option_html"", ""undertone"": null, ""undertoneConfidence"": 0}, {""colorFamily"": ""pink"", ""confidence"": 0.82, ""optionName"": ""904 피오니"", ""shadeName"": ""피오니"", ""shadeNumber"": ""904"", ""sourceType"": ""official_brand_page_option_html"", ""undertone"": null, ""undertoneConfidence"": 0}, {""colorFamily"": null, ""confidence"": 0.82, ""optionName"": ""905 모더니스트"", ""shadeName"": ""모더니스트"", ""shadeNumber"": ""905"", ""sourceType"": ""official_brand_page_option_html"", ""undertone"": null, ""undertoneConfidence"": 0}, {""colorFamily"": null, ""confidence"": 0.82, ""optionName"": ""906 토니"", ""shadeName"": ""토니"", ""shadeNumber"": ""906"", ""sourceType"": ""official_brand_page_option_html"", ""undertone"": null, ""undertoneConfidence"": 0}, {""colorFamily"": null, ""confidence"": 0.82, ""intensity"": ""bold"", ""intensityConfidence"": 0.58, ""optionName"": ""907 진저"", ""shadeName"": ""진저"", ""shadeNumber"": ""907"", ""sourceType"": ""official_brand_page_option_html"", ""undertone"": ""warm"", ""undertoneConfidence"": 0}, {""colorFamily"": ""nude"", ""colorFamilyConfidence"": 0.62, ""confidence"": 0.82, ""optionName"": ""908 바닐라"", ""shadeName"": ""바닐라"", ""shadeNumber"": ""908"", ""sourceType"": ""official_brand_page_option_html"", ""undertone"": ""neutral"", ""undertoneConfidence"": 0}, {""colorFamily"": null, ""confidence"": 0.82, ""optionName"": ""909 솝"", ""shadeName"": ""솝"", ""shadeNumber"": ""909"", ""sourceType"": ""official_brand_page_option_html"", ""undertone"": null, ""undertoneConfidence"": 0}, {""colorFamily"": null, ""confidence"": 0.82, ""optionName"": ""910 포그"", ""shadeName"": ""포그"", ""shadeNumber"": ""910"", ""sourceType"": ""official_brand_page_option_html"", ""undertone"": null, ""undertoneConfidence"": 0}, {""colorFamily"": ""peach"", ""confidence"": 0.82, ""optionName"": ""911 테라피치"", ""shadeName"": ""테라피치"", ""shadeNumber"": ""911"", ""sourceType"": ""official_brand_page_option_html"", ""undertone"": ""warm"", ""undertoneConfidence"": 0.62}, {""colorFamily"": null, ""confidence"": 0.82, ""optionName"": ""912 샌달우드"", ""shadeName"": ""샌달우드"", ""shadeNumber"": ""912"", ""sourceType"": ""official_brand_page_option_html"", ""undertone"": null, ""undertoneConfidence"": 0}, {""colorFamily"": null, ""confidence"": 0.82, ""optionName"": ""913 시나몬"", ""shadeName"": ""시나몬"", ""shadeNumber"": ""913"", ""sourceType"": ""official_brand_page_option_html"", ""undertone"": null, ""undertoneConfidence"": 0}, {""colorFamily"": null, ""confidence"": 0.82, ""optionName"": ""914 코코아"", ""shadeName"": ""코코아"", ""shadeNumber"": ""914"", ""sourceType"": ""official_brand_page_option_html"", ""undertone"": null, ""undertoneConfidence"": 0}, {""colorFamily"": null, ""confidence"": 0.82, ""optionName"": ""915 헤이즐"", ""shadeName"": ""헤이즐"", ""shadeNumber"": ""915"", ""sourceType"": ""official_brand_page_option_html"", ""undertone"": null, ""undertoneConfidence"": 0}, {""colorFamily"": null, ""confidence"": 0.82, ""optionName"": ""916 베베"", ""shadeName"": ""베베"", ""shadeNumber"": ""916"", ""sourceType"": ""official_brand_page_option_html"", ""undertone"": null, ""undertoneConfidence"": 0}, {""colorFamily"": null, ""confidence"": 0.82, ""optionName"": ""917 메이"", ""shadeName"": ""메이"", ""shadeNumber"": ""917"", ""sourceType"": ""official_brand_page_option_html"", ""undertone"": null, ""undertoneConfidence"": 0}, {""colorFamily"": null, ""confidence"": 0.82, ""optionName"": ""918 플로리스트"", ""shadeName"": ""플로리스트"", ""shadeNumber"": ""918"", ""sourceType"": ""official_brand_page_option_html"", ""undertone"": null, ""undertoneConfidence"": 0}, {""colorFamily"": null, ""confidence"": 0.82, ""optionName"": ""919 써머"", ""shadeName"": ""써머"", ""shadeNumber"": ""919"", ""sourceType"": ""official_brand_page_option_html"", ""undertone"": null, ""undertoneConfidence"": 0}, {""colorFamily"": null, ""confidence"": 0.82, ""optionName"": ""920 칸나"", ""shadeName"": ""칸나"", ""shadeNumber"": ""920"", ""sourceType"": ""official_brand_page_option_html"", ""undertone"": null, ""undertoneConfidence"": 0}, {""colorFamily"": null, ""confidence"": 0.82, ""optionName"": ""921 얼루어"", ""shadeName"": ""얼루어"", ""shadeNumber"": ""921"", ""sourceType"": ""official_brand_page_option_html"", ""undertone"": null, ""undertoneConfidence"": 0}, {""colorFamily"": null, ""confidence"": 0.82, ""optionName"": ""922 스노우"", ""shadeName"": ""스노우"", ""shadeNumber"": ""922"", ""sourceType"": ""official_brand_page_option_html"", ""undertone"": null, ""undertoneConfidence"": 0}, {""colorFamily"": null, ""confidence"": 0.82, ""optionName"": ""923 챈스"", ""shadeName"": ""챈스"", ""shadeNumber"": ""923"", ""sourceType"": ""official_brand_page_option_html"", ""undertone"": null, ""undertoneConfidence"": 0}, {""colorFamily"": null, ""confidence"": 0.82, ""optionName"": ""924 클리프"", ""shadeName"": ""클리프"", ""shadeNumber"": ""924"", ""sourceType"": ""official_brand_page_option_html"", ""undertone"": null, ""undertoneConfidence"": 0}, {""colorFamily"": null, ""confidence"": 0.82, ""optionName"": ""925 글로리"", ""shadeName"": ""글로리"", ""shadeNumber"": ""925"", ""sourceType"": ""official_brand_page_option_html"", ""undertone"": null, ""undertoneConfidence"": 0}, {""colorFamily"": null, ""confidence"": 0.82, ""optionName"": ""926 리버티"", ""shadeName"": ""리버티"", ""shadeNumber"": ""926"", ""sourceType"": ""official_brand_page_option_html"", ""undertone"": null, ""undertoneConfidence"": 0}, {""colorFamily"": null, ""confidence"": 0.82, ""optionName"": ""927 퓨어"", ""shadeName"": ""퓨어"", ""shadeNumber"": ""927"", ""sourceType"": ""official_brand_page_option_html"", ""undertone"": null, ""undertoneConfidence"": 0}, {""colorFamily"": null, ""confidence"": 0.82, ""optionName"": ""928 허그"", ""shadeName"": ""허그"", ""shadeNumber"": ""928"", ""sourceType"": ""official_brand_page_option_html"", ""undertone"": null, ""undertoneConfidence"": 0}, {""colorFamily"": null, ""confidence"": 0.82, ""optionName"": ""929 치어풀"", ""shadeName"": ""치어풀"", ""shadeNumber"": ""929"", ""sourceType"": ""official_brand_page_option_html"", ""undertone"": null, ""undertoneConfidence"": 0}, {""colorFamily"": null, ""confidence"": 0.82, ""optionName"": ""930 써니"", ""shadeName"": ""써니"", ""shadeNumber"": ""930"", ""sourceType"": ""official_brand_page_option_html"", ""undertone"": null, ""undertoneConfidence"": 0}, {""colorFamily"": null, ""confidence"": 0.82, ""optionName"": ""931 리듬"", ""shadeName"": ""리듬"", ""shadeNumber"": ""931"", ""sourceType"": ""official_brand_page_option_html"", ""undertone"": null, ""undertoneConfidence"": 0}, {""colorFamily"": ""brown"", ""colorFamilyConfidence"": 0.62, ""confidence"": 0.82, ""optionName"": ""932 토스트"", ""shadeName"": ""토스트"", ""shadeNumber"": ""932"", ""sourceType"": ""official_brand_page_option_html"", ""undertone"": ""neutral"", ""undertoneConfidence"": 0}, {""colorFamily"": null, ""confidence"": 0.82, ""optionName"": ""933 소울"", ""shadeName"": ""소울"", ""shadeNumber"": ""933"", ""sourceType"": ""official_brand_page_option_html"", ""undertone"": null, ""undertoneConfidence"": 0}, {""colorFamily"": null, ""confidence"": 0.82, ""optionName"": ""934 바운스"", ""shadeName"": ""바운스"", ""shadeNumber"": ""934"", ""sourceType"": ""official_brand_page_option_html"", ""undertone"": null, ""undertoneConfidence"": 0}, {""colorFamily"": null, ""confidence"": 0.82, ""optionName"": ""935 헤이즈"", ""shadeName"": ""헤이즈"", ""shadeNumber"": ""935"", ""sourceType"": ""official_brand_page_option_html"", ""undertone"": null, ""undertoneConfidence"": 0}, {""colorFamily"": ""plum"", ""confidence"": 0.82, ""optionName"": ""936 그레이프"", ""shadeName"": ""그레이프"", ""shadeNumber"": ""936"", ""sourceType"": ""official_brand_page_option_html"", ""undertone"": ""cool"", ""undertoneConfidence"": 0.62}, {""colorFamily"": null, ""confidence"": 0.82, ""optionName"": ""937 엔비"", ""shadeName"": ""엔비"", ""shadeNumber"": ""937"", ""sourceType"": ""official_brand_page_option_html"", ""undertone"": null, ""undertoneConfidence"": 0}, {""colorFamily"": null, ""confidence"": 0.82, ""optionName"": ""938 카키"", ""shadeName"": ""카키"", ""shadeNumber"": ""938"", ""sourceType"": ""official_brand_page_option_html"", ""undertone"": null, ""undertoneConfidence"": 0}, {""colorFamily"": null, ""confidence"": 0.82, ""optionName"": ""939 선셋"", ""shadeName"": ""선셋"", ""shadeNumber"": ""939"", ""sourceType"": ""official_brand_page_option_html"", ""undertone"": null, ""undertoneConfidence"": 0}, {""colorFamily"": null, ""confidence"": 0.82, ""optionName"": ""940 허쉬"", ""shadeName"": ""허쉬"", ""shadeNumber"": ""940"", ""sourceType"": ""official_brand_page_option_html"", ""undertone"": null, ""undertoneConfidence"": 0}, {""colorFamily"": null, ""confidence"": 0.82, ""optionName"": ""941 샤이"", ""shadeName"": ""샤이"", ""shadeNumber"": ""941"", ""sourceType"": ""official_brand_page_option_html"", ""undertone"": null, ""undertoneConfidence"": 0}]",pink,warm,sheer,,powder,"[""daily_makeup""]",[],collected,unknown,todo,
148,naver-48825667405,라카,shadow,3,포에버6 아이 팔레트,finish,"colorFamily,undertone,intensity,sellingPoints,oliveYoungListed,departmentStoreListed",21600,https://chicor.com/goods/0000000091839?utm_source=naver&utm_medium=cpc&utm_campaign=ep,https://shopping-phinf.pstatic.net/main_4882566/48825667405.6.jpg,https://laka.co.kr/product/포에버-6-아이-팔레트/174/,https://chicor.com/goods/0000000091839?utm_source=naver&utm_medium=cpc&utm_campaign=ep,https://chicor.com/goods/0000000091839?utm_source=naver&utm_medium=cpc&utm_campaign=ep,"[{""colorFamily"": null, ""confidence"": 0.82, ""optionName"": ""01 비기닝"", ""shadeName"": ""비기닝"", ""shadeNumber"": ""01"", ""sourceType"": ""official_brand_page_option_html"", ""undertone"": null, ""undertoneConfidence"": 0}, {""colorFamily"": null, ""confidence"": 0.82, ""optionName"": ""02 어텐션"", ""shadeName"": ""어텐션"", ""shadeNumber"": ""02"", ""sourceType"": ""official_brand_page_option_html"", ""undertone"": null, ""undertoneConfidence"": 0}, {""colorFamily"": ""rose"", ""confidence"": 0.82, ""optionName"": ""03 프림로즈"", ""shadeName"": ""프림로즈"", ""shadeNumber"": ""03"", ""sourceType"": ""official_brand_page_option_html"", ""undertone"": null, ""undertoneConfidence"": 0}, {""colorFamily"": ""peach"", ""confidence"": 0.82, ""optionName"": ""04 탠피치"", ""shadeName"": ""탠피치"", ""shadeNumber"": ""04"", ""sourceType"": ""official_brand_page_option_html"", ""undertone"": ""warm"", ""undertoneConfidence"": 0.62}]",rose,warm,sheer,,powder,"[""daily_makeup""]",[],unknown,unknown,todo,
148,naver-59977758232,라카,shadow,6,라카 new컬러 모노 아이섀도우 50종 택1 4656984,finish,"colorFamily,undertone,intensity,sellingPoints,oliveYoungListed,departmentStoreListed",16290,https://www.lotteon.com/p/product/LO2675406059?sitmNo=LO2675406059_2675406060&ch_no=100065&ch_dtl_no=1000030&entryPoint=pcs&dp_infw_cd=CHT,https://shopping-phinf.pstatic.net/main_5997775/59977758232.jpg,https://laka.co.kr/product/모노-아이섀도우/164/,https://www.lotteon.com/p/product/LO2675406059?sitmNo=LO2675406059_2675406060&ch_no=100065&ch_dtl_no=1000030&entryPoint=pcs&dp_infw_cd=CHT,https://www.lotteon.com/p/product/LO2675406059?sitmNo=LO2675406059_2675406060&ch_no=100065&ch_dtl_no=1000030&entryPoint=pcs&dp_infw_cd=CHT,"[{""colorFamily"": null, ""confidence"": 0.84, ""optionName"": ""001 901 테디 4656984"", ""shadeName"": ""901 테디 4656984"", ""shadeNumber"": ""001"", ""sourceType"": ""lotteon_product_api_option"", ""undertone"": null, ""undertoneConfidence"": 0}, {""colorFamily"": null, ""confidence"": 0.84, ""optionName"": ""002 902 얼스 4656984"", ""shadeName"": ""902 얼스 4656984"", ""shadeNumber"": ""002"", ""sourceType"": ""lotteon_product_api_option"", ""undertone"": null, ""undertoneConfidence"": 0}, {""colorFamily"": null, ""confidence"": 0.84, ""optionName"": ""003 903 튤립 4656984"", ""shadeName"": ""903 튤립 4656984"", ""shadeNumber"": ""003"", ""sourceType"": ""lotteon_product_api_option"", ""undertone"": null, ""undertoneConfidence"": 0}, {""colorFamily"": ""pink"", ""confidence"": 0.84, ""optionName"": ""004 904 피오니 4656984"", ""shadeName"": ""904 피오니 4656984"", ""shadeNumber"": ""004"", ""sourceType"": ""lotteon_product_api_option"", ""undertone"": null, ""undertoneConfidence"": 0}, {""colorFamily"": null, ""confidence"": 0.84, ""optionName"": ""005 905 모더니스트 4656984"", ""shadeName"": ""905 모더니스트 4656984"", ""shadeNumber"": ""005"", ""sourceType"": ""lotteon_product_api_option"", ""undertone"": null, ""undertoneConfidence"": 0}, {""colorFamily"": null, ""confidence"": 0.84, ""optionName"": ""006 906 토니 4656984"", ""shadeName"": ""906 토니 4656984"", ""shadeNumber"": ""006"", ""sourceType"": ""lotteon_product_api_option"", ""undertone"": null, ""undertoneConfidence"": 0}, {""colorFamily"": null, ""confidence"": 0.84, ""intensity"": ""bold"", ""intensityConfidence"": 0.58, ""optionName"": ""007 907 진저 4656984"", ""shadeName"": ""907 진저 4656984"", ""shadeNumber"": ""007"", ""sourceType"": ""lotteon_product_api_option"", ""undertone"": ""warm"", ""undertoneConfidence"": 0}, {""colorFamily"": ""nude"", ""colorFamilyConfidence"": 0.62, ""confidence"": 0.84, ""optionName"": ""008 908 바닐라 4656984"", ""shadeName"": ""908 바닐라 4656984"", ""shadeNumber"": ""008"", ""sourceType"": ""lotteon_product_api_option"", ""undertone"": ""neutral"", ""undertoneConfidence"": 0}, {""colorFamily"": null, ""confidence"": 0.84, ""optionName"": ""009 909 솝 4656984"", ""shadeName"": ""909 솝 4656984"", ""shadeNumber"": ""009"", ""sourceType"": ""lotteon_product_api_option"", ""undertone"": null, ""undertoneConfidence"": 0}, {""colorFamily"": null, ""confidence"": 0.84, ""optionName"": ""010 910 포그 4656984"", ""shadeName"": ""910 포그 4656984"", ""shadeNumber"": ""010"", ""sourceType"": ""lotteon_product_api_option"", ""undertone"": null, ""undertoneConfidence"": 0}, {""colorFamily"": ""peach"", ""confidence"": 0.84, ""optionName"": ""011 911 테라피치 4656984"", ""shadeName"": ""911 테라피치 4656984"", ""shadeNumber"": ""011"", ""sourceType"": ""lotteon_product_api_option"", ""undertone"": ""warm"", ""undertoneConfidence"": 0.62}, {""colorFamily"": null, ""confidence"": 0.84, ""optionName"": ""012 912 샌달우드 4656984"", ""shadeName"": ""912 샌달우드 4656984"", ""shadeNumber"": ""012"", ""sourceType"": ""lotteon_product_api_option"", ""undertone"": null, ""undertoneConfidence"": 0}, {""colorFamily"": null, ""confidence"": 0.84, ""optionName"": ""013 913 시나몬 4656984"", ""shadeName"": ""913 시나몬 4656984"", ""shadeNumber"": ""013"", ""sourceType"": ""lotteon_product_api_option"", ""undertone"": null, ""undertoneConfidence"": 0}, {""colorFamily"": null, ""confidence"": 0.84, ""optionName"": ""014 914 코코아 4656984"", ""shadeName"": ""914 코코아 4656984"", ""shadeNumber"": ""014"", ""sourceType"": ""lotteon_product_api_option"", ""undertone"": null, ""undertoneConfidence"": 0}, {""colorFamily"": null, ""confidence"": 0.84, ""optionName"": ""015 915 헤이즐 4656984"", ""shadeName"": ""915 헤이즐 4656984"", ""shadeNumber"": ""015"", ""sourceType"": ""lotteon_product_api_option"", ""undertone"": null, ""undertoneConfidence"": 0}, {""colorFamily"": null, ""confidence"": 0.84, ""optionName"": ""016 916 베베 4656984"", ""shadeName"": ""916 베베 4656984"", ""shadeNumber"": ""016"", ""sourceType"": ""lotteon_product_api_option"", ""undertone"": null, ""undertoneConfidence"": 0}, {""colorFamily"": null, ""confidence"": 0.84, ""optionName"": ""017 917 메이 4656984"", ""shadeName"": ""917 메이 4656984"", ""shadeNumber"": ""017"", ""sourceType"": ""lotteon_product_api_option"", ""undertone"": null, ""undertoneConfidence"": 0}, {""colorFamily"": null, ""confidence"": 0.84, ""optionName"": ""018 918 플로리스트 4656984"", ""shadeName"": ""918 플로리스트 4656984"", ""shadeNumber"": ""018"", ""sourceType"": ""lotteon_product_api_option"", ""undertone"": null, ""undertoneConfidence"": 0}, {""colorFamily"": null, ""confidence"": 0.84, ""optionName"": ""019 919 써머 4656984"", ""shadeName"": ""919 써머 4656984"", ""shadeNumber"": ""019"", ""sourceType"": ""lotteon_product_api_option"", ""undertone"": null, ""undertoneConfidence"": 0}, {""colorFamily"": null, ""confidence"": 0.84, ""optionName"": ""020 920 칸나 4656984"", ""shadeName"": ""920 칸나 4656984"", ""shadeNumber"": ""020"", ""sourceType"": ""lotteon_product_api_option"", ""undertone"": null, ""undertoneConfidence"": 0}, {""colorFamily"": null, ""confidence"": 0.84, ""optionName"": ""021 921 얼루어 4656984"", ""shadeName"": ""921 얼루어 4656984"", ""shadeNumber"": ""021"", ""sourceType"": ""lotteon_product_api_option"", ""undertone"": null, ""undertoneConfidence"": 0}, {""colorFamily"": null, ""confidence"": 0.84, ""optionName"": ""022 922 스노우 4656984"", ""shadeName"": ""922 스노우 4656984"", ""shadeNumber"": ""022"", ""sourceType"": ""lotteon_product_api_option"", ""undertone"": null, ""undertoneConfidence"": 0}, {""colorFamily"": null, ""confidence"": 0.84, ""optionName"": ""023 923 챈스 4656984"", ""shadeName"": ""923 챈스 4656984"", ""shadeNumber"": ""023"", ""sourceType"": ""lotteon_product_api_option"", ""undertone"": null, ""undertoneConfidence"": 0}, {""colorFamily"": null, ""confidence"": 0.84, ""optionName"": ""024 924 클리프 4656984"", ""shadeName"": ""924 클리프 4656984"", ""shadeNumber"": ""024"", ""sourceType"": ""lotteon_product_api_option"", ""undertone"": null, ""undertoneConfidence"": 0}, {""colorFamily"": null, ""confidence"": 0.84, ""optionName"": ""025 925 글로리 4656984"", ""shadeName"": ""925 글로리 4656984"", ""shadeNumber"": ""025"", ""sourceType"": ""lotteon_product_api_option"", ""undertone"": null, ""undertoneConfidence"": 0}, {""colorFamily"": null, ""confidence"": 0.84, ""optionName"": ""026 926 리버티 4656984"", ""shadeName"": ""926 리버티 4656984"", ""shadeNumber"": ""026"", ""sourceType"": ""lotteon_product_api_option"", ""undertone"": null, ""undertoneConfidence"": 0}, {""colorFamily"": null, ""confidence"": 0.84, ""optionName"": ""027 new 927 퓨어 4656984"", ""shadeName"": ""new 927 퓨어 4656984"", ""shadeNumber"": ""027"", ""sourceType"": ""lotteon_product_api_option"", ""undertone"": null, ""undertoneConfidence"": 0}, {""colorFamily"": null, ""confidence"": 0.84, ""optionName"": ""028 new 928 허그 4656984"", ""shadeName"": ""new 928 허그 4656984"", ""shadeNumber"": ""028"", ""sourceType"": ""lotteon_product_api_option"", ""undertone"": null, ""undertoneConfidence"": 0}, {""colorFamily"": null, ""confidence"": 0.84, ""optionName"": ""029 new 929 치어풀 4656984"", ""shadeName"": ""new 929 치어풀 4656984"", ""shadeNumber"": ""029"", ""sourceType"": ""lotteon_product_api_option"", ""undertone"": null, ""undertoneConfidence"": 0}, {""colorFamily"": null, ""confidence"": 0.84, ""optionName"": ""030 new 930 써니 4656984"", ""shadeName"": ""new 930 써니 4656984"", ""shadeNumber"": ""030"", ""sourceType"": ""lotteon_product_api_option"", ""undertone"": null, ""undertoneConfidence"": 0}, {""colorFamily"": null, ""confidence"": 0.84, ""optionName"": ""031 new 931 리듬 4656984"", ""shadeName"": ""new 931 리듬 4656984"", ""shadeNumber"": ""031"", ""sourceType"": ""lotteon_product_api_option"", ""undertone"": null, ""undertoneConfidence"": 0}, {""colorFamily"": ""brown"", ""confidence"": 0.84, ""optionName"": ""032 new 932 토스트 4656984"", ""shadeName"": ""new 932 토스트 4656984"", ""shadeNumber"": ""032"", ""sourceType"": ""lotteon_product_api_option"", ""undertone"": ""neutral"", ""undertoneConfidence"": 0.62}, {""colorFamily"": null, ""confidence"": 0.84, ""optionName"": ""033 new 933 소울 4656984"", ""shadeName"": ""new 933 소울 4656984"", ""shadeNumber"": ""033"", ""sourceType"": ""lotteon_product_api_option"", ""undertone"": null, ""undertoneConfidence"": 0}, {""colorFamily"": null, ""confidence"": 0.84, ""optionName"": ""034 new 934 바운스 4656984"", ""shadeName"": ""new 934 바운스 4656984"", ""shadeNumber"": ""034"", ""sourceType"": ""lotteon_product_api_option"", ""undertone"": null, ""undertoneConfidence"": 0}, {""colorFamily"": null, ""confidence"": 0.84, ""optionName"": ""035 new 935 헤이즈 4656984"", ""shadeName"": ""new 935 헤이즈 4656984"", ""shadeNumber"": ""035"", ""sourceType"": ""lotteon_product_api_option"", ""undertone"": null, ""undertoneConfidence"": 0}, {""colorFamily"": ""plum"", ""confidence"": 0.84, ""optionName"": ""036 new 936 그레이프 4656984"", ""shadeName"": ""new 936 그레이프 4656984"", ""shadeNumber"": ""036"", ""sourceType"": ""lotteon_product_api_option"", ""undertone"": ""cool"", ""undertoneConfidence"": 0.62}, {""colorFamily"": null, ""confidence"": 0.84, ""optionName"": ""037 new 937 엔비 4656984"", ""shadeName"": ""new 937 엔비 4656984"", ""shadeNumber"": ""037"", ""sourceType"": ""lotteon_product_api_option"", ""undertone"": null, ""undertoneConfidence"": 0}, {""colorFamily"": null, ""confidence"": 0.84, ""optionName"": ""038 new 938 카키 4656984"", ""shadeName"": ""new 938 카키 4656984"", ""shadeNumber"": ""038"", ""sourceType"": ""lotteon_product_api_option"", ""undertone"": null, ""undertoneConfidence"": 0}, {""colorFamily"": null, ""confidence"": 0.84, ""optionName"": ""039 new 939 선셋 4656984"", ""shadeName"": ""new 939 선셋 4656984"", ""shadeNumber"": ""039"", ""sourceType"": ""lotteon_product_api_option"", ""undertone"": null, ""undertoneConfidence"": 0}, {""colorFamily"": null, ""confidence"": 0.84, ""optionName"": ""040 new 940 허쉬 4656984"", ""shadeName"": ""new 940 허쉬 4656984"", ""shadeNumber"": ""040"", ""sourceType"": ""lotteon_product_api_option"", ""undertone"": null, ""undertoneConfidence"": 0}]",pink,warm,sheer,,powder,"[""daily_makeup""]",[],unknown,unknown,todo,
148,naver-59965744835,라카,shadow,7,라카 포에버6 아이 팔레트 3544690,finish,"colorFamily,undertone,intensity,sellingPoints,oliveYoungListed,departmentStoreListed",38340,https://www.lotteon.com/p/product/LO2674742482?sitmNo=LO2674742482_2674742483&ch_no=100065&ch_dtl_no=1000030&entryPoint=pcs&dp_infw_cd=CHT,https://shopping-phinf.pstatic.net/main_5996574/59965744835.jpg,https://laka.co.kr/product/포에버-6-아이-팔레트/174/,https://www.lotteon.com/p/product/LO2674742482?sitmNo=LO2674742482_2674742483&ch_no=100065&ch_dtl_no=1000030&entryPoint=pcs&dp_infw_cd=CHT,https://www.lotteon.com/p/product/LO2674742482?sitmNo=LO2674742482_2674742483&ch_no=100065&ch_dtl_no=1000030&entryPoint=pcs&dp_infw_cd=CHT,"[{""colorFamily"": null, ""confidence"": 0.84, ""optionName"": ""001 01 비기닝 3544690"", ""shadeName"": ""01 비기닝 3544690"", ""shadeNumber"": ""001"", ""sourceType"": ""lotteon_product_api_option"", ""undertone"": null, ""undertoneConfidence"": 0}, {""colorFamily"": null, ""confidence"": 0.84, ""optionName"": ""002 02 어텐션 3544690"", ""shadeName"": ""02 어텐션 3544690"", ""shadeNumber"": ""002"", ""sourceType"": ""lotteon_product_api_option"", ""undertone"": null, ""undertoneConfidence"": 0}, {""colorFamily"": ""rose"", ""confidence"": 0.84, ""optionName"": ""003 03 프림로즈 3544690"", ""shadeName"": ""03 프림로즈 3544690"", ""shadeNumber"": ""003"", ""sourceType"": ""lotteon_product_api_option"", ""undertone"": null, ""undertoneConfidence"": 0}, {""colorFamily"": ""peach"", ""confidence"": 0.84, ""optionName"": ""004 04 탠피치 3544690"", ""shadeName"": ""04 탠피치 3544690"", ""shadeNumber"": ""004"", ""sourceType"": ""lotteon_product_api_option"", ""undertone"": ""warm"", ""undertoneConfidence"": 0.62}]",rose,warm,sheer,,powder,"[""daily_makeup""]",[],unknown,unknown,todo,
148,naver-60675640019,라카,shadow,8,LAKA 모노 아이섀도우 50종 택1,finish,"colorFamily,undertone,intensity,sellingPoints,oliveYoungListed,departmentStoreListed",7380,https://www.lotteon.com/p/product/LO2712920481?sitmNo=LO2712920481_2712920482&ch_no=100065&ch_dtl_no=1000030&entryPoint=pcs&dp_infw_cd=CHT,https://shopping-phinf.pstatic.net/main_6067564/60675640019.jpg,https://laka.co.kr/product/모노-아이섀도우/164/,https://www.lotteon.com/p/product/LO2712920481?sitmNo=LO2712920481_2712920482&ch_no=100065&ch_dtl_no=1000030&entryPoint=pcs&dp_infw_cd=CHT,https://www.lotteon.com/p/product/LO2712920481?sitmNo=LO2712920481_2712920482&ch_no=100065&ch_dtl_no=1000030&entryPoint=pcs&dp_infw_cd=CHT,"[{""colorFamily"": null, ""confidence"": 0.72, ""optionName"": ""001 #901 테디"", ""shadeName"": ""#901 테디"", ""shadeNumber"": ""001"", ""sourceType"": ""lotteon_product_api_title"", ""undertone"": null, ""undertoneConfidence"": 0}]",pink,warm,sheer,,powder,"[""daily_makeup""]",[],unknown,unknown,todo,
148,naver-60652556822,라카,shadow,9,라카 모노 아이섀도우 챈스 923호,finish,"colorFamily,undertone,intensity,sellingPoints,oliveYoungListed,departmentStoreListed",9420,https://www.lotteon.com/p/product/LO2712463296?sitmNo=LO2712463296_2712463297&ch_no=100065&ch_dtl_no=1000030&entryPoint=pcs&dp_infw_cd=CHT,https://shopping-phinf.pstatic.net/main_6065255/60652556822.jpg,https://laka.co.kr/product/모노-아이섀도우/164/,https://www.lotteon.com/p/product/LO2712463296?sitmNo=LO2712463296_2712463297&ch_no=100065&ch_dtl_no=1000030&entryPoint=pcs&dp_infw_cd=CHT,https://www.lotteon.com/p/product/LO2712463296?sitmNo=LO2712463296_2712463297&ch_no=100065&ch_dtl_no=1000030&entryPoint=pcs&dp_infw_cd=CHT,"[{""colorFamily"": null, ""confidence"": 0.72, ""optionName"": ""923 챈스"", ""shadeName"": ""챈스"", ""shadeNumber"": ""923"", ""sourceType"": ""lotteon_product_api_title"", ""undertone"": null, ""undertoneConfidence"": 0}]",pink,warm,sheer,,powder,"[""daily_makeup""]",[],unknown,unknown,todo,
148,naver-60652557429,라카,shadow,10,라카 모노 아이섀도우 엔비 937호,finish,"colorFamily,undertone,intensity,sellingPoints,oliveYoungListed,departmentStoreListed",9420,https://www.lotteon.com/p/product/LO2712463240?sitmNo=LO2712463240_2712463241&ch_no=100065&ch_dtl_no=1000030&entryPoint=pcs&dp_infw_cd=CHT,https://shopping-phinf.pstatic.net/main_6065255/60652557429.jpg,https://laka.co.kr/product/모노-아이섀도우/164/,https://www.lotteon.com/p/product/LO2712463240?sitmNo=LO2712463240_2712463241&ch_no=100065&ch_dtl_no=1000030&entryPoint=pcs&dp_infw_cd=CHT,https://www.lotteon.com/p/product/LO2712463240?sitmNo=LO2712463240_2712463241&ch_no=100065&ch_dtl_no=1000030&entryPoint=pcs&dp_infw_cd=CHT,"[{""colorFamily"": null, ""confidence"": 0.72, ""optionName"": ""937 엔비"", ""shadeName"": ""엔비"", ""shadeNumber"": ""937"", ""sourceType"": ""lotteon_product_api_title"", ""undertone"": null, ""undertoneConfidence"": 0}]",pink,warm,sheer,,powder,"[""daily_makeup""]",[],unknown,unknown,todo,
148,naver-57395588830,롬앤,shadow,1,롬앤 슬라이드 인 싱글 | 올리브영,finish,"colorFamily,undertone,intensity,sellingPoints,departmentStoreListed",5400,https://www.oliveyoung.co.kr/store/common/partner.do?chlNo=1&chlDtlNo=1&utm_source=naver&utm_medium=shopping_ep&utm_campaign=onpro_ep_product_0101_1231&utm_content=pc_price&sndType=goods&sndVal=A000000212611,https://shopping-phinf.pstatic.net/main_5739558/57395588830.jpg,,https://www.oliveyoung.co.kr/store/goods/getGoodsDetail.do?goodsNo=A000000212611,https://www.oliveyoung.co.kr/store/common/partner.do?chlNo=1&chlDtlNo=1&utm_source=naver&utm_medium=shopping_ep&utm_campaign=onpro_ep_product_0101_1231&utm_content=pc_price&sndType=goods&sndVal=A000000212611,"[{""colorFamily"": null, ""confidence"": 0.82, ""optionName"": ""M28 키튼 젤리"", ""shadeName"": ""키튼 젤리"", ""shadeNumber"": ""M28"", ""sourceType"": ""oliveyoung_product_option_json"", ""undertone"": null, ""undertoneConfidence"": 0}, {""colorFamily"": ""peach"", ""confidence"": 0.82, ""optionName"": ""M29 피치 슈"", ""shadeName"": ""피치 슈"", ""shadeNumber"": ""M29"", ""sourceType"": ""oliveyoung_product_option_json"", ""undertone"": ""warm"", ""undertoneConfidence"": 0.62}, {""colorFamily"": null, ""confidence"": 0.82, ""optionName"": ""M31 슈가 프레즐"", ""shadeName"": ""슈가 프레즐"", ""shadeNumber"": ""M31"", ""sourceType"": ""oliveyoung_product_option_json"", ""undertone"": null, ""undertoneConfidence"": 0}, {""colorFamily"": null, ""confidence"": 0.82, ""optionName"": ""M01 웜 볼류머"", ""shadeName"": ""웜 볼류머"", ""shadeNumber"": ""M01"", ""sourceType"": ""oliveyoung_product_option_json"", ""undertone"": null, ""undertoneConfidence"": 0}, {""colorFamily"": null, ""confidence"": 0.82, ""optionName"": ""M02 쿨 볼류머"", ""shadeName"": ""쿨 볼류머"", ""shadeNumber"": ""M02"", ""sourceType"": ""oliveyoung_product_option_json"", ""undertone"": null, ""undertoneConfidence"": 0}, {""colorFamily"": null, ""confidence"": 0.82, ""optionName"": ""M03 요거트 크림"", ""shadeName"": ""요거트 크림"", ""shadeNumber"": ""M03"", ""sourceType"": ""oliveyoung_product_option_json"", ""undertone"": null, ""undertoneConfidence"": 0}, {""colorFamily"": ""pink"", ""confidence"": 0.82, ""optionName"": ""M08 페일 피오니"", ""shadeName"": ""페일 피오니"", ""shadeNumber"": ""M08"", ""sourceType"": ""oliveyoung_product_option_json"", ""undertone"": null, ""undertoneConfidence"": 0}, {""colorFamily"": null, ""confidence"": 0.82, ""optionName"": ""M09 비 헤이지"", ""shadeName"": ""비 헤이지"", ""shadeNumber"": ""M09"", ""sourceType"": ""oliveyoung_product_option_json"", ""undertone"": null, ""undertoneConfidence"": 0}, {""colorFamily"": null, ""confidence"": 0.82, ""optionName"": ""M14 토 슈즈"", ""shadeName"": ""토 슈즈"", ""shadeNumber"": ""M14"", ""sourceType"": ""oliveyoung_product_option_json"", ""undertone"": null, ""undertoneConfidence"": 0}, {""colorFamily"": ""peach"", ""confidence"": 0.82, ""optionName"": ""M15 낫띵 피치"", ""shadeName"": ""낫띵 피치"", ""shadeNumber"": ""M15"", ""sourceType"": ""oliveyoung_product_option_json"", ""undertone"": ""warm"", ""undertoneConfidence"": 0.62}, {""colorFamily"": null, ""confidence"": 0.82, ""optionName"": ""M16 피그 휘핑"", ""shadeName"": ""피그 휘핑"", ""shadeNumber"": ""M16"", ""sourceType"": ""oliveyoung_product_option_json"", ""undertone"": null, ""undertoneConfidence"": 0}, {""colorFamily"": null, ""confidence"": 0.82, ""optionName"": ""M17 포니"", ""shadeName"": ""포니"", ""shadeNumber"": ""M17"", ""sourceType"": ""oliveyoung_product_option_json"", ""undertone"": null, ""undertoneConfidence"": 0}, {""colorFamily"": null, ""confidence"": 0.82, ""optionName"": ""M18 플레인 모카"", ""shadeName"": ""플레인 모카"", ""shadeNumber"": ""M18"", ""sourceType"": ""oliveyoung_product_option_json"", ""undertone"": null, ""undertoneConfidence"": 0}, {""colorFamily"": null, ""confidence"": 0.82, ""intensity"": ""sheer"", ""intensityConfidence"": 0.56, ""optionName"": ""M20 데일리 메밀"", ""shadeName"": ""데일리 메밀"", ""shadeNumber"": ""M20"", ""sourceType"": ""oliveyoung_product_option_json"", ""undertone"": null, ""undertoneConfidence"": 0}, {""colorFamily"": null, ""confidence"": 0.82, ""optionName"": ""M22 미드 마롱"", ""shadeName"": ""미드 마롱"", ""shadeNumber"": ""M22"", ""sourceType"": ""oliveyoung_product_option_json"", ""undertone"": null, ""undertoneConfidence"": 0}, {""colorFamily"": ""red"", ""confidence"": 0.82, ""optionName"": ""M23 레드 빈즈"", ""shadeName"": ""레드 빈즈"", ""shadeNumber"": ""M23"", ""sourceType"": ""oliveyoung_product_option_json"", ""undertone"": null, ""undertoneConfidence"": 0}, {""colorFamily"": null, ""confidence"": 0.82, ""optionName"": ""M24 먼지"", ""shadeName"": ""먼지"", ""shadeNumber"": ""M24"", ""sourceType"": ""oliveyoung_product_option_json"", ""undertone"": null, ""undertoneConfidence"": 0}, {""colorFamily"": ""brown"", ""confidence"": 0.82, ""optionName"": ""M25 처비 초코"", ""shadeName"": ""처비 초코"", ""shadeNumber"": ""M25"", ""sourceType"": ""oliveyoung_product_option_json"", ""undertone"": null, ""undertoneConfidence"": 0}, {""colorFamily"": null, ""confidence"": 0.82, ""optionName"": ""S01 글레이즈"", ""shadeName"": ""글레이즈"", ""shadeNumber"": ""S01"", ""sourceType"": ""oliveyoung_product_option_json"", ""undertone"": null, ""undertoneConfidence"": 0}, {""colorFamily"": ""nude"", ""colorFamilyConfidence"": 0.62, ""confidence"": 0.82, ""intensity"": ""sheer"", ""intensityConfidence"": 0.58, ""optionName"": ""S07 포슬린"", ""shadeName"": ""포슬린"", ""shadeNumber"": ""S07"", ""sourceType"": ""oliveyoung_product_option_json"", ""undertone"": ""neutral"", ""undertoneConfidence"": 0}, {""colorFamily"": ""pink"", ""confidence"": 0.82, ""optionName"": ""S08 핑크 샤"", ""shadeName"": ""핑크 샤"", ""shadeNumber"": ""S08"", ""sourceType"": ""oliveyoung_product_option_json"", ""undertone"": null, ""undertoneConfidence"": 0}, {""colorFamily"": ""pink"", ""confidence"": 0.82, ""optionName"": ""S10 잠봉 핑크"", ""shadeName"": ""잠봉 핑크"", ""shadeNumber"": ""S10"", ""sourceType"": ""oliveyoung_product_option_json"", ""undertone"": null, ""undertoneConfidence"": 0}, {""colorFamily"": null, ""confidence"": 0.82, ""optionName"": ""S11 매쉬드 자몽"", ""shadeName"": ""매쉬드 자몽"", ""shadeNumber"": ""S11"", ""sourceType"": ""oliveyoung_product_option_json"", ""undertone"": null, ""undertoneConfidence"": 0}, {""colorFamily"": null, ""confidence"": 0.82, ""optionName"": ""S12 카프리 바이올렛"", ""shadeName"": ""카프리 바이올렛"", ""shadeNumber"": ""S12"", ""sourceType"": ""oliveyoung_product_option_json"", ""undertone"": null, ""undertoneConfidence"": 0}, {""colorFamily"": null, ""confidence"": 0.82, ""optionName"": ""S14 배디"", ""shadeName"": ""배디"", ""shadeNumber"": ""S14"", ""sourceType"": ""oliveyoung_product_option_json"", ""undertone"": null, ""undertoneConfidence"": 0}, {""colorFamily"": ""gray"", ""colorFamilyConfidence"": 0.62, ""confidence"": 0.82, ""optionName"": ""S16 얼그레이"", ""shadeName"": ""얼그레이"", ""shadeNumber"": ""S16"", ""sourceType"": ""oliveyoung_product_option_json"", ""undertone"": ""cool"", ""undertoneConfidence"": 0}, {""colorFamily"": null, ""confidence"": 0.82, ""optionName"": ""G01 스노이"", ""shadeName"": ""스노이"", ""shadeNumber"": ""G01"", ""sourceType"": ""oliveyoung_product_option_json"", ""undertone"": null, ""undertoneConfidence"": 0}, {""colorFamily"": null, ""confidence"": 0.82, ""optionName"": ""G03 버니 챗"", ""shadeName"": ""버니 챗"", ""shadeNumber"": ""G03"", ""sourceType"": ""oliveyoung_product_option_json"", ""undertone"": null, ""undertoneConfidence"": 0}, {""colorFamily"": ""plum"", ""colorFamilyConfidence"": 0.62, ""confidence"": 0.82, ""optionName"": ""G04 퍼플 릿"", ""shadeName"": ""퍼플 릿"", ""shadeNumber"": ""G04"", ""sourceType"": ""oliveyoung_product_option_json"", ""undertone"": null, ""undertoneConfidence"": 0}, {""colorFamily"": ""plum"", ""confidence"": 0.82, ""optionName"": ""M30 캔디드 베리"", ""shadeName"": ""캔디드 베리"", ""shadeNumber"": ""M30"", ""sourceType"": ""oliveyoung_product_option_json"", ""undertone"": ""cool"", ""undertoneConfidence"": 0.62}, {""colorFamily"": null, ""confidence"": 0.82, ""optionName"": ""M04 쥬시 망고"", ""shadeName"": ""쥬시 망고"", ""shadeNumber"": ""M04"", ""sourceType"": ""oliveyoung_product_option_json"", ""undertone"": null, ""undertoneConfidence"": 0}, {""colorFamily"": null, ""confidence"": 0.82, ""optionName"": ""M05 멜론 듀"", ""shadeName"": ""멜론 듀"", ""shadeNumber"": ""M05"", ""sourceType"": ""oliveyoung_product_option_json"", ""undertone"": null, ""undertoneConfidence"": 0}, {""colorFamily"": null, ""confidence"": 0.82, ""optionName"": ""M06 소다 팝"", ""shadeName"": ""소다 팝"", ""shadeNumber"": ""M06"", ""sourceType"": ""oliveyoung_product_option_json"", ""undertone"": null, ""undertoneConfidence"": 0}, {""colorFamily"": ""plum"", ""colorFamilyConfidence"": 0.62, ""confidence"": 0.82, ""optionName"": ""M07 스프링 라벤더"", ""shadeName"": ""스프링 라벤더"", ""shadeNumber"": ""M07"", ""sourceType"": ""oliveyoung_product_option_json"", ""undertone"": ""cool"", ""undertoneConfidence"": 0}, {""colorFamily"": null, ""confidence"": 0.82, ""optionName"": ""M10 토피 라떼"", ""shadeName"": ""토피 라떼"", ""shadeNumber"": ""M10"", ""sourceType"": ""oliveyoung_product_option_json"", ""undertone"": null, ""undertoneConfidence"": 0}, {""colorFamily"": null, ""confidence"": 0.82, ""optionName"": ""M11 커스터드"", ""shadeName"": ""커스터드"", ""shadeNumber"": ""M11"", ""sourceType"": ""oliveyoung_product_option_json"", ""undertone"": null, ""undertoneConfidence"": 0}, {""colorFamily"": null, ""confidence"": 0.82, ""optionName"": ""M12 마가렛"", ""shadeName"": ""마가렛"", ""shadeNumber"": ""M12"", ""sourceType"": ""oliveyoung_product_option_json"", ""undertone"": null, ""undertoneConfidence"": 0}, {""colorFamily"": ""plum"", ""colorFamilyConfidence"": 0.62, ""confidence"": 0.82, ""optionName"": ""M13 포도 크림"", ""shadeName"": ""포도 크림"", ""shadeNumber"": ""M13"", ""sourceType"": ""oliveyoung_product_option_json"", ""undertone"": ""cool"", ""undertoneConfidence"": 0}, {""colorFamily"": ""mauve"", ""confidence"": 0.82, ""optionName"": ""M19 모브 도우"", ""shadeName"": ""모브 도우"", ""shadeNumber"": ""M19"", ""sourceType"": ""oliveyoung_product_option_json"", ""undertone"": ""cool"", ""undertoneConfidence"": 0.62}, {""colorFamily"": null, ""confidence"": 0.82, ""optionName"": ""M21 웜 캐러멜"", ""shadeName"": ""웜 캐러멜"", ""shadeNumber"": ""M21"", ""sourceType"": ""oliveyoung_product_option_json"", ""undertone"": null, ""undertoneConfidence"": 0}]",pink,warm,sheer,,cream,"[""warm_tone"", ""cool_tone""]",[],collected,unknown,todo,
148,naver-33755400787,롬앤,shadow,9,베러 댄 아이즈,finish,"undertone,intensity,texture,sellingPoints,oliveYoungListed,departmentStoreListed",13860,https://chicor.com/goods/0000000001178?utm_source=naver&utm_medium=cpc&utm_campaign=ep,https://shopping-phinf.pstatic.net/main_3375540/33755400787.1.jpg,https://romand.co.kr/product/롬앤-베러-댄-아이즈-오리지널/175/,https://chicor.com/goods/0000000001178?utm_source=naver&utm_medium=cpc&utm_campaign=ep,https://chicor.com/goods/0000000001178?utm_source=naver&utm_medium=cpc&utm_campaign=ep,"[{""colorFamily"": ""rose"", ""confidence"": 0.82, ""optionName"": ""베러댄아이즈02말린장미"", ""shadeName"": ""베러댄아이즈02말린장미"", ""shadeNumber"": null, ""sourceType"": ""chicor_product_option_json"", ""undertone"": null, ""undertoneConfidence"": 0}, {""colorFamily"": ""plum"", ""confidence"": 0.82, ""optionName"": ""베러댄아이즈W01말린라벤더"", ""shadeName"": ""베러댄아이즈W01말린라벤더"", ""shadeNumber"": null, ""sourceType"": ""chicor_product_option_json"", ""undertone"": ""cool"", ""undertoneConfidence"": 0.62}, {""colorFamily"": ""peach"", ""confidence"": 0.82, ""optionName"": ""베러댄아이즈W02말린복숭아꽃"", ""shadeName"": ""베러댄아이즈W02말린복숭아꽃"", ""shadeNumber"": null, ""sourceType"": ""chicor_product_option_json"", ""undertone"": null, ""undertoneConfidence"": 0}, {""colorFamily"": ""plum"", ""confidence"": 0.82, ""optionName"": ""W03 말린 스트로베리"", ""shadeName"": ""말린 스트로베리"", ""shadeNumber"": ""W03"", ""sourceType"": ""chicor_product_option_json"", ""undertone"": ""cool"", ""undertoneConfidence"": 0.62}]",plum,cool,,,powder,"[""cool_tone""]",[],unknown,unknown,todo,
148,naver-37766348045,뮤드,shadow,2,숄 모먼트 아이섀도우 팔레트,finish,"colorFamily,undertone,intensity,sellingPoints,oliveYoungListed,departmentStoreListed",27200,https://chicor.com/goods/0000000070844?utm_source=naver&utm_medium=cpc&utm_campaign=ep,https://shopping-phinf.pstatic.net/main_3776634/37766348045.8.jpg,https://mude.co.kr/product/뮤드-숄-모먼트-아이섀도우-팔레트/156/,https://chicor.com/goods/0000000070844?utm_source=naver&utm_medium=cpc&utm_campaign=ep,https://chicor.com/goods/0000000070844?utm_source=naver&utm_medium=cpc&utm_campaign=ep,"[{""colorFamily"": null, ""confidence"": 0.82, ""optionName"": ""01 웜 메모리"", ""shadeName"": ""웜 메모리"", ""shadeNumber"": ""01"", ""sourceType"": ""official_brand_page_option_html"", ""undertone"": null, ""undertoneConfidence"": 0}, {""colorFamily"": null, ""confidence"": 0.82, ""optionName"": ""02 뮤즈 모먼트"", ""shadeName"": ""뮤즈 모먼트"", ""shadeNumber"": ""02"", ""sourceType"": ""official_brand_page_option_html"", ""undertone"": null, ""undertoneConfidence"": 0}, {""colorFamily"": ""peach"", ""confidence"": 0.82, ""optionName"": ""03 피치 메모리"", ""shadeName"": ""피치 메모리"", ""shadeNumber"": ""03"", ""sourceType"": ""official_brand_page_option_html"", ""undertone"": ""warm"", ""undertoneConfidence"": 0.62}, {""colorFamily"": ""plum"", ""colorFamilyConfidence"": 0.62, ""confidence"": 0.82, ""optionName"": ""04 라일락 모먼트"", ""shadeName"": ""라일락 모먼트"", ""shadeNumber"": ""04"", ""sourceType"": ""official_brand_page_option_html"", ""undertone"": ""cool"", ""undertoneConfidence"": 0}, {""colorFamily"": null, ""confidence"": 0.82, ""optionName"": ""05 토피 넛 라떼"", ""shadeName"": ""토피 넛 라떼"", ""shadeNumber"": ""05"", ""sourceType"": ""official_brand_page_option_html"", ""undertone"": null, ""undertoneConfidence"": 0}, {""colorFamily"": ""nude"", ""colorFamilyConfidence"": 0.62, ""confidence"": 0.82, ""optionName"": ""06 바닐라 티 라떼"", ""shadeName"": ""바닐라 티 라떼"", ""shadeNumber"": ""06"", ""sourceType"": ""official_brand_page_option_html"", ""undertone"": ""neutral"", ""undertoneConfidence"": 0}, {""colorFamily"": null, ""confidence"": 0.82, ""optionName"": ""07 피크닉 타임"", ""shadeName"": ""피크닉 타임"", ""shadeNumber"": ""07"", ""sourceType"": ""official_brand_page_option_html"", ""undertone"": null, ""undertoneConfidence"": 0}, {""colorFamily"": null, ""confidence"": 0.82, ""optionName"": ""08 러브시크"", ""shadeName"": ""러브시크"", ""shadeNumber"": ""08"", ""sourceType"": ""official_brand_page_option_html"", ""undertone"": null, ""undertoneConfidence"": 0}]",peach,warm,,,powder,"[""warm_tone"", ""cool_tone""]",[],unknown,unknown,todo,
148,naver-58190828156,뮤드,shadow,4,뮤드 아이섀도우 팔레트 데일리 메이크업 숄 모먼트 러브시크,finish,"colorFamily,undertone,intensity,sellingPoints,oliveYoungListed,departmentStoreListed",43470,https://www.lotteon.com/p/product/LO2593037923?sitmNo=LO2593037923_2593037924&ch_no=100065&ch_dtl_no=1000030&entryPoint=pcs&dp_infw_cd=CHT,https://shopping-phinf.pstatic.net/main_5819082/58190828156.jpg,https://mude.co.kr/product/뮤드-숄-모먼트-아이섀도우-팔레트/156/,https://www.lotteon.com/p/product/LO2593037923?sitmNo=LO2593037923_2593037924&ch_no=100065&ch_dtl_no=1000030&entryPoint=pcs&dp_infw_cd=CHT,https://www.lotteon.com/p/product/LO2593037923?sitmNo=LO2593037923_2593037924&ch_no=100065&ch_dtl_no=1000030&entryPoint=pcs&dp_infw_cd=CHT,"[{""colorFamily"": null, ""confidence"": 0.84, ""optionName"": ""08 러브 시크"", ""shadeName"": ""러브 시크"", ""shadeNumber"": ""08"", ""sourceType"": ""lotteon_product_api_option"", ""undertone"": null, ""undertoneConfidence"": 0}]",peach,warm,sheer,,powder,"[""daily_makeup""]",[],unknown,unknown,todo,
148,naver-60638631009,뮤드,shadow,5,NEW컬러 뮤드 숄 모먼트 아이섀도우 팔레트 8종 중 택1 단품기획 4066284,finish,"colorFamily,undertone,intensity,sellingPoints,oliveYoungListed,departmentStoreListed",42390,https://www.lotteon.com/p/product/LO2711102010?sitmNo=LO2711102010_2711102011&ch_no=100065&ch_dtl_no=1000030&entryPoint=pcs&dp_infw_cd=CHT,https://shopping-phinf.pstatic.net/main_6063863/60638631009.jpg,https://mude.co.kr/product/뮤드-숄-모먼트-아이섀도우-팔레트/156/,https://www.lotteon.com/p/product/LO2711102010?sitmNo=LO2711102010_2711102011&ch_no=100065&ch_dtl_no=1000030&entryPoint=pcs&dp_infw_cd=CHT,https://www.lotteon.com/p/product/LO2711102010?sitmNo=LO2711102010_2711102011&ch_no=100065&ch_dtl_no=1000030&entryPoint=pcs&dp_infw_cd=CHT,"[{""colorFamily"": null, ""confidence"": 0.82, ""optionName"": ""01 웜 메모리"", ""shadeName"": ""웜 메모리"", ""shadeNumber"": ""01"", ""sourceType"": ""official_brand_page_option_html"", ""undertone"": null, ""undertoneConfidence"": 0}, {""colorFamily"": null, ""confidence"": 0.82, ""optionName"": ""02 뮤즈 모먼트"", ""shadeName"": ""뮤즈 모먼트"", ""shadeNumber"": ""02"", ""sourceType"": ""official_brand_page_option_html"", ""undertone"": null, ""undertoneConfidence"": 0}, {""colorFamily"": ""peach"", ""confidence"": 0.82, ""optionName"": ""03 피치 메모리"", ""shadeName"": ""피치 메모리"", ""shadeNumber"": ""03"", ""sourceType"": ""official_brand_page_option_html"", ""undertone"": ""warm"", ""undertoneConfidence"": 0.62}, {""colorFamily"": ""plum"", ""colorFamilyConfidence"": 0.62, ""confidence"": 0.82, ""optionName"": ""04 라일락 모먼트"", ""shadeName"": ""라일락 모먼트"", ""shadeNumber"": ""04"", ""sourceType"": ""official_brand_page_option_html"", ""undertone"": ""cool"", ""undertoneConfidence"": 0}, {""colorFamily"": null, ""confidence"": 0.82, ""optionName"": ""05 토피 넛 라떼"", ""shadeName"": ""토피 넛 라떼"", ""shadeNumber"": ""05"", ""sourceType"": ""official_brand_page_option_html"", ""undertone"": null, ""undertoneConfidence"": 0}, {""colorFamily"": ""nude"", ""colorFamilyConfidence"": 0.62, ""confidence"": 0.82, ""optionName"": ""06 바닐라 티 라떼"", ""shadeName"": ""바닐라 티 라떼"", ""shadeNumber"": ""06"", ""sourceType"": ""official_brand_page_option_html"", ""undertone"": ""neutral"", ""undertoneConfidence"": 0}, {""colorFamily"": null, ""confidence"": 0.82, ""optionName"": ""07 피크닉 타임"", ""shadeName"": ""피크닉 타임"", ""shadeNumber"": ""07"", ""sourceType"": ""official_brand_page_option_html"", ""undertone"": null, ""undertoneConfidence"": 0}, {""colorFamily"": null, ""confidence"": 0.82, ""optionName"": ""08 러브시크"", ""shadeName"": ""러브시크"", ""shadeNumber"": ""08"", ""sourceType"": ""official_brand_page_option_html"", ""undertone"": null, ""undertoneConfidence"": 0}]",peach,warm,,,powder,"[""warm_tone"", ""cool_tone""]",[],unknown,unknown,todo,
148,naver-60427923442,뮤드,shadow,6,NEW컬러 뮤드 숄 모먼트 아이섀도우 팔레트 8종 중 택1 단품/기획,finish,"colorFamily,undertone,intensity,sellingPoints,oliveYoungListed,departmentStoreListed",29790,https://www.lotteon.com/p/product/LO2699989980?sitmNo=LO2699989980_2699989981&ch_no=100065&ch_dtl_no=1000030&entryPoint=pcs&dp_infw_cd=CHT,https://shopping-phinf.pstatic.net/main_6042792/60427923442.jpg,https://mude.co.kr/product/뮤드-숄-모먼트-아이섀도우-팔레트/156/,https://www.lotteon.com/p/product/LO2699989980?sitmNo=LO2699989980_2699989981&ch_no=100065&ch_dtl_no=1000030&entryPoint=pcs&dp_infw_cd=CHT,https://www.lotteon.com/p/product/LO2699989980?sitmNo=LO2699989980_2699989981&ch_no=100065&ch_dtl_no=1000030&entryPoint=pcs&dp_infw_cd=CHT,"[{""colorFamily"": null, ""confidence"": 0.82, ""optionName"": ""01 웜 메모리"", ""shadeName"": ""웜 메모리"", ""shadeNumber"": ""01"", ""sourceType"": ""official_brand_page_option_html"", ""undertone"": null, ""undertoneConfidence"": 0}, {""colorFamily"": null, ""confidence"": 0.82, ""optionName"": ""02 뮤즈 모먼트"", ""shadeName"": ""뮤즈 모먼트"", ""shadeNumber"": ""02"", ""sourceType"": ""official_brand_page_option_html"", ""undertone"": null, ""undertoneConfidence"": 0}, {""colorFamily"": ""peach"", ""confidence"": 0.82, ""optionName"": ""03 피치 메모리"", ""shadeName"": ""피치 메모리"", ""shadeNumber"": ""03"", ""sourceType"": ""official_brand_page_option_html"", ""undertone"": ""warm"", ""undertoneConfidence"": 0.62}, {""colorFamily"": ""plum"", ""colorFamilyConfidence"": 0.62, ""confidence"": 0.82, ""optionName"": ""04 라일락 모먼트"", ""shadeName"": ""라일락 모먼트"", ""shadeNumber"": ""04"", ""sourceType"": ""official_brand_page_option_html"", ""undertone"": ""cool"", ""undertoneConfidence"": 0}, {""colorFamily"": null, ""confidence"": 0.82, ""optionName"": ""05 토피 넛 라떼"", ""shadeName"": ""토피 넛 라떼"", ""shadeNumber"": ""05"", ""sourceType"": ""official_brand_page_option_html"", ""undertone"": null, ""undertoneConfidence"": 0}, {""colorFamily"": ""nude"", ""colorFamilyConfidence"": 0.62, ""confidence"": 0.82, ""optionName"": ""06 바닐라 티 라떼"", ""shadeName"": ""바닐라 티 라떼"", ""shadeNumber"": ""06"", ""sourceType"": ""official_brand_page_option_html"", ""undertone"": ""neutral"", ""undertoneConfidence"": 0}, {""colorFamily"": null, ""confidence"": 0.82, ""optionName"": ""07 피크닉 타임"", ""shadeName"": ""피크닉 타임"", ""shadeNumber"": ""07"", ""sourceType"": ""official_brand_page_option_html"", ""undertone"": null, ""undertoneConfidence"": 0}, {""colorFamily"": null, ""confidence"": 0.82, ""optionName"": ""08 러브시크"", ""shadeName"": ""러브시크"", ""shadeNumber"": ""08"", ""sourceType"": ""official_brand_page_option_html"", ""undertone"": null, ""undertoneConfidence"": 0}]",peach,warm,,,powder,"[""warm_tone"", ""cool_tone""]",[],unknown,unknown,todo,
148,naver-60099908305,뮤드,shadow,7,뮤드 숄 모먼트 아이섀도우 팔레트 뮤즈 모먼트 2호,finish,"colorFamily,undertone,intensity,sellingPoints,oliveYoungListed,departmentStoreListed",35290,https://www.lotteon.com/p/product/LO2682606178?sitmNo=LO2682606178_2682606179&ch_no=100065&ch_dtl_no=1000030&entryPoint=pcs&dp_infw_cd=CHT,https://shopping-phinf.pstatic.net/main_6009990/60099908305.jpg,https://mude.co.kr/product/뮤드-숄-모먼트-아이섀도우-팔레트/156/,https://www.lotteon.com/p/product/LO2682606178?sitmNo=LO2682606178_2682606179&ch_no=100065&ch_dtl_no=1000030&entryPoint=pcs&dp_infw_cd=CHT,https://www.lotteon.com/p/product/LO2682606178?sitmNo=LO2682606178_2682606179&ch_no=100065&ch_dtl_no=1000030&entryPoint=pcs&dp_infw_cd=CHT,"[{""colorFamily"": null, ""confidence"": 0.82, ""optionName"": ""01 웜 메모리"", ""shadeName"": ""웜 메모리"", ""shadeNumber"": ""01"", ""sourceType"": ""official_brand_page_option_html"", ""undertone"": null, ""undertoneConfidence"": 0}, {""colorFamily"": null, ""confidence"": 0.82, ""optionName"": ""02 뮤즈 모먼트"", ""shadeName"": ""뮤즈 모먼트"", ""shadeNumber"": ""02"", ""sourceType"": ""official_brand_page_option_html"", ""undertone"": null, ""undertoneConfidence"": 0}, {""colorFamily"": ""peach"", ""confidence"": 0.82, ""optionName"": ""03 피치 메모리"", ""shadeName"": ""피치 메모리"", ""shadeNumber"": ""03"", ""sourceType"": ""official_brand_page_option_html"", ""undertone"": ""warm"", ""undertoneConfidence"": 0.62}, {""colorFamily"": ""plum"", ""colorFamilyConfidence"": 0.62, ""confidence"": 0.82, ""optionName"": ""04 라일락 모먼트"", ""shadeName"": ""라일락 모먼트"", ""shadeNumber"": ""04"", ""sourceType"": ""official_brand_page_option_html"", ""undertone"": ""cool"", ""undertoneConfidence"": 0}, {""colorFamily"": null, ""confidence"": 0.82, ""optionName"": ""05 토피 넛 라떼"", ""shadeName"": ""토피 넛 라떼"", ""shadeNumber"": ""05"", ""sourceType"": ""official_brand_page_option_html"", ""undertone"": null, ""undertoneConfidence"": 0}, {""colorFamily"": ""nude"", ""colorFamilyConfidence"": 0.62, ""confidence"": 0.82, ""optionName"": ""06 바닐라 티 라떼"", ""shadeName"": ""바닐라 티 라떼"", ""shadeNumber"": ""06"", ""sourceType"": ""official_brand_page_option_html"", ""undertone"": ""neutral"", ""undertoneConfidence"": 0}, {""colorFamily"": null, ""confidence"": 0.82, ""optionName"": ""07 피크닉 타임"", ""shadeName"": ""피크닉 타임"", ""shadeNumber"": ""07"", ""sourceType"": ""official_brand_page_option_html"", ""undertone"": null, ""undertoneConfidence"": 0}, {""colorFamily"": null, ""confidence"": 0.82, ""optionName"": ""08 러브시크"", ""shadeName"": ""러브시크"", ""shadeNumber"": ""08"", ""sourceType"": ""official_brand_page_option_html"", ""undertone"": null, ""undertoneConfidence"": 0}]",peach,warm,,,powder,"[""warm_tone"", ""cool_tone""]",[],unknown,unknown,todo,
148,naver-60095794820,뮤드,shadow,9,뮤드 숄 모먼트 아이섀도우 팔레트 7g 7colors,finish,"colorFamily,undertone,intensity,sellingPoints,oliveYoungListed",42260,https://www.lotteon.com/p/product/LO2682313424?sitmNo=LO2682313424_2682313425&ch_no=100065&ch_dtl_no=1000030&entryPoint=pcs&dp_infw_cd=CHT,https://shopping-phinf.pstatic.net/main_6009579/60095794820.jpg,https://mude.co.kr/product/뮤드-숄-모먼트-아이섀도우-팔레트/156/,https://www.lotteon.com/p/product/LO2682313424?sitmNo=LO2682313424_2682313425&ch_no=100065&ch_dtl_no=1000030&entryPoint=pcs&dp_infw_cd=CHT,https://www.lotteon.com/p/product/LO2682313424?sitmNo=LO2682313424_2682313425&ch_no=100065&ch_dtl_no=1000030&entryPoint=pcs&dp_infw_cd=CHT,"[{""colorFamily"": null, ""confidence"": 0.84, ""optionName"": ""01 웜 메모리"", ""shadeName"": ""웜 메모리"", ""shadeNumber"": ""01"", ""sourceType"": ""lotteon_product_api_option"", ""undertone"": null, ""undertoneConfidence"": 0}, {""colorFamily"": null, ""confidence"": 0.84, ""optionName"": ""02 뮤즈 모먼트"", ""shadeName"": ""뮤즈 모먼트"", ""shadeNumber"": ""02"", ""sourceType"": ""lotteon_product_api_option"", ""undertone"": null, ""undertoneConfidence"": 0}, {""colorFamily"": ""peach"", ""confidence"": 0.84, ""optionName"": ""03 피치 메모리"", ""shadeName"": ""피치 메모리"", ""shadeNumber"": ""03"", ""sourceType"": ""lotteon_product_api_option"", ""undertone"": ""warm"", ""undertoneConfidence"": 0.62}, {""colorFamily"": ""plum"", ""confidence"": 0.84, ""optionName"": ""04 라일락 모먼트"", ""shadeName"": ""라일락 모먼트"", ""shadeNumber"": ""04"", ""sourceType"": ""lotteon_product_api_option"", ""undertone"": ""cool"", ""undertoneConfidence"": 0.62}, {""colorFamily"": null, ""confidence"": 0.84, ""optionName"": ""05 토피 넛 라떼"", ""shadeName"": ""토피 넛 라떼"", ""shadeNumber"": ""05"", ""sourceType"": ""lotteon_product_api_option"", ""undertone"": null, ""undertoneConfidence"": 0}, {""colorFamily"": ""nude"", ""colorFamilyConfidence"": 0.62, ""confidence"": 0.84, ""optionName"": ""06 바닐라 티 라떼"", ""shadeName"": ""바닐라 티 라떼"", ""shadeNumber"": ""06"", ""sourceType"": ""lotteon_product_api_option"", ""undertone"": ""neutral"", ""undertoneConfidence"": 0}, {""colorFamily"": null, ""confidence"": 0.84, ""optionName"": ""07 피크닉 타임"", ""shadeName"": ""피크닉 타임"", ""shadeNumber"": ""07"", ""sourceType"": ""lotteon_product_api_option"", ""undertone"": null, ""undertoneConfidence"": 0}]",peach,warm,,,powder,"[""warm_tone"", ""cool_tone""]",[],unknown,collected,todo,
148,naver-60100695615,뮤드,shadow,10,뮤드 숄 모먼트 아이섀도우 팔레트 러브 시크 8호,finish,"colorFamily,undertone,intensity,sellingPoints,oliveYoungListed,departmentStoreListed",36010,https://www.lotteon.com/p/product/LO2682680593?sitmNo=LO2682680593_2682680594&ch_no=100065&ch_dtl_no=1000030&entryPoint=pcs&dp_infw_cd=CHT,https://shopping-phinf.pstatic.net/main_6010069/60100695615.jpg,https://mude.co.kr/product/뮤드-숄-모먼트-아이섀도우-팔레트/156/,https://www.lotteon.com/p/product/LO2682680593?sitmNo=LO2682680593_2682680594&ch_no=100065&ch_dtl_no=1000030&entryPoint=pcs&dp_infw_cd=CHT,https://www.lotteon.com/p/product/LO2682680593?sitmNo=LO2682680593_2682680594&ch_no=100065&ch_dtl_no=1000030&entryPoint=pcs&dp_infw_cd=CHT,"[{""colorFamily"": null, ""confidence"": 0.82, ""optionName"": ""01 웜 메모리"", ""shadeName"": ""웜 메모리"", ""shadeNumber"": ""01"", ""sourceType"": ""official_brand_page_option_html"", ""undertone"": null, ""undertoneConfidence"": 0}, {""colorFamily"": null, ""confidence"": 0.82, ""optionName"": ""02 뮤즈 모먼트"", ""shadeName"": ""뮤즈 모먼트"", ""shadeNumber"": ""02"", ""sourceType"": ""official_brand_page_option_html"", ""undertone"": null, ""undertoneConfidence"": 0}, {""colorFamily"": ""peach"", ""confidence"": 0.82, ""optionName"": ""03 피치 메모리"", ""shadeName"": ""피치 메모리"", ""shadeNumber"": ""03"", ""sourceType"": ""official_brand_page_option_html"", ""undertone"": ""warm"", ""undertoneConfidence"": 0.62}, {""colorFamily"": ""plum"", ""colorFamilyConfidence"": 0.62, ""confidence"": 0.82, ""optionName"": ""04 라일락 모먼트"", ""shadeName"": ""라일락 모먼트"", ""shadeNumber"": ""04"", ""sourceType"": ""official_brand_page_option_html"", ""undertone"": ""cool"", ""undertoneConfidence"": 0}, {""colorFamily"": null, ""confidence"": 0.82, ""optionName"": ""05 토피 넛 라떼"", ""shadeName"": ""토피 넛 라떼"", ""shadeNumber"": ""05"", ""sourceType"": ""official_brand_page_option_html"", ""undertone"": null, ""undertoneConfidence"": 0}, {""colorFamily"": ""nude"", ""colorFamilyConfidence"": 0.62, ""confidence"": 0.82, ""optionName"": ""06 바닐라 티 라떼"", ""shadeName"": ""바닐라 티 라떼"", ""shadeNumber"": ""06"", ""sourceType"": ""official_brand_page_option_html"", ""undertone"": ""neutral"", ""undertoneConfidence"": 0}, {""colorFamily"": null, ""confidence"": 0.82, ""optionName"": ""07 피크닉 타임"", ""shadeName"": ""피크닉 타임"", ""shadeNumber"": ""07"", ""sourceType"": ""official_brand_page_option_html"", ""undertone"": null, ""undertoneConfidence"": 0}, {""colorFamily"": null, ""confidence"": 0.82, ""optionName"": ""08 러브시크"", ""shadeName"": ""러브시크"", ""shadeNumber"": ""08"", ""sourceType"": ""official_brand_page_option_html"", ""undertone"": null, ""undertoneConfidence"": 0}]",peach,warm,,,powder,"[""warm_tone"", ""cool_tone""]",[],unknown,unknown,todo,
148,naver-59163852739,에뛰드,shadow,5,[에뛰드] 재창조 메이커 쉐딩스틱 + 올데이맑은BB크림02아이보리 1ml*5 증정,,"shadeOptions,colorFamily,undertone,intensity,finish,texture,suitableFor,sellingPoints,oliveYoungListed,departmentStoreListed",9120,http://with.gsshop.com/alia/aliaGate.gs?media=OB&ecpid=1041620375&vodFlag=N&prdseqnum=1041620375&utm_source=price&utm_medium=affiliate&utm_campaign=naver,https://shopping-phinf.pstatic.net/main_5916385/59163852739.1.jpg,,https://with.gsshop.com/prd/prd.gs?prdid=1041620375&fromWith=Y,http://with.gsshop.com/alia/aliaGate.gs?media=OB&ecpid=1041620375&vodFlag=N&prdseqnum=1041620375&utm_source=price&utm_medium=affiliate&utm_campaign=naver,"[{""colorFamily"": ""nude"", ""colorFamilyConfidence"": 0.58, ""confidence"": 0.55, ""optionName"": ""아이보리"", ""shadeName"": ""아이보리"", ""sourceType"": ""naver_offer_title_option_inferred"", ""undertone"": ""neutral"", ""undertoneConfidence"": 0.58}]",nude,neutral,sheer,sheer,cream,[],[],unknown,unknown,todo,
148,naver-53124255709,컬러그램,shadow,1,[싱글섀도우]컬러그램 싱글 큐브 섀도우 23COLOR,finish,"colorFamily,undertone,intensity,sellingPoints,departmentStoreListed",6000,https://www.oliveyoung.co.kr/store/common/partner.do?chlNo=1&chlDtlNo=1&utm_source=naver&utm_medium=shopping_ep&utm_campaign=onpro_ep_product_0101_1231&utm_content=pc_price&sndType=goods&sndVal=A000000216667,https://shopping-phinf.pstatic.net/main_5312425/53124255709.jpg,,https://www.oliveyoung.co.kr/store/goods/getGoodsDetail.do?goodsNo=A000000216667,https://www.oliveyoung.co.kr/store/common/partner.do?chlNo=1&chlDtlNo=1&utm_source=naver&utm_medium=shopping_ep&utm_campaign=onpro_ep_product_0101_1231&utm_content=pc_price&sndType=goods&sndVal=A000000216667,"[{""colorFamily"": null, ""confidence"": 0.82, ""optionName"": ""02 봄브웜베"", ""shadeName"": ""봄브웜베"", ""shadeNumber"": ""02"", ""sourceType"": ""oliveyoung_product_option_json"", ""undertone"": null, ""undertoneConfidence"": 0}, {""colorFamily"": null, ""confidence"": 0.82, ""optionName"": ""07 쿨플러팅\\t"", ""shadeName"": ""쿨플러팅\\t"", ""shadeNumber"": ""07"", ""sourceType"": ""oliveyoung_product_option_json"", ""undertone"": null, ""undertoneConfidence"": 0}, {""colorFamily"": null, ""confidence"": 0.82, ""optionName"": ""08 여쿨핑베\\t"", ""shadeName"": ""여쿨핑베\\t"", ""shadeNumber"": ""08"", ""sourceType"": ""oliveyoung_product_option_json"", ""undertone"": null, ""undertoneConfidence"": 0}, {""colorFamily"": null, ""confidence"": 0.82, ""optionName"": ""10 쿨팅데이"", ""shadeName"": ""쿨팅데이"", ""shadeNumber"": ""10"", ""sourceType"": ""oliveyoung_product_option_json"", ""undertone"": null, ""undertoneConfidence"": 0}, {""colorFamily"": ""rose"", ""confidence"": 0.82, ""optionName"": ""11 앙금로즈"", ""shadeName"": ""앙금로즈"", ""shadeNumber"": ""11"", ""sourceType"": ""oliveyoung_product_option_json"", ""undertone"": null, ""undertoneConfidence"": 0}, {""colorFamily"": ""mauve"", ""confidence"": 0.82, ""optionName"": ""12 모브쿨브"", ""shadeName"": ""모브쿨브"", ""shadeNumber"": ""12"", ""sourceType"": ""oliveyoung_product_option_json"", ""undertone"": ""cool"", ""undertoneConfidence"": 0.62}, {""colorFamily"": ""plum"", ""confidence"": 0.82, ""optionName"": ""17 베리크림"", ""shadeName"": ""베리크림"", ""shadeNumber"": ""17"", ""sourceType"": ""oliveyoung_product_option_json"", ""undertone"": ""cool"", ""undertoneConfidence"": 0.62}, {""colorFamily"": null, ""confidence"": 0.82, ""optionName"": ""21 밀키윙크"", ""shadeName"": ""밀키윙크"", ""shadeNumber"": ""21"", ""sourceType"": ""oliveyoung_product_option_json"", ""undertone"": null, ""undertoneConfidence"": 0}, {""colorFamily"": null, ""confidence"": 0.82, ""optionName"": ""23 블루둥이"", ""shadeName"": ""블루둥이"", ""shadeNumber"": ""23"", ""sourceType"": ""oliveyoung_product_option_json"", ""undertone"": null, ""undertoneConfidence"": 0}, {""colorFamily"": ""nude"", ""confidence"": 0.82, ""intensity"": ""medium"", ""intensityConfidence"": 0.56, ""optionName"": ""24 분유베이지"", ""shadeName"": ""분유베이지"", ""shadeNumber"": ""24"", ""sourceType"": ""oliveyoung_product_option_json"", ""undertone"": ""neutral"", ""undertoneConfidence"": 0.62}, {""colorFamily"": null, ""confidence"": 0.82, ""optionName"": ""26 당연보라"", ""shadeName"": ""당연보라"", ""shadeNumber"": ""26"", ""sourceType"": ""oliveyoung_product_option_json"", ""undertone"": null, ""undertoneConfidence"": 0}, {""colorFamily"": ""brown"", ""confidence"": 0.82, ""optionName"": ""27 초코핑"", ""shadeName"": ""초코핑"", ""shadeNumber"": ""27"", ""sourceType"": ""oliveyoung_product_option_json"", ""undertone"": null, ""undertoneConfidence"": 0}, {""colorFamily"": ""coral"", ""confidence"": 0.82, ""optionName"": ""28 장꾸코랄"", ""shadeName"": ""장꾸코랄"", ""shadeNumber"": ""28"", ""sourceType"": ""oliveyoung_product_option_json"", ""undertone"": ""warm"", ""undertoneConfidence"": 0.62}, {""colorFamily"": null, ""confidence"": 0.82, ""optionName"": ""01 소금리터"", ""shadeName"": ""소금리터"", ""shadeNumber"": ""01"", ""sourceType"": ""oliveyoung_product_option_json"", ""undertone"": null, ""undertoneConfidence"": 0}, {""colorFamily"": null, ""confidence"": 0.82, ""intensity"": ""bold"", ""intensityConfidence"": 0.58, ""optionName"": ""05 진저웜브"", ""shadeName"": ""진저웜브"", ""shadeNumber"": ""05"", ""sourceType"": ""oliveyoung_product_option_json"", ""undertone"": ""warm"", ""undertoneConfidence"": 0}, {""colorFamily"": ""nude"", ""confidence"": 0.82, ""intensity"": ""medium"", ""intensityConfidence"": 0.56, ""optionName"": ""06 애교베이지\\t"", ""shadeName"": ""애교베이지\\t"", ""shadeNumber"": ""06"", ""sourceType"": ""oliveyoung_product_option_json"", ""undertone"": ""neutral"", ""undertoneConfidence"": 0.62}, {""colorFamily"": ""plum"", ""confidence"": 0.82, ""optionName"": ""09 쿨트로베리"", ""shadeName"": ""쿨트로베리"", ""shadeNumber"": ""09"", ""sourceType"": ""oliveyoung_product_option_json"", ""undertone"": ""cool"", ""undertoneConfidence"": 0.62}, {""colorFamily"": ""coral"", ""confidence"": 0.82, ""optionName"": ""14 코랄포풍"", ""shadeName"": ""코랄포풍"", ""shadeNumber"": ""14"", ""sourceType"": ""oliveyoung_product_option_json"", ""undertone"": ""warm"", ""undertoneConfidence"": 0.62}, {""colorFamily"": ""red"", ""confidence"": 0.82, ""optionName"": ""15 앙마레드"", ""shadeName"": ""앙마레드"", ""shadeNumber"": ""15"", ""sourceType"": ""oliveyoung_product_option_json"", ""undertone"": null, ""undertoneConfidence"": 0}, {""colorFamily"": null, ""confidence"": 0.82, ""optionName"": ""18 두유럽미"", ""shadeName"": ""두유럽미"", ""shadeNumber"": ""18"", ""sourceType"": ""oliveyoung_product_option_json"", ""undertone"": null, ""undertoneConfidence"": 0}, {""colorFamily"": ""coral"", ""colorFamilyConfidence"": 0.62, ""confidence"": 0.82, ""optionName"": ""19 살구톡핑"", ""shadeName"": ""살구톡핑"", ""shadeNumber"": ""19"", ""sourceType"": ""oliveyoung_product_option_json"", ""undertone"": ""warm"", ""undertoneConfidence"": 0}, {""colorFamily"": ""peach"", ""confidence"": 0.82, ""optionName"": ""20 휘핑피치"", ""shadeName"": ""휘핑피치"", ""shadeNumber"": ""20"", ""sourceType"": ""oliveyoung_product_option_json"", ""undertone"": ""warm"", ""undertoneConfidence"": 0.62}, {""colorFamily"": null, ""confidence"": 0.82, ""optionName"": ""22 밀크티"", ""shadeName"": ""밀크티"", ""shadeNumber"": ""22"", ""sourceType"": ""oliveyoung_product_option_json"", ""undertone"": null, ""undertoneConfidence"": 0}, {""colorFamily"": ""coral"", ""confidence"": 0.82, ""optionName"": ""03 알콩달코랄"", ""shadeName"": ""알콩달코랄"", ""shadeNumber"": ""03"", ""sourceType"": ""oliveyoung_product_option_json"", ""undertone"": ""warm"", ""undertoneConfidence"": 0.62}, {""colorFamily"": null, ""confidence"": 0.82, ""optionName"": ""04 두둥탁"", ""shadeName"": ""두둥탁"", ""shadeNumber"": ""04"", ""sourceType"": ""oliveyoung_product_option_json"", ""undertone"": null, ""undertoneConfidence"": 0}, {""colorFamily"": ""brown"", ""confidence"": 0.82, ""optionName"": ""13 동굴브라운"", ""shadeName"": ""동굴브라운"", ""shadeNumber"": ""13"", ""sourceType"": ""oliveyoung_product_option_json"", ""undertone"": ""neutral"", ""undertoneConfidence"": 0.62}, {""colorFamily"": ""black"", ""colorFamilyConfidence"": 0.62, ""confidence"": 0.82, ""intensity"": ""bold"", ""intensityConfidence"": 0.58, ""optionName"": ""16 아라블랙"", ""shadeName"": ""아라블랙"", ""shadeNumber"": ""16"", ""sourceType"": ""oliveyoung_product_option_json"", ""undertone"": null, ""undertoneConfidence"": 0}]",coral,warm,medium,,cream,"[""warm_tone"", ""cool_tone""]",[],collected,unknown,todo,
148,naver-56950179922,컬러그램,shadow,2,[위글위글 콜라보/리뉴얼] 컬러그램 눈토리얼 아이 팔레트 5COLOR,finish,"colorFamily,undertone,intensity,sellingPoints,departmentStoreListed",17600,https://www.oliveyoung.co.kr/store/common/partner.do?chlNo=1&chlDtlNo=1&utm_source=naver&utm_medium=shopping_ep&utm_campaign=onpro_ep_product_0101_1231&utm_content=pc_price&sndType=goods&sndVal=A000000234373,https://shopping-phinf.pstatic.net/main_5695017/56950179922.jpg,,https://www.oliveyoung.co.kr/store/goods/getGoodsDetail.do?goodsNo=A000000234373,https://www.oliveyoung.co.kr/store/common/partner.do?chlNo=1&chlDtlNo=1&utm_source=naver&utm_medium=shopping_ep&utm_campaign=onpro_ep_product_0101_1231&utm_content=pc_price&sndType=goods&sndVal=A000000234373,"[{""colorFamily"": null, ""confidence"": 0.82, ""optionName"": ""05 노랑더하기달콤은바나나"", ""shadeName"": ""노랑더하기달콤은바나나"", ""shadeNumber"": ""05"", ""sourceType"": ""oliveyoung_product_option_json"", ""undertone"": null, ""undertoneConfidence"": 0}, {""colorFamily"": ""brown"", ""colorFamilyConfidence"": 0.62, ""confidence"": 0.82, ""optionName"": ""04 땅콩더하기꼬숩은누디"", ""shadeName"": ""땅콩더하기꼬숩은누디"", ""shadeNumber"": ""04"", ""sourceType"": ""oliveyoung_product_option_json"", ""undertone"": ""neutral"", ""undertoneConfidence"": 0}, {""colorFamily"": ""peach"", ""confidence"": 0.82, ""optionName"": ""01 햇살더하기오트는피치"", ""shadeName"": ""햇살더하기오트는피치"", ""shadeNumber"": ""01"", ""sourceType"": ""oliveyoung_product_option_json"", ""undertone"": ""warm"", ""undertoneConfidence"": 0.62}, {""colorFamily"": ""pink"", ""confidence"": 0.82, ""optionName"": ""02 청량더하기소다는핑크"", ""shadeName"": ""청량더하기소다는핑크"", ""shadeNumber"": ""02"", ""sourceType"": ""oliveyoung_product_option_json"", ""undertone"": null, ""undertoneConfidence"": 0}, {""colorFamily"": ""coral"", ""confidence"": 0.82, ""optionName"": ""03 살구더하기상큼은코랄"", ""shadeName"": ""살구더하기상큼은코랄"", ""shadeNumber"": ""03"", ""sourceType"": ""oliveyoung_product_option_json"", ""undertone"": ""warm"", ""undertoneConfidence"": 0.62}]",peach,warm,,,powder,"[""warm_tone""]",[],collected,unknown,todo,
148,naver-58490392653,컬러그램,shadow,3,[SNS화제템]컬러그램 틴토리 아이 팔레트 1COLOR,finish,"colorFamily,undertone,intensity,sellingPoints,departmentStoreListed",14000,https://www.oliveyoung.co.kr/store/common/partner.do?chlNo=1&chlDtlNo=1&utm_source=naver&utm_medium=shopping_ep&utm_campaign=onpro_ep_product_0101_1231&utm_content=pc_price&sndType=goods&sndVal=A000000201881,https://shopping-phinf.pstatic.net/main_5849039/58490392653.1.jpg,,https://www.oliveyoung.co.kr/store/goods/getGoodsDetail.do?goodsNo=A000000201881,https://www.oliveyoung.co.kr/store/common/partner.do?chlNo=1&chlDtlNo=1&utm_source=naver&utm_medium=shopping_ep&utm_campaign=onpro_ep_product_0101_1231&utm_content=pc_price&sndType=goods&sndVal=A000000201881,"[{""colorFamily"": null, ""confidence"": 0.82, ""optionName"": ""05 요정토리"", ""shadeName"": ""요정토리"", ""shadeNumber"": ""05"", ""sourceType"": ""oliveyoung_product_option_json"", ""undertone"": null, ""undertoneConfidence"": 0}, {""colorFamily"": null, ""confidence"": 0.82, ""optionName"": ""02 알밤토리"", ""shadeName"": ""알밤토리"", ""shadeNumber"": ""02"", ""sourceType"": ""oliveyoung_product_option_json"", ""undertone"": null, ""undertoneConfidence"": 0}, {""colorFamily"": ""plum"", ""confidence"": 0.82, ""optionName"": ""04 베리토리"", ""shadeName"": ""베리토리"", ""shadeNumber"": ""04"", ""sourceType"": ""oliveyoung_product_option_json"", ""undertone"": ""cool"", ""undertoneConfidence"": 0.62}, {""colorFamily"": null, ""confidence"": 0.82, ""optionName"": ""06 모찌토리"", ""shadeName"": ""모찌토리"", ""shadeNumber"": ""06"", ""sourceType"": ""oliveyoung_product_option_json"", ""undertone"": null, ""undertoneConfidence"": 0}, {""colorFamily"": ""nude"", ""confidence"": 0.82, ""optionName"": ""07 누드토리"", ""shadeName"": ""누드토리"", ""shadeNumber"": ""07"", ""sourceType"": ""oliveyoung_product_option_json"", ""undertone"": ""neutral"", ""undertoneConfidence"": 0.62}, {""colorFamily"": ""rose"", ""confidence"": 0.82, ""optionName"": ""08 로즈토리"", ""shadeName"": ""로즈토리"", ""shadeNumber"": ""08"", ""sourceType"": ""oliveyoung_product_option_json"", ""undertone"": null, ""undertoneConfidence"": 0}]",plum,cool,sheer,,balm,"[""cool_tone""]",[],collected,unknown,todo,
148,naver-60319654918,컬러그램,shadow,4,[기존용기]컬러그램 눈토리얼 아이 팔레트 3COLOR,finish,"colorFamily,undertone,intensity,sellingPoints,departmentStoreListed",15400,https://www.oliveyoung.co.kr/store/common/partner.do?chlNo=1&chlDtlNo=1&utm_source=naver&utm_medium=shopping_ep&utm_campaign=onpro_ep_product_0101_1231&utm_content=pc_price&sndType=goods&sndVal=A000000181415,https://shopping-phinf.pstatic.net/main_6031965/60319654918.jpg,,https://www.oliveyoung.co.kr/store/goods/getGoodsDetail.do?goodsNo=A000000181415,https://www.oliveyoung.co.kr/store/common/partner.do?chlNo=1&chlDtlNo=1&utm_source=naver&utm_medium=shopping_ep&utm_campaign=onpro_ep_product_0101_1231&utm_content=pc_price&sndType=goods&sndVal=A000000181415,"[{""colorFamily"": null, ""confidence"": 0.82, ""optionName"": ""04 봄브더하기여쿨은사랑"", ""shadeName"": ""봄브더하기여쿨은사랑"", ""shadeNumber"": ""04"", ""sourceType"": ""oliveyoung_product_option_json"", ""undertone"": null, ""undertoneConfidence"": 0}, {""colorFamily"": ""nude"", ""confidence"": 0.82, ""intensity"": ""medium"", ""intensityConfidence"": 0.56, ""optionName"": ""08 베이지더하기보라는사랑"", ""shadeName"": ""베이지더하기보라는사랑"", ""shadeNumber"": ""08"", ""sourceType"": ""oliveyoung_product_option_json"", ""undertone"": ""neutral"", ""undertoneConfidence"": 0.62}, {""colorFamily"": ""coral"", ""confidence"": 0.82, ""optionName"": ""01 피치더하기코랄은사랑"", ""shadeName"": ""피치더하기코랄은사랑"", ""shadeNumber"": ""01"", ""sourceType"": ""oliveyoung_product_option_json"", ""undertone"": ""warm"", ""undertoneConfidence"": 0.62}]",nude,neutral,medium,,powder,"[""warm_tone""]",[],collected,unknown,todo,
148,naver-56422599825,클리오,shadow,5,클리오 소프트 블렌딩 섀도우 스틱,finish,"colorFamily,undertone,intensity,sellingPoints,departmentStoreListed",11900,https://www.oliveyoung.co.kr/store/common/partner.do?chlNo=1&chlDtlNo=1&utm_source=naver&utm_medium=shopping_ep&utm_campaign=onpro_ep_product_0101_1231&utm_content=pc_price&sndType=goods&sndVal=A000000225194,https://shopping-phinf.pstatic.net/main_5642259/56422599825.jpg,,https://www.oliveyoung.co.kr/store/goods/getGoodsDetail.do?goodsNo=A000000225194,https://www.oliveyoung.co.kr/store/common/partner.do?chlNo=1&chlDtlNo=1&utm_source=naver&utm_medium=shopping_ep&utm_campaign=onpro_ep_product_0101_1231&utm_content=pc_price&sndType=goods&sndVal=A000000225194,"[{""colorFamily"": ""peach"", ""confidence"": 0.82, ""optionName"": ""S102 페이보릿피치"", ""shadeName"": ""페이보릿피치"", ""shadeNumber"": ""S102"", ""sourceType"": ""oliveyoung_product_option_json"", ""undertone"": ""warm"", ""undertoneConfidence"": 0.62}, {""colorFamily"": ""plum"", ""confidence"": 0.82, ""optionName"": ""S103 헤이즈베리"", ""shadeName"": ""헤이즈베리"", ""shadeNumber"": ""S103"", ""sourceType"": ""oliveyoung_product_option_json"", ""undertone"": ""cool"", ""undertoneConfidence"": 0.62}, {""colorFamily"": null, ""confidence"": 0.82, ""optionName"": ""S104 허니베스티"", ""shadeName"": ""허니베스티"", ""shadeNumber"": ""S104"", ""sourceType"": ""oliveyoung_product_option_json"", ""undertone"": ""warm"", ""undertoneConfidence"": 0.62}, {""colorFamily"": null, ""confidence"": 0.82, ""optionName"": ""M201 캐시미어뮤트"", ""shadeName"": ""캐시미어뮤트"", ""shadeNumber"": ""M201"", ""sourceType"": ""oliveyoung_product_option_json"", ""undertone"": null, ""undertoneConfidence"": 0}, {""colorFamily"": ""coral"", ""confidence"": 0.82, ""optionName"": ""M205 애프터눈코랄"", ""shadeName"": ""애프터눈코랄"", ""shadeNumber"": ""M205"", ""sourceType"": ""oliveyoung_product_option_json"", ""undertone"": ""warm"", ""undertoneConfidence"": 0.62}, {""colorFamily"": ""pink"", ""confidence"": 0.82, ""optionName"": ""S101 폴인피오니"", ""shadeName"": ""폴인피오니"", ""shadeNumber"": ""S101"", ""sourceType"": ""oliveyoung_product_option_json"", ""undertone"": null, ""undertoneConfidence"": 0}, {""colorFamily"": ""gray"", ""colorFamilyConfidence"": 0.62, ""confidence"": 0.82, ""optionName"": ""M202 그레이퍼지"", ""shadeName"": ""그레이퍼지"", ""shadeNumber"": ""M202"", ""sourceType"": ""oliveyoung_product_option_json"", ""undertone"": ""cool"", ""undertoneConfidence"": 0}, {""colorFamily"": null, ""confidence"": 0.82, ""optionName"": ""M203 멜로우우디"", ""shadeName"": ""멜로우우디"", ""shadeNumber"": ""M203"", ""sourceType"": ""oliveyoung_product_option_json"", ""undertone"": null, ""undertoneConfidence"": 0}, {""colorFamily"": ""rose"", ""confidence"": 0.82, ""optionName"": ""M204 로즈무스"", ""shadeName"": ""로즈무스"", ""shadeNumber"": ""M204"", ""sourceType"": ""oliveyoung_product_option_json"", ""undertone"": null, ""undertoneConfidence"": 0}]",peach,warm,,,powder,"[""warm_tone"", ""cool_tone""]",[],collected,unknown,todo,
148,naver-59499586192,클리오,shadow,6,클리오 [왕실에디션] 뮤즈 마스터 팔레트,finish,"colorFamily,undertone,intensity,sellingPoints,oliveYoungListed,departmentStoreListed",17190,https://display.cjonstyle.com/p/item/2081642120?infl_cd=I0696&utm_medium=pcs&utm_source=naver,https://shopping-phinf.pstatic.net/main_5949958/59499586192.jpg,https://clubclio.co.kr/shop/goodsView/0000007173,,https://display.cjonstyle.com/p/item/2081642120?infl_cd=I0696&utm_medium=pcs&utm_source=naver,"[{""colorFamily"": ""pink"", ""confidence"": 0.82, ""optionName"": ""01 수놓은핑크"", ""shadeName"": ""수놓은핑크"", ""shadeNumber"": ""01"", ""sourceType"": ""official_brand_page_option_json"", ""undertone"": null, ""undertoneConfidence"": 0}, {""colorFamily"": ""coral"", ""confidence"": 0.82, ""optionName"": ""02 꽃가마코랄"", ""shadeName"": ""꽃가마코랄"", ""shadeNumber"": ""02"", ""sourceType"": ""official_brand_page_option_json"", ""undertone"": ""warm"", ""undertoneConfidence"": 0.62}, {""colorFamily"": ""nude"", ""confidence"": 0.82, ""intensity"": ""medium"", ""intensityConfidence"": 0.56, ""optionName"": ""03 베이지한걸음"", ""shadeName"": ""베이지한걸음"", ""shadeNumber"": ""03"", ""sourceType"": ""official_brand_page_option_json"", ""undertone"": ""neutral"", ""undertoneConfidence"": 0.62}, {""colorFamily"": ""plum"", ""colorFamilyConfidence"": 0.62, ""confidence"": 0.82, ""optionName"": ""04 라일락토크"", ""shadeName"": ""라일락토크"", ""shadeNumber"": ""04"", ""sourceType"": ""official_brand_page_option_json"", ""undertone"": ""cool"", ""undertoneConfidence"": 0}, {""colorFamily"": ""rose"", ""confidence"": 0.82, ""optionName"": ""05 로즈프리셋"", ""shadeName"": ""로즈프리셋"", ""shadeNumber"": ""05"", ""sourceType"": ""official_brand_page_option_json"", ""undertone"": null, ""undertoneConfidence"": 0}]",pink,warm,medium,,powder,"[""warm_tone"", ""cool_tone""]",[],unknown,unknown,todo,
148,naver-50734621052,클리오,shadow,10,[NEW COLOR] 클리오 에센셜 섀도우 탭,finish,"undertone,intensity,texture,sellingPoints,oliveYoungListed,departmentStoreListed",14700,http://with.gsshop.com/alia/aliaGate.gs?media=OB&ecpid=1065111154&vodFlag=N&prdseqnum=1065111154&utm_source=price&utm_medium=affiliate&utm_campaign=naver,https://shopping-phinf.pstatic.net/main_5073462/50734621052.2.jpg,,https://with.gsshop.com/prd/prd.gs?prdid=1065111154&fromWith=Y,http://with.gsshop.com/alia/aliaGate.gs?media=OB&ecpid=1065111154&vodFlag=N&prdseqnum=1065111154&utm_source=price&utm_medium=affiliate&utm_campaign=naver,"[{""colorFamily"": ""nude"", ""confidence"": 0.82, ""intensity"": ""medium"", ""intensityConfidence"": 0.56, ""optionName"": ""001 포터블 베이지"", ""shadeName"": ""포터블 베이지"", ""shadeNumber"": ""001"", ""sourceType"": ""gsshop_product_option_html"", ""undertone"": ""neutral"", ""undertoneConfidence"": 0.62}, {""colorFamily"": ""rose"", ""confidence"": 0.82, ""optionName"": ""002 로즈 클로져"", ""shadeName"": ""로즈 클로져"", ""shadeNumber"": ""002"", ""sourceType"": ""gsshop_product_option_html"", ""undertone"": null, ""undertoneConfidence"": 0}, {""colorFamily"": ""mauve"", ""confidence"": 0.82, ""optionName"": ""003 모브 어센틱"", ""shadeName"": ""모브 어센틱"", ""shadeNumber"": ""003"", ""sourceType"": ""gsshop_product_option_html"", ""undertone"": ""cool"", ""undertoneConfidence"": 0.62}, {""colorFamily"": ""nude"", ""confidence"": 0.82, ""optionName"": ""004 누드플라이"", ""shadeName"": ""누드플라이"", ""shadeNumber"": ""004"", ""sourceType"": ""gsshop_product_option_html"", ""undertone"": ""neutral"", ""undertoneConfidence"": 0.62}, {""colorFamily"": ""pink"", ""confidence"": 0.82, ""optionName"": ""005 피오니센트"", ""shadeName"": ""피오니센트"", ""shadeNumber"": ""005"", ""sourceType"": ""gsshop_product_option_html"", ""undertone"": null, ""undertoneConfidence"": 0}]",nude,neutral,sheer,,powder,"[""cool_tone""]",[],unknown,unknown,todo,
148,naver-46865944535,페리페라,shadow,1,[NEW COLOR] 페리페라 잉크 포켓 섀도우 팔레트,finish,"colorFamily,undertone,intensity,sellingPoints,departmentStoreListed",12000,http://with.gsshop.com/alia/aliaGate.gs?media=OB&ecpid=1025679446&vodFlag=N&prdseqnum=1025679446&utm_source=price&utm_medium=affiliate&utm_campaign=naver,https://shopping-phinf.pstatic.net/main_4686594/46865944535.4.jpg,https://clubclio.co.kr/shop/goodsView/0000005408#page1&id=0000005408,https://with.gsshop.com/prd/prd.gs?prdid=1025679446&fromWith=Y,http://with.gsshop.com/alia/aliaGate.gs?media=OB&ecpid=1025679446&vodFlag=N&prdseqnum=1025679446&utm_source=price&utm_medium=affiliate&utm_campaign=naver,"[{""colorFamily"": ""peach"", ""confidence"": 0.82, ""optionName"": ""014 말랑 복숭아 조림"", ""shadeName"": ""말랑 복숭아 조림"", ""shadeNumber"": ""014"", ""sourceType"": ""official_brand_page_option_json"", ""undertone"": null, ""undertoneConfidence"": 0}, {""colorFamily"": null, ""confidence"": 0.82, ""optionName"": ""004 뮤트를 아는 느낌"", ""shadeName"": ""뮤트를 아는 느낌"", ""shadeNumber"": ""004"", ""sourceType"": ""official_brand_page_option_json"", ""undertone"": null, ""undertoneConfidence"": 0}, {""colorFamily"": null, ""confidence"": 0.82, ""optionName"": ""006 시그니처 메뉴는 뮤트"", ""shadeName"": ""시그니처 메뉴는 뮤트"", ""shadeNumber"": ""006"", ""sourceType"": ""official_brand_page_option_json"", ""undertone"": null, ""undertoneConfidence"": 0}, {""colorFamily"": null, ""confidence"": 0.82, ""optionName"": ""007 햇빛 받은 제철 봄딸기"", ""shadeName"": ""햇빛 받은 제철 봄딸기"", ""shadeNumber"": ""007"", ""sourceType"": ""official_brand_page_option_json"", ""undertone"": null, ""undertoneConfidence"": 0}, {""colorFamily"": null, ""confidence"": 0.82, ""optionName"": ""008 뮤트에 빠진 딸기"", ""shadeName"": ""뮤트에 빠진 딸기"", ""shadeNumber"": ""008"", ""sourceType"": ""official_brand_page_option_json"", ""undertone"": null, ""undertoneConfidence"": 0}, {""colorFamily"": null, ""confidence"": 0.82, ""optionName"": ""009 산지직송가을냄새"", ""shadeName"": ""산지직송가을냄새"", ""shadeNumber"": ""009"", ""sourceType"": ""official_brand_page_option_json"", ""undertone"": null, ""undertoneConfidence"": 0}, {""colorFamily"": ""pink"", ""confidence"": 0.82, ""optionName"": ""10 당일수확달달핑크"", ""shadeName"": ""당일수확달달핑크"", ""shadeNumber"": ""10"", ""sourceType"": ""official_brand_page_option_json"", ""undertone"": null, ""undertoneConfidence"": 0}, {""colorFamily"": ""coral"", ""confidence"": 0.82, ""optionName"": ""011 코랄 위 벚꽃 필터"", ""shadeName"": ""코랄 위 벚꽃 필터"", ""shadeNumber"": ""011"", ""sourceType"": ""official_brand_page_option_json"", ""undertone"": ""warm"", ""undertoneConfidence"": 0.62}, {""colorFamily"": ""pink"", ""confidence"": 0.82, ""optionName"": ""012 청순에 빠진 핑크"", ""shadeName"": ""청순에 빠진 핑크"", ""shadeNumber"": ""012"", ""sourceType"": ""official_brand_page_option_json"", ""undertone"": null, ""undertoneConfidence"": 0}, {""colorFamily"": null, ""confidence"": 0.82, ""optionName"": ""013 애교살 할래말래"", ""shadeName"": ""애교살 할래말래"", ""shadeNumber"": ""013"", ""sourceType"": ""official_brand_page_option_json"", ""undertone"": null, ""undertoneConfidence"": 0}]",pink,warm,,,powder,"[""warm_tone""]",[],collected,unknown,todo,
148,naver-59047228208,페리페라,shadow,3,[애교살 스틱 증정기획] 페리페라 잉크 포켓 섀도우 팔레트 (단품/기획) | 올리브영,finish,"colorFamily,undertone,intensity,sellingPoints,departmentStoreListed",15000,https://www.oliveyoung.co.kr/store/common/partner.do?chlNo=1&chlDtlNo=1&utm_source=naver&utm_medium=shopping_ep&utm_campaign=onpro_ep_product_0101_1231&utm_content=pc_price&sndType=goods&sndVal=A000000124399,https://shopping-phinf.pstatic.net/main_5904722/59047228208.jpg,https://clubclio.co.kr/shop/goodsView/0000005408#page1&id=0000005408,https://www.oliveyoung.co.kr/store/goods/getGoodsDetail.do?goodsNo=A000000124399,https://www.oliveyoung.co.kr/store/common/partner.do?chlNo=1&chlDtlNo=1&utm_source=naver&utm_medium=shopping_ep&utm_campaign=onpro_ep_product_0101_1231&utm_content=pc_price&sndType=goods&sndVal=A000000124399,"[{""colorFamily"": ""peach"", ""confidence"": 0.82, ""optionName"": ""014 말랑 복숭아 조림"", ""shadeName"": ""말랑 복숭아 조림"", ""shadeNumber"": ""014"", ""sourceType"": ""official_brand_page_option_json"", ""undertone"": null, ""undertoneConfidence"": 0}, {""colorFamily"": null, ""confidence"": 0.82, ""optionName"": ""004 뮤트를 아는 느낌"", ""shadeName"": ""뮤트를 아는 느낌"", ""shadeNumber"": ""004"", ""sourceType"": ""official_brand_page_option_json"", ""undertone"": null, ""undertoneConfidence"": 0}, {""colorFamily"": null, ""confidence"": 0.82, ""optionName"": ""006 시그니처 메뉴는 뮤트"", ""shadeName"": ""시그니처 메뉴는 뮤트"", ""shadeNumber"": ""006"", ""sourceType"": ""official_brand_page_option_json"", ""undertone"": null, ""undertoneConfidence"": 0}, {""colorFamily"": null, ""confidence"": 0.82, ""optionName"": ""007 햇빛 받은 제철 봄딸기"", ""shadeName"": ""햇빛 받은 제철 봄딸기"", ""shadeNumber"": ""007"", ""sourceType"": ""official_brand_page_option_json"", ""undertone"": null, ""undertoneConfidence"": 0}, {""colorFamily"": null, ""confidence"": 0.82, ""optionName"": ""008 뮤트에 빠진 딸기"", ""shadeName"": ""뮤트에 빠진 딸기"", ""shadeNumber"": ""008"", ""sourceType"": ""official_brand_page_option_json"", ""undertone"": null, ""undertoneConfidence"": 0}, {""colorFamily"": null, ""confidence"": 0.82, ""optionName"": ""009 산지직송가을냄새"", ""shadeName"": ""산지직송가을냄새"", ""shadeNumber"": ""009"", ""sourceType"": ""official_brand_page_option_json"", ""undertone"": null, ""undertoneConfidence"": 0}, {""colorFamily"": ""pink"", ""confidence"": 0.82, ""optionName"": ""10 당일수확달달핑크"", ""shadeName"": ""당일수확달달핑크"", ""shadeNumber"": ""10"", ""sourceType"": ""official_brand_page_option_json"", ""undertone"": null, ""undertoneConfidence"": 0}, {""colorFamily"": ""coral"", ""confidence"": 0.82, ""optionName"": ""011 코랄 위 벚꽃 필터"", ""shadeName"": ""코랄 위 벚꽃 필터"", ""shadeNumber"": ""011"", ""sourceType"": ""official_brand_page_option_json"", ""undertone"": ""warm"", ""undertoneConfidence"": 0.62}, {""colorFamily"": ""pink"", ""confidence"": 0.82, ""optionName"": ""012 청순에 빠진 핑크"", ""shadeName"": ""청순에 빠진 핑크"", ""shadeNumber"": ""012"", ""sourceType"": ""official_brand_page_option_json"", ""undertone"": null, ""undertoneConfidence"": 0}, {""colorFamily"": null, ""confidence"": 0.82, ""optionName"": ""013 애교살 할래말래"", ""shadeName"": ""애교살 할래말래"", ""shadeNumber"": ""013"", ""sourceType"": ""official_brand_page_option_json"", ""undertone"": null, ""undertoneConfidence"": 0}]",pink,warm,,,powder,"[""daily_makeup""]",[],collected,unknown,todo,
148,naver-40036716458,페리페라,shadow,4,페리페라 올테이크 무드 라이크팔레트,finish,"undertone,intensity,texture,sellingPoints",22410,http://with.gsshop.com/alia/aliaGate.gs?media=OB&ecpid=1031422938&vodFlag=N&prdseqnum=1031422938&utm_source=price&utm_medium=affiliate&utm_campaign=naver,https://shopping-phinf.pstatic.net/main_4003671/40036716458.8.jpg,https://clubclio.co.kr/shop/goodsView/0000005300,https://with.gsshop.com/prd/prd.gs?prdid=1031422938&fromWith=Y,http://with.gsshop.com/alia/aliaGate.gs?media=OB&ecpid=1031422938&vodFlag=N&prdseqnum=1031422938&utm_source=price&utm_medium=affiliate&utm_campaign=naver,"[{""colorFamily"": ""pink"", ""confidence"": 0.82, ""optionName"": ""001 프레스티지 핑크"", ""shadeName"": ""프레스티지 핑크"", ""shadeNumber"": ""001"", ""sourceType"": ""gsshop_product_option_html"", ""undertone"": null, ""undertoneConfidence"": 0}, {""colorFamily"": ""peach"", ""confidence"": 0.82, ""optionName"": ""002 피치헤븐"", ""shadeName"": ""피치헤븐"", ""shadeNumber"": ""002"", ""sourceType"": ""gsshop_product_option_html"", ""undertone"": ""warm"", ""undertoneConfidence"": 0.62}]",pink,warm,,,powder,"[""warm_tone""]",[],collected,collected,todo,
144,naver-59678662082,네이밍,base,1,[7월 올영픽/여름지성쿠션] 네이밍 올데이 마스터 쿠션 리필 기획 (+부오이 파우치),"colorFamily,finish,shadeOptions,texture,undertone","intensity,sellingPoints,departmentStoreListed",24900,https://www.oliveyoung.co.kr/store/common/partner.do?chlNo=1&chlDtlNo=1&utm_source=naver&utm_medium=shopping_ep&utm_campaign=onpro_ep_product_0101_1231&utm_content=pc_price&sndType=goods&sndVal=A000000251851,https://shopping-phinf.pstatic.net/main_5967866/59678662082.jpg,,,https://www.oliveyoung.co.kr/store/common/partner.do?chlNo=1&chlDtlNo=1&utm_source=naver&utm_medium=shopping_ep&utm_campaign=onpro_ep_product_0101_1231&utm_content=pc_price&sndType=goods&sndVal=A000000251851,[],,,,,,"[""oily_skin""]",[],collected,unknown,todo,
144,naver-49163534510,에스쁘아,brow,2,[에스쁘아] 더브로우 컬러 픽싱 카라,"colorFamily,finish,shadeOptions,texture,undertone","intensity,suitableFor,departmentStoreListed",13760,https://m.a-bly.com/goods/7605946?utm_source=web_naver-shopping&utm_medium=display&utm_campaign=web_naver-shopping&utm_content=7605946,https://shopping-phinf.pstatic.net/main_4916353/49163534510.4.jpg,,https://www.oliveyoung.co.kr/store/common/partner.do?chlNo=1&chlDtlNo=1&utm_source=naver&utm_medium=shopping_ep&utm_campaign=onpro_ep_product_0101_1231&utm_content=pc_price&sndType=goods&sndVal=A000000183407,https://m.a-bly.com/goods/7605946?utm_source=web_naver-shopping&utm_medium=display&utm_campaign=web_naver-shopping&utm_content=7605946,[],,,,,,[],"[""long_lasting""]",collected,unknown,todo,
144,naver-56643537863,에스쁘아,brow,4,[6월 올영픽/NEW 단독기획] 에스쁘아 더브로우 컬러 픽싱 카라 10 Colors,"colorFamily,finish,shadeOptions,texture,undertone","intensity,suitableFor,departmentStoreListed",11900,https://www.oliveyoung.co.kr/store/common/partner.do?chlNo=1&chlDtlNo=1&utm_source=naver&utm_medium=shopping_ep&utm_campaign=onpro_ep_product_0101_1231&utm_content=pc_price&sndType=goods&sndVal=A000000183407,https://shopping-phinf.pstatic.net/main_5664353/56643537863.jpg,,,https://www.oliveyoung.co.kr/store/common/partner.do?chlNo=1&chlDtlNo=1&utm_source=naver&utm_medium=shopping_ep&utm_campaign=onpro_ep_product_0101_1231&utm_content=pc_price&sndType=goods&sndVal=A000000183407,[],,,,,,[],"[""long_lasting""]",collected,unknown,todo,
144,naver-56414757409,에스쁘아,brow,6,[올리브영 단독/포켓뷰티] 에스쁘아 더브로우 컬러 픽싱 카라 미니 2g,"colorFamily,finish,shadeOptions,texture,undertone","intensity,suitableFor,departmentStoreListed",8900,https://www.oliveyoung.co.kr/store/common/partner.do?chlNo=1&chlDtlNo=1&utm_source=naver&utm_medium=shopping_ep&utm_campaign=onpro_ep_product_0101_1231&utm_content=pc_price&sndType=goods&sndVal=A000000232526,https://shopping-phinf.pstatic.net/main_5641475/56414757409.jpg,,,https://www.oliveyoung.co.kr/store/common/partner.do?chlNo=1&chlDtlNo=1&utm_source=naver&utm_medium=shopping_ep&utm_campaign=onpro_ep_product_0101_1231&utm_content=pc_price&sndType=goods&sndVal=A000000232526,[],,,,,,[],"[""long_lasting""]",collected,unknown,todo,
144,naver-58572181779,웨이크메이크,brow,2,[NEW/브로우맛집] 웨이크메이크 리얼 픽싱 슬림 브로우카라 5COLOR,"colorFamily,finish,shadeOptions,texture,undertone","intensity,suitableFor,departmentStoreListed",9700,https://www.oliveyoung.co.kr/store/common/partner.do?chlNo=1&chlDtlNo=1&utm_source=naver&utm_medium=shopping_ep&utm_campaign=onpro_ep_product_0101_1231&utm_content=pc_price&sndType=goods&sndVal=A000000244390,https://shopping-phinf.pstatic.net/main_5857218/58572181779.jpg,,,https://www.oliveyoung.co.kr/store/common/partner.do?chlNo=1&chlDtlNo=1&utm_source=naver&utm_medium=shopping_ep&utm_campaign=onpro_ep_product_0101_1231&utm_content=pc_price&sndType=goods&sndVal=A000000244390,[],,,,,,[],"[""long_lasting""]",collected,unknown,todo,
144,naver-28670219526,정샘물 뷰티,brow,9,정샘물 마스터클래스 브로우 브러쉬 + 더블클린수정화장패드(1매),"colorFamily,finish,shadeOptions,texture,undertone","intensity,suitableFor,oliveYoungListed",15050,https://display.cjonstyle.com/p/item/93615622?infl_cd=I0696&utm_medium=pcs&utm_source=naver,https://shopping-phinf.pstatic.net/main_2867021/28670219526.9.jpg,,http://shinsegaemall.ssg.com/item/itemView.ssg?itemId=1000538189482&siteNo=6004&salestrNo=6005&ckwhere=s_naver&appPopYn=n&utm_medium=PCS&utm_source=naver&utm_campaign=naver_pcs,https://display.cjonstyle.com/p/item/93615622?infl_cd=I0696&utm_medium=pcs&utm_source=naver,[],,,,,,[],"[""smudge_proof""]",unknown,collected,todo,
144,naver-31371553865,클리오,cheek,5,클리오 [NEW] 맑게 물든 선샤인 치크,,"shadeOptions,colorFamily,undertone,intensity,finish,texture,sellingPoints,oliveYoungListed",6240,https://www.lotteimall.com/coop/affilGate.lotte?chl_no=141370&chl_dtl_no=2540914&returnUrl=/goods/viewGoodsDetail.lotte?goods_no=1967758091&utm_source=naver&utm_medium=affiliate&utm_campaign=price_compare,https://shopping-phinf.pstatic.net/main_3137155/31371553865.3.jpg,https://clubclio.co.kr/shop/goodsView/0000002795,,https://www.lotteimall.com/coop/affilGate.lotte?chl_no=141370&chl_dtl_no=2540914&returnUrl=/goods/viewGoodsDetail.lotte?goods_no=1967758091&utm_source=naver&utm_medium=affiliate&utm_campaign=price_compare,"[{""colorFamily"": null, ""confidence"": 0.82, ""optionName"": ""028 케미팡팡해"", ""shadeName"": ""케미팡팡해"", ""shadeNumber"": ""028"", ""sourceType"": ""official_brand_page_option_json"", ""undertone"": null, ""undertoneConfidence"": 0}, {""colorFamily"": ""mauve"", ""confidence"": 0.82, ""optionName"": ""029 모브낭낭해"", ""shadeName"": ""모브낭낭해"", ""shadeNumber"": ""029"", ""sourceType"": ""official_brand_page_option_json"", ""undertone"": ""cool"", ""undertoneConfidence"": 0.62}, {""colorFamily"": ""rose"", ""confidence"": 0.82, ""optionName"": ""030 장미멀멀해"", ""shadeName"": ""장미멀멀해"", ""shadeNumber"": ""030"", ""sourceType"": ""official_brand_page_option_json"", ""undertone"": null, ""undertoneConfidence"": 0}, {""colorFamily"": null, ""confidence"": 0.82, ""optionName"": ""031 라떼달달해"", ""shadeName"": ""라떼달달해"", ""shadeNumber"": ""031"", ""sourceType"": ""official_brand_page_option_json"", ""undertone"": null, ""undertoneConfidence"": 0}, {""colorFamily"": ""plum"", ""confidence"": 0.82, ""optionName"": ""026 달달베리해"", ""shadeName"": ""달달베리해"", ""shadeNumber"": ""026"", ""sourceType"": ""official_brand_page_option_json"", ""undertone"": ""cool"", ""undertoneConfidence"": 0.62}, {""colorFamily"": null, ""confidence"": 0.82, ""optionName"": ""027 딸기수확해"", ""shadeName"": ""딸기수확해"", ""shadeNumber"": ""027"", ""sourceType"": ""official_brand_page_option_json"", ""undertone"": null, ""undertoneConfidence"": 0}, {""colorFamily"": null, ""confidence"": 0.82, ""optionName"": ""001 집밖은위험해"", ""shadeName"": ""집밖은위험해"", ""shadeNumber"": ""001"", ""sourceType"": ""official_brand_page_option_json"", ""undertone"": null, ""undertoneConfidence"": 0}, {""colorFamily"": null, ""confidence"": 0.82, ""optionName"": ""011 피크닉같이해"", ""shadeName"": ""피크닉같이해"", ""shadeNumber"": ""011"", ""sourceType"": ""official_brand_page_option_json"", ""undertone"": null, ""undertoneConfidence"": 0}, {""colorFamily"": null, ""confidence"": 0.82, ""optionName"": ""012 날씨요정등극해"", ""shadeName"": ""날씨요정등극해"", ""shadeNumber"": ""012"", ""sourceType"": ""official_brand_page_option_json"", ""undertone"": null, ""undertoneConfidence"": 0}, {""colorFamily"": ""brown"", ""confidence"": 0.82, ""optionName"": ""016 도토리좋아해"", ""shadeName"": ""도토리좋아해"", ""shadeNumber"": ""016"", ""sourceType"": ""official_brand_page_option_json"", ""undertone"": ""neutral"", ""undertoneConfidence"": 0.62}, {""colorFamily"": null, ""confidence"": 0.82, ""optionName"": ""024 달방아콩콩해"", ""shadeName"": ""달방아콩콩해"", ""shadeNumber"": ""024"", ""sourceType"": ""official_brand_page_option_json"", ""undertone"": null, ""undertoneConfidence"": 0}, {""colorFamily"": null, ""confidence"": 0.82, ""optionName"": ""025 반달입떡해"", ""shadeName"": ""반달입떡해"", ""shadeNumber"": ""025"", ""sourceType"": ""official_brand_page_option_json"", ""undertone"": null, ""undertoneConfidence"": 0}]",mauve,cool,,glossy,powder,"[""cool_tone""]",[],unknown,collected,todo,
144,naver-52424577619,페리페라,cheek,7,페리페라 [NEW컬러출시]맑게 물든 선샤인 치크,,"shadeOptions,colorFamily,undertone,intensity,finish,texture,sellingPoints,oliveYoungListed",6240,https://display.cjonstyle.com/p/item/2048875370?infl_cd=I0696&utm_medium=pcs&utm_source=naver,https://shopping-phinf.pstatic.net/main_5242457/52424577619.2.jpg,https://clubclio.co.kr/shop/goodsView/0000002795,http://shinsegaemall.ssg.com/item/itemView.ssg?itemId=1000642045318&siteNo=6004&salestrNo=6005&ckwhere=s_naver&appPopYn=n&utm_medium=PCS&utm_source=naver&utm_campaign=naver_pcs,https://display.cjonstyle.com/p/item/2048875370?infl_cd=I0696&utm_medium=pcs&utm_source=naver,"[{""colorFamily"": null, ""confidence"": 0.82, ""optionName"": ""028 케미팡팡해"", ""shadeName"": ""케미팡팡해"", ""shadeNumber"": ""028"", ""sourceType"": ""official_brand_page_option_json"", ""undertone"": null, ""undertoneConfidence"": 0}, {""colorFamily"": ""mauve"", ""confidence"": 0.82, ""optionName"": ""029 모브낭낭해"", ""shadeName"": ""모브낭낭해"", ""shadeNumber"": ""029"", ""sourceType"": ""official_brand_page_option_json"", ""undertone"": ""cool"", ""undertoneConfidence"": 0.62}, {""colorFamily"": ""rose"", ""confidence"": 0.82, ""optionName"": ""030 장미멀멀해"", ""shadeName"": ""장미멀멀해"", ""shadeNumber"": ""030"", ""sourceType"": ""official_brand_page_option_json"", ""undertone"": null, ""undertoneConfidence"": 0}, {""colorFamily"": null, ""confidence"": 0.82, ""optionName"": ""031 라떼달달해"", ""shadeName"": ""라떼달달해"", ""shadeNumber"": ""031"", ""sourceType"": ""official_brand_page_option_json"", ""undertone"": null, ""undertoneConfidence"": 0}, {""colorFamily"": ""plum"", ""confidence"": 0.82, ""optionName"": ""026 달달베리해"", ""shadeName"": ""달달베리해"", ""shadeNumber"": ""026"", ""sourceType"": ""official_brand_page_option_json"", ""undertone"": ""cool"", ""undertoneConfidence"": 0.62}, {""colorFamily"": null, ""confidence"": 0.82, ""optionName"": ""027 딸기수확해"", ""shadeName"": ""딸기수확해"", ""shadeNumber"": ""027"", ""sourceType"": ""official_brand_page_option_json"", ""undertone"": null, ""undertoneConfidence"": 0}, {""colorFamily"": null, ""confidence"": 0.82, ""optionName"": ""001 집밖은위험해"", ""shadeName"": ""집밖은위험해"", ""shadeNumber"": ""001"", ""sourceType"": ""official_brand_page_option_json"", ""undertone"": null, ""undertoneConfidence"": 0}, {""colorFamily"": null, ""confidence"": 0.82, ""optionName"": ""011 피크닉같이해"", ""shadeName"": ""피크닉같이해"", ""shadeNumber"": ""011"", ""sourceType"": ""official_brand_page_option_json"", ""undertone"": null, ""undertoneConfidence"": 0}, {""colorFamily"": null, ""confidence"": 0.82, ""optionName"": ""012 날씨요정등극해"", ""shadeName"": ""날씨요정등극해"", ""shadeNumber"": ""012"", ""sourceType"": ""official_brand_page_option_json"", ""undertone"": null, ""undertoneConfidence"": 0}, {""colorFamily"": ""brown"", ""confidence"": 0.82, ""optionName"": ""016 도토리좋아해"", ""shadeName"": ""도토리좋아해"", ""shadeNumber"": ""016"", ""sourceType"": ""official_brand_page_option_json"", ""undertone"": ""neutral"", ""undertoneConfidence"": 0.62}, {""colorFamily"": null, ""confidence"": 0.82, ""optionName"": ""024 달방아콩콩해"", ""shadeName"": ""달방아콩콩해"", ""shadeNumber"": ""024"", ""sourceType"": ""official_brand_page_option_json"", ""undertone"": null, ""undertoneConfidence"": 0}, {""colorFamily"": null, ""confidence"": 0.82, ""optionName"": ""025 반달입떡해"", ""shadeName"": ""반달입떡해"", ""shadeNumber"": ""025"", ""sourceType"": ""official_brand_page_option_json"", ""undertone"": null, ""undertoneConfidence"": 0}]",mauve,cool,,glossy,powder,"[""cool_tone""]",[],unknown,collected,todo,
144,naver-52424582084,페리페라,cheek,8,페리페라 맑게 물든 선샤인 치크 x2,,"shadeOptions,colorFamily,undertone,intensity,finish,texture,sellingPoints,oliveYoungListed",12160,https://display.cjonstyle.com/p/item/2048875286?infl_cd=I0696&utm_medium=pcs&utm_source=naver,https://shopping-phinf.pstatic.net/main_5242458/52424582084.4.jpg,https://clubclio.co.kr/shop/goodsView/0000002795,http://shinsegaemall.ssg.com/item/itemView.ssg?itemId=1000642045274&siteNo=6004&salestrNo=6005&ckwhere=s_naver&appPopYn=n&utm_medium=PCS&utm_source=naver&utm_campaign=naver_pcs,https://display.cjonstyle.com/p/item/2048875286?infl_cd=I0696&utm_medium=pcs&utm_source=naver,"[{""colorFamily"": null, ""confidence"": 0.82, ""optionName"": ""028 케미팡팡해"", ""shadeName"": ""케미팡팡해"", ""shadeNumber"": ""028"", ""sourceType"": ""official_brand_page_option_json"", ""undertone"": null, ""undertoneConfidence"": 0}, {""colorFamily"": ""mauve"", ""confidence"": 0.82, ""optionName"": ""029 모브낭낭해"", ""shadeName"": ""모브낭낭해"", ""shadeNumber"": ""029"", ""sourceType"": ""official_brand_page_option_json"", ""undertone"": ""cool"", ""undertoneConfidence"": 0.62}, {""colorFamily"": ""rose"", ""confidence"": 0.82, ""optionName"": ""030 장미멀멀해"", ""shadeName"": ""장미멀멀해"", ""shadeNumber"": ""030"", ""sourceType"": ""official_brand_page_option_json"", ""undertone"": null, ""undertoneConfidence"": 0}, {""colorFamily"": null, ""confidence"": 0.82, ""optionName"": ""031 라떼달달해"", ""shadeName"": ""라떼달달해"", ""shadeNumber"": ""031"", ""sourceType"": ""official_brand_page_option_json"", ""undertone"": null, ""undertoneConfidence"": 0}, {""colorFamily"": ""plum"", ""confidence"": 0.82, ""optionName"": ""026 달달베리해"", ""shadeName"": ""달달베리해"", ""shadeNumber"": ""026"", ""sourceType"": ""official_brand_page_option_json"", ""undertone"": ""cool"", ""undertoneConfidence"": 0.62}, {""colorFamily"": null, ""confidence"": 0.82, ""optionName"": ""027 딸기수확해"", ""shadeName"": ""딸기수확해"", ""shadeNumber"": ""027"", ""sourceType"": ""official_brand_page_option_json"", ""undertone"": null, ""undertoneConfidence"": 0}, {""colorFamily"": null, ""confidence"": 0.82, ""optionName"": ""001 집밖은위험해"", ""shadeName"": ""집밖은위험해"", ""shadeNumber"": ""001"", ""sourceType"": ""official_brand_page_option_json"", ""undertone"": null, ""undertoneConfidence"": 0}, {""colorFamily"": null, ""confidence"": 0.82, ""optionName"": ""011 피크닉같이해"", ""shadeName"": ""피크닉같이해"", ""shadeNumber"": ""011"", ""sourceType"": ""official_brand_page_option_json"", ""undertone"": null, ""undertoneConfidence"": 0}, {""colorFamily"": null, ""confidence"": 0.82, ""optionName"": ""012 날씨요정등극해"", ""shadeName"": ""날씨요정등극해"", ""shadeNumber"": ""012"", ""sourceType"": ""official_brand_page_option_json"", ""undertone"": null, ""undertoneConfidence"": 0}, {""colorFamily"": ""brown"", ""confidence"": 0.82, ""optionName"": ""016 도토리좋아해"", ""shadeName"": ""도토리좋아해"", ""shadeNumber"": ""016"", ""sourceType"": ""official_brand_page_option_json"", ""undertone"": ""neutral"", ""undertoneConfidence"": 0.62}, {""colorFamily"": null, ""confidence"": 0.82, ""optionName"": ""024 달방아콩콩해"", ""shadeName"": ""달방아콩콩해"", ""shadeNumber"": ""024"", ""sourceType"": ""official_brand_page_option_json"", ""undertone"": null, ""undertoneConfidence"": 0}, {""colorFamily"": null, ""confidence"": 0.82, ""optionName"": ""025 반달입떡해"", ""shadeName"": ""반달입떡해"", ""shadeNumber"": ""025"", ""sourceType"": ""official_brand_page_option_json"", ""undertone"": null, ""undertoneConfidence"": 0}]",mauve,cool,,glossy,powder,"[""cool_tone""]",[],unknown,collected,todo,
144,naver-91177746064,VDL,lip,8,VDL 립스테인 에센셜 오버 라이너 3종중택1,,"shadeOptions,colorFamily,undertone,intensity,finish,texture,sellingPoints,oliveYoungListed,departmentStoreListed",11500,https://smartstore.naver.com/main/products/13633235400,https://shopping-phinf.pstatic.net/main_9117774/91177746064.jpg,https://www.vdlcosmetics.com/product/detail.jsp?pid=KR52703358,,https://smartstore.naver.com/main/products/13633235400,"[{""colorFamily"": ""nude"", ""confidence"": 0.82, ""intensity"": ""medium"", ""intensityConfidence"": 0.56, ""optionName"": ""소프트 베이지"", ""shadeName"": ""소프트 베이지"", ""shadeNumber"": null, ""sourceType"": ""official_brand_page_option_html"", ""undertone"": ""neutral"", ""undertoneConfidence"": 0.62}, {""colorFamily"": ""nude"", ""confidence"": 0.82, ""intensity"": ""bold"", ""intensityConfidence"": 0.58, ""optionName"": ""진저 베이지"", ""shadeName"": ""진저 베이지"", ""shadeNumber"": null, ""sourceType"": ""official_brand_page_option_html"", ""undertone"": ""warm"", ""undertoneConfidence"": 0.62}, {""colorFamily"": ""pink"", ""confidence"": 0.82, ""intensity"": ""medium"", ""intensityConfidence"": 0.56, ""optionName"": ""피오니 베이지"", ""shadeName"": ""피오니 베이지"", ""shadeNumber"": null, ""sourceType"": ""official_brand_page_option_html"", ""undertone"": ""neutral"", ""undertoneConfidence"": 0.62}]",nude,neutral,medium,glossy,lipstick,"[""warm_tone""]",[],unknown,unknown,todo,
144,naver-54071274155,네이밍,lip,7,[네이밍] 글로이 하트 립 틴트,finish,"colorFamily,undertone,intensity,oliveYoungListed,departmentStoreListed",14450,http://www.wconcept.co.kr/Product/306820047?adfrom=naver_ep&utm_source=naver&utm_medium=pcs&utm_campaign=WCONCEPT&utm_content=none&utm_term=none,https://shopping-phinf.pstatic.net/main_5407127/54071274155.2.jpg,https://naming.co.kr/product/글로이-하트-립-틴트/383/,http://www.wconcept.co.kr/Product/306820047?adfrom=naver_ep&utm_source=naver&utm_medium=pcs&utm_campaign=WCONCEPT&utm_content=none&utm_term=none,http://www.wconcept.co.kr/Product/306820047?adfrom=naver_ep&utm_source=naver&utm_medium=pcs&utm_campaign=WCONCEPT&utm_content=none&utm_term=none,"[{""colorFamily"": null, ""confidence"": 0.82, ""optionName"": ""페러데이"", ""shadeName"": ""페러데이"", ""shadeNumber"": null, ""sourceType"": ""official_brand_page_option_json"", ""undertone"": null, ""undertoneConfidence"": 0}, {""colorFamily"": null, ""confidence"": 0.82, ""optionName"": ""드모르"", ""shadeName"": ""드모르"", ""shadeNumber"": null, ""sourceType"": ""official_brand_page_option_json"", ""undertone"": null, ""undertoneConfidence"": 0}, {""colorFamily"": null, ""confidence"": 0.82, ""optionName"": ""이테일"", ""shadeName"": ""이테일"", ""shadeNumber"": null, ""sourceType"": ""official_brand_page_option_json"", ""undertone"": null, ""undertoneConfidence"": 0}, {""colorFamily"": null, ""confidence"": 0.82, ""optionName"": ""히어리"", ""shadeName"": ""히어리"", ""shadeNumber"": null, ""sourceType"": ""official_brand_page_option_json"", ""undertone"": null, ""undertoneConfidence"": 0}, {""colorFamily"": null, ""confidence"": 0.82, ""optionName"": ""워니"", ""shadeName"": ""워니"", ""shadeNumber"": null, ""sourceType"": ""official_brand_page_option_json"", ""undertone"": null, ""undertoneConfidence"": 0}, {""colorFamily"": null, ""confidence"": 0.82, ""optionName"": ""카프"", ""shadeName"": ""카프"", ""shadeNumber"": null, ""sourceType"": ""official_brand_page_option_json"", ""undertone"": null, ""undertoneConfidence"": 0}, {""colorFamily"": null, ""confidence"": 0.82, ""optionName"": ""인센디오"", ""shadeName"": ""인센디오"", ""shadeNumber"": null, ""sourceType"": ""official_brand_page_option_json"", ""undertone"": null, ""undertoneConfidence"": 0}, {""colorFamily"": null, ""confidence"": 0.82, ""optionName"": ""오브디"", ""shadeName"": ""오브디"", ""shadeNumber"": null, ""sourceType"": ""official_brand_page_option_json"", ""undertone"": null, ""undertoneConfidence"": 0}, {""colorFamily"": null, ""confidence"": 0.82, ""optionName"": ""던더"", ""shadeName"": ""던더"", ""shadeNumber"": null, ""sourceType"": ""official_brand_page_option_json"", ""undertone"": null, ""undertoneConfidence"": 0}, {""colorFamily"": null, ""confidence"": 0.82, ""optionName"": ""헤이"", ""shadeName"": ""헤이"", ""shadeNumber"": null, ""sourceType"": ""official_brand_page_option_json"", ""undertone"": null, ""undertoneConfidence"": 0}, {""colorFamily"": null, ""confidence"": 0.82, ""optionName"": ""페르소나"", ""shadeName"": ""페르소나"", ""shadeNumber"": null, ""sourceType"": ""official_brand_page_option_json"", ""undertone"": null, ""undertoneConfidence"": 0}, {""colorFamily"": null, ""confidence"": 0.82, ""optionName"": ""프리실라"", ""shadeName"": ""프리실라"", ""shadeNumber"": null, ""sourceType"": ""official_brand_page_option_json"", ""undertone"": null, ""undertoneConfidence"": 0}, {""colorFamily"": null, ""confidence"": 0.82, ""optionName"": ""에트나"", ""shadeName"": ""에트나"", ""shadeNumber"": null, ""sourceType"": ""official_brand_page_option_json"", ""undertone"": null, ""undertoneConfidence"": 0}, {""colorFamily"": null, ""confidence"": 0.82, ""optionName"": ""핀"", ""shadeName"": ""핀"", ""shadeNumber"": null, ""sourceType"": ""official_brand_page_option_json"", ""undertone"": null, ""undertoneConfidence"": 0}, {""colorFamily"": null, ""confidence"": 0.82, ""optionName"": ""오피아"", ""shadeName"": ""오피아"", ""shadeNumber"": null, ""sourceType"": ""official_brand_page_option_json"", ""undertone"": null, ""undertoneConfidence"": 0}, {""colorFamily"": null, ""confidence"": 0.82, ""optionName"": ""튜린"", ""shadeName"": ""튜린"", ""shadeNumber"": null, ""sourceType"": ""official_brand_page_option_json"", ""undertone"": null, ""undertoneConfidence"": 0}, {""colorFamily"": null, ""confidence"": 0.82, ""optionName"": ""록스"", ""shadeName"": ""록스"", ""shadeNumber"": null, ""sourceType"": ""official_brand_page_option_json"", ""undertone"": null, ""undertoneConfidence"": 0}, {""colorFamily"": null, ""confidence"": 0.82, ""optionName"": ""오일러"", ""shadeName"": ""오일러"", ""shadeNumber"": null, ""sourceType"": ""official_brand_page_option_json"", ""undertone"": null, ""undertoneConfidence"": 0}, {""colorFamily"": null, ""confidence"": 0.82, ""optionName"": ""하운드"", ""shadeName"": ""하운드"", ""shadeNumber"": null, ""sourceType"": ""official_brand_page_option_json"", ""undertone"": null, ""undertoneConfidence"": 0}, {""colorFamily"": null, ""confidence"": 0.82, ""optionName"": ""슬레이트"", ""shadeName"": ""슬레이트"", ""shadeNumber"": null, ""sourceType"": ""official_brand_page_option_json"", ""undertone"": null, ""undertoneConfidence"": 0}, {""colorFamily"": null, ""confidence"": 0.82, ""optionName"": ""솔"", ""shadeName"": ""솔"", ""shadeNumber"": null, ""sourceType"": ""official_brand_page_option_json"", ""undertone"": null, ""undertoneConfidence"": 0}, {""colorFamily"": null, ""confidence"": 0.82, ""optionName"": ""테디"", ""shadeName"": ""테디"", ""shadeNumber"": null, ""sourceType"": ""official_brand_page_option_json"", ""undertone"": null, ""undertoneConfidence"": 0}, {""colorFamily"": null, ""confidence"": 0.82, ""optionName"": ""베어"", ""shadeName"": ""베어"", ""shadeNumber"": null, ""sourceType"": ""official_brand_page_option_json"", ""undertone"": null, ""undertoneConfidence"": 0}, {""colorFamily"": null, ""confidence"": 0.82, ""optionName"": ""테이스티"", ""shadeName"": ""테이스티"", ""shadeNumber"": null, ""sourceType"": ""official_brand_page_option_json"", ""undertone"": null, ""undertoneConfidence"": 0}, {""colorFamily"": ""pink"", ""confidence"": 0.8, ""optionName"": ""뮤트 핑크"", ""shadeName"": ""뮤트 핑크"", ""shadeNumber"": null, ""sourceType"": ""official_brand_page_meta_keywords"", ""undertone"": null, ""undertoneConfidence"": 0}, {""colorFamily"": ""orange"", ""confidence"": 0.8, ""optionName"": ""브릭 브라운"", ""shadeName"": ""브릭 브라운"", ""shadeNumber"": null, ""sourceType"": ""official_brand_page_meta_keywords"", ""undertone"": ""warm"", ""undertoneConfidence"": 0.6}]",pink,warm,sheer,,tint,"[""daily_makeup""]","[""moisturizing""]",unknown,unknown,todo,
144,naver-60468961543,네이밍,lip,10,145216 NAMING 글로이 하트 립 틴트 (5.7g),finish,"colorFamily,undertone,intensity,oliveYoungListed",24210,https://www.lotteon.com/p/product/LO2702219516?sitmNo=LO2702219516_2702219517&ch_no=100065&ch_dtl_no=1000030&entryPoint=pcs&dp_infw_cd=CHT,https://shopping-phinf.pstatic.net/main_6046896/60468961543.jpg,https://naming.co.kr/product/글로이-하트-립-틴트/383/,https://www.lotteon.com/p/product/LO2702219516?sitmNo=LO2702219516_2702219517&ch_no=100065&ch_dtl_no=1000030&entryPoint=pcs&dp_infw_cd=CHT,https://www.lotteon.com/p/product/LO2702219516?sitmNo=LO2702219516_2702219517&ch_no=100065&ch_dtl_no=1000030&entryPoint=pcs&dp_infw_cd=CHT,"[{""colorFamily"": null, ""confidence"": 0.84, ""optionName"": ""던더"", ""shadeName"": ""던더"", ""shadeNumber"": null, ""sourceType"": ""lotteon_product_api_option"", ""undertone"": null, ""undertoneConfidence"": 0}, {""colorFamily"": null, ""confidence"": 0.84, ""optionName"": ""드모르"", ""shadeName"": ""드모르"", ""shadeNumber"": null, ""sourceType"": ""lotteon_product_api_option"", ""undertone"": null, ""undertoneConfidence"": 0}, {""colorFamily"": null, ""confidence"": 0.84, ""optionName"": ""록스"", ""shadeName"": ""록스"", ""shadeNumber"": null, ""sourceType"": ""lotteon_product_api_option"", ""undertone"": null, ""undertoneConfidence"": 0}, {""colorFamily"": null, ""confidence"": 0.84, ""optionName"": ""베어"", ""shadeName"": ""베어"", ""shadeNumber"": null, ""sourceType"": ""lotteon_product_api_option"", ""undertone"": null, ""undertoneConfidence"": 0}, {""colorFamily"": null, ""confidence"": 0.84, ""optionName"": ""솔"", ""shadeName"": ""솔"", ""shadeNumber"": null, ""sourceType"": ""lotteon_product_api_option"", ""undertone"": null, ""undertoneConfidence"": 0}, {""colorFamily"": null, ""confidence"": 0.84, ""optionName"": ""슬레이트"", ""shadeName"": ""슬레이트"", ""shadeNumber"": null, ""sourceType"": ""lotteon_product_api_option"", ""undertone"": null, ""undertoneConfidence"": 0}, {""colorFamily"": null, ""confidence"": 0.84, ""optionName"": ""에트나"", ""shadeName"": ""에트나"", ""shadeNumber"": null, ""sourceType"": ""lotteon_product_api_option"", ""undertone"": null, ""undertoneConfidence"": 0}, {""colorFamily"": null, ""confidence"": 0.84, ""optionName"": ""오브디"", ""shadeName"": ""오브디"", ""shadeNumber"": null, ""sourceType"": ""lotteon_product_api_option"", ""undertone"": null, ""undertoneConfidence"": 0}, {""colorFamily"": null, ""confidence"": 0.84, ""optionName"": ""오일러"", ""shadeName"": ""오일러"", ""shadeNumber"": null, ""sourceType"": ""lotteon_product_api_option"", ""undertone"": null, ""undertoneConfidence"": 0}, {""colorFamily"": null, ""confidence"": 0.84, ""optionName"": ""오피아"", ""shadeName"": ""오피아"", ""shadeNumber"": null, ""sourceType"": ""lotteon_product_api_option"", ""undertone"": null, ""undertoneConfidence"": 0}, {""colorFamily"": null, ""confidence"": 0.84, ""optionName"": ""워니"", ""shadeName"": ""워니"", ""shadeNumber"": null, ""sourceType"": ""lotteon_product_api_option"", ""undertone"": null, ""undertoneConfidence"": 0}, {""colorFamily"": null, ""confidence"": 0.84, ""optionName"": ""이테일"", ""shadeName"": ""이테일"", ""shadeNumber"": null, ""sourceType"": ""lotteon_product_api_option"", ""undertone"": null, ""undertoneConfidence"": 0}, {""colorFamily"": null, ""confidence"": 0.84, ""optionName"": ""인센디오"", ""shadeName"": ""인센디오"", ""shadeNumber"": null, ""sourceType"": ""lotteon_product_api_option"", ""undertone"": null, ""undertoneConfidence"": 0}, {""colorFamily"": null, ""confidence"": 0.84, ""optionName"": ""카프"", ""shadeName"": ""카프"", ""shadeNumber"": null, ""sourceType"": ""lotteon_product_api_option"", ""undertone"": null, ""undertoneConfidence"": 0}, {""colorFamily"": null, ""confidence"": 0.84, ""optionName"": ""테디"", ""shadeName"": ""테디"", ""shadeNumber"": null, ""sourceType"": ""lotteon_product_api_option"", ""undertone"": null, ""undertoneConfidence"": 0}, {""colorFamily"": null, ""confidence"": 0.84, ""optionName"": ""테이스티"", ""shadeName"": ""테이스티"", ""shadeNumber"": null, ""sourceType"": ""lotteon_product_api_option"", ""undertone"": null, ""undertoneConfidence"": 0}, {""colorFamily"": null, ""confidence"": 0.84, ""optionName"": ""튜린"", ""shadeName"": ""튜린"", ""shadeNumber"": null, ""sourceType"": ""lotteon_product_api_option"", ""undertone"": null, ""undertoneConfidence"": 0}, {""colorFamily"": null, ""confidence"": 0.84, ""optionName"": ""페러데이"", ""shadeName"": ""페러데이"", ""shadeNumber"": null, ""sourceType"": ""lotteon_product_api_option"", ""undertone"": null, ""undertoneConfidence"": 0}, {""colorFamily"": null, ""confidence"": 0.84, ""optionName"": ""페르소나"", ""shadeName"": ""페르소나"", ""shadeNumber"": null, ""sourceType"": ""lotteon_product_api_option"", ""undertone"": null, ""undertoneConfidence"": 0}, {""colorFamily"": null, ""confidence"": 0.84, ""optionName"": ""프리실라"", ""shadeName"": ""프리실라"", ""shadeNumber"": null, ""sourceType"": ""lotteon_product_api_option"", ""undertone"": null, ""undertoneConfidence"": 0}, {""colorFamily"": null, ""confidence"": 0.84, ""optionName"": ""핀"", ""shadeName"": ""핀"", ""shadeNumber"": null, ""sourceType"": ""lotteon_product_api_option"", ""undertone"": null, ""undertoneConfidence"": 0}, {""colorFamily"": null, ""confidence"": 0.84, ""optionName"": ""하운드"", ""shadeName"": ""하운드"", ""shadeNumber"": null, ""sourceType"": ""lotteon_product_api_option"", ""undertone"": null, ""undertoneConfidence"": 0}, {""colorFamily"": null, ""confidence"": 0.84, ""optionName"": ""헤이"", ""shadeName"": ""헤이"", ""shadeNumber"": null, ""sourceType"": ""lotteon_product_api_option"", ""undertone"": null, ""undertoneConfidence"": 0}, {""colorFamily"": null, ""confidence"": 0.84, ""optionName"": ""히어리"", ""shadeName"": ""히어리"", ""shadeNumber"": null, ""sourceType"": ""lotteon_product_api_option"", ""undertone"": null, ""undertoneConfidence"": 0}]",pink,warm,sheer,,tint,"[""daily_makeup""]","[""moisturizing""]",unknown,collected,todo,
144,naver-60656591370,라카,lip,5,[1분픽싱] 라카 퍼펙트 트윈 립 4.7g+4.2g 10 colors,finish,"colorFamily,undertone,intensity,departmentStoreListed",22000,https://www.oliveyoung.co.kr/store/common/partner.do?chlNo=1&chlDtlNo=1&utm_source=naver&utm_medium=shopping_ep&utm_campaign=onpro_ep_product_0101_1231&utm_content=pc_price&sndType=goods&sndVal=A000000255256,https://shopping-phinf.pstatic.net/main_6065659/60656591370.jpg,,https://www.oliveyoung.co.kr/store/goods/getGoodsDetail.do?goodsNo=A000000255256,https://www.oliveyoung.co.kr/store/common/partner.do?chlNo=1&chlDtlNo=1&utm_source=naver&utm_medium=shopping_ep&utm_campaign=onpro_ep_product_0101_1231&utm_content=pc_price&sndType=goods&sndVal=A000000255256,"[{""colorFamily"": ""peach"", ""confidence"": 0.82, ""optionName"": ""901 트루피치"", ""shadeName"": ""트루피치"", ""shadeNumber"": ""901"", ""sourceType"": ""oliveyoung_product_option_json"", ""undertone"": ""warm"", ""undertoneConfidence"": 0.62}, {""colorFamily"": ""coral"", ""confidence"": 0.82, ""optionName"": ""902 비지코랄"", ""shadeName"": ""비지코랄"", ""shadeNumber"": ""902"", ""sourceType"": ""oliveyoung_product_option_json"", ""undertone"": ""warm"", ""undertoneConfidence"": 0.62}, {""colorFamily"": ""nude"", ""confidence"": 0.82, ""optionName"": ""903 누드오드"", ""shadeName"": ""누드오드"", ""shadeNumber"": ""903"", ""sourceType"": ""oliveyoung_product_option_json"", ""undertone"": ""neutral"", ""undertoneConfidence"": 0.62}, {""colorFamily"": ""pink"", ""confidence"": 0.82, ""optionName"": ""904 시티핑크"", ""shadeName"": ""시티핑크"", ""shadeNumber"": ""904"", ""sourceType"": ""oliveyoung_product_option_json"", ""undertone"": null, ""undertoneConfidence"": 0}, {""colorFamily"": ""rose"", ""confidence"": 0.82, ""optionName"": ""905 로지하이"", ""shadeName"": ""로지하이"", ""shadeNumber"": ""905"", ""sourceType"": ""oliveyoung_product_option_json"", ""undertone"": ""cool"", ""undertoneConfidence"": 0}, {""colorFamily"": null, ""confidence"": 0.82, ""optionName"": ""906 솔티피그"", ""shadeName"": ""솔티피그"", ""shadeNumber"": ""906"", ""sourceType"": ""oliveyoung_product_option_json"", ""undertone"": null, ""undertoneConfidence"": 0}, {""colorFamily"": ""rose"", ""confidence"": 0.82, ""optionName"": ""907 젠틀로즈"", ""shadeName"": ""젠틀로즈"", ""shadeNumber"": ""907"", ""sourceType"": ""oliveyoung_product_option_json"", ""undertone"": null, ""undertoneConfidence"": 0}, {""colorFamily"": null, ""confidence"": 0.82, ""optionName"": ""908 인카페인"", ""shadeName"": ""인카페인"", ""shadeNumber"": ""908"", ""sourceType"": ""oliveyoung_product_option_json"", ""undertone"": null, ""undertoneConfidence"": 0}, {""colorFamily"": ""mauve"", ""confidence"": 0.82, ""optionName"": ""909 길티모브"", ""shadeName"": ""길티모브"", ""shadeNumber"": ""909"", ""sourceType"": ""oliveyoung_product_option_json"", ""undertone"": ""cool"", ""undertoneConfidence"": 0.62}, {""colorFamily"": null, ""confidence"": 0.82, ""optionName"": ""910 보스체리"", ""shadeName"": ""보스체리"", ""shadeNumber"": ""910"", ""sourceType"": ""oliveyoung_product_option_json"", ""undertone"": null, ""undertoneConfidence"": 0}]",rose,warm,sheer,,tint,"[""warm_tone"", ""cool_tone""]","[""long_lasting""]",collected,unknown,todo,
144,naver-57918549046,롬앤,lip,2,롬앤 글래스팅 워터 틴트 | 올리브영,finish,"colorFamily,undertone,intensity,departmentStoreListed",8900,https://www.oliveyoung.co.kr/store/common/partner.do?chlNo=1&chlDtlNo=1&utm_source=naver&utm_medium=shopping_ep&utm_campaign=onpro_ep_product_0101_1231&utm_content=pc_price&sndType=goods&sndVal=A000000136343,https://shopping-phinf.pstatic.net/main_5791854/57918549046.jpg,https://romand.co.kr/product/롬앤-글래스팅-워터-틴트-오리지널/343/,https://www.oliveyoung.co.kr/store/goods/getGoodsDetail.do?goodsNo=A000000136343,https://www.oliveyoung.co.kr/store/common/partner.do?chlNo=1&chlDtlNo=1&utm_source=naver&utm_medium=shopping_ep&utm_campaign=onpro_ep_product_0101_1231&utm_content=pc_price&sndType=goods&sndVal=A000000136343,"[{""colorFamily"": ""mauve"", ""confidence"": 0.82, ""optionName"": ""14 모브 문"", ""shadeName"": ""모브 문"", ""shadeNumber"": ""14"", ""sourceType"": ""oliveyoung_product_option_json"", ""undertone"": ""cool"", ""undertoneConfidence"": 0.62}, {""colorFamily"": null, ""confidence"": 0.82, ""optionName"": ""15 누디 선다운"", ""shadeName"": ""누디 선다운"", ""shadeNumber"": ""15"", ""sourceType"": ""oliveyoung_product_option_json"", ""undertone"": null, ""undertoneConfidence"": 0}, {""colorFamily"": null, ""confidence"": 0.82, ""optionName"": ""16 피그라이즈"", ""shadeName"": ""피그라이즈"", ""shadeNumber"": ""16"", ""sourceType"": ""oliveyoung_product_option_json"", ""undertone"": null, ""undertoneConfidence"": 0}, {""colorFamily"": ""orange"", ""confidence"": 0.82, ""optionName"": ""03 브릭 리버"", ""shadeName"": ""브릭 리버"", ""shadeNumber"": ""03"", ""sourceType"": ""oliveyoung_product_option_json"", ""undertone"": ""warm"", ""undertoneConfidence"": 0.62}, {""colorFamily"": null, ""confidence"": 0.82, ""optionName"": ""04 빈티지 오션"", ""shadeName"": ""빈티지 오션"", ""shadeNumber"": ""04"", ""sourceType"": ""oliveyoung_product_option_json"", ""undertone"": null, ""undertoneConfidence"": 0}, {""colorFamily"": ""rose"", ""confidence"": 0.82, ""optionName"": ""05 로즈 스플래쉬"", ""shadeName"": ""로즈 스플래쉬"", ""shadeNumber"": ""05"", ""sourceType"": ""oliveyoung_product_option_json"", ""undertone"": null, ""undertoneConfidence"": 0}, {""colorFamily"": null, ""confidence"": 0.82, ""optionName"": ""17 우디 선셋"", ""shadeName"": ""우디 선셋"", ""shadeNumber"": ""17"", ""sourceType"": ""oliveyoung_product_option_json"", ""undertone"": null, ""undertoneConfidence"": 0}, {""colorFamily"": ""red"", ""confidence"": 0.82, ""optionName"": ""02 레드 드롭"", ""shadeName"": ""레드 드롭"", ""shadeNumber"": ""02"", ""sourceType"": ""oliveyoung_product_option_json"", ""undertone"": null, ""undertoneConfidence"": 0}]",red,warm,,,tint,"[""warm_tone"", ""cool_tone""]","[""long_lasting""]",collected,unknown,todo,
144,naver-59026893112,웨이크메이크,lip,3,웨이크메이크 오버 블러링 팟 4.5g,texture,"colorFamily,undertone,intensity,oliveYoungListed,departmentStoreListed",8820,https://www.lotteon.com/p/product/LO2625990178?sitmNo=LO2625990178_2625990179&ch_no=100065&ch_dtl_no=1000030&entryPoint=pcs&dp_infw_cd=CHT,https://shopping-phinf.pstatic.net/main_5902689/59026893112.jpg,,https://www.lotteon.com/p/product/LO2625990178?sitmNo=LO2625990178_2625990179&ch_no=100065&ch_dtl_no=1000030&entryPoint=pcs&dp_infw_cd=CHT,https://www.lotteon.com/p/product/LO2625990178?sitmNo=LO2625990178_2625990179&ch_no=100065&ch_dtl_no=1000030&entryPoint=pcs&dp_infw_cd=CHT,"[{""colorFamily"": ""nude"", ""confidence"": 0.84, ""intensity"": ""medium"", ""intensityConfidence"": 0.56, ""optionName"": ""01 뮤티드 베이지"", ""shadeName"": ""뮤티드 베이지"", ""shadeNumber"": ""01"", ""sourceType"": ""lotteon_product_api_option"", ""undertone"": ""neutral"", ""undertoneConfidence"": 0.62}, {""colorFamily"": ""rose"", ""confidence"": 0.84, ""intensity"": ""medium"", ""intensityConfidence"": 0.56, ""optionName"": ""02 로즈 베이지"", ""shadeName"": ""로즈 베이지"", ""shadeNumber"": ""02"", ""sourceType"": ""lotteon_product_api_option"", ""undertone"": ""neutral"", ""undertoneConfidence"": 0.62}, {""colorFamily"": ""coral"", ""confidence"": 0.84, ""optionName"": ""03 블레싱 코랄"", ""shadeName"": ""블레싱 코랄"", ""shadeNumber"": ""03"", ""sourceType"": ""lotteon_product_api_option"", ""undertone"": ""warm"", ""undertoneConfidence"": 0.62}, {""colorFamily"": ""brown"", ""confidence"": 0.84, ""optionName"": ""04 넛 브라운"", ""shadeName"": ""넛 브라운"", ""shadeNumber"": ""04"", ""sourceType"": ""lotteon_product_api_option"", ""undertone"": ""neutral"", ""undertoneConfidence"": 0.62}, {""colorFamily"": ""rose"", ""confidence"": 0.84, ""optionName"": ""05 인디아 로즈"", ""shadeName"": ""인디아 로즈"", ""shadeNumber"": ""05"", ""sourceType"": ""lotteon_product_api_option"", ""undertone"": null, ""undertoneConfidence"": 0}, {""colorFamily"": ""pink"", ""confidence"": 0.84, ""optionName"": ""06 로우 핑크"", ""shadeName"": ""로우 핑크"", ""shadeNumber"": ""06"", ""sourceType"": ""lotteon_product_api_option"", ""undertone"": null, ""undertoneConfidence"": 0}, {""colorFamily"": ""pink"", ""confidence"": 0.84, ""optionName"": ""07 모브 핑크"", ""shadeName"": ""모브 핑크"", ""shadeNumber"": ""07"", ""sourceType"": ""lotteon_product_api_option"", ""undertone"": ""cool"", ""undertoneConfidence"": 0.62}, {""colorFamily"": ""plum"", ""confidence"": 0.84, ""optionName"": ""08 베리 플럼"", ""shadeName"": ""베리 플럼"", ""shadeNumber"": ""08"", ""sourceType"": ""lotteon_product_api_option"", ""undertone"": ""cool"", ""undertoneConfidence"": 0.62}]",rose,neutral,medium,velvet,,"[""warm_tone"", ""cool_tone""]","[""blur""]",unknown,unknown,todo,
144,naver-90996155353,네이밍,shadow,1,네이밍 퍼펙테일 아이 디자이닝 펜슬 슬림라이너 살몬브라운,finish,"colorFamily,undertone,intensity,oliveYoungListed,departmentStoreListed",21600,https://smartstore.naver.com/main/products/13451645001,https://shopping-phinf.pstatic.net/main_9099615/90996155353.jpg,https://naming.co.kr/product/퍼펙테일-아이-디자이닝-펜슬-슬림라이너/449/,,https://smartstore.naver.com/main/products/13451645001,"[{""colorFamily"": ""black"", ""colorFamilyConfidence"": 0.62, ""confidence"": 0.82, ""intensity"": ""bold"", ""intensityConfidence"": 0.58, ""optionName"": ""퍼펙트블랙"", ""shadeName"": ""퍼펙트블랙"", ""shadeNumber"": null, ""sourceType"": ""official_brand_page_option_json"", ""undertone"": null, ""undertoneConfidence"": 0}, {""colorFamily"": ""brown"", ""confidence"": 0.82, ""optionName"": ""디테일브라운"", ""shadeName"": ""디테일브라운"", ""shadeNumber"": null, ""sourceType"": ""official_brand_page_option_json"", ""undertone"": ""neutral"", ""undertoneConfidence"": 0.62}, {""colorFamily"": ""rose"", ""confidence"": 0.82, ""optionName"": ""로즈 애쉬 브라운"", ""shadeName"": ""로즈 애쉬 브라운"", ""shadeNumber"": null, ""sourceType"": ""official_brand_page_option_json"", ""undertone"": ""neutral"", ""undertoneConfidence"": 0.62}, {""colorFamily"": ""nude"", ""confidence"": 0.82, ""intensity"": ""medium"", ""intensityConfidence"": 0.56, ""optionName"": ""언더 베이지"", ""shadeName"": ""언더 베이지"", ""shadeNumber"": null, ""sourceType"": ""official_brand_page_option_json"", ""undertone"": ""neutral"", ""undertoneConfidence"": 0.62}, {""colorFamily"": ""mauve"", ""confidence"": 0.82, ""optionName"": ""그레이시 모브"", ""shadeName"": ""그레이시 모브"", ""shadeNumber"": null, ""sourceType"": ""official_brand_page_option_json"", ""undertone"": ""cool"", ""undertoneConfidence"": 0.62}, {""colorFamily"": null, ""confidence"": 0.82, ""intensity"": ""bold"", ""intensityConfidence"": 0.56, ""optionName"": ""딥 차콜"", ""shadeName"": ""딥 차콜"", ""shadeNumber"": null, ""sourceType"": ""official_brand_page_option_json"", ""undertone"": null, ""undertoneConfidence"": 0}, {""colorFamily"": ""rose"", ""confidence"": 0.82, ""optionName"": ""딤 로즈"", ""shadeName"": ""딤 로즈"", ""shadeNumber"": null, ""sourceType"": ""official_brand_page_option_json"", ""undertone"": null, ""undertoneConfidence"": 0}, {""colorFamily"": ""pink"", ""confidence"": 0.82, ""optionName"": ""브라우니 핑크"", ""shadeName"": ""브라우니 핑크"", ""shadeNumber"": null, ""sourceType"": ""official_brand_page_option_json"", ""undertone"": null, ""undertoneConfidence"": 0}, {""colorFamily"": ""brown"", ""confidence"": 0.82, ""intensity"": ""medium"", ""intensityConfidence"": 0.56, ""optionName"": ""토프 베이지"", ""shadeName"": ""토프 베이지"", ""shadeNumber"": null, ""sourceType"": ""official_brand_page_option_json"", ""undertone"": ""neutral"", ""undertoneConfidence"": 0.62}, {""colorFamily"": ""brown"", ""confidence"": 0.82, ""optionName"": ""모카 브라운"", ""shadeName"": ""모카 브라운"", ""shadeNumber"": null, ""sourceType"": ""official_brand_page_option_json"", ""undertone"": ""neutral"", ""undertoneConfidence"": 0.62}]",brown,neutral,sheer,,pencil,"[""daily_makeup""]","[""long_lasting""]",unknown,unknown,todo,
140,naver-55612972601,VDL,cheek,2,[VDL] 치크스테인 블러셔 미니,,"shadeOptions,colorFamily,undertone,intensity,finish,texture,oliveYoungListed,departmentStoreListed",12350,https://m.a-bly.com/goods/48760511?utm_source=web_naver-shopping&utm_medium=display&utm_campaign=web_naver-shopping&utm_content=48760511,https://shopping-phinf.pstatic.net/main_5561297/55612972601.5.jpg,https://www.vdlcosmetics.com/product/detail.jsp?pid=KR52702999,https://m.a-bly.com/goods/48760511?utm_source=web_naver-shopping&utm_medium=display&utm_campaign=web_naver-shopping&utm_content=48760511,https://m.a-bly.com/goods/48760511?utm_source=web_naver-shopping&utm_medium=display&utm_campaign=web_naver-shopping&utm_content=48760511,"[{""colorFamily"": ""peach"", ""confidence"": 0.82, ""optionName"": ""01 바운싱 피치"", ""shadeName"": ""바운싱 피치"", ""shadeNumber"": ""01"", ""sourceType"": ""official_brand_page_option_html"", ""undertone"": ""warm"", ""undertoneConfidence"": 0.62}, {""colorFamily"": ""rose"", ""confidence"": 0.82, ""optionName"": ""15 빈티지 로즈"", ""shadeName"": ""빈티지 로즈"", ""shadeNumber"": ""15"", ""sourceType"": ""official_brand_page_option_html"", ""undertone"": null, ""undertoneConfidence"": 0}, {""colorFamily"": ""peach"", ""confidence"": 0.82, ""optionName"": ""14 모모피치"", ""shadeName"": ""모모피치"", ""shadeNumber"": ""14"", ""sourceType"": ""official_brand_page_option_html"", ""undertone"": ""warm"", ""undertoneConfidence"": 0.62}, {""colorFamily"": ""pink"", ""confidence"": 0.82, ""optionName"": ""13 하이퍼 핑크"", ""shadeName"": ""하이퍼 핑크"", ""shadeNumber"": ""13"", ""sourceType"": ""official_brand_page_option_html"", ""undertone"": null, ""undertoneConfidence"": 0}, {""colorFamily"": null, ""confidence"": 0.82, ""optionName"": ""12 잇츠 구아바"", ""shadeName"": ""잇츠 구아바"", ""shadeNumber"": ""12"", ""sourceType"": ""official_brand_page_option_html"", ""undertone"": null, ""undertoneConfidence"": 0}, {""colorFamily"": ""pink"", ""confidence"": 0.82, ""optionName"": ""11 보헤미안 핑크"", ""shadeName"": ""보헤미안 핑크"", ""shadeNumber"": ""11"", ""sourceType"": ""official_brand_page_option_html"", ""undertone"": null, ""undertoneConfidence"": 0}, {""colorFamily"": ""plum"", ""confidence"": 0.82, ""optionName"": ""10 칠린 라일락"", ""shadeName"": ""칠린 라일락"", ""shadeNumber"": ""10"", ""sourceType"": ""official_brand_page_option_html"", ""undertone"": ""cool"", ""undertoneConfidence"": 0.62}, {""colorFamily"": ""pink"", ""confidence"": 0.82, ""optionName"": ""09 플러팅 핑크"", ""shadeName"": ""플러팅 핑크"", ""shadeNumber"": ""09"", ""sourceType"": ""official_brand_page_option_html"", ""undertone"": null, ""undertoneConfidence"": 0}, {""colorFamily"": ""plum"", ""confidence"": 0.82, ""optionName"": ""02 페이보릿 라벤더"", ""shadeName"": ""페이보릿 라벤더"", ""shadeNumber"": ""02"", ""sourceType"": ""official_brand_page_option_html"", ""undertone"": ""cool"", ""undertoneConfidence"": 0.62}, {""colorFamily"": ""nude"", ""confidence"": 0.82, ""intensity"": ""medium"", ""intensityConfidence"": 0.56, ""optionName"": ""03 라이크 베이지"", ""shadeName"": ""라이크 베이지"", ""shadeNumber"": ""03"", ""sourceType"": ""official_brand_page_option_html"", ""undertone"": ""neutral"", ""undertoneConfidence"": 0.62}, {""colorFamily"": null, ""confidence"": 0.82, ""optionName"": ""06 헤이, 고져스"", ""shadeName"": ""헤이, 고져스"", ""shadeNumber"": ""06"", ""sourceType"": ""official_brand_page_option_html"", ""undertone"": null, ""undertoneConfidence"": 0}, {""colorFamily"": ""orange"", ""confidence"": 0.82, ""optionName"": ""07 미스티 애프리콧"", ""shadeName"": ""미스티 애프리콧"", ""shadeNumber"": ""07"", ""sourceType"": ""official_brand_page_option_html"", ""undertone"": ""warm"", ""undertoneConfidence"": 0.62}, {""colorFamily"": ""mauve"", ""confidence"": 0.82, ""optionName"": ""08 모브 헤이즈"", ""shadeName"": ""모브 헤이즈"", ""shadeNumber"": ""08"", ""sourceType"": ""official_brand_page_option_html"", ""undertone"": ""cool"", ""undertoneConfidence"": 0.62}]",pink,warm,medium,velvet,lipstick,"[""warm_tone"", ""cool_tone""]","[""blur""]",unknown,unknown,todo,
