candidateId,brand,category,rankInBrandCategory,productName,priorityScore,selectedForBatch,missingCoreFieldCount,missingFieldGroups,detailCollectionStatus,fetchStatus,domain,sourceStrategy,sourceUrl
naver-60464969790,라카,lip,1,라카 퍼펙트 트윈립,184.37,yes,4,color_tone_intensity|finish_texture|suitable_selling|retail_presence,collected_complete,fetched,chicor.com,prior_detail_adapter,https://chicor.com/goods/5100002077792?utm_source=naver&utm_medium=cpc&utm_campaign=ep
naver-31318154013,페리페라,lip,1,페리페라 [NEW] 잉크 무드 글로이 틴트,181.67,yes,5,shade_options|color_tone_intensity|finish_texture|suitable_selling,not_attempted,,www.lotteimall.com,naver_live_offer_title_rule_adapter,https://www.lotteimall.com/coop/affilGate.lotte?chl_no=141370&chl_dtl_no=2540914&returnUrl=/goods/viewGoodsDetail.lotte?goods_no=1957100092&utm_source=naver&utm_medium=affiliate&utm_campaign=price_compare
naver-33681517414,데이지크,lip,1,[데이지크] 쥬시 듀이 틴트,181.58,yes,5,shade_options|color_tone_intensity|finish_texture|suitable_selling|retail_presence,not_attempted,,www.wconcept.co.kr,naver_live_offer_title_rule_adapter,http://www.wconcept.co.kr/Product/301813862?adfrom=naver_ep&utm_source=naver&utm_medium=pcs&utm_campaign=WCONCEPT&utm_content=none&utm_term=none
naver-44905853047,클리오,lip,1,클리오 [NEW컬러출시] 크리스탈 글램 밤,181.55,yes,5,shade_options|color_tone_intensity|finish_texture|suitable_selling|retail_presence,not_attempted,,display.cjonstyle.com,naver_live_offer_title_rule_adapter,https://display.cjonstyle.com/p/item/2024412267?infl_cd=I0696&utm_medium=pcs&utm_source=naver
naver-87051377445,정샘물 뷰티,lip,1,[7월 슈퍼적립] 정샘물 뉴클래식 매트 립스틱 3.5g,181.52,yes,5,shade_options|color_tone_intensity|finish_texture|suitable_selling|retail_presence,not_attempted,,smartstore.naver.com,naver_live_offer_title_rule_adapter,https://smartstore.naver.com/main/products/9506875176
naver-40173750236,3CE,lip,1,[1+1] 3CE 블러 워터 틴트,181.49,yes,5,shade_options|color_tone_intensity|finish_texture|suitable_selling,not_attempted,,www.hmall.com,naver_live_offer_title_rule_adapter,https://www.hmall.com/md/pda/itemPtc?ReferCode=429&slitmCd=2151022241&utm_source=naver&utm_medium=cps_pcs&utm_campaign=sale
naver-55799295334,에뛰드,lip,1,[에뛰드] 포근 픽싱 틴트,181.46,yes,5,shade_options|color_tone_intensity|finish_texture|suitable_selling|retail_presence,not_attempted,,with.gsshop.com,naver_live_offer_title_rule_adapter,http://with.gsshop.com/alia/aliaGate.gs?media=OB&ecpid=1089439700&vodFlag=N&prdseqnum=1089439700&utm_source=price&utm_medium=affiliate&utm_campaign=naver
naver-58017348260,더샘,lip,1,더샘 새미스 크레마 벨벳 틴트 10colors,181.43,yes,5,shade_options|color_tone_intensity|finish_texture|suitable_selling|retail_presence,not_attempted,,with.gsshop.com,naver_live_offer_title_rule_adapter,http://with.gsshop.com/alia/aliaGate.gs?media=OB&ecpid=1098280123&vodFlag=N&prdseqnum=1098280123&utm_source=price&utm_medium=affiliate&utm_campaign=naver
naver-56999669954,VDL,lip,1,VDL 립스테인 에센셜 글로우 틴트 플레인피치,181.4,yes,5,shade_options|color_tone_intensity|finish_texture|suitable_selling|retail_presence,not_attempted,,search.shopping.naver.com,naver_live_offer_title_rule_adapter,https://search.shopping.naver.com/catalog/56999669954
naver-40887390445,뮤드,lip,1,[뮤드] 소프트 블러 틴트 3g,181.22,yes,5,shade_options|color_tone_intensity|finish_texture|suitable_selling|retail_presence,not_attempted,,www.wconcept.co.kr,naver_live_offer_title_rule_adapter,http://www.wconcept.co.kr/Product/303044923?adfrom=naver_ep&utm_source=naver&utm_medium=pcs&utm_campaign=WCONCEPT&utm_content=none&utm_term=none
naver-57918549046,롬앤,lip,2,롬앤 글래스팅 워터 틴트 | 올리브영,178.52,yes,4,shade_options|color_tone_intensity|finish_texture|suitable_selling,collected_partial,playwright_rendered,www.oliveyoung.co.kr,prior_detail_adapter,https://www.oliveyoung.co.kr/store/common/partner.do?chlNo=1&chlDtlNo=1&utm_source=naver&utm_medium=shopping_ep&utm_campaign=onpro_ep_product_0101_1231&utm_content=pc_price&sndType=goods&sndVal=A000000136343
naver-46090066033,페리페라,lip,2,[NEW COLOR] 페리페라 오버 블러 틴트,177.49,yes,5,shade_options|color_tone_intensity|finish_texture|suitable_selling|retail_presence,not_attempted,,with.gsshop.com,naver_live_offer_title_rule_adapter,http://with.gsshop.com/alia/aliaGate.gs?media=OB&ecpid=1050493514&vodFlag=N&prdseqnum=1050493514&utm_source=price&utm_medium=affiliate&utm_campaign=naver
naver-57559079333,VDL,lip,2,VDL 립스테인 컴포트 슬립 11 더티비엔나,177.4,yes,5,shade_options|color_tone_intensity|finish_texture|suitable_selling|retail_presence,not_attempted,,search.shopping.naver.com,naver_live_offer_title_rule_adapter,https://search.shopping.naver.com/catalog/57559079333
naver-54648462136,클리오,lip,2,클리오 [NEW] 클리오 볼륨메이트 틴트 (글로스/블러),177.37,yes,5,shade_options|color_tone_intensity|finish_texture|suitable_selling,not_attempted,,www.lotteimall.com,naver_live_offer_title_rule_adapter,https://www.lotteimall.com/coop/affilGate.lotte?chl_no=141370&chl_dtl_no=2540914&returnUrl=/goods/viewGoodsDetail.lotte?goods_no=2975513837&utm_source=naver&utm_medium=affiliate&utm_campaign=price_compare
naver-48351243046,에뛰드,lip,2,[에뛰드] 디어 달링 마커 틴트 2개,177.28,yes,5,shade_options|color_tone_intensity|finish_texture|suitable_selling|retail_presence,not_attempted,,with.gsshop.com,naver_live_offer_title_rule_adapter,http://with.gsshop.com/alia/aliaGate.gs?media=OB&ecpid=1057222501&vodFlag=N&prdseqnum=1057222501&utm_source=price&utm_medium=affiliate&utm_campaign=naver
naver-58971305083,더샘,lip,2,[현대백화점 커넥트현대] [더샘] 새미스 크레마 벨벳 틴트,177.25,yes,5,shade_options|color_tone_intensity|finish_texture|suitable_selling,not_attempted,,hi.thehyundai.com,naver_live_offer_title_rule_adapter,https://hi.thehyundai.com/product/40A2163964?ReferCode=429&utm_source=naver_ep&utm_medium=ep_price
naver-33468426847,하트퍼센트,lip,2,[하트퍼센트] 도트 온 무드 퓨어 글로우 틴트,177.1,yes,5,shade_options|color_tone_intensity|finish_texture|suitable_selling|retail_presence,not_attempted,,www.wconcept.co.kr,naver_live_offer_title_rule_adapter,http://www.wconcept.co.kr/Product/301797461?adfrom=naver_ep&utm_source=naver&utm_medium=pcs&utm_campaign=WCONCEPT&utm_content=none&utm_term=none
naver-59979811618,뮤드,lip,2,뮤드 소프트 블러 틴트 3g 4657204,177.04,yes,5,shade_options|color_tone_intensity|finish_texture|suitable_selling|retail_presence,not_attempted,,www.lotteon.com,naver_live_offer_title_rule_adapter,https://www.lotteon.com/p/product/LO2675690170?sitmNo=LO2675690170_2675690171&ch_no=100065&ch_dtl_no=1000030&entryPoint=pcs&dp_infw_cd=CHT
naver-60202637260,네이밍,lip,1,[7월 올영픽/위위시헌쌤픽] 네이밍 하이 듀 립 글레이즈 (+미니틴트) 9colors,176.34,yes,4,shade_options|color_tone_intensity|finish_texture|suitable_selling,failed,http_error,www.oliveyoung.co.kr,do_not_retry_generic_fetch_manual_review,https://www.oliveyoung.co.kr/store/common/partner.do?chlNo=1&chlDtlNo=1&utm_source=naver&utm_medium=shopping_ep&utm_campaign=onpro_ep_product_0101_1231&utm_content=pc_price&sndType=goods&sndVal=A000000257218
naver-57918547816,롬앤,lip,3,롬앤 듀이풀 워터 틴트 | 올리브영,174.34,yes,4,shade_options|color_tone_intensity|finish_texture|suitable_selling,collected_partial,playwright_rendered,www.oliveyoung.co.kr,prior_detail_adapter,https://www.oliveyoung.co.kr/store/common/partner.do?chlNo=1&chlDtlNo=1&utm_source=naver&utm_medium=shopping_ep&utm_campaign=onpro_ep_product_0101_1231&utm_content=pc_price&sndType=goods&sndVal=A000000158893
naver-89820662148,정샘물 뷰티,lip,3,정샘물 립프레션 메탈 세럼 글로스 10ml,173.52,yes,5,shade_options|color_tone_intensity|finish_texture|suitable_selling|retail_presence,not_attempted,,smartstore.naver.com,naver_live_offer_title_rule_adapter,https://smartstore.naver.com/main/products/12276151432
naver-45396573312,페리페라,lip,3,[2EA]페리페라 잉크 무드 글로이 틴트,173.31,yes,5,shade_options|color_tone_intensity|finish_texture|suitable_selling|retail_presence,not_attempted,,with.gsshop.com,naver_live_offer_title_rule_adapter,http://with.gsshop.com/alia/aliaGate.gs?media=OB&ecpid=1007622505&vodFlag=N&prdseqnum=1007622505&utm_source=price&utm_medium=affiliate&utm_campaign=naver
naver-59026893112,웨이크메이크,lip,3,웨이크메이크 오버 블러링 팟 4.5g,173.25,yes,5,shade_options|color_tone_intensity|finish_texture|suitable_selling|retail_presence,not_attempted,,www.lotteon.com,naver_live_offer_title_rule_adapter,https://www.lotteon.com/p/product/LO2625990178?sitmNo=LO2625990178_2625990179&ch_no=100065&ch_dtl_no=1000030&entryPoint=pcs&dp_infw_cd=CHT
naver-50134169742,데이지크,lip,3,[데이지크] 수플레 컬러 팟,173.22,yes,5,shade_options|color_tone_intensity|finish_texture|suitable_selling|retail_presence,not_attempted,,www.wconcept.co.kr,naver_live_offer_title_rule_adapter,http://www.wconcept.co.kr/Product/306035805?adfrom=naver_ep&utm_source=naver&utm_medium=pcs&utm_campaign=WCONCEPT&utm_content=none&utm_term=none
naver-53073130697,클리오,lip,3,[왕실에디션]클리오 크리스탈 글램 틴트,173.19,yes,5,shade_options|color_tone_intensity|finish_texture|suitable_selling|retail_presence,not_attempted,,with.gsshop.com,naver_live_offer_title_rule_adapter,http://with.gsshop.com/alia/aliaGate.gs?media=OB&ecpid=1032428272&vodFlag=N&prdseqnum=1032428272&utm_source=price&utm_medium=affiliate&utm_campaign=naver
naver-40058337109,3CE,lip,3,3CE 블러 워터 틴트+미니아이스위치(랜덤),173.13,yes,5,shade_options|color_tone_intensity|finish_texture|suitable_selling,not_attempted,,www.hmall.com,naver_live_offer_title_rule_adapter,https://www.hmall.com/md/pda/itemPtc?ReferCode=429&slitmCd=2150777188&utm_source=naver&utm_medium=cps_pcs&utm_campaign=sale
naver-23779728577,에뛰드,lip,3,에뛰드 [과즙틴트] 디어 달링 워터 틴트 /후르츠 워터 틴트,173.1,yes,5,shade_options|color_tone_intensity|finish_texture|suitable_selling|retail_presence,not_attempted,,www.lotteon.com,naver_live_offer_title_rule_adapter,https://www.lotteon.com/p/product/LO1209312268?sitmNo=LO1209312268_1209312269&ch_no=100065&ch_dtl_no=1000030&entryPoint=pcs&dp_infw_cd=CHT
naver-60387219005,더샘,lip,3,[온누리상품] 더샘 플로우 립 리얼래스팅 틴트,173.07,yes,5,shade_options|color_tone_intensity|finish_texture|suitable_selling|retail_presence,not_attempted,,www.lotteon.com,naver_live_offer_title_rule_adapter,https://www.lotteon.com/p/product/LO2697834144?sitmNo=LO2697834144_2697834145&ch_no=100065&ch_dtl_no=1000030&entryPoint=pcs&dp_infw_cd=CHT
naver-51840641529,네이밍,lip,3,[네이밍] 블러리 하트 립 틴트 듀오,172.98,yes,5,shade_options|color_tone_intensity|finish_texture|suitable_selling|retail_presence,not_attempted,,www.wconcept.co.kr,naver_live_offer_title_rule_adapter,http://www.wconcept.co.kr/Product/306264184?adfrom=naver_ep&utm_source=naver&utm_medium=pcs&utm_campaign=WCONCEPT&utm_content=none&utm_term=none
naver-60486157596,투쿨포스쿨,lip,3,143897 TOO COOL FOR SCHOOL 듀 블러리 틴트,172.95,yes,5,shade_options|color_tone_intensity|finish_texture|suitable_selling|retail_presence,not_attempted,,www.lotteon.com,naver_live_offer_title_rule_adapter,https://www.lotteon.com/p/product/LO2702784004?sitmNo=LO2702784004_2702784005&ch_no=100065&ch_dtl_no=1000030&entryPoint=pcs&dp_infw_cd=CHT
naver-54413612806,뮤드,lip,3,[뮤드] mude 글라세 립 틴트 11종 택1,172.86,yes,5,shade_options|color_tone_intensity|finish_texture|suitable_selling|retail_presence,not_attempted,,www.lotteon.com,naver_live_offer_title_rule_adapter,https://www.lotteon.com/p/product/LO2474508903?sitmNo=LO2474508903_2474508904&ch_no=100065&ch_dtl_no=1000030&entryPoint=pcs&dp_infw_cd=CHT
naver-49163543139,정샘물 뷰티,lip,2,[정샘물뷰티] 정샘물 립프레션 시스루 틴트,172.52,yes,4,shade_options|color_tone_intensity|finish_texture|suitable_selling|retail_presence,failed,http_error,m.a-bly.com,do_not_retry_generic_fetch_manual_review,https://m.a-bly.com/goods/2926732?utm_source=web_naver-shopping&utm_medium=display&utm_campaign=web_naver-shopping&utm_content=2926732
naver-58490394145,컬러그램,lip,2,[컬러립밤]컬러그램 틴토리 잼 6COLOR,172.46,yes,4,shade_options|color_tone_intensity|finish_texture|suitable_selling,failed,http_error,www.oliveyoung.co.kr,do_not_retry_generic_fetch_manual_review,https://www.oliveyoung.co.kr/store/common/partner.do?chlNo=1&chlDtlNo=1&utm_source=naver&utm_medium=shopping_ep&utm_campaign=onpro_ep_product_0101_1231&utm_content=pc_price&sndType=goods&sndVal=A000000201777
naver-59075048820,데이지크,lip,2,[미니 틴트 증정] 데이지크 쥬시 듀이 틴트 28 colors (단품/기획),172.4,yes,4,shade_options|color_tone_intensity|finish_texture|suitable_selling,failed,http_error,www.oliveyoung.co.kr,do_not_retry_generic_fetch_manual_review,https://www.oliveyoung.co.kr/store/common/partner.do?chlNo=1&chlDtlNo=1&utm_source=naver&utm_medium=shopping_ep&utm_campaign=onpro_ep_product_0101_1231&utm_content=pc_price&sndType=goods&sndVal=A000000184327
naver-59099480547,라카,lip,2,라카 팝핑 벌룬 틴트 4.5g 12종,172.19,yes,4,shade_options|color_tone_intensity|finish_texture|suitable_selling,failed,http_error,www.oliveyoung.co.kr,do_not_retry_generic_fetch_manual_review,https://www.oliveyoung.co.kr/store/common/partner.do?chlNo=1&chlDtlNo=1&utm_source=naver&utm_medium=shopping_ep&utm_campaign=onpro_ep_product_0101_1231&utm_content=pc_price&sndType=goods&sndVal=A000000212152
naver-57498587578,네이밍,lip,2,[7월 올영픽/미지근탠드립] 네이밍 오버 듀 글로시 립 틴트 (+부오이 헤어클립) 21colors,172.16,yes,4,shade_options|color_tone_intensity|finish_texture|suitable_selling,failed,http_error,www.oliveyoung.co.kr,do_not_retry_generic_fetch_manual_review,https://www.oliveyoung.co.kr/store/common/partner.do?chlNo=1&chlDtlNo=1&utm_source=naver&utm_medium=shopping_ep&utm_campaign=onpro_ep_product_0101_1231&utm_content=pc_price&sndType=goods&sndVal=A000000235351
naver-56466315820,투쿨포스쿨,lip,2,투쿨포스쿨 스웨이 립 벨벳 (기획/단품),172.13,yes,4,shade_options|color_tone_intensity|finish_texture|suitable_selling,failed,http_error,www.oliveyoung.co.kr,do_not_retry_generic_fetch_manual_review,https://www.oliveyoung.co.kr/store/common/partner.do?chlNo=1&chlDtlNo=1&utm_source=naver&utm_medium=shopping_ep&utm_campaign=onpro_ep_product_0101_1231&utm_content=pc_price&sndType=goods&sndVal=A000000232145
naver-53055869728,에스쁘아,lip,4,[에스쁘아] 꾸뛰르 꾸뛰르 글레이즈 AD,170.71,yes,5,shade_options|color_tone_intensity|finish_texture|suitable_selling|retail_presence,failed,http_error,m.a-bly.com,do_not_retry_generic_fetch_manual_review,https://m.a-bly.com/goods/40293501?utm_source=web_naver-shopping&utm_medium=display&utm_campaign=web_naver-shopping&utm_content=40293501
naver-55025631188,롬앤,lip,1,롬앤 컬러 립 매트,169.7,yes,3,shade_options|color_tone_intensity|suitable_selling,failed,http_error,www.oliveyoung.co.kr,do_not_retry_generic_fetch_manual_review,https://www.oliveyoung.co.kr/store/common/partner.do?chlNo=1&chlDtlNo=1&utm_source=naver&utm_medium=shopping_ep&utm_campaign=onpro_ep_product_0101_1231&utm_content=pc_price&sndType=goods&sndVal=A000000219477
naver-55568229070,컬러그램,lip,1,[착색블러]컬러그램 쥬시 잼 블러 틴트 8COLOR,169.64,yes,3,shade_options|color_tone_intensity|suitable_selling,failed,http_error,www.oliveyoung.co.kr,do_not_retry_generic_fetch_manual_review,https://www.oliveyoung.co.kr/store/common/partner.do?chlNo=1&chlDtlNo=1&utm_source=naver&utm_medium=shopping_ep&utm_campaign=onpro_ep_product_0101_1231&utm_content=pc_price&sndType=goods&sndVal=A000000228696
naver-60231168254,웨이크메이크,lip,1,[NEW/미니틴트 기획] 웨이크메이크 볼드 립 블러 틴트 15COLOR,169.61,yes,3,shade_options|color_tone_intensity|suitable_selling,failed,http_error,www.oliveyoung.co.kr,do_not_retry_generic_fetch_manual_review,https://www.oliveyoung.co.kr/store/common/partner.do?chlNo=1&chlDtlNo=1&utm_source=naver&utm_medium=shopping_ep&utm_campaign=onpro_ep_product_0101_1231&utm_content=pc_price&sndType=goods&sndVal=A000000258196
naver-83396832040,정샘물 뷰티,lip,4,정샘물 립프레션 시스루 틴트 4g,169.52,yes,5,shade_options|color_tone_intensity|finish_texture|suitable_selling|retail_presence,not_attempted,,smartstore.naver.com,naver_live_offer_title_rule_adapter,https://smartstore.naver.com/main/products/5852332626
naver-60684672339,VDL,lip,4,[광택천재] VDL 립스테인 에센셜 글로우 틴트,169.4,yes,5,shade_options|color_tone_intensity|finish_texture|suitable_selling|retail_presence,not_attempted,,link.coupang.com,naver_live_offer_title_rule_adapter,https://link.coupang.com/re/PCSNAVERPCSDP?pageKey=9600439230&ctag=9600439230&lptag=V94833043745&itemId=27873875604&vendorItemId=94833043745&spec=10305199
naver-57004215532,투쿨포스쿨,lip,1,[투쿨포스쿨] 보송틴트 스웨이 립 벨벳,169.31,yes,3,shade_options|color_tone_intensity|suitable_selling|retail_presence,failed,http_error,m.a-bly.com,do_not_retry_generic_fetch_manual_review,https://m.a-bly.com/goods/53133377?utm_source=web_naver-shopping&utm_medium=display&utm_campaign=web_naver-shopping&utm_content=53133377
naver-56467457925,하트퍼센트,lip,1,[NEW컬러] 하트퍼센트 도트 온 무드 퓨어 글로우 틴트 6.8g 5종,169.28,yes,3,shade_options|color_tone_intensity|suitable_selling,failed,http_error,www.oliveyoung.co.kr,do_not_retry_generic_fetch_manual_review,https://www.oliveyoung.co.kr/store/common/partner.do?chlNo=1&chlDtlNo=1&utm_source=naver&utm_medium=shopping_ep&utm_campaign=onpro_ep_product_0101_1231&utm_content=pc_price&sndType=goods&sndVal=A000000174069
naver-55287186644,에스쁘아,lip,1,[세레나데/블러틴트] 에스쁘아 꾸뛰르 립틴트 피팅 블러 4g 12colors,169.25,yes,3,shade_options|color_tone_intensity|suitable_selling,failed,http_error,www.oliveyoung.co.kr,do_not_retry_generic_fetch_manual_review,https://www.oliveyoung.co.kr/store/common/partner.do?chlNo=1&chlDtlNo=1&utm_source=naver&utm_medium=shopping_ep&utm_campaign=onpro_ep_product_0101_1231&utm_content=pc_price&sndType=goods&sndVal=A000000222885
naver-46865764264,페리페라,lip,4,페리페라 잉크 무드 글로이 틴트,169.13,yes,5,shade_options|color_tone_intensity|finish_texture|suitable_selling|retail_presence,not_attempted,,with.gsshop.com,naver_live_offer_title_rule_adapter,http://with.gsshop.com/alia/aliaGate.gs?media=OB&ecpid=1006497233&vodFlag=N&prdseqnum=1006497233&utm_source=price&utm_medium=affiliate&utm_campaign=naver
naver-45922519249,웨이크메이크,lip,4,웨이크메이크 듀이 젤 글로우 틴트 1.8g - 립틴트/R,169.07,yes,5,shade_options|color_tone_intensity|finish_texture|suitable_selling|retail_presence,not_attempted,,www.lotteon.com,naver_live_offer_title_rule_adapter,https://www.lotteon.com/p/product/LO2265610375?sitmNo=LO2265610375_2265610386&ch_no=100065&ch_dtl_no=1000030&entryPoint=pcs&dp_infw_cd=CHT
naver-54629488913,데이지크,lip,4,[데이지크] 쥬시 듀이 글로우 틴트 5.5g,169.04,yes,5,shade_options|color_tone_intensity|finish_texture|suitable_selling|retail_presence,not_attempted,,www.wconcept.co.kr,naver_live_offer_title_rule_adapter,http://www.wconcept.co.kr/Product/306905345?adfrom=naver_ep&utm_source=naver&utm_medium=pcs&utm_campaign=WCONCEPT&utm_content=none&utm_term=none
naver-57486643586,클리오,lip,4,클리오 볼륨메이트 틴트 (글로스 블러),169.01,yes,5,shade_options|color_tone_intensity|finish_texture|suitable_selling|retail_presence,not_attempted,,web.queenit.kr,naver_live_offer_title_rule_adapter,https://web.queenit.kr/product/e4e4b3af025098fc1acc4f11bbcc39cf?open_app=true
naver-49180026453,3CE,lip,4,3CE 레이지 팝 립 스테인 (증)미니틴트(랜덤),168.95,yes,5,shade_options|color_tone_intensity|finish_texture|suitable_selling|retail_presence,not_attempted,,www.lotteon.com,naver_live_offer_title_rule_adapter,https://www.lotteon.com/p/product/LO2339367158?sitmNo=LO2339367158_2339367159&ch_no=100065&ch_dtl_no=1000030&entryPoint=pcs&dp_infw_cd=CHT
naver-23760265852,에뛰드,lip,4,에뛰드스튜디오 디어 달링 워터 틴트 New Color /후르츠 워터 립틴트,168.92,yes,5,shade_options|color_tone_intensity|finish_texture|suitable_selling|retail_presence,not_attempted,,display.cjonstyle.com,naver_live_offer_title_rule_adapter,https://display.cjonstyle.com/p/item/66579905?infl_cd=I0696&utm_medium=pcs&utm_source=naver
naver-60387220767,더샘,lip,4,[온누리상품] 더샘 플로우 립 리얼래스팅 틴트 CR01 업사이드,168.89,yes,5,shade_options|color_tone_intensity|finish_texture|suitable_selling|retail_presence,not_attempted,,www.lotteon.com,naver_live_offer_title_rule_adapter,https://www.lotteon.com/p/product/LO2697834114?sitmNo=LO2697834114_2697834115&ch_no=100065&ch_dtl_no=1000030&entryPoint=pcs&dp_infw_cd=CHT
naver-56891458078,네이밍,lip,4,[네이밍] 오버 듀 글로시 립 틴트,168.8,yes,5,shade_options|color_tone_intensity|finish_texture|suitable_selling|retail_presence,not_attempted,,www.wconcept.co.kr,naver_live_offer_title_rule_adapter,http://www.wconcept.co.kr/Product/307500208?adfrom=naver_ep&utm_source=naver&utm_medium=pcs&utm_campaign=WCONCEPT&utm_content=none&utm_term=none
naver-60640985652,하트퍼센트,lip,4,하트퍼센트 립 앤 치크 틴트 매트 글로우 커스텀 싱글 MNS,168.74,yes,5,shade_options|color_tone_intensity|finish_texture|suitable_selling|retail_presence,not_attempted,,www.lotteon.com,naver_live_offer_title_rule_adapter,https://www.lotteon.com/p/product/LO2711686482?sitmNo=LO2711686482_2711686483&ch_no=100065&ch_dtl_no=1000030&entryPoint=pcs&dp_infw_cd=CHT
naver-60514608349,뮤드,lip,4,뮤드 소프트 블러 매트 새틴 립 틴트 01 러스티 슈가,168.68,yes,5,shade_options|color_tone_intensity|finish_texture|suitable_selling|retail_presence,not_attempted,,www.lotteon.com,naver_live_offer_title_rule_adapter,https://www.lotteon.com/p/product/LO2560239246?sitmNo=LO2560239246_2560239247&ch_no=100065&ch_dtl_no=1000030&entryPoint=pcs&dp_infw_cd=CHT
naver-58115914508,에뛰드,shadow,1,에뛰드 뽀용 아이 메이커 4 Colors,168.32,yes,5,shade_options|color_tone_intensity|finish_texture|suitable_selling,failed,http_error,www.oliveyoung.co.kr,do_not_retry_generic_fetch_manual_review,https://www.oliveyoung.co.kr/store/common/partner.do?chlNo=1&chlDtlNo=1&utm_source=naver&utm_medium=shopping_ep&utm_campaign=onpro_ep_product_0101_1231&utm_content=pc_price&sndType=goods&sndVal=A000000228774
naver-49163458340,데이지크,cheek,1,[데이지크] 블렌딩 무드 치크,168.31,yes,5,shade_options|color_tone_intensity|finish_texture|suitable_selling|retail_presence,failed,http_error,m.a-bly.com,do_not_retry_generic_fetch_manual_review,https://m.a-bly.com/goods/4582150?utm_source=web_naver-shopping&utm_medium=display&utm_campaign=web_naver-shopping&utm_content=4582150
naver-59629361232,컬러그램,lip,3,[포켓몬 에디션/NEW 컬러]컬러그램 탕후루 탱글 틴트 딥 글레이즈 8COLOR,168.28,yes,4,shade_options|color_tone_intensity|finish_texture|suitable_selling,failed,http_error,www.oliveyoung.co.kr,do_not_retry_generic_fetch_manual_review,https://www.oliveyoung.co.kr/store/common/partner.do?chlNo=1&chlDtlNo=1&utm_source=naver&utm_medium=shopping_ep&utm_campaign=onpro_ep_product_0101_1231&utm_content=pc_price&sndType=goods&sndVal=A000000245109
naver-56422598801,클리오,cheek,1,클리오 에센셜 립치크 탭 4.5g 14종,168.28,yes,5,shade_options|color_tone_intensity|finish_texture|suitable_selling,failed,http_error,www.oliveyoung.co.kr,do_not_retry_generic_fetch_manual_review,https://www.oliveyoung.co.kr/store/common/partner.do?chlNo=1&chlDtlNo=1&utm_source=naver&utm_medium=shopping_ep&utm_campaign=onpro_ep_product_0101_1231&utm_content=pc_price&sndType=goods&sndVal=A000000211400
naver-51722822691,라카,lip,3,[미니틴트본품증정] 라카 프루티 글램 틴트 4.5g (단품/기획),168.01,yes,4,shade_options|color_tone_intensity|finish_texture|suitable_selling,failed,http_error,www.oliveyoung.co.kr,do_not_retry_generic_fetch_manual_review,https://www.oliveyoung.co.kr/store/common/partner.do?chlNo=1&chlDtlNo=1&utm_source=naver&utm_medium=shopping_ep&utm_campaign=onpro_ep_product_0101_1231&utm_content=pc_price&sndType=goods&sndVal=A000000164559
naver-60470066288,하트퍼센트,cheek,1,[NEW] 하트퍼센트 도트 온 무드 커스텀 립앤치크 9.4g 2종,168.01,yes,5,shade_options|color_tone_intensity|finish_texture|suitable_selling,failed,http_error,www.oliveyoung.co.kr,do_not_retry_generic_fetch_manual_review,https://www.oliveyoung.co.kr/store/common/partner.do?chlNo=1&chlDtlNo=1&utm_source=naver&utm_medium=shopping_ep&utm_campaign=onpro_ep_product_0101_1231&utm_content=pc_price&sndType=goods&sndVal=A000000213083
naver-57395588830,롬앤,shadow,1,롬앤 슬라이드 인 싱글 | 올리브영,167.56,yes,4,shade_options|color_tone_intensity|finish_texture|suitable_selling,collected_partial,playwright_rendered,www.oliveyoung.co.kr,prior_detail_adapter,https://www.oliveyoung.co.kr/store/common/partner.do?chlNo=1&chlDtlNo=1&utm_source=naver&utm_medium=shopping_ep&utm_campaign=onpro_ep_product_0101_1231&utm_content=pc_price&sndType=goods&sndVal=A000000212611
naver-60656591370,라카,lip,5,[1분픽싱] 라카 퍼펙트 트윈 립 4.7g+4.2g 10 colors,166.65,yes,5,shade_options|color_tone_intensity|finish_texture|suitable_selling,failed,http_error,www.oliveyoung.co.kr,do_not_retry_generic_fetch_manual_review,https://www.oliveyoung.co.kr/store/common/partner.do?chlNo=1&chlDtlNo=1&utm_source=naver&utm_medium=shopping_ep&utm_campaign=onpro_ep_product_0101_1231&utm_content=pc_price&sndType=goods&sndVal=A000000255256
naver-46865944535,페리페라,shadow,1,[NEW COLOR] 페리페라 잉크 포켓 섀도우 팔레트,166.53,yes,5,shade_options|color_tone_intensity|finish_texture|suitable_selling|retail_presence,not_attempted,,with.gsshop.com,naver_live_offer_title_rule_adapter,http://with.gsshop.com/alia/aliaGate.gs?media=OB&ecpid=1025679446&vodFlag=N&prdseqnum=1025679446&utm_source=price&utm_medium=affiliate&utm_campaign=naver
naver-54509116619,클리오,shadow,1,클리오 소프트 블렌딩 섀도우 스틱,166.41,yes,5,shade_options|color_tone_intensity|finish_texture|suitable_selling|retail_presence,not_attempted,,display.cjonstyle.com,naver_live_offer_title_rule_adapter,https://display.cjonstyle.com/p/item/2056344657?infl_cd=I0696&utm_medium=pcs&utm_source=naver
naver-59101837312,3CE,shadow,1,3CE 아이 스위치 스틱 [증정]아이스위치 미니(랜덤),166.35,yes,5,shade_options|color_tone_intensity|finish_texture|suitable_selling|retail_presence,not_attempted,,www.lotteon.com,naver_live_offer_title_rule_adapter,https://www.lotteon.com/p/product/LO2626327634?sitmNo=LO2626327634_2626327635&ch_no=100065&ch_dtl_no=1000030&entryPoint=pcs&dp_infw_cd=CHT
naver-60084326618,더샘,shadow,1,더샘 [모다아울렛][더샘]샘물 싱글 섀도우 울산점,166.29,yes,5,shade_options|color_tone_intensity|finish_texture|suitable_selling|retail_presence,not_attempted,,www.lotteon.com,naver_live_offer_title_rule_adapter,https://www.lotteon.com/p/product/LO2681412242?sitmNo=LO2681412242_2681412243&ch_no=100065&ch_dtl_no=1000030&entryPoint=pcs&dp_infw_cd=CHT
naver-40083254682,3CE,cheek,1,[3CE] 페이스 블러쉬+글로우 멀티 유즈 브러쉬,166.22,yes,5,shade_options|color_tone_intensity|finish_texture|suitable_selling,not_attempted,,www.hmall.com,naver_live_offer_title_rule_adapter,https://www.hmall.com/md/pda/itemPtc?ReferCode=429&slitmCd=2150800826&utm_source=naver&utm_medium=cps_pcs&utm_campaign=sale
naver-90996155353,네이밍,shadow,1,네이밍 퍼펙테일 아이 디자이닝 펜슬 슬림라이너 살몬브라운,166.21,yes,5,shade_options|color_tone_intensity|finish_texture|suitable_selling|retail_presence,not_attempted,,smartstore.naver.com,naver_live_offer_title_rule_adapter,https://smartstore.naver.com/main/products/13451645001
naver-60387187718,더샘,cheek,1,[온누리상품] 더샘 젤리 블러셔 4.5g 14종 택 1,166.16,yes,5,shade_options|color_tone_intensity|finish_texture|suitable_selling|retail_presence,not_attempted,,www.lotteon.com,naver_live_offer_title_rule_adapter,https://www.lotteon.com/p/product/LO2697839993?sitmNo=LO2697839993_2697839994&ch_no=100065&ch_dtl_no=1000030&entryPoint=pcs&dp_infw_cd=CHT
naver-45588489365,뮤드,shadow,1,[뮤드] 숄 모먼트 아이섀도우 라떼 팔레트 (7color),166.09,yes,5,shade_options|color_tone_intensity|finish_texture|suitable_selling|retail_presence,not_attempted,,www.wconcept.co.kr,naver_live_offer_title_rule_adapter,http://www.wconcept.co.kr/Product/305589059?adfrom=naver_ep&utm_source=naver&utm_medium=pcs&utm_campaign=WCONCEPT&utm_content=none&utm_term=none
naver-33229341522,뮤드,cheek,1,[뮤드] 플러터 블러셔 5g,165.95,yes,5,shade_options|color_tone_intensity|finish_texture|suitable_selling|retail_presence,not_attempted,,www.wconcept.co.kr,naver_live_offer_title_rule_adapter,http://www.wconcept.co.kr/Product/301787896?adfrom=naver_ep&utm_source=naver&utm_medium=pcs&utm_campaign=WCONCEPT&utm_content=none&utm_term=none
naver-56424883397,웨이크메이크,lip,2,[미니틴트 증정]웨이크메이크 워터 블러링 레이어 틴트 14COLOR(단품/기획),165.43,yes,3,shade_options|color_tone_intensity|suitable_selling,failed,http_error,www.oliveyoung.co.kr,do_not_retry_generic_fetch_manual_review,https://www.oliveyoung.co.kr/store/common/partner.do?chlNo=1&chlDtlNo=1&utm_source=naver&utm_medium=shopping_ep&utm_campaign=onpro_ep_product_0101_1231&utm_content=pc_price&sndType=goods&sndVal=A000000223250
naver-51881768485,3CE,lip,2,[로즈코어/혈색생기] 3CE 블러 워터 틴트 4.6g 22종 단품/기획,165.31,yes,3,shade_options|color_tone_intensity|suitable_selling,failed,http_error,www.oliveyoung.co.kr,do_not_retry_generic_fetch_manual_review,https://www.oliveyoung.co.kr/store/common/partner.do?chlNo=1&chlDtlNo=1&utm_source=naver&utm_medium=shopping_ep&utm_campaign=onpro_ep_product_0101_1231&utm_content=pc_price&sndType=goods&sndVal=A000000148591
naver-59963519241,VDL,lip,5,[현대신촌점] [브이디엘]립스테인 에센셜 글로우 틴트,165.22,yes,5,shade_options|color_tone_intensity|finish_texture|suitable_selling,not_attempted,,www.hmall.com,naver_live_offer_title_rule_adapter,https://www.hmall.com/md/pda/itemPtc?ReferCode=429&slitmCd=2250467145&utm_source=naver&utm_medium=cps_pcs&utm_campaign=sale
naver-49163474824,에스쁘아,lip,2,[에스쁘아] 꾸뛰르 립틴트 블러벨벳,165.07,yes,3,shade_options|color_tone_intensity|suitable_selling|retail_presence,failed,http_error,m.a-bly.com,do_not_retry_generic_fetch_manual_review,https://m.a-bly.com/goods/7607588?utm_source=web_naver-shopping&utm_medium=display&utm_campaign=web_naver-shopping&utm_content=7607588
naver-50908685874,롬앤,lip,5,[롬앤] 배어 물 틴트,164.98,yes,5,shade_options|color_tone_intensity|finish_texture|suitable_selling|retail_presence,not_attempted,,www.wconcept.co.kr,naver_live_offer_title_rule_adapter,http://www.wconcept.co.kr/Product/306054817?adfrom=naver_ep&utm_source=naver&utm_medium=pcs&utm_campaign=WCONCEPT&utm_content=none&utm_term=none
naver-59504100688,웨이크메이크,lip,5,웨이크메이크 컬러그램 누디 블러 틴트 AD 5g -/R,164.89,yes,5,shade_options|color_tone_intensity|finish_texture|suitable_selling|retail_presence,not_attempted,,www.lotteon.com,naver_live_offer_title_rule_adapter,https://www.lotteon.com/p/product/LO2647409946?sitmNo=LO2647409946_2647409947&ch_no=100065&ch_dtl_no=1000030&entryPoint=pcs&dp_infw_cd=CHT
naver-59419545004,데이지크,lip,5,데이지크 쥬시 듀이 글로우 틴트 22 colors,164.86,yes,5,shade_options|color_tone_intensity|finish_texture|suitable_selling|retail_presence,not_attempted,,www.lotteon.com,naver_live_offer_title_rule_adapter,https://www.lotteon.com/p/product/LO2643940038?sitmNo=LO2643940038_2643940040&ch_no=100065&ch_dtl_no=1000030&entryPoint=pcs&dp_infw_cd=CHT
naver-54278836356,3CE,lip,5,3CE [지속력끝판왕] 레이지 팝 립 스테인 4.5g+미니아이스위치(랜덤),164.77,yes,5,shade_options|color_tone_intensity|finish_texture|suitable_selling,not_attempted,,www.hmall.com,naver_live_offer_title_rule_adapter,https://www.hmall.com/md/pda/itemPtc?ReferCode=429&slitmCd=2232578685&utm_source=naver&utm_medium=cps_pcs&utm_campaign=sale
naver-60229844071,에뛰드,lip,5,[에뛰드] (밀키베리) 디어 달링 오일 틴트 4.2g,164.74,yes,5,shade_options|color_tone_intensity|finish_texture|suitable_selling|retail_presence,not_attempted,,with.gsshop.com,naver_live_offer_title_rule_adapter,http://with.gsshop.com/alia/aliaGate.gs?media=OB&ecpid=1074006092&vodFlag=N&prdseqnum=1074006092&utm_source=price&utm_medium=affiliate&utm_campaign=naver
naver-60387221300,더샘,lip,5,[온누리상품] 더샘 새미스 크레마 벨벳 틴트 2.5g,164.71,yes,5,shade_options|color_tone_intensity|finish_texture|suitable_selling|retail_presence,not_attempted,,www.lotteon.com,naver_live_offer_title_rule_adapter,https://www.lotteon.com/p/product/LO2697834621?sitmNo=LO2697834621_2697834622&ch_no=100065&ch_dtl_no=1000030&entryPoint=pcs&dp_infw_cd=CHT
naver-44910218872,클리오,lip,5,[2EA]클리오 크리스탈 글램밤+(증정)립앤아이리무버31ml,164.65,yes,5,shade_options|color_tone_intensity|finish_texture|suitable_selling|retail_presence,not_attempted,,with.gsshop.com,naver_live_offer_title_rule_adapter,http://with.gsshop.com/alia/aliaGate.gs?media=OB&ecpid=1046460824&vodFlag=N&prdseqnum=1046460824&utm_source=price&utm_medium=affiliate&utm_campaign=naver
naver-54071296723,네이밍,lip,5,[네이밍] 글로이 하트 립 틴트 듀오,164.62,yes,5,shade_options|color_tone_intensity|finish_texture|suitable_selling|retail_presence,not_attempted,,www.wconcept.co.kr,naver_live_offer_title_rule_adapter,http://www.wconcept.co.kr/Product/306820121?adfrom=naver_ep&utm_source=naver&utm_medium=pcs&utm_campaign=WCONCEPT&utm_content=none&utm_term=none
naver-58784875572,투쿨포스쿨,lip,5,투쿨포스쿨 스웨이 립 벨벳 무광블러틴트,164.59,yes,5,shade_options|color_tone_intensity|finish_texture|suitable_selling|retail_presence,not_attempted,,www.lotteon.com,naver_live_offer_title_rule_adapter,https://www.lotteon.com/p/product/LO2546966005?sitmNo=LO2546966005_2546966007&ch_no=100065&ch_dtl_no=1000030&entryPoint=pcs&dp_infw_cd=CHT
naver-60641062000,하트퍼센트,lip,5,하트퍼센트 틴트 립글로우 수분 도트 온 무드 퓨어 듀오 X2 MNS,164.56,yes,5,shade_options|color_tone_intensity|finish_texture|suitable_selling|retail_presence,not_attempted,,www.lotteon.com,naver_live_offer_title_rule_adapter,https://www.lotteon.com/p/product/LO2711686722?sitmNo=LO2711686722_2711686723&ch_no=100065&ch_dtl_no=1000030&entryPoint=pcs&dp_infw_cd=CHT
naver-58685170677,에스쁘아,lip,5,[에스쁘아] 꾸뛰르 립 틴트 피팅블러 QWL611124529,164.53,yes,5,shade_options|color_tone_intensity|finish_texture|suitable_selling|retail_presence,not_attempted,,www.ssfshop.com,naver_live_offer_title_rule_adapter,https://www.ssfshop.com/public/inflow/partnerGate/serviceId/310?nextUrl=/ESPOIR/GQWL26012741518/good
naver-60514608165,뮤드,lip,5,뮤드 글라세 립 광택 컬러 픽싱 틴트 04 번트 칠리,164.5,yes,5,shade_options|color_tone_intensity|finish_texture|suitable_selling|retail_presence,not_attempted,,www.lotteon.com,naver_live_offer_title_rule_adapter,https://www.lotteon.com/p/product/LO2560239184?sitmNo=LO2560239184_2560239185&ch_no=100065&ch_dtl_no=1000030&entryPoint=pcs&dp_infw_cd=CHT
naver-49163445416,롬앤,cheek,2,[롬앤] 베러 댄 치크,164.25,yes,5,shade_options|color_tone_intensity|finish_texture|suitable_selling|retail_presence,failed,http_error,m.a-bly.com,do_not_retry_generic_fetch_manual_review,https://m.a-bly.com/goods/2012759?utm_source=web_naver-shopping&utm_medium=display&utm_campaign=web_naver-shopping&utm_content=2012759&coupon_sno=50253092
naver-52098911223,3CE,shadow,2,3CE 아이 스위치,164.18,yes,5,shade_options|color_tone_intensity|finish_texture|suitable_selling,failed,http_error,www.oliveyoung.co.kr,do_not_retry_generic_fetch_manual_review,https://www.oliveyoung.co.kr/store/common/partner.do?chlNo=1&chlDtlNo=1&utm_source=naver&utm_medium=shopping_ep&utm_campaign=onpro_ep_product_0101_1231&utm_content=pc_price&sndType=goods&sndVal=A000000110707
naver-51830547631,롬앤,lip,4,[롬앤] 더 쥬시 래스팅 틴트,164.16,yes,4,shade_options|color_tone_intensity|finish_texture|suitable_selling|retail_presence,failed,http_error,m.a-bly.com,do_not_retry_generic_fetch_manual_review,https://m.a-bly.com/goods/34585203?utm_source=web_naver-shopping&utm_medium=display&utm_campaign=web_naver-shopping&utm_content=34585203&coupon_sno=50253092
naver-59660675985,데이지크,cheek,2,[데이지크] 미니 블렌딩 무드 치크,164.13,yes,5,shade_options|color_tone_intensity|finish_texture|suitable_selling|retail_presence,failed,http_error,m.a-bly.com,do_not_retry_generic_fetch_manual_review,https://m.a-bly.com/goods/67205249?utm_source=web_naver-shopping&utm_medium=display&utm_campaign=web_naver-shopping&utm_content=67205249
naver-54795250114,컬러그램,lip,4,[립&치크 블러팟]컬러그램 틴토리 블러 잼 4COLOR,164.1,yes,4,shade_options|color_tone_intensity|finish_texture|suitable_selling,failed,http_error,www.oliveyoung.co.kr,do_not_retry_generic_fetch_manual_review,https://www.oliveyoung.co.kr/store/common/partner.do?chlNo=1&chlDtlNo=1&utm_source=naver&utm_medium=shopping_ep&utm_campaign=onpro_ep_product_0101_1231&utm_content=pc_price&sndType=goods&sndVal=A000000209954
naver-60117749141,라카,lip,4,[올영단독컬러] 라카 맥시 글레이어 틴트 미니 2.2g,163.83,yes,4,shade_options|color_tone_intensity|finish_texture|suitable_selling,failed,http_error,www.oliveyoung.co.kr,do_not_retry_generic_fetch_manual_review,https://www.oliveyoung.co.kr/store/common/partner.do?chlNo=1&chlDtlNo=1&utm_source=naver&utm_medium=shopping_ep&utm_campaign=onpro_ep_product_0101_1231&utm_content=pc_price&sndType=goods&sndVal=A000000257134
naver-59379625987,투쿨포스쿨,lip,4,투쿨포스쿨 베일 스킨 틴트 (기획/단품),163.77,yes,4,shade_options|color_tone_intensity|finish_texture|suitable_selling,failed,http_error,www.oliveyoung.co.kr,do_not_retry_generic_fetch_manual_review,https://www.oliveyoung.co.kr/store/common/partner.do?chlNo=1&chlDtlNo=1&utm_source=naver&utm_medium=shopping_ep&utm_campaign=onpro_ep_product_0101_1231&utm_content=pc_price&sndType=goods&sndVal=A000000250664
naver-50519987812,롬앤,shadow,2,[롬앤]베러댄팔레트6g,162.38,yes,5,shade_options|color_tone_intensity|finish_texture|suitable_selling,not_attempted,,www.shinsegaetvshopping.com,naver_live_offer_title_rule_adapter,https://www.shinsegaetvshopping.com/display/detail/70855366?inMediaCode=EC12&ckwhere=naverep
naver-60691158237,웨이크메이크,shadow,2,웨이크메이크 소프트 블러링 아이 팔레트 08 캔디코랄 블러링,162.29,yes,5,shade_options|color_tone_intensity|finish_texture|suitable_selling|retail_presence,not_attempted,,www.lotteon.com,naver_live_offer_title_rule_adapter,https://www.lotteon.com/p/product/LO2443873547?sitmNo=LO2443873547_2443873548&ch_no=100065&ch_dtl_no=1000030&entryPoint=pcs&dp_infw_cd=CHT
naver-59452749525,데이지크,shadow,2,데이지크 무드 섀도우 팔레트 04라이트라벤더,162.26,yes,5,shade_options|color_tone_intensity|finish_texture|suitable_selling|retail_presence,not_attempted,,www.lotteon.com,naver_live_offer_title_rule_adapter,https://www.lotteon.com/p/product/LO2645182864?sitmNo=LO2645182864_2645182865&ch_no=100065&ch_dtl_no=1000030&entryPoint=pcs&dp_infw_cd=CHT
naver-89145048077,정샘물 뷰티,cheek,2,정샘물 아티스트 쿠션 블러쉬 4g,162.25,yes,5,shade_options|color_tone_intensity|finish_texture|suitable_selling|retail_presence,not_attempted,,smartstore.naver.com,naver_live_offer_title_rule_adapter,https://smartstore.naver.com/main/products/11600537671
naver-45433111218,클리오,shadow,2,[1 +1] 클리오 프로 싱글 섀도우,162.24,yes,5,shade_options|color_tone_intensity|finish_texture|suitable_selling|retail_presence,not_attempted,,with.gsshop.com,naver_live_offer_title_rule_adapter,http://with.gsshop.com/alia/aliaGate.gs?media=OB&ecpid=1048129396&vodFlag=N&prdseqnum=1048129396&utm_source=price&utm_medium=affiliate&utm_campaign=naver
naver-91176070196,네이밍,shadow,2,품절대란/멀티라이너 네이밍 퍼펙테일 아이 디자이닝 펜슬 듀얼 라이너 0.2g 칼라택1,162.21,yes,5,shade_options|color_tone_intensity|finish_texture|suitable_selling|retail_presence,not_attempted,,smartstore.naver.com,naver_live_offer_title_rule_adapter,https://smartstore.naver.com/main/products/13631559532
naver-60388593638,컬러그램,cheek,2,컬러그램 틴토리 솜 블러셔 썸탠저린 3호,162.19,yes,5,shade_options|color_tone_intensity|finish_texture|suitable_selling|retail_presence,not_attempted,,www.lotteon.com,naver_live_offer_title_rule_adapter,https://www.lotteon.com/p/product/LO2697921308?sitmNo=LO2697921308_2697921309&ch_no=100065&ch_dtl_no=1000030&entryPoint=pcs&dp_infw_cd=CHT
naver-44774118376,에뛰드,shadow,2,[에뛰드] 플레이 컬러 아이즈/셀러뷰리티,162.15,yes,5,shade_options|color_tone_intensity|finish_texture|suitable_selling|retail_presence,not_attempted,,with.gsshop.com,naver_live_offer_title_rule_adapter,http://with.gsshop.com/alia/aliaGate.gs?media=OB&ecpid=1046131939&vodFlag=N&prdseqnum=1046131939&utm_source=price&utm_medium=affiliate&utm_campaign=naver
naver-84362053978,하트퍼센트,shadow,2,하트퍼센트 도트 온 무드 아이 팔레트,162.15,yes,5,shade_options|color_tone_intensity|finish_texture|suitable_selling|retail_presence,not_attempted,,smartstore.naver.com,naver_live_offer_title_rule_adapter,https://smartstore.naver.com/main/products/6817553656
naver-56466410888,더샘,shadow,2,더샘 샘물 애교살 메이커,162.12,yes,5,shade_options|color_tone_intensity|finish_texture|suitable_selling|retail_presence,not_attempted,,www.lotteon.com,naver_live_offer_title_rule_adapter,https://www.lotteon.com/p/product/LO2538023424?sitmNo=LO2538023424_2538023425&ch_no=100065&ch_dtl_no=1000030&entryPoint=pcs&dp_infw_cd=CHT
naver-54509115936,클리오,cheek,2,클리오 [NEW/소프트부케] 에센셜 블러쉬 탭,162.1,yes,5,shade_options|color_tone_intensity|finish_texture|suitable_selling|retail_presence,not_attempted,,display.cjonstyle.com,naver_live_offer_title_rule_adapter,https://display.cjonstyle.com/p/item/2056342481?infl_cd=I0696&utm_medium=pcs&utm_source=naver
naver-52379854428,VDL,shadow,2,VDL 아이샤인 컬러 모드 아이 팔레트 7.2g,162.09,yes,5,shade_options|color_tone_intensity|finish_texture|suitable_selling|retail_presence,not_attempted,,www.lotteon.com,naver_live_offer_title_rule_adapter,https://www.lotteon.com/p/product/LO2420139926?sitmNo=LO2420139926_2420139927&ch_no=100065&ch_dtl_no=1000030&entryPoint=pcs&dp_infw_cd=CHT
naver-53918530141,3CE,cheek,2,3CE NEW 블러쉬 라이터+글로우 멀티 유즈 브러쉬,162.04,yes,5,shade_options|color_tone_intensity|finish_texture|suitable_selling,not_attempted,,www.hmall.com,naver_live_offer_title_rule_adapter,https://www.hmall.com/md/pda/itemPtc?ReferCode=429&slitmCd=2231665559&utm_source=naver&utm_medium=cps_pcs&utm_campaign=sale
naver-90554490906,투쿨포스쿨,cheek,2,투쿨포스쿨 아트클래스 벨루어 펜슬 블러셔 2.4g 11colors,162.04,yes,5,shade_options|color_tone_intensity|finish_texture|suitable_selling|retail_presence,not_attempted,,smartstore.naver.com,naver_live_offer_title_rule_adapter,https://smartstore.naver.com/main/products/13009979814
naver-45283760049,에뛰드,cheek,2,[에뛰드] 러블리 쿠키 블러셔 2개,162.01,yes,5,shade_options|color_tone_intensity|finish_texture|suitable_selling|retail_presence,not_attempted,,with.gsshop.com,naver_live_offer_title_rule_adapter,http://with.gsshop.com/alia/aliaGate.gs?media=OB&ecpid=1020568195&vodFlag=N&prdseqnum=1020568195&utm_source=price&utm_medium=affiliate&utm_campaign=naver
naver-60387192272,더샘,cheek,2,[온누리상품] 더샘 젤리 블러셔 4.5g new 5종 택 1,161.98,yes,5,shade_options|color_tone_intensity|finish_texture|suitable_selling|retail_presence,not_attempted,,www.lotteon.com,naver_live_offer_title_rule_adapter,https://www.lotteon.com/p/product/LO2697840035?sitmNo=LO2697840035_2697840036&ch_no=100065&ch_dtl_no=1000030&entryPoint=pcs&dp_infw_cd=CHT
naver-84349521341,뮤드,cheek,2,뮤드 플러터 블러셔,161.95,yes,5,shade_options|color_tone_intensity|finish_texture|suitable_selling|retail_presence,not_attempted,,smartstore.naver.com,naver_live_offer_title_rule_adapter,https://smartstore.naver.com/main/products/6805021019
naver-51165140951,하트퍼센트,lip,3,도트 온 무드 원 웨이 글로이 틴트,161.92,no,2,color_tone_intensity|suitable_selling|retail_presence,collected_complete,fetched,chicor.com,prior_detail_adapter,https://chicor.com/goods/0000000110202?utm_source=naver&utm_medium=cpc&utm_campaign=ep
naver-28355832959,네이밍,cheek,2,[네이밍] 플러피 파우더 블러쉬,161.89,yes,5,shade_options|color_tone_intensity|finish_texture|suitable_selling|retail_presence,not_attempted,,www.wconcept.co.kr,naver_live_offer_title_rule_adapter,http://www.wconcept.co.kr/Product/301409698?adfrom=naver_ep&utm_source=naver&utm_medium=pcs&utm_campaign=WCONCEPT&utm_content=none&utm_term=none
naver-60640983288,하트퍼센트,cheek,2,하트퍼센트 립 앤 치크 틴트 도트 온 무드 커스텀 MNS,161.83,yes,5,shade_options|color_tone_intensity|finish_texture|suitable_selling|retail_presence,not_attempted,,www.lotteon.com,naver_live_offer_title_rule_adapter,https://www.lotteon.com/p/product/LO2711686699?sitmNo=LO2711686699_2711686700&ch_no=100065&ch_dtl_no=1000030&entryPoint=pcs&dp_infw_cd=CHT
naver-53124255709,컬러그램,shadow,1,[싱글섀도우]컬러그램 싱글 큐브 섀도우 23COLOR,161.5,yes,4,shade_options|color_tone_intensity|finish_texture|suitable_selling,failed,http_error,www.oliveyoung.co.kr,do_not_retry_generic_fetch_manual_review,https://www.oliveyoung.co.kr/store/common/partner.do?chlNo=1&chlDtlNo=1&utm_source=naver&utm_medium=shopping_ep&utm_campaign=onpro_ep_product_0101_1231&utm_content=pc_price&sndType=goods&sndVal=A000000216667
naver-59999134087,데이지크,shadow,1,[데이지크] 무드 싱글 섀도우 40종,161.44,yes,4,shade_options|color_tone_intensity|finish_texture|suitable_selling|retail_presence,failed,http_error,m.a-bly.com,do_not_retry_generic_fetch_manual_review,https://m.a-bly.com/goods/53145563?utm_source=web_naver-shopping&utm_medium=display&utm_campaign=web_naver-shopping&utm_content=53145563
naver-54024915841,VDL,lip,3,[VDL] 립스테인 에센셜 글로우 틴트,161.4,yes,3,shade_options|color_tone_intensity|suitable_selling|retail_presence,failed,http_error,m.a-bly.com,do_not_retry_generic_fetch_manual_review,https://m.a-bly.com/goods/44228653?utm_source=web_naver-shopping&utm_medium=display&utm_campaign=web_naver-shopping&utm_content=44228653
naver-60084440202,정샘물 뷰티,shadow,1,[정샘물뷰티] 정샘물 아티스트 아이 팔레트 코어 6종 (아이 팔레트 코어 브러쉬),161.38,yes,4,shade_options|color_tone_intensity|finish_texture|suitable_selling|retail_presence,failed,http_error,m.a-bly.com,do_not_retry_generic_fetch_manual_review,https://m.a-bly.com/goods/69321238?utm_source=web_naver-shopping&utm_medium=display&utm_campaign=web_naver-shopping&utm_content=69321238
naver-55774345211,컬러그램,cheek,1,[포켓몬 에디션/모공블러셔]컬러그램 틴토리 솜 블러셔 14COLOR,161.37,yes,4,shade_options|color_tone_intensity|finish_texture|suitable_selling,failed,http_error,www.oliveyoung.co.kr,do_not_retry_generic_fetch_manual_review,https://www.oliveyoung.co.kr/store/common/partner.do?chlNo=1&chlDtlNo=1&utm_source=naver&utm_medium=shopping_ep&utm_campaign=onpro_ep_product_0101_1231&utm_content=pc_price&sndType=goods&sndVal=A000000228682
naver-56456062597,웨이크메이크,cheek,1,[NEW/헬시 치크] 웨이크메이크 쉐이킹 블러 치크 9COLOR,161.34,yes,4,shade_options|color_tone_intensity|finish_texture|suitable_selling,failed,http_error,www.oliveyoung.co.kr,do_not_retry_generic_fetch_manual_review,https://www.oliveyoung.co.kr/store/common/partner.do?chlNo=1&chlDtlNo=1&utm_source=naver&utm_medium=shopping_ep&utm_campaign=onpro_ep_product_0101_1231&utm_content=pc_price&sndType=goods&sndVal=A000000231339
naver-55400191676,VDL,shadow,1,[VDL] 아이스테인 에센셜 섀도우 듀오,161.26,yes,4,shade_options|color_tone_intensity|finish_texture|suitable_selling|retail_presence,failed,http_error,m.a-bly.com,do_not_retry_generic_fetch_manual_review,https://m.a-bly.com/goods/43648475?utm_source=web_naver-shopping&utm_medium=display&utm_campaign=web_naver-shopping&utm_content=43648475
naver-56149298490,라카,shadow,1,[NEW컬러출시] 라카 모노 아이섀도우,161.24,yes,4,shade_options|color_tone_intensity|finish_texture|suitable_selling,failed,http_error,www.oliveyoung.co.kr,do_not_retry_generic_fetch_manual_review,https://www.oliveyoung.co.kr/store/common/partner.do?chlNo=1&chlDtlNo=1&utm_source=naver&utm_medium=shopping_ep&utm_campaign=onpro_ep_product_0101_1231&utm_content=pc_price&sndType=goods&sndVal=A000000183472
naver-91177745392,VDL,lip,6,광택천재 VDL 립스테인 에센셜 글로우 틴트,161.22,yes,5,shade_options|color_tone_intensity|finish_texture|suitable_selling|retail_presence,not_attempted,,smartstore.naver.com,naver_live_offer_title_rule_adapter,https://smartstore.naver.com/main/products/13633234728
naver-55027228004,에뛰드,cheek,1,에뛰드 하트 팝 블러셔,161.19,yes,4,shade_options|color_tone_intensity|finish_texture|suitable_selling,failed,http_error,www.oliveyoung.co.kr,do_not_retry_generic_fetch_manual_review,https://www.oliveyoung.co.kr/store/common/partner.do?chlNo=1&chlDtlNo=1&utm_source=naver&utm_medium=shopping_ep&utm_campaign=onpro_ep_product_0101_1231&utm_content=pc_price&sndType=goods&sndVal=A000000181634
naver-60419371058,투쿨포스쿨,shadow,1,[투쿨포스쿨] ONLY ABLY 프로타주 펜슬 / 틴트 / 브로우 / 라이너 외,161.18,yes,4,shade_options|color_tone_intensity|finish_texture|suitable_selling|retail_presence,failed,http_error,m.a-bly.com,do_not_retry_generic_fetch_manual_review,https://m.a-bly.com/goods/38022424?utm_source=web_naver-shopping&utm_medium=display&utm_campaign=web_naver-shopping&utm_content=38022424
naver-56466294479,하트퍼센트,shadow,1,[NEW] 하트퍼센트 도트 온 무드 아이 팔레트 3colors,161.15,yes,4,shade_options|color_tone_intensity|finish_texture|suitable_selling,failed,http_error,www.oliveyoung.co.kr,do_not_retry_generic_fetch_manual_review,https://www.oliveyoung.co.kr/store/common/partner.do?chlNo=1&chlDtlNo=1&utm_source=naver&utm_medium=shopping_ep&utm_campaign=onpro_ep_product_0101_1231&utm_content=pc_price&sndType=goods&sndVal=A000000209307
naver-50562556242,에스쁘아,shadow,1,[에스쁘아] 아이 코어 팔레트,161.12,yes,4,shade_options|color_tone_intensity|finish_texture|suitable_selling|retail_presence,failed,http_error,m.a-bly.com,do_not_retry_generic_fetch_manual_review,https://m.a-bly.com/goods/28683928?utm_source=web_naver-shopping&utm_medium=display&utm_campaign=web_naver-shopping&utm_content=28683928
naver-56057064634,라카,cheek,1,라카 러브 실크 블러쉬 6 colors,161.1,yes,4,shade_options|color_tone_intensity|finish_texture|suitable_selling,failed,http_error,www.oliveyoung.co.kr,do_not_retry_generic_fetch_manual_review,https://www.oliveyoung.co.kr/store/common/partner.do?chlNo=1&chlDtlNo=1&utm_source=naver&utm_medium=shopping_ep&utm_campaign=onpro_ep_product_0101_1231&utm_content=pc_price&sndType=goods&sndVal=A000000183448
naver-54629623923,투쿨포스쿨,cheek,1,투쿨포스쿨 바이로댕 블러셔,161.04,yes,4,shade_options|color_tone_intensity|finish_texture|suitable_selling,failed,http_error,www.oliveyoung.co.kr,do_not_retry_generic_fetch_manual_review,https://www.oliveyoung.co.kr/store/common/partner.do?chlNo=1&chlDtlNo=1&utm_source=naver&utm_medium=shopping_ep&utm_campaign=onpro_ep_product_0101_1231&utm_content=pc_price&sndType=goods&sndVal=A000000110553
naver-59488770435,에스쁘아,cheek,1,[에스쁘아] 블러 웨어 블러쉬,160.98,yes,4,shade_options|color_tone_intensity|finish_texture|suitable_selling|retail_presence,failed,http_error,m.a-bly.com,do_not_retry_generic_fetch_manual_review,https://m.a-bly.com/goods/65911573?utm_source=web_naver-shopping&utm_medium=display&utm_campaign=web_naver-shopping&utm_content=65911573
naver-60361668457,에스쁘아,lip,3,[에스쁘아] 꾸뛰르 립틴트 피팅블러,160.89,yes,3,shade_options|color_tone_intensity|suitable_selling|retail_presence,failed,http_error,m.a-bly.com,do_not_retry_generic_fetch_manual_review,https://m.a-bly.com/goods/42299668?utm_source=web_naver-shopping&utm_medium=display&utm_campaign=web_naver-shopping&utm_content=42299668
naver-28780183288,롬앤,lip,6,[롬앤] [NEW 컬러 추가]제로 벨벳 틴트 단품,160.8,yes,5,shade_options|color_tone_intensity|finish_texture|suitable_selling|retail_presence,not_attempted,,www.wconcept.co.kr,naver_live_offer_title_rule_adapter,http://www.wconcept.co.kr/Product/301448951?adfrom=naver_ep&utm_source=naver&utm_medium=pcs&utm_campaign=WCONCEPT&utm_content=none&utm_term=none
naver-60204735175,페리페라,lip,6,페리페라 오버 블러 틴트 04 코랄랄라,160.77,yes,5,shade_options|color_tone_intensity|finish_texture|suitable_selling|retail_presence,not_attempted,,www.lotteon.com,naver_live_offer_title_rule_adapter,https://www.lotteon.com/p/product/LO2573390989?sitmNo=LO2573390989_2573390990&ch_no=100065&ch_dtl_no=1000030&entryPoint=pcs&dp_infw_cd=CHT
naver-60278851230,웨이크메이크,lip,6,웨이크메이크 볼드 립 블러 틴트 애프리시티 3호,160.71,yes,5,shade_options|color_tone_intensity|finish_texture|suitable_selling|retail_presence,not_attempted,,www.lotteon.com,naver_live_offer_title_rule_adapter,https://www.lotteon.com/p/product/LO2692596343?sitmNo=LO2692596343_2692596344&ch_no=100065&ch_dtl_no=1000030&entryPoint=pcs&dp_infw_cd=CHT
naver-53942823062,데이지크,lip,6,[데이지크] [NEW] 츄잉 글로우 팟,160.68,yes,5,shade_options|color_tone_intensity|finish_texture|suitable_selling|retail_presence,not_attempted,,www.wconcept.co.kr,naver_live_offer_title_rule_adapter,http://www.wconcept.co.kr/Product/306795406?adfrom=naver_ep&utm_source=naver&utm_medium=pcs&utm_campaign=WCONCEPT&utm_content=none&utm_term=none
naver-51600439140,하트퍼센트,cheek,3,도트 온 무드 커스텀 립앤치크,160.65,yes,4,color_tone_intensity|finish_texture|suitable_selling|retail_presence,collected_complete,fetched,chicor.com,prior_detail_adapter,https://chicor.com/goods/0000000113801?utm_source=naver&utm_medium=cpc&utm_campaign=ep
naver-56945939744,3CE,lip,6,3CE NEW 벨벳 립 틴트 플러쉬+벨벳 파우치 키링,160.59,yes,5,shade_options|color_tone_intensity|finish_texture|suitable_selling,not_attempted,,www.hmall.com,naver_live_offer_title_rule_adapter,https://www.hmall.com/md/pda/itemPtc?ReferCode=429&slitmCd=2241383271&utm_source=naver&utm_medium=cps_pcs&utm_campaign=sale
naver-33226354230,에뛰드,lip,6,에뛰드 [New Color] 픽싱 틴트 /하이드로 매트 립틴트,160.56,yes,5,shade_options|color_tone_intensity|finish_texture|suitable_selling|retail_presence,not_attempted,,www.lotteon.com,naver_live_offer_title_rule_adapter,https://www.lotteon.com/p/product/LO1487128201?sitmNo=LO1487128201_1487128202&ch_no=100065&ch_dtl_no=1000030&entryPoint=pcs&dp_infw_cd=CHT
naver-60387215369,더샘,lip,6,[온누리상품] 더샘 샘물 워터 캔디 틴트 10g,160.53,yes,5,shade_options|color_tone_intensity|finish_texture|suitable_selling|retail_presence,not_attempted,,www.lotteon.com,naver_live_offer_title_rule_adapter,https://www.lotteon.com/p/product/LO2697834053?sitmNo=LO2697834053_2697834054&ch_no=100065&ch_dtl_no=1000030&entryPoint=pcs&dp_infw_cd=CHT
naver-48355835095,클리오,lip,6,[냥생역전코숏] 클리오 크리스탈 글램 틴트,160.47,yes,5,shade_options|color_tone_intensity|finish_texture|suitable_selling|retail_presence,not_attempted,,with.gsshop.com,naver_live_offer_title_rule_adapter,http://with.gsshop.com/alia/aliaGate.gs?media=OB&ecpid=1057235094&vodFlag=N&prdseqnum=1057235094&utm_source=price&utm_medium=affiliate&utm_campaign=naver
naver-51840584473,네이밍,lip,6,[네이밍] 블러리 하트 립 틴트,160.44,yes,5,shade_options|color_tone_intensity|finish_texture|suitable_selling|retail_presence,not_attempted,,www.wconcept.co.kr,naver_live_offer_title_rule_adapter,http://www.wconcept.co.kr/Product/306264172?adfrom=naver_ep&utm_source=naver&utm_medium=pcs&utm_campaign=WCONCEPT&utm_content=none&utm_term=none
naver-56318640108,롬앤,cheek,1,[NEW] 롬앤 쥬시 알 치크 단품/기획 | 올리브영,160.43,yes,3,shade_options|color_tone_intensity,collected_partial,playwright_rendered,www.oliveyoung.co.kr,prior_detail_adapter,https://www.oliveyoung.co.kr/store/common/partner.do?chlNo=1&chlDtlNo=1&utm_source=naver&utm_medium=shopping_ep&utm_campaign=onpro_ep_product_0101_1231&utm_content=pc_price&sndType=goods&sndVal=A000000219047
naver-60422402740,투쿨포스쿨,lip,6,투쿨포스쿨 베일 스킨 틴트 17 포슬린 기획 (+퍼프),160.41,yes,5,shade_options|color_tone_intensity|finish_texture|suitable_selling|retail_presence,not_attempted,,www.lotteon.com,naver_live_offer_title_rule_adapter,https://www.lotteon.com/p/product/LO2699526619?sitmNo=LO2699526619_2699526620&ch_no=100065&ch_dtl_no=1000030&entryPoint=pcs&dp_infw_cd=CHT
naver-59404539686,페리페라,cheek,1,페리페라 블러리 톡 치크 5 Colors (+미니치크 증정 기획) | 올리브영,160.4,yes,3,shade_options|color_tone_intensity,collected_partial,playwright_rendered,www.oliveyoung.co.kr,prior_detail_adapter,https://www.oliveyoung.co.kr/store/common/partner.do?chlNo=1&chlDtlNo=1&utm_source=naver&utm_medium=shopping_ep&utm_campaign=onpro_ep_product_0101_1231&utm_content=pc_price&sndType=goods&sndVal=A000000249488
naver-60641070302,하트퍼센트,lip,6,하트퍼센트 틴트 매트 립 앤 치크 도트 온 무드 블러리 포그 MNS,160.38,yes,5,shade_options|color_tone_intensity|finish_texture|suitable_selling|retail_presence,not_attempted,,www.lotteon.com,naver_live_offer_title_rule_adapter,https://www.lotteon.com/p/product/LO2711686418?sitmNo=LO2711686418_2711686419&ch_no=100065&ch_dtl_no=1000030&entryPoint=pcs&dp_infw_cd=CHT
naver-53919559473,에스쁘아,lip,6,[에스쁘아] 에스쁘아 꾸뛰르 립틴트 피팅블러,160.35,yes,5,shade_options|color_tone_intensity|finish_texture|suitable_selling|retail_presence,not_attempted,,www.wconcept.co.kr,naver_live_offer_title_rule_adapter,http://www.wconcept.co.kr/Product/306794362?adfrom=naver_ep&utm_source=naver&utm_medium=pcs&utm_campaign=WCONCEPT&utm_content=none&utm_term=none
naver-60191142386,뮤드,lip,6,뮤드 글라세 립 촉촉 컬러 픽싱 틴트 13 썸머 피크닉,160.32,yes,5,shade_options|color_tone_intensity|finish_texture|suitable_selling|retail_presence,not_attempted,,www.lotteon.com,naver_live_offer_title_rule_adapter,https://www.lotteon.com/p/product/LO2560239177?sitmNo=LO2560239177_2560239178&ch_no=100065&ch_dtl_no=1000030&entryPoint=pcs&dp_infw_cd=CHT
naver-50894793300,컬러그램,lip,5,[원조탱글광]컬러그램 탕후루 탱글 틴트 17COLOR,159.92,yes,4,shade_options|color_tone_intensity|finish_texture|suitable_selling,failed,http_error,www.oliveyoung.co.kr,do_not_retry_generic_fetch_manual_review,https://www.oliveyoung.co.kr/store/common/partner.do?chlNo=1&chlDtlNo=1&utm_source=naver&utm_medium=shopping_ep&utm_campaign=onpro_ep_product_0101_1231&utm_content=pc_price&sndType=goods&sndVal=A000000188142
naver-59047228208,페리페라,shadow,3,[애교살 스틱 증정기획] 페리페라 잉크 포켓 섀도우 팔레트 (단품/기획) | 올리브영,159.18,yes,4,shade_options|color_tone_intensity|finish_texture|suitable_selling,collected_partial,playwright_rendered,www.oliveyoung.co.kr,prior_detail_adapter,https://www.oliveyoung.co.kr/store/common/partner.do?chlNo=1&chlDtlNo=1&utm_source=naver&utm_medium=shopping_ep&utm_campaign=onpro_ep_product_0101_1231&utm_content=pc_price&sndType=goods&sndVal=A000000124399
naver-51634638110,페리페라,lip,5,페리페라 잉크 더 에어리 벨벳 4g 6 Colors | 올리브영,158.95,yes,3,shade_options|color_tone_intensity|suitable_selling,collected_partial,playwright_rendered,www.oliveyoung.co.kr,prior_detail_adapter,https://www.oliveyoung.co.kr/store/common/partner.do?chlNo=1&chlDtlNo=1&utm_source=naver&utm_medium=shopping_ep&utm_campaign=onpro_ep_product_0101_1231&utm_content=pc_price&sndType=goods&sndVal=A000000121562
naver-84349521340,뮤드,cheek,3,이런 상품 어때요? 뮤드 플러터 블러셔 5g,158.77,yes,4,shade_options|color_tone_intensity|finish_texture|suitable_selling|retail_presence,collected_partial,fetched,shopping.naver.com,prior_detail_adapter,https://shopping.naver.com/outlink/itemdetail/6805021018
naver-60691158417,웨이크메이크,shadow,3,웨이크메이크 소프트 블러링 아이 팔레트 05 뮤트 코랄 블러링,158.12,yes,5,shade_options|color_tone_intensity|finish_texture|suitable_selling|retail_presence,not_attempted,,www.lotteon.com,naver_live_offer_title_rule_adapter,https://www.lotteon.com/p/product/LO2393757119?sitmNo=LO2393757119_2393757120&ch_no=100065&ch_dtl_no=1000030&entryPoint=pcs&dp_infw_cd=CHT
naver-56999029537,데이지크,shadow,3,데이지크 무드 섀도우 팔레트 색상 러브하트,158.09,yes,5,shade_options|color_tone_intensity|finish_texture|suitable_selling|retail_presence,not_attempted,,www.lotteon.com,naver_live_offer_title_rule_adapter,https://www.lotteon.com/p/product/LO2553668114?sitmNo=LO2553668114_2553668115&ch_no=100065&ch_dtl_no=1000030&entryPoint=pcs&dp_infw_cd=CHT
naver-59197963708,롬앤,cheek,3,롬앤베러댄치크-블러셔(SH),158.07,yes,5,shade_options|color_tone_intensity|finish_texture|suitable_selling,not_attempted,,www.shinsegaetvshopping.com,naver_live_offer_title_rule_adapter,https://www.shinsegaetvshopping.com/display/detail/92919635?inMediaCode=EC12&ckwhere=naverep
naver-46093215046,라카,shadow,2,모노아이섀도우,158.06,yes,3,color_tone_intensity|finish_texture|suitable_selling|retail_presence,collected_complete,fetched,chicor.com,prior_detail_adapter,https://chicor.com/goods/0000000079824?utm_source=naver&utm_medium=cpc&utm_campaign=ep
naver-60026749969,클리오,shadow,3,[단종템부활] 클리오 프로아이팔레트AD+(증정)프로아이섀도우 브러쉬,158.06,yes,5,shade_options|color_tone_intensity|finish_texture|suitable_selling|retail_presence,not_attempted,,with.gsshop.com,naver_live_offer_title_rule_adapter,http://with.gsshop.com/alia/aliaGate.gs?media=OB&ecpid=95835593&vodFlag=N&prdseqnum=95835593&utm_source=price&utm_medium=affiliate&utm_campaign=naver
naver-57235448244,페리페라,cheek,3,[2EA] 페리페라 선샤인 치크,158.04,yes,5,shade_options|color_tone_intensity|finish_texture|suitable_selling|retail_presence,not_attempted,,with.gsshop.com,naver_live_offer_title_rule_adapter,http://with.gsshop.com/alia/aliaGate.gs?media=OB&ecpid=98630851&vodFlag=N&prdseqnum=98630851&utm_source=price&utm_medium=affiliate&utm_campaign=naver
naver-91170927668,네이밍,shadow,3,[NEW] 네이밍 플러피 파우더 블러쉬 듀오 팔레트 (3.2g x 2),158.03,yes,5,shade_options|color_tone_intensity|finish_texture|suitable_selling|retail_presence,not_attempted,,smartstore.naver.com,naver_live_offer_title_rule_adapter,https://smartstore.naver.com/main/products/13626417059
naver-57198350460,정샘물 뷰티,shadow,3,정샘물 마스터클래스 아이섀도우 M 브러쉬 + 더블클린수정화장패드(1매),158.03,yes,5,shade_options|color_tone_intensity|finish_texture|suitable_selling|retail_presence,not_attempted,,display.cjonstyle.com,naver_live_offer_title_rule_adapter,https://display.cjonstyle.com/p/item/93614747?infl_cd=I0696&utm_medium=pcs&utm_source=naver
naver-60388598321,컬러그램,cheek,3,컬러그램 틴토리 솜 블러셔 베어바나 9호,158.01,yes,5,shade_options|color_tone_intensity|finish_texture|suitable_selling|retail_presence,not_attempted,,www.lotteon.com,naver_live_offer_title_rule_adapter,https://www.lotteon.com/p/product/LO2697920785?sitmNo=LO2697920785_2697920786&ch_no=100065&ch_dtl_no=1000030&entryPoint=pcs&dp_infw_cd=CHT
naver-40083527641,3CE,shadow,3,3CE 멀티 아이 컬러 팔레트+글로우 아이 포인트 브러쉬,158.0,yes,5,shade_options|color_tone_intensity|finish_texture|suitable_selling,not_attempted,,www.hmall.com,naver_live_offer_title_rule_adapter,https://www.hmall.com/md/pda/itemPtc?ReferCode=429&slitmCd=2150799199&utm_source=naver&utm_medium=cps_pcs&utm_campaign=sale
naver-47416930039,에뛰드,shadow,3,[에뛰드] 재창조 메이커/듀얼 애교살 라이너,157.97,yes,5,shade_options|color_tone_intensity|finish_texture|suitable_selling|retail_presence,not_attempted,,with.gsshop.com,naver_live_offer_title_rule_adapter,http://with.gsshop.com/alia/aliaGate.gs?media=OB&ecpid=1054286364&vodFlag=N&prdseqnum=1054286364&utm_source=price&utm_medium=affiliate&utm_campaign=naver
naver-52098544654,하트퍼센트,shadow,3,[하트퍼센트] 도트 온 무드 아이 팔레트 -,157.97,yes,5,shade_options|color_tone_intensity|finish_texture|suitable_selling|retail_presence,not_attempted,,link.musinsa.com,naver_live_offer_title_rule_adapter,https://link.musinsa.com/app/goods/3117194?utm_source=naver_jisicshopping&utm_medium=sh&source=NVSH&utm_term={keyword}&utm_content={ad_group}
naver-58015977198,데이지크,cheek,3,데이지크 블렌딩 무드 치크 팔레트 블러셔 10 뮤티드 넛츠,157.95,yes,5,shade_options|color_tone_intensity|finish_texture|suitable_selling|retail_presence,not_attempted,,www.lotteon.com,naver_live_offer_title_rule_adapter,https://www.lotteon.com/p/product/LO2586203612?sitmNo=LO2586203612_2586203613&ch_no=100065&ch_dtl_no=1000030&entryPoint=pcs&dp_infw_cd=CHT
naver-38119022373,라카,cheek,2,러브 실크 블러쉬,157.92,yes,3,color_tone_intensity|finish_texture|suitable_selling|retail_presence,collected_complete,fetched,chicor.com,prior_detail_adapter,https://chicor.com/goods/0000000078622?utm_source=naver&utm_medium=cpc&utm_campaign=ep
naver-60641427438,클리오,cheek,3,클리오 에센셜 립 치크 보송 블러셔 05 어텀 토스트 BNS,157.92,yes,5,shade_options|color_tone_intensity|finish_texture|suitable_selling|retail_presence,not_attempted,,www.lotteon.com,naver_live_offer_title_rule_adapter,https://www.lotteon.com/p/product/LO2711710751?sitmNo=LO2711710751_2711710752&ch_no=100065&ch_dtl_no=1000030&entryPoint=pcs&dp_infw_cd=CHT
naver-60047681019,VDL,shadow,3,[현대신촌점] [브이디엘]아이스테인 에센셜 섀도우 듀오,157.91,yes,5,shade_options|color_tone_intensity|finish_texture|suitable_selling,not_attempted,,www.hmall.com,naver_live_offer_title_rule_adapter,https://www.hmall.com/md/pda/itemPtc?ReferCode=429&slitmCd=2250654538&utm_source=naver&utm_medium=cps_pcs&utm_campaign=sale
naver-37766348045,뮤드,shadow,2,숄 모먼트 아이섀도우 팔레트,157.91,yes,3,color_tone_intensity|finish_texture|suitable_selling|retail_presence,collected_complete,fetched,chicor.com,prior_detail_adapter,https://chicor.com/goods/0000000070844?utm_source=naver&utm_medium=cpc&utm_campaign=ep
naver-59645555052,에뛰드,cheek,3,[에뛰드] 콩콩 블러셔,157.83,yes,5,shade_options|color_tone_intensity|finish_texture|suitable_selling|retail_presence,not_attempted,,with.gsshop.com,naver_live_offer_title_rule_adapter,http://with.gsshop.com/alia/aliaGate.gs?media=OB&ecpid=1102710610&vodFlag=N&prdseqnum=1102710610&utm_source=price&utm_medium=affiliate&utm_campaign=naver
naver-60387204297,더샘,cheek,3,[온누리상품] 더샘 젤리 블러셔 4.5g 6종 택 1 (26.05까지),157.8,yes,5,shade_options|color_tone_intensity|finish_texture|suitable_selling|retail_presence,not_attempted,,www.lotteon.com,naver_live_offer_title_rule_adapter,https://www.lotteon.com/p/product/LO2697840052?sitmNo=LO2697840052_2697840053&ch_no=100065&ch_dtl_no=1000030&entryPoint=pcs&dp_infw_cd=CHT
naver-60204327075,에스쁘아,shadow,3,에스쁘아 리얼 아이 팔레트 올 뉴 7.5g,157.75,yes,5,shade_options|color_tone_intensity|finish_texture|suitable_selling|retail_presence,not_attempted,,www.lotteon.com,naver_live_offer_title_rule_adapter,https://www.lotteon.com/p/product/LO2688114850?sitmNo=LO2688114850_2688114851&ch_no=100065&ch_dtl_no=1000030&entryPoint=pcs&dp_infw_cd=CHT
naver-60600130172,네이밍,cheek,3,네이밍 블러셔 플러피 발색 파우더 블러쉬 POVE 포브,157.71,yes,5,shade_options|color_tone_intensity|finish_texture|suitable_selling|retail_presence,not_attempted,,www.lotteon.com,naver_live_offer_title_rule_adapter,https://www.lotteon.com/p/product/LO2586674100?sitmNo=LO2586674100_2586674101&ch_no=100065&ch_dtl_no=1000030&entryPoint=pcs&dp_infw_cd=CHT
naver-87051489275,정샘물 뷰티,lip,7,정샘물 뉴클래식 샤인 립스틱 3.5g,157.34,yes,5,shade_options|color_tone_intensity|finish_texture|suitable_selling|retail_presence,not_attempted,,smartstore.naver.com,naver_live_offer_title_rule_adapter,https://smartstore.naver.com/main/products/9506987005
naver-56950179922,컬러그램,shadow,2,[위글위글 콜라보/리뉴얼] 컬러그램 눈토리얼 아이 팔레트 5COLOR,157.32,yes,4,shade_options|color_tone_intensity|finish_texture|suitable_selling,failed,http_error,www.oliveyoung.co.kr,do_not_retry_generic_fetch_manual_review,https://www.oliveyoung.co.kr/store/common/partner.do?chlNo=1&chlDtlNo=1&utm_source=naver&utm_medium=shopping_ep&utm_campaign=onpro_ep_product_0101_1231&utm_content=pc_price&sndType=goods&sndVal=A000000234373
naver-90899740708,VDL,lip,7,브이디엘 립스틱 스타일 립스틱 아이디어 컴포트 슬립 13 카페 로마노 1개 2.5g,157.22,yes,5,shade_options|color_tone_intensity|finish_texture|suitable_selling|retail_presence,not_attempted,,smartstore.naver.com,naver_live_offer_title_rule_adapter,https://smartstore.naver.com/main/products/13355230376
naver-51227858558,정샘물 뷰티,shadow,2,[정샘물뷰티] 정샘물 아티스트 아이 팔레트 누드 2종 (아티스트아이팔레트브러쉬),157.21,yes,4,shade_options|color_tone_intensity|finish_texture|suitable_selling|retail_presence,failed,http_error,m.a-bly.com,do_not_retry_generic_fetch_manual_review,https://m.a-bly.com/goods/33107983?utm_source=web_naver-shopping&utm_medium=display&utm_campaign=web_naver-shopping&utm_content=33107983
naver-56424895679,웨이크메이크,cheek,2,[숨결 블러셔]웨이크메이크 쉬어 브리즈 블러셔 5g 7COLOR,157.16,yes,4,shade_options|color_tone_intensity|finish_texture|suitable_selling,failed,http_error,www.oliveyoung.co.kr,do_not_retry_generic_fetch_manual_review,https://www.oliveyoung.co.kr/store/common/partner.do?chlNo=1&chlDtlNo=1&utm_source=naver&utm_medium=shopping_ep&utm_campaign=onpro_ep_product_0101_1231&utm_content=pc_price&sndType=goods&sndVal=A000000223261
naver-49163556987,투쿨포스쿨,shadow,2,[투쿨포스쿨] 애교살 아트클래스 프로타주 펜슬 + 핑크 샤프너/프로타주 펜슬 랜덤,157.0,yes,4,shade_options|color_tone_intensity|finish_texture|suitable_selling|retail_presence,failed,http_error,m.a-bly.com,do_not_retry_generic_fetch_manual_review,https://m.a-bly.com/goods/3093065?utm_source=web_naver-shopping&utm_medium=display&utm_campaign=web_naver-shopping&utm_content=3093065
naver-55612972601,VDL,cheek,2,[VDL] 치크스테인 블러셔 미니,156.95,yes,4,shade_options|color_tone_intensity|finish_texture|suitable_selling|retail_presence,failed,http_error,m.a-bly.com,do_not_retry_generic_fetch_manual_review,https://m.a-bly.com/goods/48760511?utm_source=web_naver-shopping&utm_medium=display&utm_campaign=web_naver-shopping&utm_content=48760511
naver-57395597468,에스쁘아,shadow,2,[오트라떼/재출시] 에스쁘아 아이 코어 팔레트 8 colors,156.94,yes,4,shade_options|color_tone_intensity|finish_texture|suitable_selling,failed,http_error,www.oliveyoung.co.kr,do_not_retry_generic_fetch_manual_review,https://www.oliveyoung.co.kr/store/common/partner.do?chlNo=1&chlDtlNo=1&utm_source=naver&utm_medium=shopping_ep&utm_campaign=onpro_ep_product_0101_1231&utm_content=pc_price&sndType=goods&sndVal=A000000209174
naver-59911417344,롬앤,lip,7,롬앤 블러 퍼지 틴트 11 푸시아 바이브,156.62,yes,5,shade_options|color_tone_intensity|finish_texture|suitable_selling|retail_presence,not_attempted,,www.lotteon.com,naver_live_offer_title_rule_adapter,https://www.lotteon.com/p/product/LO2499705617?sitmNo=LO2499705617_2499705618&ch_no=100065&ch_dtl_no=1000030&entryPoint=pcs&dp_infw_cd=CHT
naver-59015966163,페리페라,lip,7,[페리페라] 무드 글로이 틴트 26AD,156.59,yes,5,shade_options|color_tone_intensity|finish_texture|suitable_selling|retail_presence,not_attempted,,www.wconcept.co.kr,naver_live_offer_title_rule_adapter,http://www.wconcept.co.kr/Product/308266331?adfrom=naver_ep&utm_source=naver&utm_medium=pcs&utm_campaign=WCONCEPT&utm_content=none&utm_term=none
naver-58992080116,웨이크메이크,lip,7,웨이크메이크 워터 블러링 레이어 틴트,156.53,yes,5,shade_options|color_tone_intensity|finish_texture|suitable_selling|retail_presence,not_attempted,,www.lotteon.com,naver_live_offer_title_rule_adapter,https://www.lotteon.com/p/product/LO2624625975?sitmNo=LO2624625975_2624625976&ch_no=100065&ch_dtl_no=1000030&entryPoint=pcs&dp_infw_cd=CHT
naver-53734377604,라카,lip,6,프루티 글램 틴트 미니,156.47,yes,3,color_tone_intensity|finish_texture|suitable_selling|retail_presence,collected_complete,fetched,chicor.com,prior_detail_adapter,https://chicor.com/goods/0000000120019?utm_source=naver&utm_medium=cpc&utm_campaign=ep
naver-59066281851,3CE,lip,7,3CE [NEW 이슬틴트] 미스티 립 베어 (증)미스티 틴트 링,156.41,yes,5,shade_options|color_tone_intensity|finish_texture|suitable_selling|retail_presence,not_attempted,,www.lotteon.com,naver_live_offer_title_rule_adapter,https://www.lotteon.com/p/product/LO2627712653?sitmNo=LO2627712653_2627712654&ch_no=100065&ch_dtl_no=1000030&entryPoint=pcs&dp_infw_cd=CHT
naver-26854283224,에뛰드,lip,7,[에뛰드] 픽싱 틴트 4g,156.38,yes,5,shade_options|color_tone_intensity|finish_texture|suitable_selling|retail_presence,not_attempted,,with.gsshop.com,naver_live_offer_title_rule_adapter,http://with.gsshop.com/alia/aliaGate.gs?media=OB&ecpid=90509052&vodFlag=N&prdseqnum=90509052&utm_source=price&utm_medium=affiliate&utm_campaign=naver
naver-60387217597,더샘,lip,7,[온누리상품] 더샘 새미스 젤리 샷 틴트 3.2g 01 밀키,156.35,yes,5,shade_options|color_tone_intensity|finish_texture|suitable_selling|retail_presence,not_attempted,,www.lotteon.com,naver_live_offer_title_rule_adapter,https://www.lotteon.com/p/product/LO2697834365?sitmNo=LO2697834365_2697834366&ch_no=100065&ch_dtl_no=1000030&entryPoint=pcs&dp_infw_cd=CHT
naver-57800795317,페리페라,shadow,2,페리페라 올테이크 무드 라이크 팔레트 | 올리브영,156.35,yes,3,shade_options|color_tone_intensity,collected_partial,playwright_rendered,www.oliveyoung.co.kr,prior_detail_adapter,https://www.oliveyoung.co.kr/store/common/partner.do?chlNo=1&chlDtlNo=1&utm_source=naver&utm_medium=shopping_ep&utm_campaign=onpro_ep_product_0101_1231&utm_content=pc_price&sndType=goods&sndVal=A000000183970
naver-58714586388,클리오,lip,7,[클리오] 크리스탈 글램 틴트,156.29,yes,5,shade_options|color_tone_intensity|finish_texture|suitable_selling|retail_presence,not_attempted,,www.wconcept.co.kr,naver_live_offer_title_rule_adapter,http://www.wconcept.co.kr/Product/308157243?adfrom=naver_ep&utm_source=naver&utm_medium=pcs&utm_campaign=WCONCEPT&utm_content=none&utm_term=none
naver-54071274155,네이밍,lip,7,[네이밍] 글로이 하트 립 틴트,156.26,yes,5,shade_options|color_tone_intensity|finish_texture|suitable_selling|retail_presence,not_attempted,,www.wconcept.co.kr,naver_live_offer_title_rule_adapter,http://www.wconcept.co.kr/Product/306820047?adfrom=naver_ep&utm_source=naver&utm_medium=pcs&utm_campaign=WCONCEPT&utm_content=none&utm_term=none
naver-60425635594,투쿨포스쿨,lip,7,투쿨포스쿨 스웨이 립 벨벳 기획/단품,156.23,yes,5,shade_options|color_tone_intensity|finish_texture|suitable_selling|retail_presence,not_attempted,,www.lotteon.com,naver_live_offer_title_rule_adapter,https://www.lotteon.com/p/product/LO2699621208?sitmNo=LO2699621208_2699621209&ch_no=100065&ch_dtl_no=1000030&entryPoint=pcs&dp_infw_cd=CHT
naver-59330543110,페리페라,cheek,2,페리페라 시럽피 톡 치크 13 Colors | 올리브영,156.22,yes,3,shade_options|color_tone_intensity,collected_partial,playwright_rendered,www.oliveyoung.co.kr,prior_detail_adapter,https://www.oliveyoung.co.kr/store/common/partner.do?chlNo=1&chlDtlNo=1&utm_source=naver&utm_medium=shopping_ep&utm_campaign=onpro_ep_product_0101_1231&utm_content=pc_price&sndType=goods&sndVal=A000000217779
naver-60641062079,하트퍼센트,lip,7,하트퍼센트 립 글로우 틴트 물광 수분 워터립 도트 온 무드 퓨어 MNS,156.2,yes,5,shade_options|color_tone_intensity|finish_texture|suitable_selling|retail_presence,not_attempted,,www.lotteon.com,naver_live_offer_title_rule_adapter,https://www.lotteon.com/p/product/LO2711686679?sitmNo=LO2711686679_2711686680&ch_no=100065&ch_dtl_no=1000030&entryPoint=pcs&dp_infw_cd=CHT
naver-60585204103,뮤드,lip,7,뮤드 엔젤 허그 글레이즈 10종 (단품/기획),156.14,yes,5,shade_options|color_tone_intensity|finish_texture|suitable_selling|retail_presence,not_attempted,,www.lotteon.com,naver_live_offer_title_rule_adapter,https://www.lotteon.com/p/product/LO2707562816?sitmNo=LO2707562816_2707562817&ch_no=100065&ch_dtl_no=1000030&entryPoint=pcs&dp_infw_cd=CHT
naver-55079002640,컬러그램,lip,6,[기존 용기]컬러그램 긱 누드 컬러 커버 틴트,155.74,yes,4,shade_options|color_tone_intensity|finish_texture|suitable_selling,failed,http_error,www.oliveyoung.co.kr,do_not_retry_generic_fetch_manual_review,https://www.oliveyoung.co.kr/store/common/partner.do?chlNo=1&chlDtlNo=1&utm_source=naver&utm_medium=shopping_ep&utm_campaign=onpro_ep_product_0101_1231&utm_content=pc_price&sndType=goods&sndVal=A000000223676
naver-84362053977,하트퍼센트,shadow,4,이런 상품 어때요? 하트퍼센트 도트 온 무드 아이 팔레트,154.97,yes,4,shade_options|color_tone_intensity|finish_texture|suitable_selling|retail_presence,collected_partial,fetched,shopping.naver.com,prior_detail_adapter,https://shopping.naver.com/outlink/itemdetail/6817553655
naver-57918562998,롬앤,cheek,4,롬앤 시스루 베일 라이터 (하이라이터) | 올리브영,154.89,yes,4,shade_options|color_tone_intensity|finish_texture|suitable_selling,collected_partial,playwright_rendered,www.oliveyoung.co.kr,prior_detail_adapter,https://www.oliveyoung.co.kr/store/common/partner.do?chlNo=1&chlDtlNo=1&utm_source=naver&utm_medium=shopping_ep&utm_campaign=onpro_ep_product_0101_1231&utm_content=pc_price&sndType=goods&sndVal=A000000144887
naver-55580987021,웨이크메이크,shadow,1,[NEW/크림블러셔 기획] 웨이크메이크 소프트 블러링 아이팔레트(단품/기획),154.47,yes,3,shade_options|color_tone_intensity|suitable_selling,failed,http_error,www.oliveyoung.co.kr,do_not_retry_generic_fetch_manual_review,https://www.oliveyoung.co.kr/store/common/partner.do?chlNo=1&chlDtlNo=1&utm_source=naver&utm_medium=shopping_ep&utm_campaign=onpro_ep_product_0101_1231&utm_content=pc_price&sndType=goods&sndVal=A000000180532
naver-54397760858,에스쁘아,cheek,4,[에스쁘아] 톤 페어링 치크 블러셔 3호 비올레타,154.44,yes,4,shade_options|color_tone_intensity|finish_texture|suitable_selling|retail_presence,collected_partial,fetched,www.poom.co.kr,prior_detail_adapter,https://www.poom.co.kr/gate/initGate.action?gate_chnl_no=naver&goods_no=G25041299715
naver-54279765774,정샘물 뷰티,cheek,1,[정샘물뷰티] 정샘물 아티스트 쿠션 블러쉬 (글로스미니 로즈도즈),154.25,yes,3,shade_options|color_tone_intensity|suitable_selling|retail_presence,failed,http_error,m.a-bly.com,do_not_retry_generic_fetch_manual_review,https://m.a-bly.com/goods/45014633?utm_source=web_naver-shopping&utm_medium=display&utm_campaign=web_naver-shopping&utm_content=45014633
naver-59503960155,VDL,cheek,1,[NEW제형출시] VDL 치크스테인 블러셔 밤 5.5g,154.13,yes,3,shade_options|color_tone_intensity|suitable_selling,failed,http_error,www.oliveyoung.co.kr,do_not_retry_generic_fetch_manual_review,https://www.oliveyoung.co.kr/store/common/partner.do?chlNo=1&chlDtlNo=1&utm_source=naver&utm_medium=shopping_ep&utm_campaign=onpro_ep_product_0101_1231&utm_content=pc_price&sndType=goods&sndVal=A000000250255
naver-59586665614,라카,lip,8,[밀착광] 라카 데빌립 3.7g 12종,154.11,yes,5,shade_options|color_tone_intensity|finish_texture|suitable_selling,failed,http_error,www.oliveyoung.co.kr,do_not_retry_generic_fetch_manual_review,https://www.oliveyoung.co.kr/store/common/partner.do?chlNo=1&chlDtlNo=1&utm_source=naver&utm_medium=shopping_ep&utm_campaign=onpro_ep_product_0101_1231&utm_content=pc_price&sndType=goods&sndVal=A000000248721
naver-57407579505,네이밍,cheek,1,[품절대란/단종템부활] 네이밍 플러피 파우더 블러쉬,154.07,yes,3,shade_options|color_tone_intensity|suitable_selling,failed,http_error,www.oliveyoung.co.kr,do_not_retry_generic_fetch_manual_review,https://www.oliveyoung.co.kr/store/common/partner.do?chlNo=1&chlDtlNo=1&utm_source=naver&utm_medium=shopping_ep&utm_campaign=onpro_ep_product_0101_1231&utm_content=pc_price&sndType=goods&sndVal=A000000171371
naver-83932307629,정샘물 뷰티,cheek,4,정샘물 컬러피스 블러쉬 4.3g,154.07,yes,5,shade_options|color_tone_intensity|finish_texture|suitable_selling|retail_presence,not_attempted,,smartstore.naver.com,naver_live_offer_title_rule_adapter,https://smartstore.naver.com/main/products/6387807296
naver-90990709427,네이밍,shadow,4,네이밍 퍼펙테일 아이 디자이닝 펜슬 슬림라이너 디테일브라운,154.03,yes,5,shade_options|color_tone_intensity|finish_texture|suitable_selling|retail_presence,not_attempted,,smartstore.naver.com,naver_live_offer_title_rule_adapter,https://smartstore.naver.com/main/products/13446199075
naver-52813470842,롬앤,shadow,4,[롬앤] [NEW/런칭특가] 슬라이드 인 싱글 1&1,154.03,yes,5,shade_options|color_tone_intensity|finish_texture|suitable_selling|retail_presence,not_attempted,,www.wconcept.co.kr,naver_live_offer_title_rule_adapter,http://www.wconcept.co.kr/Product/306391515?adfrom=naver_ep&utm_source=naver&utm_medium=pcs&utm_campaign=WCONCEPT&utm_content=none&utm_term=none
naver-40036716458,페리페라,shadow,4,페리페라 올테이크 무드 라이크팔레트,154.0,yes,5,shade_options|color_tone_intensity|finish_texture|suitable_selling|retail_presence,not_attempted,,with.gsshop.com,naver_live_offer_title_rule_adapter,http://with.gsshop.com/alia/aliaGate.gs?media=OB&ecpid=1031422938&vodFlag=N&prdseqnum=1031422938&utm_source=price&utm_medium=affiliate&utm_campaign=naver
naver-60263586437,웨이크메이크,shadow,4,웨이크메이크 소프트 블러링 아이 팔레트 03 선셋 블러링,153.94,yes,5,shade_options|color_tone_intensity|finish_texture|suitable_selling|retail_presence,not_attempted,,www.lotteon.com,naver_live_offer_title_rule_adapter,https://www.lotteon.com/p/product/LO2297826079?sitmNo=LO2297826079_2297826080&ch_no=100065&ch_dtl_no=1000030&entryPoint=pcs&dp_infw_cd=CHT
naver-31324089848,데이지크,shadow,4,[데이지크] 섀도우 팔레트 (1~39호),153.91,yes,5,shade_options|color_tone_intensity|finish_texture|suitable_selling|retail_presence,not_attempted,,www.wconcept.co.kr,naver_live_offer_title_rule_adapter,http://www.wconcept.co.kr/Product/301420006?adfrom=naver_ep&utm_source=naver&utm_medium=pcs&utm_campaign=WCONCEPT&utm_content=none&utm_term=none
naver-48825667405,라카,shadow,3,포에버6 아이 팔레트,153.88,yes,3,color_tone_intensity|finish_texture|suitable_selling|retail_presence,collected_complete,fetched,chicor.com,prior_detail_adapter,https://chicor.com/goods/0000000091839?utm_source=naver&utm_medium=cpc&utm_campaign=ep
naver-42366928042,클리오,shadow,4,클리오 프로 싱글 섀도우,153.88,yes,5,shade_options|color_tone_intensity|finish_texture|suitable_selling|retail_presence,not_attempted,,with.gsshop.com,naver_live_offer_title_rule_adapter,http://with.gsshop.com/alia/aliaGate.gs?media=OB&ecpid=1038023204&vodFlag=N&prdseqnum=1038023204&utm_source=price&utm_medium=affiliate&utm_campaign=naver
naver-59386630372,투쿨포스쿨,cheek,4,투쿨포스쿨 아트 클래스 바이로댕 블러셔 9.5g 1개,153.86,yes,5,shade_options|color_tone_intensity|finish_texture|suitable_selling|retail_presence,not_attempted,,search.shopping.naver.com,naver_live_offer_title_rule_adapter,https://search.shopping.naver.com/catalog/59386630372
naver-57556165111,페리페라,cheek,4,페리페라 톡 블러쉬 키캡,153.86,yes,5,shade_options|color_tone_intensity|finish_texture|suitable_selling|retail_presence,not_attempted,,with.gsshop.com,naver_live_offer_title_rule_adapter,http://with.gsshop.com/alia/aliaGate.gs?media=OB&ecpid=1097432003&vodFlag=N&prdseqnum=1097432003&utm_source=price&utm_medium=affiliate&utm_campaign=naver
naver-60564475174,정샘물 뷰티,shadow,4,정샘물 마스터클래스 아이섀도우 L 브러쉬 5001608,153.84,yes,5,shade_options|color_tone_intensity|finish_texture|suitable_selling|retail_presence,not_attempted,,www.lotteon.com,naver_live_offer_title_rule_adapter,https://www.lotteon.com/p/product/LO2706764305?sitmNo=LO2706764305_2706764306&ch_no=100065&ch_dtl_no=1000030&entryPoint=pcs&dp_infw_cd=CHT
naver-60388594239,컬러그램,cheek,4,컬러그램 틴토리 솜 블러셔 말랑살구 1호,153.83,yes,5,shade_options|color_tone_intensity|finish_texture|suitable_selling|retail_presence,not_attempted,,www.lotteon.com,naver_live_offer_title_rule_adapter,https://www.lotteon.com/p/product/LO2697921509?sitmNo=LO2697921509_2697921510&ch_no=100065&ch_dtl_no=1000030&entryPoint=pcs&dp_infw_cd=CHT
naver-57023235174,에뛰드,shadow,4,[에뛰드] [Cafe in the deep] 뽀용 아이메이커 손님 그건 애교살이세요,153.78,yes,5,shade_options|color_tone_intensity|finish_texture|suitable_selling|retail_presence,not_attempted,,with.gsshop.com,naver_live_offer_title_rule_adapter,http://with.gsshop.com/alia/aliaGate.gs?media=OB&ecpid=1095148837&vodFlag=N&prdseqnum=1095148837&utm_source=price&utm_medium=affiliate&utm_campaign=naver
naver-58015909365,데이지크,cheek,4,데이지크 블렌딩 무드 치크 팔레트 블러셔 14 러브 하트,153.77,yes,5,shade_options|color_tone_intensity|finish_texture|suitable_selling|retail_presence,not_attempted,,www.lotteon.com,naver_live_offer_title_rule_adapter,https://www.lotteon.com/p/product/LO2586203592?sitmNo=LO2586203592_2586203593&ch_no=100065&ch_dtl_no=1000030&entryPoint=pcs&dp_infw_cd=CHT
naver-56226379252,뮤드,cheek,4,"뮤드 플러터 블러셔 뮤트 라벤더, 5g",153.77,yes,5,shade_options|color_tone_intensity|finish_texture|suitable_selling|retail_presence,not_attempted,,search.shopping.naver.com,naver_live_offer_title_rule_adapter,https://search.shopping.naver.com/catalog/56226379252
naver-60677289500,더샘,shadow,4,더샘 샘물 싱글 섀도우 new 매트 2g 1개,153.75,yes,5,shade_options|color_tone_intensity|finish_texture|suitable_selling|retail_presence,not_attempted,,www.lotteon.com,naver_live_offer_title_rule_adapter,https://www.lotteon.com/p/product/LO2713135929?sitmNo=LO2713135929_2713135930&ch_no=100065&ch_dtl_no=1000030&entryPoint=pcs&dp_infw_cd=CHT
naver-60641426178,클리오,cheek,4,클리오 에센셜 립 치크 생기 블러셔 06 로즈 브런치 BNS,153.74,yes,5,shade_options|color_tone_intensity|finish_texture|suitable_selling|retail_presence,not_attempted,,www.lotteon.com,naver_live_offer_title_rule_adapter,https://www.lotteon.com/p/product/LO2711711282?sitmNo=LO2711711282_2711711283&ch_no=100065&ch_dtl_no=1000030&entryPoint=pcs&dp_infw_cd=CHT
naver-35114789994,VDL,shadow,4,[현대백화점 신촌점] [브이디엘] 아이샤인 컬러모드 팔레트,153.72,yes,5,shade_options|color_tone_intensity|finish_texture|suitable_selling,not_attempted,,hi.thehyundai.com,naver_live_offer_title_rule_adapter,https://hi.thehyundai.com/product/40A1600827?ReferCode=429&utm_source=naver_ep&utm_medium=ep_price
naver-60568080899,라카,shadow,4,라카 모노 아이섀도우 (50종 택1) 5000311,153.69,yes,5,shade_options|color_tone_intensity|finish_texture|suitable_selling|retail_presence,not_attempted,,www.lotteon.com,naver_live_offer_title_rule_adapter,https://www.lotteon.com/p/product/LO2706953303?sitmNo=LO2706953303_2706953304&ch_no=100065&ch_dtl_no=1000030&entryPoint=pcs&dp_infw_cd=CHT
naver-58784576376,3CE,cheek,4,[틴티드 에디션] 3CE 바운시 블러 밤+바운시 핑거 퍼프,153.68,yes,5,shade_options|color_tone_intensity|finish_texture|suitable_selling,not_attempted,,www.hmall.com,naver_live_offer_title_rule_adapter,https://www.hmall.com/md/pda/itemPtc?ReferCode=429&slitmCd=2247033939&utm_source=naver&utm_medium=cps_pcs&utm_campaign=sale
naver-51282166542,에뛰드,cheek,4,에뛰드 하트 팝 듀오 블러셔 /볼터치/하이라이터,153.65,yes,5,shade_options|color_tone_intensity|finish_texture|suitable_selling|retail_presence,not_attempted,,www.lotteon.com,naver_live_offer_title_rule_adapter,https://www.lotteon.com/p/product/LO2356398966?sitmNo=LO2356398966_2356398967&ch_no=100065&ch_dtl_no=1000030&entryPoint=pcs&dp_infw_cd=CHT
naver-58975826879,더샘,cheek,4,[현대백화점 커넥트현대] [더샘] 젤리 블러셔 11colors,153.62,yes,5,shade_options|color_tone_intensity|finish_texture|suitable_selling,not_attempted,,hi.thehyundai.com,naver_live_offer_title_rule_adapter,https://hi.thehyundai.com/product/40A2110495?ReferCode=429&utm_source=naver_ep&utm_medium=ep_price
naver-31770117574,VDL,cheek,4,[VDL] VDL 치크스테인 블러셔,153.59,yes,5,shade_options|color_tone_intensity|finish_texture|suitable_selling|retail_presence,not_attempted,,with.gsshop.com,naver_live_offer_title_rule_adapter,http://with.gsshop.com/alia/aliaGate.gs?media=OB&ecpid=1009426053&vodFlag=N&prdseqnum=1009426053&utm_source=price&utm_medium=affiliate&utm_campaign=naver
naver-51748550288,에스쁘아,shadow,4,에스쁘아 리얼 아이 애교살 스틱 1.45g,153.57,yes,5,shade_options|color_tone_intensity|finish_texture|suitable_selling|retail_presence,not_attempted,,www.lotteon.com,naver_live_offer_title_rule_adapter,https://www.lotteon.com/p/product/LO2401766394?sitmNo=LO2401766394_2401766397&ch_no=100065&ch_dtl_no=1000030&entryPoint=pcs&dp_infw_cd=CHT
naver-57893698147,라카,cheek,4,라카 블러셔 섀도우 웜톤 쿨톤 메이크업 러브 실크 블러쉬,153.56,yes,5,shade_options|color_tone_intensity|finish_texture|suitable_selling|retail_presence,not_attempted,,www.lotteon.com,naver_live_offer_title_rule_adapter,https://www.lotteon.com/p/product/LO2581507060?sitmNo=LO2581507060_2581507061&ch_no=100065&ch_dtl_no=1000030&entryPoint=pcs&dp_infw_cd=CHT
naver-58190828156,뮤드,shadow,4,뮤드 아이섀도우 팔레트 데일리 메이크업 숄 모먼트 러브시크,153.54,yes,5,shade_options|color_tone_intensity|finish_texture|suitable_selling|retail_presence,not_attempted,,www.lotteon.com,naver_live_offer_title_rule_adapter,https://www.lotteon.com/p/product/LO2593037923?sitmNo=LO2593037923_2593037924&ch_no=100065&ch_dtl_no=1000030&entryPoint=pcs&dp_infw_cd=CHT
naver-60600130717,네이밍,cheek,4,네이밍 블러셔 플러피 파우더 블러쉬 BASHFUL 배쉬풀,153.53,yes,5,shade_options|color_tone_intensity|finish_texture|suitable_selling|retail_presence,not_attempted,,www.lotteon.com,naver_live_offer_title_rule_adapter,https://www.lotteon.com/p/product/LO2586666482?sitmNo=LO2586666482_2586666483&ch_no=100065&ch_dtl_no=1000030&entryPoint=pcs&dp_infw_cd=CHT
naver-51761037424,하트퍼센트,cheek,4,[하트퍼센트] 도트 온 무드 커스텀 립앤치크,153.47,yes,5,shade_options|color_tone_intensity|finish_texture|suitable_selling|retail_presence,not_attempted,,www.wconcept.co.kr,naver_live_offer_title_rule_adapter,http://www.wconcept.co.kr/Product/306277260?adfrom=naver_ep&utm_source=naver&utm_medium=pcs&utm_campaign=WCONCEPT&utm_content=none&utm_term=none
naver-49163519708,정샘물 뷰티,lip,5,[정샘물뷰티] 정샘물 립프레션 글로우래스팅 틴트 (스킨세팅베이스3ml3종세트),153.34,yes,3,shade_options|color_tone_intensity|suitable_selling|retail_presence,failed,http_error,m.a-bly.com,do_not_retry_generic_fetch_manual_review,https://m.a-bly.com/goods/4842121?utm_source=web_naver-shopping&utm_medium=display&utm_campaign=web_naver-shopping&utm_content=4842121
naver-84831337731,정샘물 뷰티,lip,8,정샘물 립프레션 글로우래스팅 틴트 4g,153.34,yes,5,shade_options|color_tone_intensity|finish_texture|suitable_selling|retail_presence,not_attempted,,smartstore.naver.com,naver_live_offer_title_rule_adapter,https://smartstore.naver.com/main/products/7286837331
naver-49163536242,롬앤,shadow,3,[롬앤] 베러 댄 팔레트 (+ 총알 브러쉬 ),153.21,yes,4,shade_options|color_tone_intensity|finish_texture|suitable_selling|retail_presence,failed,http_error,m.a-bly.com,do_not_retry_generic_fetch_manual_review,https://m.a-bly.com/goods/2199964?utm_source=web_naver-shopping&utm_medium=display&utm_campaign=web_naver-shopping&utm_content=2199964&coupon_sno=50253092
naver-58490392653,컬러그램,shadow,3,[SNS화제템]컬러그램 틴토리 아이 팔레트 1COLOR,153.15,yes,4,shade_options|color_tone_intensity|finish_texture|suitable_selling,failed,http_error,www.oliveyoung.co.kr,do_not_retry_generic_fetch_manual_review,https://www.oliveyoung.co.kr/store/common/partner.do?chlNo=1&chlDtlNo=1&utm_source=naver&utm_medium=shopping_ep&utm_campaign=onpro_ep_product_0101_1231&utm_content=pc_price&sndType=goods&sndVal=A000000201881
naver-91177746064,VDL,lip,8,VDL 립스테인 에센셜 오버 라이너 3종중택1,153.04,yes,5,shade_options|color_tone_intensity|finish_texture|suitable_selling|retail_presence,not_attempted,,smartstore.naver.com,naver_live_offer_title_rule_adapter,https://smartstore.naver.com/main/products/13633235400
naver-49163549138,투쿨포스쿨,cheek,3,[투쿨포스쿨] 아트클래스 바이로댕 블러셔,152.86,yes,4,shade_options|color_tone_intensity|finish_texture|suitable_selling|retail_presence,failed,http_error,m.a-bly.com,do_not_retry_generic_fetch_manual_review,https://m.a-bly.com/goods/3093013?utm_source=web_naver-shopping&utm_medium=display&utm_campaign=web_naver-shopping&utm_content=3093013
naver-59388273374,투쿨포스쿨,shadow,3,[투쿨포스쿨] 성/공/조/합 프로타주 펜슬 + 스머징 트임라이너 + 핑크 샤프너 + 아이글리츠 랜덤,152.81,yes,4,shade_options|color_tone_intensity|finish_texture|suitable_selling|retail_presence,failed,http_error,m.a-bly.com,do_not_retry_generic_fetch_manual_review,https://m.a-bly.com/goods/13427111?utm_source=web_naver-shopping&utm_medium=display&utm_campaign=web_naver-shopping&utm_content=13427111
naver-60208579519,VDL,cheek,3,[품절대란템 귀환/퍼프2개증정] VDL 치크스테인 블러셔/블러셔 듀오 6g,152.77,yes,4,shade_options|color_tone_intensity|finish_texture|suitable_selling,failed,http_error,www.oliveyoung.co.kr,do_not_retry_generic_fetch_manual_review,https://www.oliveyoung.co.kr/store/common/partner.do?chlNo=1&chlDtlNo=1&utm_source=naver&utm_medium=shopping_ep&utm_campaign=onpro_ep_product_0101_1231&utm_content=pc_price&sndType=goods&sndVal=A000000184299
naver-60220140175,라카,cheek,3,[SPF50+] 라카 선 실드 글로이 치크 7g,152.74,yes,4,shade_options|color_tone_intensity|finish_texture|suitable_selling,failed,http_error,www.oliveyoung.co.kr,do_not_retry_generic_fetch_manual_review,https://www.oliveyoung.co.kr/store/common/partner.do?chlNo=1&chlDtlNo=1&utm_source=naver&utm_medium=shopping_ep&utm_campaign=onpro_ep_product_0101_1231&utm_content=pc_price&sndType=goods&sndVal=A000000257081
naver-53880762390,롬앤,cheek,5,쥬시 알 치크,152.71,yes,4,color_tone_intensity|finish_texture|suitable_selling|retail_presence,collected_complete,fetched,chicor.com,prior_detail_adapter,https://chicor.com/goods/0000000119859?utm_source=naver&utm_medium=cpc&utm_campaign=ep
naver-59419347911,데이지크,lip,7,데이지크 쥬시 듀이 틴트,152.5,yes,3,color_tone_intensity|finish_texture|suitable_selling|retail_presence,collected_complete,fetched,chicor.com,prior_detail_adapter,https://chicor.com/goods/5100002008619?utm_source=naver&utm_medium=cpc&utm_campaign=ep
naver-46856492574,페리페라,lip,8,[2EA]페라페라 잉크 에어리벨벳(AD),152.41,yes,5,shade_options|color_tone_intensity|finish_texture|suitable_selling|retail_presence,not_attempted,,with.gsshop.com,naver_live_offer_title_rule_adapter,http://with.gsshop.com/alia/aliaGate.gs?media=OB&ecpid=98630846&vodFlag=N&prdseqnum=98630846&utm_source=price&utm_medium=affiliate&utm_campaign=naver
naver-54972530313,웨이크메이크,lip,8,웨이크메이크 워터 블러링 레이어 틴트 콜드하이 8호,152.35,yes,5,shade_options|color_tone_intensity|finish_texture|suitable_selling|retail_presence,not_attempted,,www.lotteon.com,naver_live_offer_title_rule_adapter,https://www.lotteon.com/p/product/LO2490172489?sitmNo=LO2490172489_2490172490&ch_no=100065&ch_dtl_no=1000030&entryPoint=pcs&dp_infw_cd=CHT
naver-60563309300,데이지크,lip,8,데이지크 쥬시 듀이 틴트 5009718,152.32,yes,5,shade_options|color_tone_intensity|finish_texture|suitable_selling|retail_presence,not_attempted,,www.lotteon.com,naver_live_offer_title_rule_adapter,https://www.lotteon.com/p/product/LO2706652040?sitmNo=LO2706652040_2706652041&ch_no=100065&ch_dtl_no=1000030&entryPoint=pcs&dp_infw_cd=CHT
naver-31533036451,라카,lip,7,프루티 글램 틴트,152.29,yes,3,color_tone_intensity|finish_texture|suitable_selling|retail_presence,collected_complete,fetched,chicor.com,prior_detail_adapter,https://chicor.com/goods/0000000045161?utm_source=naver&utm_medium=cpc&utm_campaign=ep
naver-59080367776,3CE,lip,8,3CE [NEW/이슬틴트] 미스티 립 베어 4.6g+미스티 틴트 링,152.23,yes,5,shade_options|color_tone_intensity|finish_texture|suitable_selling,not_attempted,,www.hmall.com,naver_live_offer_title_rule_adapter,https://www.hmall.com/md/pda/itemPtc?ReferCode=429&slitmCd=2247791281&utm_source=naver&utm_medium=cps_pcs&utm_campaign=sale
naver-50794551963,에뛰드,lip,8,[NEW컬러][에뛰드] 픽싱 틴트 4g+4g (2개 구성),152.2,yes,5,shade_options|color_tone_intensity|finish_texture|suitable_selling|retail_presence,not_attempted,,with.gsshop.com,naver_live_offer_title_rule_adapter,http://with.gsshop.com/alia/aliaGate.gs?media=OB&ecpid=1066309761&vodFlag=N&prdseqnum=1066309761&utm_source=price&utm_medium=affiliate&utm_campaign=naver
naver-60387216342,더샘,lip,8,[온누리상품] 더샘 새미스 젤리 샷 틴트 3.2g 05 포도,152.17,yes,5,shade_options|color_tone_intensity|finish_texture|suitable_selling|retail_presence,not_attempted,,www.lotteon.com,naver_live_offer_title_rule_adapter,https://www.lotteon.com/p/product/LO2697834460?sitmNo=LO2697834460_2697834461&ch_no=100065&ch_dtl_no=1000030&entryPoint=pcs&dp_infw_cd=CHT
naver-40346289296,클리오,lip,8,클리오 [NEW 왕실 에디션]크리스탈 글램 틴트,152.11,yes,5,shade_options|color_tone_intensity|finish_texture|suitable_selling|retail_presence,not_attempted,,display.cjonstyle.com,naver_live_offer_title_rule_adapter,https://display.cjonstyle.com/p/item/2015536002?infl_cd=I0696&utm_medium=pcs&utm_source=naver
naver-59980020124,네이밍,lip,8,네이밍 오버 듀 글로시 립 틴트 4656911,152.08,yes,5,shade_options|color_tone_intensity|finish_texture|suitable_selling|retail_presence,not_attempted,,www.lotteon.com,naver_live_offer_title_rule_adapter,https://www.lotteon.com/p/product/LO2675705735?sitmNo=LO2675705735_2675705736&ch_no=100065&ch_dtl_no=1000030&entryPoint=pcs&dp_infw_cd=CHT
naver-60100637414,투쿨포스쿨,lip,8,11 투쿨포스쿨 플레르 틴트 4g 8colors 463865,152.05,yes,5,shade_options|color_tone_intensity|finish_texture|suitable_selling|retail_presence,not_attempted,,www.lotteon.com,naver_live_offer_title_rule_adapter,https://www.lotteon.com/p/product/LO2682662556?sitmNo=LO2682662556_2682662557&ch_no=100065&ch_dtl_no=1000030&entryPoint=pcs&dp_infw_cd=CHT
naver-54646629608,하트퍼센트,lip,8,[하트퍼센트] 도트 온 무드 올 커버 립 베이스,152.02,yes,5,shade_options|color_tone_intensity|finish_texture|suitable_selling|retail_presence,not_attempted,,www.wconcept.co.kr,naver_live_offer_title_rule_adapter,http://www.wconcept.co.kr/Product/306905143?adfrom=naver_ep&utm_source=naver&utm_medium=pcs&utm_campaign=WCONCEPT&utm_content=none&utm_term=none
naver-57177925017,뮤드,lip,8,뮤드 글라세 립 피치 컬러 픽싱 틴트 02 코랄 글라세,151.96,yes,5,shade_options|color_tone_intensity|finish_texture|suitable_selling|retail_presence,not_attempted,,www.lotteon.com,naver_live_offer_title_rule_adapter,https://www.lotteon.com/p/product/LO2560239256?sitmNo=LO2560239256_2560239257&ch_no=100065&ch_dtl_no=1000030&entryPoint=pcs&dp_infw_cd=CHT
naver-58938409922,컬러그램,lip,7,[순삭커버/입술색 지우개]컬러그램 긱 누드 컬러 커버 틴트 5COLOR,151.56,yes,4,shade_options|color_tone_intensity|finish_texture|suitable_selling,failed,http_error,www.oliveyoung.co.kr,do_not_retry_generic_fetch_manual_review,https://www.oliveyoung.co.kr/store/common/partner.do?chlNo=1&chlDtlNo=1&utm_source=naver&utm_medium=shopping_ep&utm_campaign=onpro_ep_product_0101_1231&utm_content=pc_price&sndType=goods&sndVal=A000000245673
naver-51616189391,롬앤,shadow,5,롬앤 슬라이드 인 싱글 케이스 (섀도우 공용기) | 올리브영,150.84,yes,4,shade_options|color_tone_intensity|finish_texture|suitable_selling,collected_partial,playwright_rendered,www.oliveyoung.co.kr,prior_detail_adapter,https://www.oliveyoung.co.kr/store/common/partner.do?chlNo=1&chlDtlNo=1&utm_source=naver&utm_medium=shopping_ep&utm_campaign=onpro_ep_product_0101_1231&utm_content=pc_price&sndType=goods&sndVal=A000000213963
naver-54397863413,에스쁘아,cheek,5,[에스쁘아] 톤 페어링 치크 블러셔 2호 피치핑크,150.26,yes,4,shade_options|color_tone_intensity|finish_texture|suitable_selling|retail_presence,collected_partial,fetched,www.poom.co.kr,prior_detail_adapter,https://www.poom.co.kr/gate/initGate.action?gate_chnl_no=naver&goods_no=G25041299716
naver-60640937434,하트퍼센트,shadow,5,하트퍼센트 아이섀도우 팔레트 펄 글리터 도트 온 무드 MNS,149.97,yes,5,shade_options|color_tone_intensity|finish_texture|suitable_selling|retail_presence,not_attempted,,www.lotteon.com,naver_live_offer_title_rule_adapter,https://www.lotteon.com/p/product/LO2711686547?sitmNo=LO2711686547_2711686548&ch_no=100065&ch_dtl_no=1000030&entryPoint=pcs&dp_infw_cd=CHT
naver-89236854512,정샘물 뷰티,cheek,5,[2개 구성] 정샘물 아티스트 쿠션 블러쉬 4g,149.89,yes,5,shade_options|color_tone_intensity|finish_texture|suitable_selling|retail_presence,not_attempted,,smartstore.naver.com,naver_live_offer_title_rule_adapter,https://smartstore.naver.com/main/products/11692344045
naver-58175427647,네이밍,shadow,5,네이밍 블러쉬 섀도우 쉐딩 웜톤 쿨톤 플러피 파우더,149.84,yes,5,shade_options|color_tone_intensity|finish_texture|suitable_selling|retail_presence,not_attempted,,www.11st.co.kr,naver_live_offer_title_rule_adapter,https://www.11st.co.kr/connect/Gateway.tmall?method=Xsite&prdNo=8946654596&tid=1000000061
naver-46866531403,페리페라,shadow,5,[NEW COLOR]페리페라 올테이크 무드 팔레트,149.81,yes,5,shade_options|color_tone_intensity|finish_texture|suitable_selling|retail_presence,not_attempted,,with.gsshop.com,naver_live_offer_title_rule_adapter,http://with.gsshop.com/alia/aliaGate.gs?media=OB&ecpid=56383243&vodFlag=N&prdseqnum=56383243&utm_source=price&utm_medium=affiliate&utm_campaign=naver
naver-58963443095,에스쁘아,cheek,2,[톤온톤 블러 틴트 증정 기획] 에스쁘아 블러 웨어 블러쉬 6g 6colors,149.8,yes,3,shade_options|color_tone_intensity|suitable_selling,failed,http_error,www.oliveyoung.co.kr,do_not_retry_generic_fetch_manual_review,https://www.oliveyoung.co.kr/store/common/partner.do?chlNo=1&chlDtlNo=1&utm_source=naver&utm_medium=shopping_ep&utm_campaign=onpro_ep_product_0101_1231&utm_content=pc_price&sndType=goods&sndVal=A000000247247
naver-60691536523,웨이크메이크,shadow,5,웨이크메이크 소프트 블러링 아이 팔레트 08 캔디코랄 블러링 3개,149.75,yes,5,shade_options|color_tone_intensity|finish_texture|suitable_selling|retail_presence,not_attempted,,www.lotteon.com,naver_live_offer_title_rule_adapter,https://www.lotteon.com/p/product/LO2443873598?sitmNo=LO2443873598_2443873599&ch_no=100065&ch_dtl_no=1000030&entryPoint=pcs&dp_infw_cd=CHT
naver-59447149134,데이지크,shadow,5,데이지크 섀도우 팔레트 02로즈페탈,149.72,yes,5,shade_options|color_tone_intensity|finish_texture|suitable_selling|retail_presence,not_attempted,,www.lotteon.com,naver_live_offer_title_rule_adapter,https://www.lotteon.com/p/product/LO2645189767?sitmNo=LO2645189767_2645189768&ch_no=100065&ch_dtl_no=1000030&entryPoint=pcs&dp_infw_cd=CHT
naver-90554518749,투쿨포스쿨,cheek,5,[2EA] 투쿨포스쿨 아트클래스 벨루어 펜슬 블러셔 2.4g 11colors (+핑거퍼프),149.68,yes,5,shade_options|color_tone_intensity|finish_texture|suitable_selling|retail_presence,not_attempted,,smartstore.naver.com,naver_live_offer_title_rule_adapter,https://smartstore.naver.com/main/products/13010007657
naver-58782631574,페리페라,cheek,5,[페리페라] 맑게 물든 선샤인 치크,149.68,yes,5,shade_options|color_tone_intensity|finish_texture|suitable_selling|retail_presence,not_attempted,,www.wconcept.co.kr,naver_live_offer_title_rule_adapter,http://www.wconcept.co.kr/Product/308168282?adfrom=naver_ep&utm_source=naver&utm_medium=pcs&utm_campaign=WCONCEPT&utm_content=none&utm_term=none
naver-60564473259,정샘물 뷰티,shadow,5,정샘물 마스터클래스 아이섀도우 S 브러쉬 5001895,149.66,yes,5,shade_options|color_tone_intensity|finish_texture|suitable_selling|retail_presence,not_attempted,,www.lotteon.com,naver_live_offer_title_rule_adapter,https://www.lotteon.com/p/product/LO2706732696?sitmNo=LO2706732696_2706732697&ch_no=100065&ch_dtl_no=1000030&entryPoint=pcs&dp_infw_cd=CHT
naver-60388594078,컬러그램,cheek,5,컬러그램 틴토리 솜 블러셔 체리버니 10호,149.65,yes,5,shade_options|color_tone_intensity|finish_texture|suitable_selling|retail_presence,not_attempted,,www.lotteon.com,naver_live_offer_title_rule_adapter,https://www.lotteon.com/p/product/LO2697920670?sitmNo=LO2697920670_2697920671&ch_no=100065&ch_dtl_no=1000030&entryPoint=pcs&dp_infw_cd=CHT
naver-57488346053,3CE,shadow,5,3CE 컬러 그리드 아이섀도우 (증)컬러 그리드 듀얼 브러쉬,149.63,yes,5,shade_options|color_tone_intensity|finish_texture|suitable_selling|retail_presence,not_attempted,,www.lotteon.com,naver_live_offer_title_rule_adapter,https://www.lotteon.com/p/product/LO2567851261?sitmNo=LO2567851261_2567851262&ch_no=100065&ch_dtl_no=1000030&entryPoint=pcs&dp_infw_cd=CHT
naver-59163852739,에뛰드,shadow,5,[에뛰드] 재창조 메이커 쉐딩스틱 + 올데이맑은BB크림02아이보리 1ml*5 증정,149.6,yes,5,shade_options|color_tone_intensity|finish_texture|suitable_selling|retail_presence,not_attempted,,with.gsshop.com,naver_live_offer_title_rule_adapter,http://with.gsshop.com/alia/aliaGate.gs?media=OB&ecpid=1041620375&vodFlag=N&prdseqnum=1041620375&utm_source=price&utm_medium=affiliate&utm_campaign=naver
naver-58015886103,데이지크,cheek,5,데이지크 블렌딩 무드 치크 팔레트 블러셔 16 브라운 베어 젤리 제형,149.59,yes,5,shade_options|color_tone_intensity|finish_texture|suitable_selling|retail_presence,not_attempted,,www.lotteon.com,naver_live_offer_title_rule_adapter,https://www.lotteon.com/p/product/LO2586203560?sitmNo=LO2586203560_2586203561&ch_no=100065&ch_dtl_no=1000030&entryPoint=pcs&dp_infw_cd=CHT
naver-31371553865,클리오,cheek,5,클리오 [NEW] 맑게 물든 선샤인 치크,149.56,yes,5,shade_options|color_tone_intensity|finish_texture|suitable_selling,not_attempted,,www.lotteimall.com,naver_live_offer_title_rule_adapter,https://www.lotteimall.com/coop/affilGate.lotte?chl_no=141370&chl_dtl_no=2540914&returnUrl=/goods/viewGoodsDetail.lotte?goods_no=1967758091&utm_source=naver&utm_medium=affiliate&utm_campaign=price_compare
naver-53807302489,VDL,shadow,5,[VDL] 아이스테인 에센셜 섀도우 듀오,149.54,yes,5,shade_options|color_tone_intensity|finish_texture|suitable_selling|retail_presence,not_attempted,,with.gsshop.com,naver_live_offer_title_rule_adapter,http://with.gsshop.com/alia/aliaGate.gs?media=OB&ecpid=1079769250&vodFlag=N&prdseqnum=1079769250&utm_source=price&utm_medium=affiliate&utm_campaign=naver
naver-60565162125,라카,shadow,5,라카 포에버6 아이 팔레트 (4종 택1) 5001045,149.51,yes,5,shade_options|color_tone_intensity|finish_texture|suitable_selling|retail_presence,not_attempted,,www.lotteon.com,naver_live_offer_title_rule_adapter,https://www.lotteon.com/p/product/LO2706808728?sitmNo=LO2706808728_2706808729&ch_no=100065&ch_dtl_no=1000030&entryPoint=pcs&dp_infw_cd=CHT
naver-40049849258,3CE,cheek,5,3CE 페이스 블러쉬 (증)글로우 멀티 유즈 브러쉬,149.5,yes,5,shade_options|color_tone_intensity|finish_texture|suitable_selling|retail_presence,not_attempted,,www.lotteon.com,naver_live_offer_title_rule_adapter,https://www.lotteon.com/p/product/LO2125291855?sitmNo=LO2125291855_2125291864&ch_no=100065&ch_dtl_no=1000030&entryPoint=pcs&dp_infw_cd=CHT
naver-59737528907,에뛰드,cheek,5,[에뛰드] 러블리 쿠키 블러셔,149.47,yes,5,shade_options|color_tone_intensity|finish_texture|suitable_selling|retail_presence,not_attempted,,with.gsshop.com,naver_live_offer_title_rule_adapter,http://with.gsshop.com/alia/aliaGate.gs?media=OB&ecpid=58348717&vodFlag=N&prdseqnum=58348717&utm_source=price&utm_medium=affiliate&utm_campaign=naver
naver-60407033539,더샘,cheek,5,[온누리상품] 더샘 퍼펙트 글램 스틱블러셔 WH01 오로라 웨이브,149.44,yes,5,shade_options|color_tone_intensity|finish_texture|suitable_selling|retail_presence,not_attempted,,www.lotteon.com,naver_live_offer_title_rule_adapter,https://www.lotteon.com/p/product/LO2698608846?sitmNo=LO2698608846_2698608847&ch_no=100065&ch_dtl_no=1000030&entryPoint=pcs&dp_infw_cd=CHT
naver-51749188983,에스쁘아,shadow,5,에스쁘아 리얼 아이 애교살 스틱 1.45g,149.4,yes,5,shade_options|color_tone_intensity|finish_texture|suitable_selling|retail_presence,not_attempted,,www.lotteon.com,naver_live_offer_title_rule_adapter,https://www.lotteon.com/p/product/LO2401770975?sitmNo=LO2401770975_2401770978&ch_no=100065&ch_dtl_no=1000030&entryPoint=pcs&dp_infw_cd=CHT
naver-60638631009,뮤드,shadow,5,NEW컬러 뮤드 숄 모먼트 아이섀도우 팔레트 8종 중 택1 단품기획 4066284,149.37,yes,5,shade_options|color_tone_intensity|finish_texture|suitable_selling|retail_presence,not_attempted,,www.lotteon.com,naver_live_offer_title_rule_adapter,https://www.lotteon.com/p/product/LO2711102010?sitmNo=LO2711102010_2711102011&ch_no=100065&ch_dtl_no=1000030&entryPoint=pcs&dp_infw_cd=CHT
naver-60600129078,네이밍,cheek,5,네이밍 블러셔 베이글 플러피 웜 파우더 블러쉬 BAGEL,149.35,yes,5,shade_options|color_tone_intensity|finish_texture|suitable_selling|retail_presence,not_attempted,,www.lotteon.com,naver_live_offer_title_rule_adapter,https://www.lotteon.com/p/product/LO2586671536?sitmNo=LO2586671536_2586671537&ch_no=100065&ch_dtl_no=1000030&entryPoint=pcs&dp_infw_cd=CHT
naver-56707561274,정샘물 뷰티,lip,6,[정샘물뷰티] 정샘물 립프레션 메탈 세럼 글로스 (글리터 립 토퍼 ),149.34,yes,3,shade_options|color_tone_intensity|suitable_selling|retail_presence,failed,http_error,m.a-bly.com,do_not_retry_generic_fetch_manual_review,https://m.a-bly.com/goods/52763086?utm_source=web_naver-shopping&utm_medium=display&utm_campaign=web_naver-shopping&utm_content=52763086
naver-54024726034,VDL,lip,9,[VDL] 립스테인 에센셜 글로우 틴트,149.04,yes,5,shade_options|color_tone_intensity|finish_texture|suitable_selling|retail_presence,not_attempted,,with.gsshop.com,naver_live_offer_title_rule_adapter,http://with.gsshop.com/alia/aliaGate.gs?media=OB&ecpid=1080561750&vodFlag=N&prdseqnum=1080561750&utm_source=price&utm_medium=affiliate&utm_campaign=naver
naver-60319654918,컬러그램,shadow,4,[기존용기]컬러그램 눈토리얼 아이 팔레트 3COLOR,148.97,yes,4,shade_options|color_tone_intensity|finish_texture|suitable_selling,failed,http_error,www.oliveyoung.co.kr,do_not_retry_generic_fetch_manual_review,https://www.oliveyoung.co.kr/store/common/partner.do?chlNo=1&chlDtlNo=1&utm_source=naver&utm_medium=shopping_ep&utm_campaign=onpro_ep_product_0101_1231&utm_content=pc_price&sndType=goods&sndVal=A000000181415
naver-55893784647,3CE,shadow,4,3CE 컬러 그리드 아이섀도우 단품/기획,148.81,yes,4,shade_options|color_tone_intensity|finish_texture|suitable_selling,failed,http_error,www.oliveyoung.co.kr,do_not_retry_generic_fetch_manual_review,https://www.oliveyoung.co.kr/store/common/partner.do?chlNo=1&chlDtlNo=1&utm_source=naver&utm_medium=shopping_ep&utm_campaign=onpro_ep_product_0101_1231&utm_content=pc_price&sndType=goods&sndVal=A000000230225
naver-59069901601,웨이크메이크,cheek,4,[아이돌블러셔/단종템부활] 웨이크메이크 믹스 블러링 볼륨 블러셔 5COLOR,148.8,yes,4,shade_options|color_tone_intensity|finish_texture|suitable_selling,failed,http_error,www.oliveyoung.co.kr,do_not_retry_generic_fetch_manual_review,https://www.oliveyoung.co.kr/store/common/partner.do?chlNo=1&chlDtlNo=1&utm_source=naver&utm_medium=shopping_ep&utm_campaign=onpro_ep_product_0101_1231&utm_content=pc_price&sndType=goods&sndVal=A000000248458
naver-58725193590,투쿨포스쿨,shadow,4,[투쿨포스쿨] BEST 벨루어 펜슬 + 프로타주 펜슬 + 핑크 샤프너,148.63,yes,4,shade_options|color_tone_intensity|finish_texture|suitable_selling|retail_presence,failed,http_error,m.a-bly.com,do_not_retry_generic_fetch_manual_review,https://m.a-bly.com/goods/60819699?utm_source=web_naver-shopping&utm_medium=display&utm_campaign=web_naver-shopping&utm_content=60819699
naver-55660097850,롬앤,lip,9,[롬앤] [2개세트] 블러 퍼지 틴트x2,148.26,yes,5,shade_options|color_tone_intensity|finish_texture|suitable_selling|retail_presence,not_attempted,,www.wconcept.co.kr,naver_live_offer_title_rule_adapter,http://www.wconcept.co.kr/Product/305935765?adfrom=naver_ep&utm_source=naver&utm_medium=pcs&utm_campaign=WCONCEPT&utm_content=none&utm_term=none
naver-59163859581,페리페라,lip,9,[NEW COLOR] 페리페라 무드 글로이 틴트 26AD,148.23,yes,5,shade_options|color_tone_intensity|finish_texture|suitable_selling|retail_presence,not_attempted,,with.gsshop.com,naver_live_offer_title_rule_adapter,http://with.gsshop.com/alia/aliaGate.gs?media=OB&ecpid=1106843033&vodFlag=N&prdseqnum=1106843033&utm_source=price&utm_medium=affiliate&utm_campaign=naver
naver-58914013741,웨이크메이크,lip,9,웨이크메이크 워터 블러링 레이어 틴트 4.6g -/R,148.17,yes,5,shade_options|color_tone_intensity|finish_texture|suitable_selling|retail_presence,not_attempted,,www.lotteon.com,naver_live_offer_title_rule_adapter,https://www.lotteon.com/p/product/LO2621023000?sitmNo=LO2621023000_2621023001&ch_no=100065&ch_dtl_no=1000030&entryPoint=pcs&dp_infw_cd=CHT
naver-60678916219,데이지크,lip,9,[데이지크] 폴리포켓 수플레 컬러 팟,148.14,yes,5,shade_options|color_tone_intensity|finish_texture|suitable_selling|retail_presence,not_attempted,,www.wconcept.co.kr,naver_live_offer_title_rule_adapter,http://www.wconcept.co.kr/Product/308741953?adfrom=naver_ep&utm_source=naver&utm_medium=pcs&utm_campaign=WCONCEPT&utm_content=none&utm_term=none
naver-41098885086,3CE,lip,9,쓰리씨이 [3CE]블러 워터 틴트 (증)미니 틴트(랜덤),148.05,yes,5,shade_options|color_tone_intensity|finish_texture|suitable_selling,not_attempted,,www.lotteimall.com,naver_live_offer_title_rule_adapter,https://www.lotteimall.com/coop/affilGate.lotte?chl_no=141370&chl_dtl_no=2540914&returnUrl=/goods/viewGoodsDetail.lotte?goods_no=2299807695&utm_source=naver&utm_medium=affiliate&utm_campaign=price_compare
naver-40910509805,에뛰드,lip,9,에뛰드 [NEW Color 출시] 글로우 픽싱 틴트 3.8g,148.02,yes,5,shade_options|color_tone_intensity|finish_texture|suitable_selling|retail_presence,not_attempted,,www.lotteon.com,naver_live_offer_title_rule_adapter,https://www.lotteon.com/p/product/LO2144830493?sitmNo=LO2144830493_2144830494&ch_no=100065&ch_dtl_no=1000030&entryPoint=pcs&dp_infw_cd=CHT
naver-60387219092,더샘,lip,9,[온누리상품] 더샘 새미스 젤리 샷 틴트 3.2g 03 달콤,147.99,yes,5,shade_options|color_tone_intensity|finish_texture|suitable_selling|retail_presence,not_attempted,,www.lotteon.com,naver_live_offer_title_rule_adapter,https://www.lotteon.com/p/product/LO2697834408?sitmNo=LO2697834408_2697834409&ch_no=100065&ch_dtl_no=1000030&entryPoint=pcs&dp_infw_cd=CHT
naver-45520646654,클리오,lip,9,클리오 [NEW] 크리스탈 글램 밤,147.93,yes,5,shade_options|color_tone_intensity|finish_texture|suitable_selling,not_attempted,,www.lotteimall.com,naver_live_offer_title_rule_adapter,https://www.lotteimall.com/coop/affilGate.lotte?chl_no=141370&chl_dtl_no=2540914&returnUrl=/goods/viewGoodsDetail.lotte?goods_no=2525716323&utm_source=naver&utm_medium=affiliate&utm_campaign=price_compare
naver-58877780553,네이밍,lip,9,[네이밍] 오버 듀 글로시 립 틴트 듀오,147.9,yes,5,shade_options|color_tone_intensity|finish_texture|suitable_selling|retail_presence,not_attempted,,www.wconcept.co.kr,naver_live_offer_title_rule_adapter,http://www.wconcept.co.kr/Product/308191675?adfrom=naver_ep&utm_source=naver&utm_medium=pcs&utm_campaign=WCONCEPT&utm_content=none&utm_term=none
naver-59299583355,투쿨포스쿨,lip,9,투쿨포스쿨 스웨이 립 벨벳 기획 단품,147.87,yes,5,shade_options|color_tone_intensity|finish_texture|suitable_selling|retail_presence,not_attempted,,www.lotteon.com,naver_live_offer_title_rule_adapter,https://www.lotteon.com/p/product/LO2638353180?sitmNo=LO2638353180_2638353181&ch_no=100065&ch_dtl_no=1000030&entryPoint=pcs&dp_infw_cd=CHT
naver-57177929749,뮤드,lip,9,뮤드 소프트 블러 이지 블러링 립 틴트 11 메이플,147.78,yes,5,shade_options|color_tone_intensity|finish_texture|suitable_selling|retail_presence,not_attempted,,www.lotteon.com,naver_live_offer_title_rule_adapter,https://www.lotteon.com/p/product/LO2560239425?sitmNo=LO2560239425_2560239426&ch_no=100065&ch_dtl_no=1000030&entryPoint=pcs&dp_infw_cd=CHT
naver-48384394360,컬러그램,shadow,6,[5초눈확장/중안부축소]컬러그램 올인원 애교살 메이커 10COLOR,147.6,yes,5,shade_options|color_tone_intensity|finish_texture|suitable_selling,failed,http_error,www.oliveyoung.co.kr,do_not_retry_generic_fetch_manual_review,https://www.oliveyoung.co.kr/store/common/partner.do?chlNo=1&chlDtlNo=1&utm_source=naver&utm_medium=shopping_ep&utm_campaign=onpro_ep_product_0101_1231&utm_content=pc_price&sndType=goods&sndVal=A000000159062
naver-51830652412,롬앤,lip,8,[롬앤] 더 쥬시 래스팅 틴트 X2,147.44,yes,4,shade_options|color_tone_intensity|finish_texture|suitable_selling|retail_presence,failed,http_error,m.a-bly.com,do_not_retry_generic_fetch_manual_review,https://m.a-bly.com/goods/34585926?utm_source=web_naver-shopping&utm_medium=display&utm_campaign=web_naver-shopping&utm_content=34585926&coupon_sno=50253092
naver-55322843976,에스쁘아,lip,8,[에스쁘아] [1+1] 꾸뛰르 립 틴트 글레이즈 AD(BEST 컬러 ),146.99,yes,4,shade_options|color_tone_intensity|finish_texture|suitable_selling|retail_presence,failed,http_error,m.a-bly.com,do_not_retry_generic_fetch_manual_review,https://m.a-bly.com/goods/47215798?utm_source=web_naver-shopping&utm_medium=display&utm_campaign=web_naver-shopping&utm_content=47215798
naver-53648127899,더샘,shadow,3,샘물 싱글 섀도우,146.94,no,2,color_tone_intensity|suitable_selling|retail_presence,collected_complete,fetched,chicor.com,prior_detail_adapter,https://chicor.com/goods/0000000119699?utm_source=naver&utm_medium=cpc&utm_campaign=ep
naver-50276272161,뮤드,shadow,3,뮤드 풀 블룸 글로우 팔레트,146.72,no,2,color_tone_intensity|suitable_selling|retail_presence,collected_complete,fetched,chicor.com,prior_detail_adapter,https://chicor.com/goods/0000000107639?utm_source=naver&utm_medium=cpc&utm_campaign=ep
naver-56929117727,페리페라,shadow,6,페리페라 올테이크 무드 팔레트 (+브러쉬 라이너 정품 증정) | 올리브영,146.63,yes,4,shade_options|color_tone_intensity|finish_texture|suitable_selling,collected_partial,playwright_rendered,www.oliveyoung.co.kr,prior_detail_adapter,https://www.oliveyoung.co.kr/store/common/partner.do?chlNo=1&chlDtlNo=1&utm_source=naver&utm_medium=shopping_ep&utm_campaign=onpro_ep_product_0101_1231&utm_content=pc_price&sndType=goods&sndVal=A000000204450
naver-59489419719,에스쁘아,cheek,3,에스쁘아 블러웨어 블러쉬,146.62,no,2,color_tone_intensity|suitable_selling|retail_presence,collected_complete,fetched,chicor.com,prior_detail_adapter,https://chicor.com/goods/5100002044766?utm_source=naver&utm_medium=cpc&utm_campaign=ep
naver-56354126230,정샘물 뷰티,cheek,3,[정샘물뷰티] 정샘물 아티스트 쿠션 블러쉬 블러 (글로스미니 로즈도즈),146.07,yes,3,shade_options|color_tone_intensity|suitable_selling|retail_presence,failed,http_error,m.a-bly.com,do_not_retry_generic_fetch_manual_review,https://m.a-bly.com/goods/50435892?utm_source=web_naver-shopping&utm_medium=display&utm_campaign=web_naver-shopping&utm_content=50435892
naver-58334238932,웨이크메이크,cheek,3,[핑거퍼프 기획]웨이크메이크 쉬어 글로우 리퀴드 블러셔 5COLOR 기획,145.98,yes,3,shade_options|color_tone_intensity|suitable_selling,failed,http_error,www.oliveyoung.co.kr,do_not_retry_generic_fetch_manual_review,https://www.oliveyoung.co.kr/store/common/partner.do?chlNo=1&chlDtlNo=1&utm_source=naver&utm_medium=shopping_ep&utm_campaign=onpro_ep_product_0101_1231&utm_content=pc_price&sndType=goods&sndVal=A000000211575
naver-60675904491,데이지크,lip,10,[데이지크] 폴리포켓 수플레 컬러 팟,145.96,yes,5,shade_options|color_tone_intensity|finish_texture|suitable_selling|retail_presence,failed,http_error,m.a-bly.com,do_not_retry_generic_fetch_manual_review,https://m.a-bly.com/goods/72890448?utm_source=web_naver-shopping&utm_medium=display&utm_campaign=web_naver-shopping&utm_content=72890448
naver-56414744410,3CE,cheek,3,[햇살광블러셔/브러쉬증정기획] 3CE 바운시 블러 밤 단품/기획,145.86,yes,3,shade_options|color_tone_intensity|suitable_selling,failed,http_error,www.oliveyoung.co.kr,do_not_retry_generic_fetch_manual_review,https://www.oliveyoung.co.kr/store/common/partner.do?chlNo=1&chlDtlNo=1&utm_source=naver&utm_medium=shopping_ep&utm_campaign=onpro_ep_product_0101_1231&utm_content=pc_price&sndType=goods&sndVal=A000000230953
naver-91125520174,네이밍,shadow,6,네이밍 퍼펙테일 아이 디자이닝 섀도우 듀오,145.84,yes,5,shade_options|color_tone_intensity|finish_texture|suitable_selling|retail_presence,not_attempted,,smartstore.naver.com,naver_live_offer_title_rule_adapter,https://smartstore.naver.com/main/products/13581009763
naver-46473712336,하트퍼센트,shadow,6,[하트퍼센트] 도트 온 무드 아이팔레트,145.78,yes,5,shade_options|color_tone_intensity|finish_texture|suitable_selling|retail_presence,not_attempted,,www.wconcept.co.kr,naver_live_offer_title_rule_adapter,http://www.wconcept.co.kr/Product/305741368?adfrom=naver_ep&utm_source=naver&utm_medium=pcs&utm_campaign=WCONCEPT&utm_content=none&utm_term=none
naver-33312482384,뮤드,cheek,5,플러터 블러셔,145.77,yes,3,color_tone_intensity|finish_texture|suitable_selling|retail_presence,collected_complete,fetched,chicor.com,prior_detail_adapter,https://chicor.com/goods/0000000073181?utm_source=naver&utm_medium=cpc&utm_campaign=ep
naver-60470423917,투쿨포스쿨,cheek,6,투쿨포스쿨 바이로댕 블러셔,145.68,yes,5,shade_options|color_tone_intensity|finish_texture|suitable_selling|retail_presence,not_attempted,,www.lotteon.com,naver_live_offer_title_rule_adapter,https://www.lotteon.com/p/product/LO2702317088?sitmNo=LO2702317088_2702317089&ch_no=100065&ch_dtl_no=1000030&entryPoint=pcs&dp_infw_cd=CHT
naver-28780183274,롬앤,shadow,6,[롬앤] 베러 댄 팔레트,145.66,yes,5,shade_options|color_tone_intensity|finish_texture|suitable_selling|retail_presence,not_attempted,,www.wconcept.co.kr,naver_live_offer_title_rule_adapter,http://www.wconcept.co.kr/Product/301446185?adfrom=naver_ep&utm_source=naver&utm_medium=pcs&utm_campaign=WCONCEPT&utm_content=none&utm_term=none
naver-60680833764,뮤드,cheek,6,[NEW컬러] 뮤드 플러터 블러셔 8종 택1,145.59,yes,5,shade_options|color_tone_intensity|finish_texture|suitable_selling|retail_presence,not_attempted,,www.lotteon.com,naver_live_offer_title_rule_adapter,https://www.lotteon.com/p/product/LO2713414419?sitmNo=LO2713414419_2713414422&ch_no=100065&ch_dtl_no=1000030&entryPoint=pcs&dp_infw_cd=CHT
naver-60691536495,웨이크메이크,shadow,6,웨이크메이크 소프트 블러링 아이 팔레트 05 뮤트 코랄 블러링 3개,145.57,yes,5,shade_options|color_tone_intensity|finish_texture|suitable_selling|retail_presence,not_attempted,,www.lotteon.com,naver_live_offer_title_rule_adapter,https://www.lotteon.com/p/product/LO2393757153?sitmNo=LO2393757153_2393757154&ch_no=100065&ch_dtl_no=1000030&entryPoint=pcs&dp_infw_cd=CHT
naver-56999002705,데이지크,shadow,6,데이지크 섀도우 팔레트 색상 34 트윙클 머메이드,145.54,yes,5,shade_options|color_tone_intensity|finish_texture|suitable_selling|retail_presence,not_attempted,,www.lotteon.com,naver_live_offer_title_rule_adapter,https://www.lotteon.com/p/product/LO2553668030?sitmNo=LO2553668030_2553668031&ch_no=100065&ch_dtl_no=1000030&entryPoint=pcs&dp_infw_cd=CHT
naver-38550402400,롬앤,cheek,6,롬앤 베러 댄 치크 4g 수채화 발색 블러셔,145.53,yes,5,shade_options|color_tone_intensity|finish_texture|suitable_selling|retail_presence,not_attempted,,www.lotteon.com,naver_live_offer_title_rule_adapter,https://www.lotteon.com/p/product/LO2094521394?sitmNo=LO2094521394_2094521397&ch_no=100065&ch_dtl_no=1000030&entryPoint=pcs&dp_infw_cd=CHT
naver-59499586192,클리오,shadow,6,클리오 [왕실에디션] 뮤즈 마스터 팔레트,145.51,yes,5,shade_options|color_tone_intensity|finish_texture|suitable_selling|retail_presence,not_attempted,,display.cjonstyle.com,naver_live_offer_title_rule_adapter,https://display.cjonstyle.com/p/item/2081642120?infl_cd=I0696&utm_medium=pcs&utm_source=naver
naver-46865646838,페리페라,cheek,6,페리페라 맑게 물든 선샤인 치크,145.5,yes,5,shade_options|color_tone_intensity|finish_texture|suitable_selling|retail_presence,not_attempted,,with.gsshop.com,naver_live_offer_title_rule_adapter,http://with.gsshop.com/alia/aliaGate.gs?media=OB&ecpid=59492827&vodFlag=N&prdseqnum=59492827&utm_source=price&utm_medium=affiliate&utm_campaign=naver
naver-60388595258,컬러그램,cheek,6,컬러그램 틴토리 솜 블러셔 도란도화 2호,145.47,yes,5,shade_options|color_tone_intensity|finish_texture|suitable_selling|retail_presence,not_attempted,,www.lotteon.com,naver_live_offer_title_rule_adapter,https://www.lotteon.com/p/product/LO2697921401?sitmNo=LO2697921401_2697921402&ch_no=100065&ch_dtl_no=1000030&entryPoint=pcs&dp_infw_cd=CHT
naver-59388413752,3CE,shadow,6,3CE 아이 스위치 스틱+미니틴트(랜덤),145.46,yes,5,shade_options|color_tone_intensity|finish_texture|suitable_selling,not_attempted,,www.hmall.com,naver_live_offer_title_rule_adapter,https://www.hmall.com/md/pda/itemPtc?ReferCode=429&slitmCd=2248985627&utm_source=naver&utm_medium=cps_pcs&utm_campaign=sale
naver-59787018786,웨이크메이크,cheek,6,웨이크메이크 쉐이킹 블러 치크 4g -/R,145.44,yes,5,shade_options|color_tone_intensity|finish_texture|suitable_selling|retail_presence,not_attempted,,www.lotteon.com,naver_live_offer_title_rule_adapter,https://www.lotteon.com/p/product/LO2624218008?sitmNo=LO2624218008_2624218010&ch_no=100065&ch_dtl_no=1000030&entryPoint=pcs&dp_infw_cd=CHT
naver-23778700903,에뛰드,shadow,6,에뛰드스튜디오 블링블링 아이스틱,145.43,yes,5,shade_options|color_tone_intensity|finish_texture|suitable_selling|retail_presence,not_attempted,,display.cjonstyle.com,naver_live_offer_title_rule_adapter,https://display.cjonstyle.com/p/item/66581934?infl_cd=I0696&utm_medium=pcs&utm_source=naver
naver-58015880163,데이지크,cheek,6,데이지크 블렌딩 무드 치크 팔레트 블러셔 15 로즈밀크티,145.41,yes,5,shade_options|color_tone_intensity|finish_texture|suitable_selling|retail_presence,not_attempted,,www.lotteon.com,naver_live_offer_title_rule_adapter,https://www.lotteon.com/p/product/LO2586203549?sitmNo=LO2586203549_2586203550&ch_no=100065&ch_dtl_no=1000030&entryPoint=pcs&dp_infw_cd=CHT
naver-60677289277,더샘,shadow,6,더샘 샘물 싱글 섀도우 new 젤리/쉬머/글리터 2g 1개,145.4,yes,5,shade_options|color_tone_intensity|finish_texture|suitable_selling|retail_presence,not_attempted,,www.lotteon.com,naver_live_offer_title_rule_adapter,https://www.lotteon.com/p/product/LO2713136060?sitmNo=LO2713136060_2713136061&ch_no=100065&ch_dtl_no=1000030&entryPoint=pcs&dp_infw_cd=CHT
naver-54509172254,클리오,cheek,6,[NEW COLOR]클리오 에센셜 블러쉬 탭,145.38,yes,5,shade_options|color_tone_intensity|finish_texture|suitable_selling|retail_presence,not_attempted,,with.gsshop.com,naver_live_offer_title_rule_adapter,http://with.gsshop.com/alia/aliaGate.gs?media=OB&ecpid=1082523778&vodFlag=N&prdseqnum=1082523778&utm_source=price&utm_medium=affiliate&utm_campaign=naver
naver-59588574519,VDL,shadow,6,VDL 아이스테인 에센셜 섀도우 듀오 (01 베이직브라운),145.37,yes,5,shade_options|color_tone_intensity|finish_texture|suitable_selling|retail_presence,not_attempted,,www.lotteon.com,naver_live_offer_title_rule_adapter,https://www.lotteon.com/p/product/LO2636769086?sitmNo=LO2636769086_2636769087&ch_no=100065&ch_dtl_no=1000030&entryPoint=pcs&dp_infw_cd=CHT
naver-59977758232,라카,shadow,6,라카 new컬러 모노 아이섀도우 50종 택1 4656984,145.34,yes,5,shade_options|color_tone_intensity|finish_texture|suitable_selling|retail_presence,not_attempted,,www.lotteon.com,naver_live_offer_title_rule_adapter,https://www.lotteon.com/p/product/LO2675406059?sitmNo=LO2675406059_2675406060&ch_no=100065&ch_dtl_no=1000030&entryPoint=pcs&dp_infw_cd=CHT
naver-58901033940,3CE,cheek,6,3CE [틴티드 에디션]바운시 블러 밤 (증)바운시 핑거 퍼프세트,145.32,yes,5,shade_options|color_tone_intensity|finish_texture|suitable_selling|retail_presence,not_attempted,,www.lotteon.com,naver_live_offer_title_rule_adapter,https://www.lotteon.com/p/product/LO2620325945?sitmNo=LO2620325945_2620325946&ch_no=100065&ch_dtl_no=1000030&entryPoint=pcs&dp_infw_cd=CHT
naver-60003346783,에뛰드,cheek,6,에뛰드 러블리 쿠키 블러셔 4.5g,145.29,yes,5,shade_options|color_tone_intensity|finish_texture|suitable_selling|retail_presence,not_attempted,,www.lotteon.com,naver_live_offer_title_rule_adapter,https://www.lotteon.com/p/product/LO1209542410?sitmNo=LO1209542410_1209542411&ch_no=100065&ch_dtl_no=1000030&entryPoint=pcs&dp_infw_cd=CHT
naver-58797762337,더샘,cheek,6,온누리 더샘 샘물 싱글 블러셔 5gx2개 (GD01 골드 볼륨 라이트),145.26,yes,5,shade_options|color_tone_intensity|finish_texture|suitable_selling,not_attempted,,www.hmall.com,naver_live_offer_title_rule_adapter,https://www.hmall.com/md/pda/itemPtc?ReferCode=429&slitmCd=2247033234&utm_source=naver&utm_medium=cps_pcs&utm_campaign=sale
naver-60588301435,라카,cheek,6,라카 러브 매끄러운 실크 광택 블러셔 701 하리코 X2,145.2,yes,5,shade_options|color_tone_intensity|finish_texture|suitable_selling|retail_presence,not_attempted,,www.lotteon.com,naver_live_offer_title_rule_adapter,https://www.lotteon.com/p/product/LO2531778426?sitmNo=LO2531778426_2531778427&ch_no=100065&ch_dtl_no=1000030&entryPoint=pcs&dp_infw_cd=CHT
naver-60427923442,뮤드,shadow,6,NEW컬러 뮤드 숄 모먼트 아이섀도우 팔레트 8종 중 택1 단품/기획,145.19,yes,5,shade_options|color_tone_intensity|finish_texture|suitable_selling|retail_presence,not_attempted,,www.lotteon.com,naver_live_offer_title_rule_adapter,https://www.lotteon.com/p/product/LO2699989980?sitmNo=LO2699989980_2699989981&ch_no=100065&ch_dtl_no=1000030&entryPoint=pcs&dp_infw_cd=CHT
naver-60600128308,네이밍,cheek,6,네이밍 블러셔 페이지 플러피 파우더 웜 블러쉬 PAGIE,145.17,yes,5,shade_options|color_tone_intensity|finish_texture|suitable_selling|retail_presence,not_attempted,,www.lotteon.com,naver_live_offer_title_rule_adapter,https://www.lotteon.com/p/product/LO2586665584?sitmNo=LO2586665584_2586665585&ch_no=100065&ch_dtl_no=1000030&entryPoint=pcs&dp_infw_cd=CHT
naver-53917846559,에스쁘아,lip,7,에스쁘아 꾸뛰르 립틴트 피팅블러,145.17,no,2,color_tone_intensity|suitable_selling|retail_presence,collected_complete,fetched,chicor.com,prior_detail_adapter,https://chicor.com/goods/0000000119749?utm_source=naver&utm_medium=cpc&utm_campaign=ep
naver-87637416308,정샘물 뷰티,lip,10,정샘물 뉴클래식 글레이즈 립스틱 2.3g,145.16,yes,5,shade_options|color_tone_intensity|finish_texture|suitable_selling|retail_presence,not_attempted,,smartstore.naver.com,naver_live_offer_title_rule_adapter,https://smartstore.naver.com/main/products/10092913635
naver-59298910702,하트퍼센트,cheek,6,하트퍼센트 커스텀 립 앤 치크 싱글 톤업밤 H1,145.11,yes,5,shade_options|color_tone_intensity|finish_texture|suitable_selling|retail_presence,not_attempted,,www.lotteon.com,naver_live_offer_title_rule_adapter,https://www.lotteon.com/p/product/LO2638352662?sitmNo=LO2638352662_2638352663&ch_no=100065&ch_dtl_no=1000030&entryPoint=pcs&dp_infw_cd=CHT
naver-51750283828,에스쁘아,cheek,6,에스쁘아 톤페어링 리퀴드 치크 8ml,145.08,yes,5,shade_options|color_tone_intensity|finish_texture|suitable_selling|retail_presence,not_attempted,,www.lotteon.com,naver_live_offer_title_rule_adapter,https://www.lotteon.com/p/product/LO2401671165?sitmNo=LO2401671165_2401671169&ch_no=100065&ch_dtl_no=1000030&entryPoint=pcs&dp_infw_cd=CHT
naver-60567446647,VDL,lip,10,광택천재 VDL 립스테인 에센셜 글로우 틴트 4044669,145.04,yes,5,shade_options|color_tone_intensity|finish_texture|suitable_selling|retail_presence,not_attempted,,www.11st.co.kr,naver_live_offer_title_rule_adapter,https://www.11st.co.kr/connect/Gateway.tmall?method=Xsite&prdNo=9448292470&tid=1000000061
naver-59777097727,컬러그램,shadow,5,[포켓몬 에디션/NEW]컬러그램 포켓링 아이 팔레트 5COLOR,144.78,yes,4,shade_options|color_tone_intensity|finish_texture|suitable_selling,failed,http_error,www.oliveyoung.co.kr,do_not_retry_generic_fetch_manual_review,https://www.oliveyoung.co.kr/store/common/partner.do?chlNo=1&chlDtlNo=1&utm_source=naver&utm_medium=shopping_ep&utm_campaign=onpro_ep_product_0101_1231&utm_content=pc_price&sndType=goods&sndVal=A000000252788
naver-56422599825,클리오,shadow,5,클리오 소프트 블렌딩 섀도우 스틱,144.69,yes,4,shade_options|color_tone_intensity|finish_texture|suitable_selling,failed,http_error,www.oliveyoung.co.kr,do_not_retry_generic_fetch_manual_review,https://www.oliveyoung.co.kr/store/common/partner.do?chlNo=1&chlDtlNo=1&utm_source=naver&utm_medium=shopping_ep&utm_campaign=onpro_ep_product_0101_1231&utm_content=pc_price&sndType=goods&sndVal=A000000225194
naver-59284990293,웨이크메이크,cheek,5,[다굽자/아이돌샤라웃]웨이크메이크 믹스 블러링 볼륨&쉬어 브리즈 블러셔,144.62,yes,4,shade_options|color_tone_intensity|finish_texture|suitable_selling,failed,http_error,www.oliveyoung.co.kr,do_not_retry_generic_fetch_manual_review,https://www.oliveyoung.co.kr/store/common/partner.do?chlNo=1&chlDtlNo=1&utm_source=naver&utm_medium=shopping_ep&utm_campaign=onpro_ep_product_0101_1231&utm_content=pc_price&sndType=goods&sndVal=A000000248938
naver-56168447039,투쿨포스쿨,shadow,5,[투쿨포스쿨] 뽀용생기 프로타주 팔레트,144.46,yes,4,shade_options|color_tone_intensity|finish_texture|suitable_selling|retail_presence,failed,http_error,m.a-bly.com,do_not_retry_generic_fetch_manual_review,https://m.a-bly.com/goods/50360979?utm_source=web_naver-shopping&utm_medium=display&utm_campaign=web_naver-shopping&utm_content=50360979
naver-55828583061,VDL,cheek,5,[VDL] [2SET] 치크스테인 블러셔,144.41,yes,4,shade_options|color_tone_intensity|finish_texture|suitable_selling|retail_presence,failed,http_error,m.a-bly.com,do_not_retry_generic_fetch_manual_review,https://m.a-bly.com/goods/49916347?utm_source=web_naver-shopping&utm_medium=display&utm_campaign=web_naver-shopping&utm_content=49916347
naver-28780183287,롬앤,lip,10,[롬앤] [신규 컬러 추가/ BEST] 더 쥬시 래스팅 틴트,144.08,yes,5,shade_options|color_tone_intensity|finish_texture|suitable_selling|retail_presence,not_attempted,,www.wconcept.co.kr,naver_live_offer_title_rule_adapter,http://www.wconcept.co.kr/Product/301448890?adfrom=naver_ep&utm_source=naver&utm_medium=pcs&utm_campaign=WCONCEPT&utm_content=none&utm_term=none
naver-58782654417,페리페라,lip,10,[페리페라] 잉크 무드 글로이 틴트,144.05,yes,5,shade_options|color_tone_intensity|finish_texture|suitable_selling|retail_presence,not_attempted,,www.wconcept.co.kr,naver_live_offer_title_rule_adapter,http://www.wconcept.co.kr/Product/308168279?adfrom=naver_ep&utm_source=naver&utm_medium=pcs&utm_campaign=WCONCEPT&utm_content=none&utm_term=none
naver-46865249941,웨이크메이크,lip,10,웨이크메이크 듀이 젤 글로우 틴트 3g 유통기한임박,143.99,yes,5,shade_options|color_tone_intensity|finish_texture|suitable_selling|retail_presence,not_attempted,,www.lotteon.com,naver_live_offer_title_rule_adapter,https://www.lotteon.com/p/product/LO2290203830?sitmNo=LO2290203830_2290203837&ch_no=100065&ch_dtl_no=1000030&entryPoint=pcs&dp_infw_cd=CHT
naver-51398369386,라카,lip,9,팝핑 벌룬 틴트,143.93,yes,3,color_tone_intensity|finish_texture|suitable_selling|retail_presence,collected_complete,fetched,chicor.com,prior_detail_adapter,https://chicor.com/goods/0000000112859?utm_source=naver&utm_medium=cpc&utm_campaign=ep
naver-60003185186,3CE,lip,10,3CE [APP전용][NEW 이슬틴트] 미스티 립 베어 [증정]미니틴트(랜덤),143.87,yes,5,shade_options|color_tone_intensity|finish_texture|suitable_selling|retail_presence,not_attempted,,www.lotteon.com,naver_live_offer_title_rule_adapter,https://www.lotteon.com/p/product/LO2620997218?sitmNo=LO2620997218_2620997219&ch_no=100065&ch_dtl_no=1000030&entryPoint=pcs&dp_infw_cd=CHT
naver-28679613249,에뛰드,lip,10,에뛰드스튜디오 [New 컬러] 픽싱 틴트 /하이드로 매트 립틴트,143.84,yes,5,shade_options|color_tone_intensity|finish_texture|suitable_selling|retail_presence,not_attempted,,display.cjonstyle.com,naver_live_offer_title_rule_adapter,https://display.cjonstyle.com/p/item/93569139?infl_cd=I0696&utm_medium=pcs&utm_source=naver
naver-59489382838,하트퍼센트,lip,9,하트퍼센트 도트 온 무드 퍼스트틴트,143.84,yes,3,color_tone_intensity|finish_texture|suitable_selling|retail_presence,collected_complete,fetched,chicor.com,prior_detail_adapter,https://chicor.com/goods/5100002047244?utm_source=naver&utm_medium=cpc&utm_campaign=ep
naver-60387224567,더샘,lip,10,[온누리상품] 더샘 새미스 젤리 샷 틴트 3.2g (선택1),143.81,yes,5,shade_options|color_tone_intensity|finish_texture|suitable_selling|retail_presence,not_attempted,,www.lotteon.com,naver_live_offer_title_rule_adapter,https://www.lotteon.com/p/product/LO2697834516?sitmNo=LO2697834516_2697834517&ch_no=100065&ch_dtl_no=1000030&entryPoint=pcs&dp_infw_cd=CHT
naver-53917760212,에스쁘아,lip,9,에스쁘아 꾸뛰르 립틴트 글레이즈 (25AD),143.81,yes,3,color_tone_intensity|finish_texture|suitable_selling|retail_presence,collected_complete,fetched,chicor.com,prior_detail_adapter,https://chicor.com/goods/0000000118962?utm_source=naver&utm_medium=cpc&utm_campaign=ep
naver-57893694544,라카,lip,10,라카 립 틴트 데일리 메이크업 미니 프루티 글램,143.75,yes,5,shade_options|color_tone_intensity|finish_texture|suitable_selling|retail_presence,not_attempted,,www.lotteon.com,naver_live_offer_title_rule_adapter,https://www.lotteon.com/p/product/LO2581506286?sitmNo=LO2581506286_2581506287&ch_no=100065&ch_dtl_no=1000030&entryPoint=pcs&dp_infw_cd=CHT
naver-60641455033,클리오,lip,10,클리오 크리스탈 글램 볼륨 립틴트 26 모브 체리 X2개 BNS,143.75,yes,5,shade_options|color_tone_intensity|finish_texture|suitable_selling|retail_presence,not_attempted,,www.lotteon.com,naver_live_offer_title_rule_adapter,https://www.lotteon.com/p/product/LO2711712016?sitmNo=LO2711712016_2711712017&ch_no=100065&ch_dtl_no=1000030&entryPoint=pcs&dp_infw_cd=CHT
naver-60468961543,네이밍,lip,10,145216 NAMING 글로이 하트 립 틴트 (5.7g),143.72,yes,5,shade_options|color_tone_intensity|finish_texture|suitable_selling|retail_presence,not_attempted,,www.lotteon.com,naver_live_offer_title_rule_adapter,https://www.lotteon.com/p/product/LO2702219516?sitmNo=LO2702219516_2702219517&ch_no=100065&ch_dtl_no=1000030&entryPoint=pcs&dp_infw_cd=CHT
naver-60621669086,투쿨포스쿨,lip,10,투쿨포스쿨 스웨이 립 벨벳 기획/단품 3473375,143.69,yes,5,shade_options|color_tone_intensity|finish_texture|suitable_selling|retail_presence,not_attempted,,www.lotteon.com,naver_live_offer_title_rule_adapter,https://www.lotteon.com/p/product/LO2709893136?sitmNo=LO2709893136_2709893137&ch_no=100065&ch_dtl_no=1000030&entryPoint=pcs&dp_infw_cd=CHT
naver-53510712807,에스쁘아,lip,10,[에스쁘아] NEW 꾸뛰르 립틴트 글레이즈,143.63,yes,5,shade_options|color_tone_intensity|finish_texture|suitable_selling|retail_presence,not_attempted,,with.gsshop.com,naver_live_offer_title_rule_adapter,http://with.gsshop.com/alia/aliaGate.gs?media=OB&ecpid=1077625874&vodFlag=N&prdseqnum=1077625874&utm_source=price&utm_medium=affiliate&utm_campaign=naver
naver-57177932828,뮤드,lip,10,뮤드 소프트 블러 비비드 핑크 립 틴트 08 스무디,143.6,yes,5,shade_options|color_tone_intensity|finish_texture|suitable_selling|retail_presence,not_attempted,,www.lotteon.com,naver_live_offer_title_rule_adapter,https://www.lotteon.com/p/product/LO2560239221?sitmNo=LO2560239221_2560239222&ch_no=100065&ch_dtl_no=1000030&entryPoint=pcs&dp_infw_cd=CHT
naver-50894739523,컬러그램,lip,9,컬러그램 탕후루 탱글 틴트 미니 듀오 3 COLOR,143.2,yes,4,shade_options|color_tone_intensity|finish_texture|suitable_selling,failed,http_error,www.oliveyoung.co.kr,do_not_retry_generic_fetch_manual_review,https://www.oliveyoung.co.kr/store/common/partner.do?chlNo=1&chlDtlNo=1&utm_source=naver&utm_medium=shopping_ep&utm_campaign=onpro_ep_product_0101_1231&utm_content=pc_price&sndType=goods&sndVal=A000000201779
naver-53879502034,투쿨포스쿨,shadow,7,투쿨포스쿨 아이 글리츠,143.09,yes,5,shade_options|color_tone_intensity|finish_texture|suitable_selling,failed,http_error,www.oliveyoung.co.kr,do_not_retry_generic_fetch_manual_review,https://www.oliveyoung.co.kr/store/common/partner.do?chlNo=1&chlDtlNo=1&utm_source=naver&utm_medium=shopping_ep&utm_campaign=onpro_ep_product_0101_1231&utm_content=pc_price&sndType=goods&sndVal=A000000213074
naver-10028686952,투쿨포스쿨,cheek,7,투쿨포스쿨 아트클래스 바이로댕 블러셔 8.7g 6colors,141.68,yes,5,shade_options|color_tone_intensity|finish_texture|suitable_selling|retail_presence,not_attempted,,smartstore.naver.com,naver_live_offer_title_rule_adapter,https://smartstore.naver.com/main/products/438922833
naver-58175521413,네이밍,shadow,7,네이밍 블러쉬 섀도우 웜톤 쿨톤 메이크업 플러피 파우더 듀오 X2,141.66,yes,5,shade_options|color_tone_intensity|finish_texture|suitable_selling|retail_presence,not_attempted,,www.11st.co.kr,naver_live_offer_title_rule_adapter,https://www.11st.co.kr/connect/Gateway.tmall?method=Xsite&prdNo=8946654052&tid=1000000061
naver-60312701914,하트퍼센트,shadow,7,하트퍼센트 도트 온 무드 아이 팔레트,141.6,yes,5,shade_options|color_tone_intensity|finish_texture|suitable_selling|retail_presence,not_attempted,,link.coupang.com,naver_live_offer_title_rule_adapter,https://link.coupang.com/re/PCSNAVERPCSDP?pageKey=7753942242&ctag=7753942242&lptag=l512509019372&itemId=19273500195&vendorItemId=88447447503&spec=10305197
naver-28780183276,롬앤,shadow,7,[롬앤] 베러 댄 아이즈,141.49,yes,5,shade_options|color_tone_intensity|finish_texture|suitable_selling|retail_presence,not_attempted,,www.wconcept.co.kr,naver_live_offer_title_rule_adapter,http://www.wconcept.co.kr/Product/301447103?adfrom=naver_ep&utm_source=naver&utm_medium=pcs&utm_campaign=WCONCEPT&utm_content=none&utm_term=none
naver-60138609816,정샘물 뷰티,shadow,6,정샘물 마스터클래스 아이섀도우 M 브러쉬,141.49,yes,3,color_tone_intensity|finish_texture|suitable_selling|retail_presence,collected_complete,fetched,chicor.com,prior_detail_adapter,https://chicor.com/goods/5100002000702?utm_source=naver&utm_medium=cpc&utm_campaign=ep
naver-53902254666,페리페라,shadow,7,페리페라 [NEW] 페리페라 무드 인 쉐이드 아이스틱,141.46,yes,5,shade_options|color_tone_intensity|finish_texture|suitable_selling,not_attempted,,www.lotteimall.com,naver_live_offer_title_rule_adapter,https://www.lotteimall.com/coop/affilGate.lotte?chl_no=141370&chl_dtl_no=2540914&returnUrl=/goods/viewGoodsDetail.lotte?goods_no=2950695029&utm_source=naver&utm_medium=affiliate&utm_campaign=price_compare
naver-59505236622,컬러그램,shadow,7,컬러그램 올인원 애교살 메이커 07 웜피치(섀도우+음영),141.43,yes,5,shade_options|color_tone_intensity|finish_texture|suitable_selling|retail_presence,not_attempted,,www.lotteon.com,naver_live_offer_title_rule_adapter,https://www.lotteon.com/p/product/LO2297825108?sitmNo=LO2297825108_2297825109&ch_no=100065&ch_dtl_no=1000030&entryPoint=pcs&dp_infw_cd=CHT
naver-60638545028,뮤드,cheek,7,NEW컬러 뮤드 플러터 블러셔 8종 택1 4065920,141.41,yes,5,shade_options|color_tone_intensity|finish_texture|suitable_selling|retail_presence,not_attempted,,www.lotteon.com,naver_live_offer_title_rule_adapter,https://www.lotteon.com/p/product/LO2711221031?sitmNo=LO2711221031_2711221034&ch_no=100065&ch_dtl_no=1000030&entryPoint=pcs&dp_infw_cd=CHT
naver-60691159021,웨이크메이크,shadow,7,웨이크메이크 소프트 블러링 아이 팔레트 05 뮤트 코랄 블러링 2개,141.4,yes,5,shade_options|color_tone_intensity|finish_texture|suitable_selling|retail_presence,not_attempted,,www.lotteon.com,naver_live_offer_title_rule_adapter,https://www.lotteon.com/p/product/LO2393757135?sitmNo=LO2393757135_2393757136&ch_no=100065&ch_dtl_no=1000030&entryPoint=pcs&dp_infw_cd=CHT
naver-59320185353,데이지크,shadow,7,[데이지크] 스태리 나잇 섀도우 팔레트,141.37,yes,5,shade_options|color_tone_intensity|finish_texture|suitable_selling|retail_presence,not_attempted,,www.wconcept.co.kr,naver_live_offer_title_rule_adapter,http://www.wconcept.co.kr/Product/306320020?adfrom=naver_ep&utm_source=naver&utm_medium=pcs&utm_campaign=WCONCEPT&utm_content=none&utm_term=none
naver-50636894521,롬앤,cheek,7,[롬앤] 베러 댄 치크 4g,141.35,yes,5,shade_options|color_tone_intensity|finish_texture|suitable_selling,not_attempted,,www.shinsegaetvshopping.com,naver_live_offer_title_rule_adapter,https://www.shinsegaetvshopping.com/display/detail/70991778?inMediaCode=EC12&ckwhere=naverep
naver-39674404264,클리오,shadow,7,클리오 쉐이드 앤 섀도우 팔레트 [사은]프로아이섀도우브러쉬,141.34,yes,5,shade_options|color_tone_intensity|finish_texture|suitable_selling|retail_presence,not_attempted,,display.cjonstyle.com,naver_live_offer_title_rule_adapter,https://display.cjonstyle.com/p/item/2007965506?infl_cd=I0696&utm_medium=pcs&utm_source=naver
naver-52424577619,페리페라,cheek,7,페리페라 [NEW컬러출시]맑게 물든 선샤인 치크,141.32,yes,5,shade_options|color_tone_intensity|finish_texture|suitable_selling|retail_presence,not_attempted,,display.cjonstyle.com,naver_live_offer_title_rule_adapter,https://display.cjonstyle.com/p/item/2048875370?infl_cd=I0696&utm_medium=pcs&utm_source=naver
naver-60388594572,컬러그램,cheek,7,컬러그램 틴토리 솜 블러셔 홍시그널 5호,141.29,yes,5,shade_options|color_tone_intensity|finish_texture|suitable_selling|retail_presence,not_attempted,,www.lotteon.com,naver_live_offer_title_rule_adapter,https://www.lotteon.com/p/product/LO2697921201?sitmNo=LO2697921201_2697921202&ch_no=100065&ch_dtl_no=1000030&entryPoint=pcs&dp_infw_cd=CHT
naver-58889402875,3CE,shadow,7,[틴티드 에디션] 3CE 멀티 아이 컬러 팔레트+글로우 아이 포인트 브러쉬,141.28,yes,5,shade_options|color_tone_intensity|finish_texture|suitable_selling,not_attempted,,www.hmall.com,naver_live_offer_title_rule_adapter,https://www.hmall.com/md/pda/itemPtc?ReferCode=429&slitmCd=2247316478&utm_source=naver&utm_medium=cps_pcs&utm_campaign=sale
naver-58981790452,웨이크메이크,cheek,7,웨이크메이크 쉬어 브리즈 블러셔 5g -/R,141.26,yes,5,shade_options|color_tone_intensity|finish_texture|suitable_selling|retail_presence,not_attempted,,www.lotteon.com,naver_live_offer_title_rule_adapter,https://www.lotteon.com/p/product/LO2624219979?sitmNo=LO2624219979_2624219980&ch_no=100065&ch_dtl_no=1000030&entryPoint=pcs&dp_infw_cd=CHT
naver-59737530568,에뛰드,shadow,7,[에뛰드] [Cafe in the deep] 왓츠 인 마이 아이즈 더블,141.25,yes,5,shade_options|color_tone_intensity|finish_texture|suitable_selling|retail_presence,not_attempted,,with.gsshop.com,naver_live_offer_title_rule_adapter,http://with.gsshop.com/alia/aliaGate.gs?media=OB&ecpid=1095149207&vodFlag=N&prdseqnum=1095149207&utm_source=price&utm_medium=affiliate&utm_campaign=naver
naver-58015642516,데이지크,cheek,7,데이지크 블렌딩 무드 치크 팔레트 블러셔 17 모브 헤어 젤리 제형,141.23,yes,5,shade_options|color_tone_intensity|finish_texture|suitable_selling|retail_presence,not_attempted,,www.lotteon.com,naver_live_offer_title_rule_adapter,https://www.lotteon.com/p/product/LO2586203570?sitmNo=LO2586203570_2586203571&ch_no=100065&ch_dtl_no=1000030&entryPoint=pcs&dp_infw_cd=CHT
naver-59659304261,더샘,shadow,7,더샘 무드 업 듀오 아이섀도우 CR01 슈가 코랄,141.22,yes,5,shade_options|color_tone_intensity|finish_texture|suitable_selling|retail_presence,not_attempted,,www.lotteon.com,naver_live_offer_title_rule_adapter,https://www.lotteon.com/p/product/LO2656675003?sitmNo=LO2656675003_2656675004&ch_no=100065&ch_dtl_no=1000030&entryPoint=pcs&dp_infw_cd=CHT
naver-57447058370,에스쁘아,shadow,6,아이 코어 팔레트,141.22,yes,3,color_tone_intensity|finish_texture|suitable_selling|retail_presence,collected_complete,fetched,chicor.com,prior_detail_adapter,https://chicor.com/goods/0000000109535?utm_source=naver&utm_medium=cpc&utm_campaign=ep
naver-58486674200,클리오,cheek,7,클리오 에센셜 블러쉬 탭,141.2,yes,5,shade_options|color_tone_intensity|finish_texture|suitable_selling,not_attempted,,www.hmall.com,naver_live_offer_title_rule_adapter,https://www.hmall.com/md/pda/itemPtc?ReferCode=429&slitmCd=2244965589&utm_source=naver&utm_medium=cps_pcs&utm_campaign=sale
naver-59827153259,VDL,shadow,7,[현대신촌점] [브이디엘]아이샤인 컬러모드 팔레트,141.19,yes,5,shade_options|color_tone_intensity|finish_texture|suitable_selling,not_attempted,,www.hmall.com,naver_live_offer_title_rule_adapter,https://www.hmall.com/md/pda/itemPtc?ReferCode=429&slitmCd=2250259533&utm_source=naver&utm_medium=cps_pcs&utm_campaign=sale
naver-59965744835,라카,shadow,7,라카 포에버6 아이 팔레트 3544690,141.16,yes,5,shade_options|color_tone_intensity|finish_texture|suitable_selling|retail_presence,not_attempted,,www.lotteon.com,naver_live_offer_title_rule_adapter,https://www.lotteon.com/p/product/LO2674742482?sitmNo=LO2674742482_2674742483&ch_no=100065&ch_dtl_no=1000030&entryPoint=pcs&dp_infw_cd=CHT
naver-56421408773,3CE,cheek,7,[쓰리씨이] [3CE] 바운시 블러 밤 (증)미니틴트(랜덤),141.14,yes,5,shade_options|color_tone_intensity|finish_texture|suitable_selling|retail_presence,not_attempted,,www.lotteon.com,naver_live_offer_title_rule_adapter,https://www.lotteon.com/p/product/LI3026934228?sitmNo=LI3026934228_10&ch_no=100065&ch_dtl_no=1000030&entryPoint=pcs&dp_infw_cd=CHT
naver-60003546913,에뛰드,cheek,7,에뛰드 콩콩 블러셔 7g /부드럽게 스며드는 속광 블러 치크 /크림 블러셔 /볼터치,141.11,yes,5,shade_options|color_tone_intensity|finish_texture|suitable_selling|retail_presence,not_attempted,,www.lotteon.com,naver_live_offer_title_rule_adapter,https://www.lotteon.com/p/product/LO2594812508?sitmNo=LO2594812508_2594812509&ch_no=100065&ch_dtl_no=1000030&entryPoint=pcs&dp_infw_cd=CHT
naver-60680834661,더샘,cheek,7,[NEW/아이돌 치크] 더샘 젤리 블러셔 10colors,141.08,yes,5,shade_options|color_tone_intensity|finish_texture|suitable_selling|retail_presence,not_attempted,,www.lotteon.com,naver_live_offer_title_rule_adapter,https://www.lotteon.com/p/product/LO2713417019?sitmNo=LO2713417019_2713417021&ch_no=100065&ch_dtl_no=1000030&entryPoint=pcs&dp_infw_cd=CHT
naver-52379892018,VDL,cheek,7,VDL 치크스테인 블러셔 6g,141.05,yes,5,shade_options|color_tone_intensity|finish_texture|suitable_selling|retail_presence,not_attempted,,www.lotteon.com,naver_live_offer_title_rule_adapter,https://www.lotteon.com/p/product/LO2420144001?sitmNo=LO2420144001_2420144004&ch_no=100065&ch_dtl_no=1000030&entryPoint=pcs&dp_infw_cd=CHT
naver-59028234373,에스쁘아,shadow,7,[에스쁘아] 아이 코어 팔레트,141.03,yes,5,shade_options|color_tone_intensity|finish_texture|suitable_selling|retail_presence,not_attempted,,www.wconcept.co.kr,naver_live_offer_title_rule_adapter,http://www.wconcept.co.kr/Product/308300442?adfrom=naver_ep&utm_source=naver&utm_medium=pcs&utm_campaign=WCONCEPT&utm_content=none&utm_term=none
naver-60539278222,라카,cheek,7,라카 러브 매끄러운 실크 광택 블러셔 704 눈누 X2,141.02,yes,5,shade_options|color_tone_intensity|finish_texture|suitable_selling|retail_presence,not_attempted,,www.lotteon.com,naver_live_offer_title_rule_adapter,https://www.lotteon.com/p/product/LO2574344113?sitmNo=LO2574344113_2574344114&ch_no=100065&ch_dtl_no=1000030&entryPoint=pcs&dp_infw_cd=CHT
naver-60099908305,뮤드,shadow,7,뮤드 숄 모먼트 아이섀도우 팔레트 뮤즈 모먼트 2호,141.0,yes,5,shade_options|color_tone_intensity|finish_texture|suitable_selling|retail_presence,not_attempted,,www.lotteon.com,naver_live_offer_title_rule_adapter,https://www.lotteon.com/p/product/LO2682606178?sitmNo=LO2682606178_2682606179&ch_no=100065&ch_dtl_no=1000030&entryPoint=pcs&dp_infw_cd=CHT
naver-60600130718,네이밍,cheek,7,네이밍 블러셔 플러피 보송 파우더 블러쉬 NIESE 니제,140.99,yes,5,shade_options|color_tone_intensity|finish_texture|suitable_selling|retail_presence,not_attempted,,www.lotteon.com,naver_live_offer_title_rule_adapter,https://www.lotteon.com/p/product/LO2586664367?sitmNo=LO2586664367_2586664368&ch_no=100065&ch_dtl_no=1000030&entryPoint=pcs&dp_infw_cd=CHT
naver-60640697454,하트퍼센트,cheek,7,NEW 하트퍼센트 도트 온 무드 커스텀 립앤치크 9.4g 2종 4065103,140.93,yes,5,shade_options|color_tone_intensity|finish_texture|suitable_selling|retail_presence,not_attempted,,www.lotteon.com,naver_live_offer_title_rule_adapter,https://www.lotteon.com/p/product/LO2711605209?sitmNo=LO2711605209_2711605212&ch_no=100065&ch_dtl_no=1000030&entryPoint=pcs&dp_infw_cd=CHT
naver-60463657064,에스쁘아,cheek,7,2가지 텍스처/멀티블러셔 에스쁘아 톤페어링 치크 9.6g 2호 피치피즈,140.9,yes,5,shade_options|color_tone_intensity|finish_texture|suitable_selling|retail_presence,not_attempted,,www.lotteon.com,naver_live_offer_title_rule_adapter,https://www.lotteon.com/p/product/LO2701850464?sitmNo=LO2701850464_2701850465&ch_no=100065&ch_dtl_no=1000030&entryPoint=pcs&dp_infw_cd=CHT
naver-50894910866,컬러그램,lip,8,[꿀먹광 글로스]컬러그램 탕후루 탱글 꿀로스 3COLOR,140.38,yes,3,shade_options|color_tone_intensity|suitable_selling,failed,http_error,www.oliveyoung.co.kr,do_not_retry_generic_fetch_manual_review,https://www.oliveyoung.co.kr/store/common/partner.do?chlNo=1&chlDtlNo=1&utm_source=naver&utm_medium=shopping_ep&utm_campaign=onpro_ep_product_0101_1231&utm_content=pc_price&sndType=goods&sndVal=A000000198689
naver-54510468011,투쿨포스쿨,shadow,6,[투쿨포스쿨] 물빛글리터 아트클래스 아이글리츠,140.28,yes,4,shade_options|color_tone_intensity|finish_texture|suitable_selling|retail_presence,failed,http_error,m.a-bly.com,do_not_retry_generic_fetch_manual_review,https://m.a-bly.com/goods/45630554?utm_source=web_naver-shopping&utm_medium=display&utm_campaign=web_naver-shopping&utm_content=45630554
naver-49163442131,VDL,cheek,6,[VDL] 치크스테인 블러셔,140.23,yes,4,shade_options|color_tone_intensity|finish_texture|suitable_selling|retail_presence,failed,http_error,m.a-bly.com,do_not_retry_generic_fetch_manual_review,https://m.a-bly.com/goods/9536437?utm_source=web_naver-shopping&utm_medium=display&utm_campaign=web_naver-shopping&utm_content=9536437
naver-59777216016,컬러그램,lip,10,[포켓몬 에디션/메탈참 증정/NEW]컬러그램 누디 블러 스틱 11COLOR,139.02,yes,4,shade_options|color_tone_intensity|finish_texture|suitable_selling,failed,http_error,www.oliveyoung.co.kr,do_not_retry_generic_fetch_manual_review,https://www.oliveyoung.co.kr/store/common/partner.do?chlNo=1&chlDtlNo=1&utm_source=naver&utm_medium=shopping_ep&utm_campaign=onpro_ep_product_0101_1231&utm_content=pc_price&sndType=goods&sndVal=A000000252785
naver-53648186585,더샘,shadow,5,더샘 샘물 싱글 섀도우 매트 ,138.57,no,2,color_tone_intensity|suitable_selling|retail_presence,collected_complete,fetched,chicor.com,prior_detail_adapter,https://chicor.com/goods/0000000118819?utm_source=naver&utm_medium=cpc&utm_campaign=ep
naver-59872761697,라카,cheek,5,선 실드 글로이 치크,138.38,no,2,color_tone_intensity|suitable_selling|retail_presence,collected_complete,fetched,chicor.com,prior_detail_adapter,https://chicor.com/goods/5100002067403?utm_source=naver&utm_medium=cpc&utm_campaign=ep
naver-54526071028,하트퍼센트,cheek,5,도트 온 무드 커스텀 립앤치크 싱글,138.29,no,2,color_tone_intensity|suitable_selling|retail_presence,collected_complete,fetched,chicor.com,prior_detail_adapter,https://chicor.com/goods/0000000121559?utm_source=naver&utm_medium=cpc&utm_campaign=ep
naver-55111330232,에스쁘아,cheek,8,MARIO[에스쁘아] 톤 페어링 치크 멀티 블러셔 | 에스쁘아 - 보리보리,137.72,yes,4,shade_options|color_tone_intensity|finish_texture|suitable_selling|retail_presence,collected_partial,fetched,gate.boribori.co.kr,prior_detail_adapter,http://gate.boribori.co.kr/naver?site_cd=2&type=detail_pcode&p1=P396639910&partnerid=b_naverdb
naver-89751190827,정샘물 뷰티,cheek,8,정샘물 아티스트 쿠션 블러쉬 #블러 4g,137.71,yes,5,shade_options|color_tone_intensity|finish_texture|suitable_selling|retail_presence,not_attempted,,smartstore.naver.com,naver_live_offer_title_rule_adapter,https://smartstore.naver.com/main/products/12206680122
naver-59871858316,하트퍼센트,shadow,8,하트퍼센트 아이섀도우 팔레트 펄 글리터 도트 온 무드 MNS,137.6,yes,5,shade_options|color_tone_intensity|finish_texture|suitable_selling|retail_presence,not_attempted,,www.11st.co.kr,naver_live_offer_title_rule_adapter,https://www.11st.co.kr/connect/Gateway.tmall?method=Xsite&prdNo=9204589230&tid=1000000061
naver-58633047816,투쿨포스쿨,cheek,8,[투쿨포스쿨] 아트클래스 벨루어 펜슬 (+클렌징패드/펜슬) 260116,137.5,yes,5,shade_options|color_tone_intensity|finish_texture|suitable_selling|retail_presence,not_attempted,,link.musinsa.com,naver_live_offer_title_rule_adapter,https://link.musinsa.com/app/goods/5902237?utm_source=naver_jisicshopping&utm_medium=sh&source=NVSH&utm_term={keyword}&utm_content={ad_group}
naver-50792684927,롬앤,shadow,8,롬앤 베러 댄 팔레트 - /R 아이 섀도우,137.31,yes,5,shade_options|color_tone_intensity|finish_texture|suitable_selling|retail_presence,not_attempted,,www.lotteon.com,naver_live_offer_title_rule_adapter,https://www.lotteon.com/p/product/LO2373771885?sitmNo=LO2373771885_2373771886&ch_no=100065&ch_dtl_no=1000030&entryPoint=pcs&dp_infw_cd=CHT
naver-60330459471,정샘물 뷰티,shadow,7,정샘물 마스터클래스 아이섀도우 S 브러쉬,137.31,yes,3,color_tone_intensity|finish_texture|suitable_selling|retail_presence,collected_complete,fetched,chicor.com,prior_detail_adapter,https://chicor.com/goods/5100002000703?utm_source=naver&utm_medium=cpc&utm_campaign=ep
naver-39670445071,페리페라,shadow,8,페리페라 [나잇페리프렌즈 컬렉션] 올테이크 무드 라이크 팔레트,137.28,yes,5,shade_options|color_tone_intensity|finish_texture|suitable_selling,not_attempted,,www.lotteimall.com,naver_live_offer_title_rule_adapter,https://www.lotteimall.com/coop/affilGate.lotte?chl_no=141370&chl_dtl_no=2540914&returnUrl=/goods/viewGoodsDetail.lotte?goods_no=2235725211&utm_source=naver&utm_medium=affiliate&utm_campaign=price_compare
naver-56796628954,컬러그램,shadow,8,컬러그램 올인원 애교살 메이커 - /R,137.25,yes,5,shade_options|color_tone_intensity|finish_texture|suitable_selling|retail_presence,not_attempted,,www.lotteon.com,naver_live_offer_title_rule_adapter,https://www.lotteon.com/p/product/LO2127584831?sitmNo=LO2127584831_2127584832&ch_no=100065&ch_dtl_no=1000030&entryPoint=pcs&dp_infw_cd=CHT
naver-60450357255,뮤드,cheek,8,NEW컬러 뮤드 플러터 블러셔 8종중 택1,137.23,yes,5,shade_options|color_tone_intensity|finish_texture|suitable_selling|retail_presence,not_attempted,,www.lotteon.com,naver_live_offer_title_rule_adapter,https://www.lotteon.com/p/product/LO2700822230?sitmNo=LO2700822230_2700822233&ch_no=100065&ch_dtl_no=1000030&entryPoint=pcs&dp_infw_cd=CHT
naver-60691158449,웨이크메이크,shadow,8,웨이크메이크 소프트 블러링 아이 팔레트 08 캔디코랄 블러링 2개,137.22,yes,5,shade_options|color_tone_intensity|finish_texture|suitable_selling|retail_presence,not_attempted,,www.lotteon.com,naver_live_offer_title_rule_adapter,https://www.lotteon.com/p/product/LO2443873575?sitmNo=LO2443873575_2443873576&ch_no=100065&ch_dtl_no=1000030&entryPoint=pcs&dp_infw_cd=CHT
naver-58861057403,롬앤,cheek,8,롬앤 베러 댄 치크 블러셔 볼터치 C02 블루베리칩,137.17,yes,5,shade_options|color_tone_intensity|finish_texture|suitable_selling|retail_presence,not_attempted,,www.lotteon.com,naver_live_offer_title_rule_adapter,https://www.lotteon.com/p/product/LO2618344502?sitmNo=LO2618344502_2618344503&ch_no=100065&ch_dtl_no=1000030&entryPoint=pcs&dp_infw_cd=CHT
naver-59919517696,정샘물 뷰티,lip,9,[정샘물뷰티] 정샘물 립프레션 글로이 틴트 (글리터링토퍼 라벤더슈가),137.16,yes,3,shade_options|color_tone_intensity|suitable_selling|retail_presence,failed,http_error,m.a-bly.com,do_not_retry_generic_fetch_manual_review,https://m.a-bly.com/goods/68492808?utm_source=web_naver-shopping&utm_medium=display&utm_campaign=web_naver-shopping&utm_content=68492808
naver-60641405433,클리오,shadow,8,클리오 프로 아이섀도 팔레트 에어 03 뮤트라이브러리 BNS,137.16,yes,5,shade_options|color_tone_intensity|finish_texture|suitable_selling|retail_presence,not_attempted,,www.lotteon.com,naver_live_offer_title_rule_adapter,https://www.lotteon.com/p/product/LO2711711434?sitmNo=LO2711711434_2711711435&ch_no=100065&ch_dtl_no=1000030&entryPoint=pcs&dp_infw_cd=CHT
naver-52424582084,페리페라,cheek,8,페리페라 맑게 물든 선샤인 치크 x2,137.14,yes,5,shade_options|color_tone_intensity|finish_texture|suitable_selling|retail_presence,not_attempted,,display.cjonstyle.com,naver_live_offer_title_rule_adapter,https://display.cjonstyle.com/p/item/2048875286?infl_cd=I0696&utm_medium=pcs&utm_source=naver
naver-60317012853,정샘물 뷰티,shadow,8,정샘물 마스터클래스 아이섀도우 L 브러쉬,137.12,yes,5,shade_options|color_tone_intensity|finish_texture|suitable_selling,not_attempted,,www.hmall.com,naver_live_offer_title_rule_adapter,https://www.hmall.com/md/pda/itemPtc?ReferCode=429&slitmCd=2250941742&utm_source=naver&utm_medium=cps_pcs&utm_campaign=sale
naver-60388601127,컬러그램,cheek,8,컬러그램 틴토리 솜 블러셔 무화카롱 6호,137.11,yes,5,shade_options|color_tone_intensity|finish_texture|suitable_selling|retail_presence,not_attempted,,www.lotteon.com,naver_live_offer_title_rule_adapter,https://www.lotteon.com/p/product/LO2697921096?sitmNo=LO2697921096_2697921097&ch_no=100065&ch_dtl_no=1000030&entryPoint=pcs&dp_infw_cd=CHT
naver-60278341676,웨이크메이크,cheek,8,웨이크메이크 믹스 블러링 볼륨 블러셔 소프트뮤트 3호,137.08,yes,5,shade_options|color_tone_intensity|finish_texture|suitable_selling|retail_presence,not_attempted,,www.lotteon.com,naver_live_offer_title_rule_adapter,https://www.lotteon.com/p/product/LO2692549790?sitmNo=LO2692549790_2692549791&ch_no=100065&ch_dtl_no=1000030&entryPoint=pcs&dp_infw_cd=CHT
naver-35711275561,에뛰드,shadow,8,에뛰드하우스 블링블링 아이스틱 2개 /스틱 아이섀도우,137.06,yes,5,shade_options|color_tone_intensity|finish_texture|suitable_selling|retail_presence,not_attempted,,display.cjonstyle.com,naver_live_offer_title_rule_adapter,https://display.cjonstyle.com/p/item/94817979?infl_cd=I0696&utm_medium=pcs&utm_source=naver
naver-59586466141,데이지크,cheek,8,데이지크 미니 블렌딩 무드 치크 5.2g 09아몬드바닐라,137.05,yes,5,shade_options|color_tone_intensity|finish_texture|suitable_selling|retail_presence,not_attempted,,www.lotteon.com,naver_live_offer_title_rule_adapter,https://www.lotteon.com/p/product/LO2652793824?sitmNo=LO2652793824_2652793825&ch_no=100065&ch_dtl_no=1000030&entryPoint=pcs&dp_infw_cd=CHT
naver-59659316712,더샘,shadow,8,[온누리상품] 더샘 무드 업 듀오 아이섀도우 CR01 슈가 코랄,137.03,yes,5,shade_options|color_tone_intensity|finish_texture|suitable_selling|retail_presence,not_attempted,,www.lotteon.com,naver_live_offer_title_rule_adapter,https://www.lotteon.com/p/product/LO2656675057?sitmNo=LO2656675057_2656675058&ch_no=100065&ch_dtl_no=1000030&entryPoint=pcs&dp_infw_cd=CHT
naver-60641424463,클리오,cheek,8,클리오 에센셜 매트 블러쉬 탭 밀착 M106 뮤티드 베리 BNS,137.02,yes,5,shade_options|color_tone_intensity|finish_texture|suitable_selling|retail_presence,not_attempted,,www.lotteon.com,naver_live_offer_title_rule_adapter,https://www.lotteon.com/p/product/LO2711710830?sitmNo=LO2711710830_2711710831&ch_no=100065&ch_dtl_no=1000030&entryPoint=pcs&dp_infw_cd=CHT
naver-59827150207,VDL,shadow,8,[현대신촌점] [브이디엘]치크스테인 팔레트,137.0,yes,5,shade_options|color_tone_intensity|finish_texture|suitable_selling,not_attempted,,www.hmall.com,naver_live_offer_title_rule_adapter,https://www.hmall.com/md/pda/itemPtc?ReferCode=429&slitmCd=2250259534&utm_source=naver&utm_medium=cps_pcs&utm_campaign=sale
naver-60675640019,라카,shadow,8,LAKA 모노 아이섀도우 50종 택1,136.97,yes,5,shade_options|color_tone_intensity|finish_texture|suitable_selling|retail_presence,not_attempted,,www.lotteon.com,naver_live_offer_title_rule_adapter,https://www.lotteon.com/p/product/LO2712920481?sitmNo=LO2712920481_2712920482&ch_no=100065&ch_dtl_no=1000030&entryPoint=pcs&dp_infw_cd=CHT
naver-40083320846,3CE,cheek,8,[NEW TAKE] 3CE 뉴 테이크 페이스 블러셔,136.96,yes,5,shade_options|color_tone_intensity|finish_texture|suitable_selling,not_attempted,,www.hmall.com,naver_live_offer_title_rule_adapter,https://www.hmall.com/md/pda/itemPtc?ReferCode=429&slitmCd=2150778531&utm_source=naver&utm_medium=cps_pcs&utm_campaign=sale
naver-59601304715,에뛰드,cheek,8,에뛰드 콩콩 블러셔 7g x 2개 /내장 스폰지 팁으로 콩콩 /크림 치크 /볼터치,136.93,yes,5,shade_options|color_tone_intensity|finish_texture|suitable_selling|retail_presence,not_attempted,,www.lotteon.com,naver_live_offer_title_rule_adapter,https://www.lotteon.com/p/product/LO2594818457?sitmNo=LO2594818457_2594818458&ch_no=100065&ch_dtl_no=1000030&entryPoint=pcs&dp_infw_cd=CHT
naver-60638545905,더샘,cheek,8,NEW아이돌 치크 더샘 젤리 블러셔 10colors 4065819,136.9,yes,5,shade_options|color_tone_intensity|finish_texture|suitable_selling|retail_presence,not_attempted,,www.lotteon.com,naver_live_offer_title_rule_adapter,https://www.lotteon.com/p/product/LO2711151342?sitmNo=LO2711151342_2711151344&ch_no=100065&ch_dtl_no=1000030&entryPoint=pcs&dp_infw_cd=CHT
naver-52379973822,VDL,cheek,8,VDL 치크스테인 블러셔 팔레트 10g,136.87,yes,5,shade_options|color_tone_intensity|finish_texture|suitable_selling|retail_presence,not_attempted,,www.lotteon.com,naver_live_offer_title_rule_adapter,https://www.lotteon.com/p/product/LO2420145074?sitmNo=LO2420145074_2420145075&ch_no=100065&ch_dtl_no=1000030&entryPoint=pcs&dp_infw_cd=CHT
naver-50561887123,에스쁘아,shadow,8,[에스쁘아] 아이 코어 팔레트,136.85,yes,5,shade_options|color_tone_intensity|finish_texture|suitable_selling|retail_presence,not_attempted,,with.gsshop.com,naver_live_offer_title_rule_adapter,http://with.gsshop.com/alia/aliaGate.gs?media=OB&ecpid=1065471015&vodFlag=N&prdseqnum=1065471015&utm_source=price&utm_medium=affiliate&utm_campaign=naver
naver-60191645537,라카,cheek,8,라카 러브 부드러운 실크 광택 블러셔 709 돌체 X2,136.84,yes,5,shade_options|color_tone_intensity|finish_texture|suitable_selling|retail_presence,not_attempted,,www.lotteon.com,naver_live_offer_title_rule_adapter,https://www.lotteon.com/p/product/LO2574333577?sitmNo=LO2574333577_2574333578&ch_no=100065&ch_dtl_no=1000030&entryPoint=pcs&dp_infw_cd=CHT
naver-60099906346,뮤드,shadow,8,뮤드 숄 모먼트 아이섀도우 팔레트 라일락 모먼트 4호,136.82,yes,5,shade_options|color_tone_intensity|finish_texture|suitable_selling|retail_presence,not_attempted,,www.lotteon.com,naver_live_offer_title_rule_adapter,https://www.lotteon.com/p/product/LO2682605879?sitmNo=LO2682605879_2682605880&ch_no=100065&ch_dtl_no=1000030&entryPoint=pcs&dp_infw_cd=CHT
naver-60600130480,네이밍,cheek,8,네이밍 블러셔 필로우 플러피 파우더 블러쉬 PILLOW,136.81,yes,5,shade_options|color_tone_intensity|finish_texture|suitable_selling|retail_presence,not_attempted,,www.lotteon.com,naver_live_offer_title_rule_adapter,https://www.lotteon.com/p/product/LO2586672188?sitmNo=LO2586672188_2586672189&ch_no=100065&ch_dtl_no=1000030&entryPoint=pcs&dp_infw_cd=CHT
naver-59299627885,하트퍼센트,cheek,8,하트퍼센트 커스텀 립 앤 치크 싱글 코랄 M1,136.75,yes,5,shade_options|color_tone_intensity|finish_texture|suitable_selling|retail_presence,not_attempted,,www.lotteon.com,naver_live_offer_title_rule_adapter,https://www.lotteon.com/p/product/LO2638353447?sitmNo=LO2638353447_2638353448&ch_no=100065&ch_dtl_no=1000030&entryPoint=pcs&dp_infw_cd=CHT
naver-49163486745,정샘물 뷰티,cheek,7,[정샘물뷰티] 정샘물 컬러피스 블러쉬,136.71,yes,4,shade_options|color_tone_intensity|finish_texture|suitable_selling|retail_presence,failed,http_error,m.a-bly.com,do_not_retry_generic_fetch_manual_review,https://m.a-bly.com/goods/3802256?utm_source=web_naver-shopping&utm_medium=display&utm_campaign=web_naver-shopping&utm_content=3802256
naver-52766815714,뮤드,cheek,9,지그재그 스토어,134.23,yes,4,shade_options|color_tone_intensity|finish_texture|suitable_selling|retail_presence,collected_partial,fetched,zigzag.kr,prior_detail_adapter,https://zigzag.kr/link/bridge?product_id=156583542&shop_id=21082&utm_source=shopping_naver_all&tab=recommendation
naver-60517649231,정샘물 뷰티,cheek,6,[정샘물뷰티] MINI 정샘물 아티스트 쿠션 블러쉬 or 블러쉬 블러,133.89,yes,3,shade_options|color_tone_intensity|suitable_selling|retail_presence,failed,http_error,m.a-bly.com,do_not_retry_generic_fetch_manual_review,https://m.a-bly.com/goods/54497232?utm_source=web_naver-shopping&utm_medium=display&utm_campaign=web_naver-shopping&utm_content=54497232
naver-60384995708,하트퍼센트,shadow,9,하트퍼센트 여쿨라 인생템 도트 온 무드 아이팔레트 4995272,133.6,yes,5,shade_options|color_tone_intensity|finish_texture|suitable_selling|retail_presence,not_attempted,,www.lotteon.com,naver_live_offer_title_rule_adapter,https://www.lotteon.com/p/product/LO2697511924?sitmNo=LO2697511924_2697511925&ch_no=100065&ch_dtl_no=1000030&entryPoint=pcs&dp_infw_cd=CHT
naver-55110923983,에스쁘아,cheek,9,MARIO[에스쁘아] 톤 페어링 치크 멀티 블러셔 | 에스쁘아 - 하프클럽,133.54,yes,4,shade_options|color_tone_intensity|finish_texture|suitable_selling|retail_presence,collected_partial,fetched,gate.halfclub.com,prior_detail_adapter,http://gate.halfclub.com/naver?site_cd=1&type=detail_pcode&p1=P396639944&partnerid=naverdb
naver-59299601121,투쿨포스쿨,cheek,9,투쿨포스쿨 바이로댕 블러셔,133.5,yes,5,shade_options|color_tone_intensity|finish_texture|suitable_selling|retail_presence,not_attempted,,www.lotteon.com,naver_live_offer_title_rule_adapter,https://www.lotteon.com/p/product/LO2638353126?sitmNo=LO2638353126_2638353127&ch_no=100065&ch_dtl_no=1000030&entryPoint=pcs&dp_infw_cd=CHT
naver-90996159748,네이밍,shadow,9,네이밍 퍼펙테일 아이 디자이닝 펜슬 슬림라이너 언더베이지,133.49,yes,5,shade_options|color_tone_intensity|finish_texture|suitable_selling|retail_presence,not_attempted,,smartstore.naver.com,naver_live_offer_title_rule_adapter,https://smartstore.naver.com/main/products/13451649396
naver-58032578155,데이지크,shadow,8,데이지크 섀도우 팔레트,133.19,yes,3,color_tone_intensity|finish_texture|suitable_selling|retail_presence,collected_complete,fetched,chicor.com,prior_detail_adapter,https://chicor.com/goods/5100002007508?utm_source=naver&utm_medium=cpc&utm_campaign=ep
naver-39672573967,페리페라,shadow,9,페리페라 올테이크 무드 라이크 팔레트,133.09,yes,5,shade_options|color_tone_intensity|finish_texture|suitable_selling|retail_presence,not_attempted,,display.cjonstyle.com,naver_live_offer_title_rule_adapter,https://display.cjonstyle.com/p/item/2014496644?infl_cd=I0696&utm_medium=pcs&utm_source=naver
naver-60505280927,컬러그램,shadow,9,컬러그램 올인원 애교살 메이커 07 웜피치(섀도우+음영) 3개,133.06,yes,5,shade_options|color_tone_intensity|finish_texture|suitable_selling|retail_presence,not_attempted,,www.lotteon.com,naver_live_offer_title_rule_adapter,https://www.lotteon.com/p/product/LO2393768982?sitmNo=LO2393768982_2393768983&ch_no=100065&ch_dtl_no=1000030&entryPoint=pcs&dp_infw_cd=CHT
naver-60408327640,웨이크메이크,shadow,9,웨이크메이크 소프트 블러링 아이 팔레트 10 레이지 핑크 블러링,133.03,yes,5,shade_options|color_tone_intensity|finish_texture|suitable_selling|retail_presence,not_attempted,,www.lotteon.com,naver_live_offer_title_rule_adapter,https://www.lotteon.com/p/product/LO2349339860?sitmNo=LO2349339860_2349339861&ch_no=100065&ch_dtl_no=1000030&entryPoint=pcs&dp_infw_cd=CHT
naver-60621281682,데이지크,shadow,9,[폴리포켓 콜라보] 데이지크 리틀 섀도우 팔레트 3 colors 단품/기획 3474075,133.0,yes,5,shade_options|color_tone_intensity|finish_texture|suitable_selling|retail_presence,not_attempted,,www.lotteon.com,naver_live_offer_title_rule_adapter,https://www.lotteon.com/p/product/LO2709779263?sitmNo=LO2709779263_2709779264&ch_no=100065&ch_dtl_no=1000030&entryPoint=pcs&dp_infw_cd=CHT
naver-58861094806,롬앤,cheek,9,롬앤 베러 댄 치크 블러셔 볼터치 W02 스트로베리 밀크,132.99,yes,5,shade_options|color_tone_intensity|finish_texture|suitable_selling|retail_presence,not_attempted,,www.lotteon.com,naver_live_offer_title_rule_adapter,https://www.lotteon.com/p/product/LO2618346011?sitmNo=LO2618346011_2618346012&ch_no=100065&ch_dtl_no=1000030&entryPoint=pcs&dp_infw_cd=CHT
naver-45567907712,클리오,shadow,9,클리오 프로 아이 팔레트 에어 7.2g - /R,132.97,yes,5,shade_options|color_tone_intensity|finish_texture|suitable_selling|retail_presence,not_attempted,,www.lotteon.com,naver_live_offer_title_rule_adapter,https://www.lotteon.com/p/product/LO2255472715?sitmNo=LO2255472715_2255472716&ch_no=100065&ch_dtl_no=1000030&entryPoint=pcs&dp_infw_cd=CHT
naver-52921038936,페리페라,cheek,9,[NEW COLOR]페리페라 시럽피 톡 치크,132.96,yes,5,shade_options|color_tone_intensity|finish_texture|suitable_selling|retail_presence,not_attempted,,with.gsshop.com,naver_live_offer_title_rule_adapter,http://with.gsshop.com/alia/aliaGate.gs?media=OB&ecpid=1075765458&vodFlag=N&prdseqnum=1075765458&utm_source=price&utm_medium=affiliate&utm_campaign=naver
naver-60271893094,정샘물 뷰티,shadow,9,[정샘물] 정샘물 마스터클래스 아이섀도우 S 브러쉬,132.94,yes,5,shade_options|color_tone_intensity|finish_texture|suitable_selling,not_attempted,,www.hmall.com,naver_live_offer_title_rule_adapter,https://www.hmall.com/md/pda/itemPtc?ReferCode=429&slitmCd=2250941741&utm_source=naver&utm_medium=cps_pcs&utm_campaign=sale
naver-60388592755,컬러그램,cheek,9,컬러그램 틴토리 솜 블러셔 앙쿨모브 8호,132.93,yes,5,shade_options|color_tone_intensity|finish_texture|suitable_selling|retail_presence,not_attempted,,www.lotteon.com,naver_live_offer_title_rule_adapter,https://www.lotteon.com/p/product/LO2697920889?sitmNo=LO2697920889_2697920890&ch_no=100065&ch_dtl_no=1000030&entryPoint=pcs&dp_infw_cd=CHT
naver-60565582016,웨이크메이크,cheek,9,숨결 블러셔 웨이크메이크 쉬어 브리즈 5g 7COLOR 4044764,132.9,yes,5,shade_options|color_tone_intensity|finish_texture|suitable_selling|retail_presence,not_attempted,,www.lotteon.com,naver_live_offer_title_rule_adapter,https://www.lotteon.com/p/product/LO2706823466?sitmNo=LO2706823466_2706823467&ch_no=100065&ch_dtl_no=1000030&entryPoint=pcs&dp_infw_cd=CHT
naver-60003569426,에뛰드,shadow,9,에뛰드 재창조 메이커 2개 /쉐딩 멀티 스틱 /한끗 차이로 달라지는 쉐입,132.88,yes,5,shade_options|color_tone_intensity|finish_texture|suitable_selling|retail_presence,not_attempted,,www.lotteon.com,naver_live_offer_title_rule_adapter,https://www.lotteon.com/p/product/LO2230461533?sitmNo=LO2230461533_2230461534&ch_no=100065&ch_dtl_no=1000030&entryPoint=pcs&dp_infw_cd=CHT
naver-60417897820,데이지크,cheek,9,DASIQUE 실키 베일 블러쉬351986,132.87,yes,5,shade_options|color_tone_intensity|finish_texture|suitable_selling|retail_presence,not_attempted,,www.lotteon.com,naver_live_offer_title_rule_adapter,https://www.lotteon.com/p/product/LO2698953824?sitmNo=LO2698953824_2698953825&ch_no=100065&ch_dtl_no=1000030&entryPoint=pcs&dp_infw_cd=CHT
naver-60407023781,더샘,shadow,9,[온누리상품] 더샘 샘물 싱글 섀도우 new 매트 2g 1개,132.85,yes,5,shade_options|color_tone_intensity|finish_texture|suitable_selling|retail_presence,not_attempted,,www.lotteon.com,naver_live_offer_title_rule_adapter,https://www.lotteon.com/p/product/LO2698620716?sitmNo=LO2698620716_2698620717&ch_no=100065&ch_dtl_no=1000030&entryPoint=pcs&dp_infw_cd=CHT
naver-60641426385,클리오,cheek,9,클리오 에센셜 매트 블러쉬 탭 치크 M103 히든 로즈 BNS,132.84,yes,5,shade_options|color_tone_intensity|finish_texture|suitable_selling|retail_presence,not_attempted,,www.lotteon.com,naver_live_offer_title_rule_adapter,https://www.lotteon.com/p/product/LO2711710814?sitmNo=LO2711710814_2711710815&ch_no=100065&ch_dtl_no=1000030&entryPoint=pcs&dp_infw_cd=CHT
naver-54027548556,VDL,shadow,9,(신세계하남점)아이스테인 에센셜 섀도우 듀오,132.82,yes,5,shade_options|color_tone_intensity|finish_texture|suitable_selling,not_attempted,,www.shinsegaetvshopping.com,naver_live_offer_title_rule_adapter,https://www.shinsegaetvshopping.com/display/detail/80578297?inMediaCode=EC12&ckwhere=naverep
naver-60652556822,라카,shadow,9,라카 모노 아이섀도우 챈스 923호,132.79,yes,5,shade_options|color_tone_intensity|finish_texture|suitable_selling|retail_presence,not_attempted,,www.lotteon.com,naver_live_offer_title_rule_adapter,https://www.lotteon.com/p/product/LO2712463296?sitmNo=LO2712463296_2712463297&ch_no=100065&ch_dtl_no=1000030&entryPoint=pcs&dp_infw_cd=CHT
naver-56421360179,3CE,cheek,9,3CE 바운시 블러 밤 (증)바운시 핑거 퍼프세트,132.78,yes,5,shade_options|color_tone_intensity|finish_texture|suitable_selling|retail_presence,not_attempted,,www.lotteon.com,naver_live_offer_title_rule_adapter,https://www.lotteon.com/p/product/LO2502534772?sitmNo=LO2502534772_2502534776&ch_no=100065&ch_dtl_no=1000030&entryPoint=pcs&dp_infw_cd=CHT
naver-53466587869,에뛰드,cheek,9,에뛰드 하트팝 블러셔 사르르 에디션 4g (사우어젤리),132.75,yes,5,shade_options|color_tone_intensity|finish_texture|suitable_selling|retail_presence,not_attempted,,www.lotteon.com,naver_live_offer_title_rule_adapter,https://www.lotteon.com/p/product/LO2452580199?sitmNo=LO2452580199_2452580200&ch_no=100065&ch_dtl_no=1000030&entryPoint=pcs&dp_infw_cd=CHT
naver-60448314759,더샘,cheek,9,NEW/아이돌 치크 더샘 젤리 블러셔 10colors,132.72,yes,5,shade_options|color_tone_intensity|finish_texture|suitable_selling|retail_presence,not_attempted,,www.lotteon.com,naver_live_offer_title_rule_adapter,https://www.lotteon.com/p/product/LO2700806958?sitmNo=LO2700806958_2700806960&ch_no=100065&ch_dtl_no=1000030&entryPoint=pcs&dp_infw_cd=CHT
naver-59827148352,VDL,cheek,9,[현대신촌점] [브이디엘]VDL 치크스테인 블러셔,132.69,yes,5,shade_options|color_tone_intensity|finish_texture|suitable_selling,not_attempted,,www.hmall.com,naver_live_offer_title_rule_adapter,https://www.hmall.com/md/pda/itemPtc?ReferCode=429&slitmCd=2250259525&utm_source=naver&utm_medium=cps_pcs&utm_campaign=sale
naver-51778165646,에스쁘아,shadow,9,에스쁘아 아이 코어 팔레트 9g 1개,132.68,yes,5,shade_options|color_tone_intensity|finish_texture|suitable_selling|retail_presence,not_attempted,,www.lotteon.com,naver_live_offer_title_rule_adapter,https://www.lotteon.com/p/product/LO2403134565?sitmNo=LO2403134565_2403134567&ch_no=100065&ch_dtl_no=1000030&entryPoint=pcs&dp_infw_cd=CHT
naver-57716544809,라카,cheek,9,라카 러브 실크 라벤더 퍼플 블러셔 702 판타지 X2,132.66,yes,5,shade_options|color_tone_intensity|finish_texture|suitable_selling|retail_presence,not_attempted,,www.lotteon.com,naver_live_offer_title_rule_adapter,https://www.lotteon.com/p/product/LO2574337436?sitmNo=LO2574337436_2574337437&ch_no=100065&ch_dtl_no=1000030&entryPoint=pcs&dp_infw_cd=CHT
naver-59489397835,하트퍼센트,lip,10,하트퍼센트 도트 온 무드 오버 멜팅 글로스,132.66,no,2,color_tone_intensity|suitable_selling|retail_presence,collected_complete,fetched,chicor.com,prior_detail_adapter,https://chicor.com/goods/5100002047243?utm_source=naver&utm_medium=cpc&utm_campaign=ep
naver-60095794820,뮤드,shadow,9,뮤드 숄 모먼트 아이섀도우 팔레트 7g 7colors,132.65,yes,5,shade_options|color_tone_intensity|finish_texture|suitable_selling|retail_presence,not_attempted,,www.lotteon.com,naver_live_offer_title_rule_adapter,https://www.lotteon.com/p/product/LO2682313424?sitmNo=LO2682313424_2682313425&ch_no=100065&ch_dtl_no=1000030&entryPoint=pcs&dp_infw_cd=CHT
naver-60600130475,네이밍,cheek,9,네이밍 블러셔 치피 플러피 웜 파우더 블러쉬 CHIPPY,132.63,yes,5,shade_options|color_tone_intensity|finish_texture|suitable_selling|retail_presence,not_attempted,,www.lotteon.com,naver_live_offer_title_rule_adapter,https://www.lotteon.com/p/product/LO2586680332?sitmNo=LO2586680332_2586680333&ch_no=100065&ch_dtl_no=1000030&entryPoint=pcs&dp_infw_cd=CHT
naver-59296610704,하트퍼센트,cheek,9,하트퍼센트 커스텀 립 앤 치크 싱글 캄모브 M5,132.57,yes,5,shade_options|color_tone_intensity|finish_texture|suitable_selling|retail_presence,not_attempted,,www.lotteon.com,naver_live_offer_title_rule_adapter,https://www.lotteon.com/p/product/LO2638353188?sitmNo=LO2638353188_2638353189&ch_no=100065&ch_dtl_no=1000030&entryPoint=pcs&dp_infw_cd=CHT
naver-55322600441,3CE,shadow,8,3CE 멀티 아이 컬러 팔레트,132.09,yes,4,shade_options|color_tone_intensity|finish_texture|suitable_selling,failed,http_error,www.oliveyoung.co.kr,do_not_retry_generic_fetch_manual_review,https://www.oliveyoung.co.kr/store/common/partner.do?chlNo=1&chlDtlNo=1&utm_source=naver&utm_medium=shopping_ep&utm_campaign=onpro_ep_product_0101_1231&utm_content=pc_price&sndType=goods&sndVal=A000000148589
naver-59506560245,투쿨포스쿨,shadow,8,[투쿨포스쿨] 프로타주 팔레트 + 프로타주 펜슬 + 핑크 샤프너,131.91,yes,4,shade_options|color_tone_intensity|finish_texture|suitable_selling|retail_presence,failed,http_error,m.a-bly.com,do_not_retry_generic_fetch_manual_review,https://m.a-bly.com/goods/18198659?utm_source=web_naver-shopping&utm_medium=display&utm_campaign=web_naver-shopping&utm_content=18198659
naver-91170927667,네이밍,shadow,8,이런 상품 어때요? [NEW] 네이밍 플러피 파우더 블러쉬 듀오 팔레트 (3.2g x 2),131.49,yes,3,shade_options|color_tone_intensity|suitable_selling|retail_presence,collected_partial,fetched,shopping.naver.com,prior_detail_adapter,https://shopping.naver.com/outlink/itemdetail/13626417058
naver-11546575747,투쿨포스쿨,cheek,10,이런 상품 어때요? 투쿨포스쿨 아트클래스 바이로댕 블러셔 8.7g 6colors,130.5,yes,4,shade_options|color_tone_intensity|finish_texture|suitable_selling|retail_presence,collected_partial,fetched,shopping.naver.com,prior_detail_adapter,https://shopping.naver.com/outlink/itemdetail/1002111573
naver-60638631447,하트퍼센트,shadow,10,NEW 하트퍼센트 도트 온 무드 아이 팔레트 3colors 4066304,129.43,yes,5,shade_options|color_tone_intensity|finish_texture|suitable_selling|retail_presence,not_attempted,,www.lotteon.com,naver_live_offer_title_rule_adapter,https://www.lotteon.com/p/product/LO2711100209?sitmNo=LO2711100209_2711100210&ch_no=100065&ch_dtl_no=1000030&entryPoint=pcs&dp_infw_cd=CHT
naver-90382374544,네이밍,shadow,10,네이밍 블러쉬 섀도우 쉐딩 웜톤 쿨톤 플러피 파우더,129.31,yes,5,shade_options|color_tone_intensity|finish_texture|suitable_selling|retail_presence,not_attempted,,smartstore.naver.com,naver_live_offer_title_rule_adapter,https://smartstore.naver.com/main/products/12837863552
naver-87871762584,뮤드,cheek,10,뮤드애프터눈코랄 뮤드플러터블러셔 두근두근블러셔,129.23,yes,5,shade_options|color_tone_intensity|finish_texture|suitable_selling|retail_presence,not_attempted,,smartstore.naver.com,naver_live_offer_title_rule_adapter,https://smartstore.naver.com/main/products/10327258382
naver-33755400787,롬앤,shadow,9,베러 댄 아이즈,129.12,yes,3,color_tone_intensity|finish_texture|suitable_selling|retail_presence,collected_complete,fetched,chicor.com,prior_detail_adapter,https://chicor.com/goods/0000000001178?utm_source=naver&utm_medium=cpc&utm_campaign=ep
naver-24284481811,페리페라,shadow,10,페리페라 [NEW] 올테이크 무드 팔레트,128.91,yes,5,shade_options|color_tone_intensity|finish_texture|suitable_selling,not_attempted,,www.lotteimall.com,naver_live_offer_title_rule_adapter,https://www.lotteimall.com/coop/affilGate.lotte?chl_no=141370&chl_dtl_no=2540914&returnUrl=/goods/viewGoodsDetail.lotte?goods_no=1597646106&utm_source=naver&utm_medium=affiliate&utm_campaign=price_compare
naver-60505276840,컬러그램,shadow,10,컬러그램 올인원 애교살 메이커 07 웜피치(섀도우+음영) 2개,128.88,yes,5,shade_options|color_tone_intensity|finish_texture|suitable_selling|retail_presence,not_attempted,,www.lotteon.com,naver_live_offer_title_rule_adapter,https://www.lotteon.com/p/product/LO2297825119?sitmNo=LO2297825119_2297825120&ch_no=100065&ch_dtl_no=1000030&entryPoint=pcs&dp_infw_cd=CHT
naver-60408326329,웨이크메이크,shadow,10,웨이크메이크 소프트 블러링 아이 팔레트 10 레이지 핑크 블러링 2개,128.85,yes,5,shade_options|color_tone_intensity|finish_texture|suitable_selling|retail_presence,not_attempted,,www.lotteon.com,naver_live_offer_title_rule_adapter,https://www.lotteon.com/p/product/LO2349339955?sitmNo=LO2349339955_2349339956&ch_no=100065&ch_dtl_no=1000030&entryPoint=pcs&dp_infw_cd=CHT
naver-56999021561,데이지크,shadow,10,데이지크 섀도우 팔레트 색상 12 웜블랜딩,128.82,yes,5,shade_options|color_tone_intensity|finish_texture|suitable_selling|retail_presence,not_attempted,,www.lotteon.com,naver_live_offer_title_rule_adapter,https://www.lotteon.com/p/product/LO2553668005?sitmNo=LO2553668005_2553668006&ch_no=100065&ch_dtl_no=1000030&entryPoint=pcs&dp_infw_cd=CHT
naver-59830055698,롬앤,cheek,10,롬앤 베러 댄 치크 - 블러셔 x2SET (AD),128.81,yes,5,shade_options|color_tone_intensity|finish_texture|suitable_selling|retail_presence,not_attempted,,www.lotteon.com,naver_live_offer_title_rule_adapter,https://www.lotteon.com/p/product/LO2668131761?sitmNo=LO2668131761_2668131762&ch_no=100065&ch_dtl_no=1000030&entryPoint=pcs&dp_infw_cd=CHT
naver-50734621052,클리오,shadow,10,[NEW COLOR] 클리오 에센셜 섀도우 탭,128.79,yes,5,shade_options|color_tone_intensity|finish_texture|suitable_selling|retail_presence,not_attempted,,with.gsshop.com,naver_live_offer_title_rule_adapter,http://with.gsshop.com/alia/aliaGate.gs?media=OB&ecpid=1065111154&vodFlag=N&prdseqnum=1065111154&utm_source=price&utm_medium=affiliate&utm_campaign=naver
naver-45522637460,페리페라,cheek,10,페리페라 맑게 물든 선샤인 치크 4.2g - /R,128.78,yes,5,shade_options|color_tone_intensity|finish_texture|suitable_selling|retail_presence,not_attempted,,www.lotteon.com,naver_live_offer_title_rule_adapter,https://www.lotteon.com/p/product/LO2254239319?sitmNo=LO2254239319_2254239320&ch_no=100065&ch_dtl_no=1000030&entryPoint=pcs&dp_infw_cd=CHT
naver-60271895500,정샘물 뷰티,shadow,10,정샘물 마스터클래스 아이섀도우 M 브러쉬,128.76,yes,5,shade_options|color_tone_intensity|finish_texture|suitable_selling,not_attempted,,www.hmall.com,naver_live_offer_title_rule_adapter,https://www.hmall.com/md/pda/itemPtc?ReferCode=429&slitmCd=2250941740&utm_source=naver&utm_medium=cps_pcs&utm_campaign=sale
naver-60388598000,컬러그램,cheek,10,컬러그램 틴토리 솜 블러셔 꼬숩땅콩 7호,128.75,yes,5,shade_options|color_tone_intensity|finish_texture|suitable_selling|retail_presence,not_attempted,,www.lotteon.com,naver_live_offer_title_rule_adapter,https://www.lotteon.com/p/product/LO2697920997?sitmNo=LO2697920997_2697920998&ch_no=100065&ch_dtl_no=1000030&entryPoint=pcs&dp_infw_cd=CHT
naver-41097800815,3CE,shadow,10,쓰리씨이 [3CE]멀티 아이 컬러 팔레트 (증)글로우 아이 포인트 브러쉬,128.74,yes,5,shade_options|color_tone_intensity|finish_texture|suitable_selling,not_attempted,,www.lotteimall.com,naver_live_offer_title_rule_adapter,https://www.lotteimall.com/coop/affilGate.lotte?chl_no=141370&chl_dtl_no=2540914&returnUrl=/goods/viewGoodsDetail.lotte?goods_no=2299970864&utm_source=naver&utm_medium=affiliate&utm_campaign=price_compare
naver-60632649763,웨이크메이크,cheek,10,[SET] 웨이크메이크 블러셔 + 필리밀리 퍼프 택 1,128.72,yes,5,shade_options|color_tone_intensity|finish_texture|suitable_selling|retail_presence,not_attempted,,www.lotteon.com,naver_live_offer_title_rule_adapter,https://www.lotteon.com/p/product/LO2710955095?sitmNo=LO2710955095_2710955096&ch_no=100065&ch_dtl_no=1000030&entryPoint=pcs&dp_infw_cd=CHT
naver-52481509070,에뛰드,shadow,10,에뛰드 샤인 픽스 아이즈 글리터 /아이라이너 /반짝임 가득 /글리터 섀도우,128.71,yes,5,shade_options|color_tone_intensity|finish_texture|suitable_selling|retail_presence,not_attempted,,www.lotteon.com,naver_live_offer_title_rule_adapter,https://www.lotteon.com/p/product/LO2085374077?sitmNo=LO2085374077_2085374080&ch_no=100065&ch_dtl_no=1000030&entryPoint=pcs&dp_infw_cd=CHT
naver-60678916659,데이지크,cheek,10,[데이지크] 리틀 블러쉬 팔레트,128.69,yes,5,shade_options|color_tone_intensity|finish_texture|suitable_selling|retail_presence,not_attempted,,www.wconcept.co.kr,naver_live_offer_title_rule_adapter,http://www.wconcept.co.kr/Product/308741946?adfrom=naver_ep&utm_source=naver&utm_medium=pcs&utm_campaign=WCONCEPT&utm_content=none&utm_term=none
naver-55077086206,더샘,shadow,10,[현대백화점 커넥트현대] [더샘] 무드 업 듀오 아이섀도우 2colors,128.68,yes,5,shade_options|color_tone_intensity|finish_texture|suitable_selling,not_attempted,,hi.thehyundai.com,naver_live_offer_title_rule_adapter,https://hi.thehyundai.com/product/40A2110064?ReferCode=429&utm_source=naver_ep&utm_medium=ep_price
naver-60641427096,클리오,cheek,10,클리오 에센셜 립 치크 탭 코랄 07 애프리콧 브리즈 BNS,128.66,yes,5,shade_options|color_tone_intensity|finish_texture|suitable_selling|retail_presence,not_attempted,,www.lotteon.com,naver_live_offer_title_rule_adapter,https://www.lotteon.com/p/product/LO2711712341?sitmNo=LO2711712341_2711712342&ch_no=100065&ch_dtl_no=1000030&entryPoint=pcs&dp_infw_cd=CHT
naver-56707958732,VDL,shadow,10,(신세계하남점)아이샤인 컬러모드 팔레트,128.65,yes,5,shade_options|color_tone_intensity|finish_texture|suitable_selling,not_attempted,,www.shinsegaetvshopping.com,naver_live_offer_title_rule_adapter,https://www.shinsegaetvshopping.com/display/detail/57213559?inMediaCode=EC12&ckwhere=naverep
naver-60652557429,라카,shadow,10,라카 모노 아이섀도우 엔비 937호,128.62,yes,5,shade_options|color_tone_intensity|finish_texture|suitable_selling|retail_presence,not_attempted,,www.lotteon.com,naver_live_offer_title_rule_adapter,https://www.lotteon.com/p/product/LO2712463240?sitmNo=LO2712463240_2712463241&ch_no=100065&ch_dtl_no=1000030&entryPoint=pcs&dp_infw_cd=CHT
naver-50403815105,3CE,cheek,10,[3CE] 페이스 블러쉬,128.6,yes,5,shade_options|color_tone_intensity|finish_texture|suitable_selling|retail_presence,not_attempted,,with.gsshop.com,naver_live_offer_title_rule_adapter,http://with.gsshop.com/alia/aliaGate.gs?media=OB&ecpid=1064749384&vodFlag=N&prdseqnum=1064749384&utm_source=price&utm_medium=affiliate&utm_campaign=naver
naver-23782770789,에뛰드,cheek,10,에뛰드스튜디오 러블리 쿠키 블러셔 4.5g,128.57,yes,5,shade_options|color_tone_intensity|finish_texture|suitable_selling|retail_presence,not_attempted,,display.cjonstyle.com,naver_live_offer_title_rule_adapter,https://display.cjonstyle.com/p/item/66582525?infl_cd=I0696&utm_medium=pcs&utm_source=naver
naver-59027210591,더샘,cheek,10,더샘 젤리 블러셔 14colors,128.54,yes,5,shade_options|color_tone_intensity|finish_texture|suitable_selling|retail_presence,not_attempted,,www.lotteon.com,naver_live_offer_title_rule_adapter,https://www.lotteon.com/p/product/LO2626150290?sitmNo=LO2626150290_2626150291&ch_no=100065&ch_dtl_no=1000030&entryPoint=pcs&dp_infw_cd=CHT
naver-50463453665,VDL,cheek,10,[현대백화점 신촌점] [브이디엘] 치크스테인 팔레트,128.51,yes,5,shade_options|color_tone_intensity|finish_texture|suitable_selling,not_attempted,,hi.thehyundai.com,naver_live_offer_title_rule_adapter,https://hi.thehyundai.com/product/40A1958624?ReferCode=429&utm_source=naver_ep&utm_medium=ep_price
naver-60429483051,에스쁘아,shadow,10,오트라떼/재출시 에스쁘아 아이 코어 팔레트 8 colors,128.5,yes,5,shade_options|color_tone_intensity|finish_texture|suitable_selling|retail_presence,not_attempted,,www.lotteon.com,naver_live_offer_title_rule_adapter,https://www.lotteon.com/p/product/LO2700080591?sitmNo=LO2700080591_2700080592&ch_no=100065&ch_dtl_no=1000030&entryPoint=pcs&dp_infw_cd=CHT
naver-60384995791,라카,cheek,10,라카 러브 실크 블러쉬 (9종 택1) 4995209,128.48,yes,5,shade_options|color_tone_intensity|finish_texture|suitable_selling|retail_presence,not_attempted,,www.lotteon.com,naver_live_offer_title_rule_adapter,https://www.lotteon.com/p/product/LO2697513135?sitmNo=LO2697513135_2697513136&ch_no=100065&ch_dtl_no=1000030&entryPoint=pcs&dp_infw_cd=CHT
naver-60100695615,뮤드,shadow,10,뮤드 숄 모먼트 아이섀도우 팔레트 러브 시크 8호,128.47,yes,5,shade_options|color_tone_intensity|finish_texture|suitable_selling|retail_presence,not_attempted,,www.lotteon.com,naver_live_offer_title_rule_adapter,https://www.lotteon.com/p/product/LO2682680593?sitmNo=LO2682680593_2682680594&ch_no=100065&ch_dtl_no=1000030&entryPoint=pcs&dp_infw_cd=CHT
naver-60600132044,네이밍,cheek,10,네이밍 블러셔 토스트 플러피 파우더 웜 블러쉬 TOAST,128.45,yes,5,shade_options|color_tone_intensity|finish_texture|suitable_selling|retail_presence,not_attempted,,www.lotteon.com,naver_live_offer_title_rule_adapter,https://www.lotteon.com/p/product/LO2586663127?sitmNo=LO2586663127_2586663128&ch_no=100065&ch_dtl_no=1000030&entryPoint=pcs&dp_infw_cd=CHT
naver-59299330294,하트퍼센트,cheek,10,하트퍼센트 커스텀 립 앤 치크 싱글 로지코랄 M2,128.39,yes,5,shade_options|color_tone_intensity|finish_texture|suitable_selling|retail_presence,not_attempted,,www.lotteon.com,naver_live_offer_title_rule_adapter,https://www.lotteon.com/p/product/LO2638353380?sitmNo=LO2638353380_2638353381&ch_no=100065&ch_dtl_no=1000030&entryPoint=pcs&dp_infw_cd=CHT
naver-59488431493,에스쁘아,cheek,10,[에스쁘아] 블러 웨어 블러쉬,128.36,yes,5,shade_options|color_tone_intensity|finish_texture|suitable_selling|retail_presence,not_attempted,,with.gsshop.com,naver_live_offer_title_rule_adapter,http://with.gsshop.com/alia/aliaGate.gs?media=OB&ecpid=1113456986&vodFlag=N&prdseqnum=1113456986&utm_source=price&utm_medium=affiliate&utm_campaign=naver
naver-60208058322,3CE,shadow,9,[999팔레트] 3CE 멀티 아이 컬러 팔레트 더 텍스타일 8g 단품/기획,127.92,yes,4,shade_options|color_tone_intensity|finish_texture|suitable_selling,failed,http_error,www.oliveyoung.co.kr,do_not_retry_generic_fetch_manual_review,https://www.oliveyoung.co.kr/store/common/partner.do?chlNo=1&chlDtlNo=1&utm_source=naver&utm_medium=shopping_ep&utm_campaign=onpro_ep_product_0101_1231&utm_content=pc_price&sndType=goods&sndVal=A000000255393
naver-55020007813,투쿨포스쿨,shadow,9,투쿨포스쿨 프로타주 팔레트,127.73,yes,4,shade_options|color_tone_intensity|finish_texture|suitable_selling,failed,http_error,www.oliveyoung.co.kr,do_not_retry_generic_fetch_manual_review,https://www.oliveyoung.co.kr/store/common/partner.do?chlNo=1&chlDtlNo=1&utm_source=naver&utm_medium=shopping_ep&utm_campaign=onpro_ep_product_0101_1231&utm_content=pc_price&sndType=goods&sndVal=A000000205478
naver-57918539952,롬앤,base,1,[롬앤X이나피스퀘어] 롬앤 누 제로 쿠션 | 올리브영,127.56,no,4,shade_options|color_tone_intensity|finish_texture|suitable_selling,collected_partial,playwright_rendered,www.oliveyoung.co.kr,prior_detail_adapter,https://www.oliveyoung.co.kr/store/common/partner.do?chlNo=1&chlDtlNo=1&utm_source=naver&utm_medium=shopping_ep&utm_campaign=onpro_ep_product_0101_1231&utm_content=pc_price&sndType=goods&sndVal=A000000164072
naver-59823192252,컬러그램,base,1,컬러그램 긱 누드 스킨 틴트 02 톤업 아이보리 1개,126.5,no,5,shade_options|color_tone_intensity|finish_texture|suitable_selling|retail_presence,not_attempted,,link.coupang.com,naver_live_offer_title_rule_adapter,https://link.coupang.com/re/PCSNAVERPCSDP?pageKey=9513727525&ctag=9513727525&lptag=I28352894252&itemId=28352894252&vendorItemId=95304996981&spec=10305199
naver-86435799763,데이지크,base,1,데이지크 무드 치크 블러셔 10.4g 01 웜 블렌딩 1개 one option,126.44,no,5,shade_options|color_tone_intensity|finish_texture|suitable_selling|retail_presence,not_attempted,,smartstore.naver.com,naver_live_offer_title_rule_adapter,https://smartstore.naver.com/main/products/8891299440
naver-56989883678,클리오,base,1,클리오 BEST 킬커버 파운웨어 쿠션 본품2+리필3+퍼프2매,126.42,no,5,shade_options|color_tone_intensity|finish_texture|suitable_selling|retail_presence,not_attempted,,with.gsshop.com,naver_live_offer_title_rule_adapter,http://with.gsshop.com/alia/aliaGate.gs?media=OB&ecpid=1093825596&vodFlag=N&prdseqnum=1093825596&utm_source=price&utm_medium=affiliate&utm_campaign=naver
naver-60092731367,3CE,base,1,3CE 핏팅 메쉬 쿠션(본품+리필)+핏팅 메쉬 쿠션 퍼프 2개,126.36,no,5,shade_options|color_tone_intensity|finish_texture|suitable_selling,not_attempted,,www.hmall.com,naver_live_offer_title_rule_adapter,https://www.hmall.com/md/pda/itemPtc?ReferCode=429&slitmCd=2216365119&utm_source=naver&utm_medium=cps_pcs&utm_campaign=sale
naver-55465555357,에뛰드,base,1,에뛰드 클라우드 필터 쿠션 리필 /가볍고 보송한 구름 쿠션 리필 제품,126.33,no,5,shade_options|color_tone_intensity|finish_texture|suitable_selling|retail_presence,not_attempted,,www.lotteon.com,naver_live_offer_title_rule_adapter,https://www.lotteon.com/p/product/LO2506662511?sitmNo=LO2506662511_2506662512&ch_no=100065&ch_dtl_no=1000030&entryPoint=pcs&dp_infw_cd=CHT
naver-60566696568,더샘,base,1,더샘 스킨 퍼펙션 글루타치온 토닝 쿠션12g (본품+리필),126.3,no,5,shade_options|color_tone_intensity|finish_texture|suitable_selling|retail_presence,not_attempted,,www.lotteon.com,naver_live_offer_title_rule_adapter,https://www.lotteon.com/p/product/LO2706894422?sitmNo=LO2706894422_2706894423&ch_no=100065&ch_dtl_no=1000030&entryPoint=pcs&dp_infw_cd=CHT
naver-57893694223,라카,base,1,라카 쿠션 커버 파운데이션 벨벳 매트 데일리 메이크업 본딩,126.23,no,5,shade_options|color_tone_intensity|finish_texture|suitable_selling|retail_presence,not_attempted,,www.lotteon.com,naver_live_offer_title_rule_adapter,https://www.lotteon.com/p/product/LO2581506806?sitmNo=LO2581506806_2581506807&ch_no=100065&ch_dtl_no=1000030&entryPoint=pcs&dp_infw_cd=CHT
naver-45614937750,하트퍼센트,base,1,하트퍼센트 도트 온 무드 레이어 쿠션 21p 1개,126.14,no,5,shade_options|color_tone_intensity|finish_texture|suitable_selling|retail_presence,not_attempted,,link.coupang.com,naver_live_offer_title_rule_adapter,https://link.coupang.com/re/PCSNAVERPCSDP?pageKey=7798975163&ctag=7798975163&lptag=I21283694819&itemId=21283694819&vendorItemId=88343711237&spec=10305199
naver-60129774402,뮤드,base,1,뮤드 소프트 실키 핏 쿠션 (본품+리필) 내추럴 2호,126.08,no,5,shade_options|color_tone_intensity|finish_texture|suitable_selling|retail_presence,not_attempted,,www.lotteon.com,naver_live_offer_title_rule_adapter,https://www.lotteon.com/p/product/LO2684240533?sitmNo=LO2684240533_2684240534&ch_no=100065&ch_dtl_no=1000030&entryPoint=pcs&dp_infw_cd=CHT
naver-28269910687,롬앤,shadow,10,베러 댄 팔레트,124.94,yes,3,color_tone_intensity|finish_texture|suitable_selling|retail_presence,collected_complete,fetched,chicor.com,prior_detail_adapter,https://chicor.com/goods/0000000040309?utm_source=naver&utm_medium=cpc&utm_campaign=ep
naver-58339678202,투쿨포스쿨,shadow,10,투쿨포스쿨 프로타주 펜슬 (기획/단품),123.56,yes,4,shade_options|color_tone_intensity|finish_texture|suitable_selling,failed,http_error,www.oliveyoung.co.kr,do_not_retry_generic_fetch_manual_review,https://www.oliveyoung.co.kr/store/common/partner.do?chlNo=1&chlDtlNo=1&utm_source=naver&utm_medium=shopping_ep&utm_campaign=onpro_ep_product_0101_1231&utm_content=pc_price&sndType=goods&sndVal=A000000120656
naver-89145048078,정샘물 뷰티,cheek,10,이런 상품 어때요? 정샘물 아티스트 쿠션 블러쉬 4g,123.53,yes,3,shade_options|color_tone_intensity|suitable_selling|retail_presence,collected_partial,fetched,shopping.naver.com,prior_detail_adapter,https://shopping.naver.com/outlink/itemdetail/11600537672
naver-60610564179,페리페라,base,2,[페리페라] 브이쉐딩 디테일 002 소프트애쉬,122.53,no,5,shade_options|color_tone_intensity|finish_texture|suitable_selling|retail_presence,not_attempted,,redirect.kurly.com,naver_live_offer_title_rule_adapter,https://redirect.kurly.com/entry?utm_source=NaverShopping&utm_medium=2001&utm_term=1002289672&dealNo=1002289670&no=1002289672&kfpartnerID=1000000
naver-59386834545,컬러그램,base,2,컬러그램 긱 누드 스킨 틴트 30ml(SPF30) 1개,122.5,no,5,shade_options|color_tone_intensity|finish_texture|suitable_selling|retail_presence,not_attempted,,search.shopping.naver.com,naver_live_offer_title_rule_adapter,https://search.shopping.naver.com/catalog/59386834545
naver-60638545186,데이지크,base,2,데이지크 워터 듀이 젤 쿠션 3 colors 4065808,122.44,no,5,shade_options|color_tone_intensity|finish_texture|suitable_selling|retail_presence,not_attempted,,www.lotteon.com,naver_live_offer_title_rule_adapter,https://www.lotteon.com/p/product/LO2711153369?sitmNo=LO2711153369_2711153370&ch_no=100065&ch_dtl_no=1000030&entryPoint=pcs&dp_infw_cd=CHT
naver-50107317315,롬앤,base,2,[롬앤] 베어 워터 쿠션 20g (본품),122.39,no,5,shade_options|color_tone_intensity|finish_texture|suitable_selling|retail_presence,not_attempted,,with.gsshop.com,naver_live_offer_title_rule_adapter,http://with.gsshop.com/alia/aliaGate.gs?media=OB&ecpid=1062918579&vodFlag=N&prdseqnum=1062918579&utm_source=price&utm_medium=affiliate&utm_campaign=naver
naver-58148555384,웨이크메이크,base,2,웨이크메이크 워터 글로우 코팅밤 본품+리필,122.3,no,5,shade_options|color_tone_intensity|finish_texture|suitable_selling|retail_presence,not_attempted,,www.lotteon.com,naver_live_offer_title_rule_adapter,https://www.lotteon.com/p/product/LO2534596573?sitmNo=LO2534596573_2534596574&ch_no=100065&ch_dtl_no=1000030&entryPoint=pcs&dp_infw_cd=CHT
naver-60316900805,3CE,base,2,3CE 핏팅 메쉬 쿠션(본품+리필)+핏팅 메쉬 쿠션 퍼프 2개,122.17,no,5,shade_options|color_tone_intensity|finish_texture|suitable_selling|retail_presence,not_attempted,,display.cjonstyle.com,naver_live_offer_title_rule_adapter,https://display.cjonstyle.com/p/item/2037034556?infl_cd=I0696&utm_medium=pcs&utm_source=naver
naver-53464279743,에뛰드,base,2,[에뛰드] 클라우드 필터 쿠션 미니쿠션 기획세트,122.14,no,5,shade_options|color_tone_intensity|finish_texture|suitable_selling|retail_presence,not_attempted,,with.gsshop.com,naver_live_offer_title_rule_adapter,http://with.gsshop.com/alia/aliaGate.gs?media=OB&ecpid=1077158219&vodFlag=N&prdseqnum=1077158219&utm_source=price&utm_medium=affiliate&utm_campaign=naver
naver-89587053307,하트퍼센트,base,2,하트퍼센트 선베이스 2종,122.14,no,5,shade_options|color_tone_intensity|finish_texture|suitable_selling|retail_presence,not_attempted,,smartstore.naver.com,naver_live_offer_title_rule_adapter,https://smartstore.naver.com/main/products/12042542615
naver-60465243785,더샘,base,2,[온누리상품] 더샘 스킨 퍼펙션 글루타치온 토닝 쿠션12g (본품+리필),122.11,no,5,shade_options|color_tone_intensity|finish_texture|suitable_selling|retail_presence,not_attempted,,www.lotteon.com,naver_live_offer_title_rule_adapter,https://www.lotteon.com/p/product/LO2701999224?sitmNo=LO2701999224_2701999225&ch_no=100065&ch_dtl_no=1000030&entryPoint=pcs&dp_infw_cd=CHT
naver-90353904115,뮤드,base,2,뮤드 쿠션 커버 파운데이션 소프트 실키 핏 본품 리필 세트,122.08,no,5,shade_options|color_tone_intensity|finish_texture|suitable_selling|retail_presence,not_attempted,,smartstore.naver.com,naver_live_offer_title_rule_adapter,https://smartstore.naver.com/main/products/12809393166
naver-59980298617,라카,base,2,라카 본딩커버쿠션 4656952,122.06,no,5,shade_options|color_tone_intensity|finish_texture|suitable_selling|retail_presence,not_attempted,,www.lotteon.com,naver_live_offer_title_rule_adapter,https://www.lotteon.com/p/product/LO2675701491?sitmNo=LO2675701491_2675701492&ch_no=100065&ch_dtl_no=1000030&entryPoint=pcs&dp_infw_cd=CHT
naver-49163491155,정샘물 뷰티,cheek,9,[정샘물뷰티] 정샘물 컬러피스 크림 블러쉬 (스키니탭 퍼프 1ea),121.53,yes,3,shade_options|color_tone_intensity|suitable_selling|retail_presence,failed,http_error,m.a-bly.com,do_not_retry_generic_fetch_manual_review,https://m.a-bly.com/goods/16947368?utm_source=web_naver-shopping&utm_medium=display&utm_campaign=web_naver-shopping&utm_content=16947368
naver-49163477690,정샘물 뷰티,base,1,[정샘물뷰티] 정샘물 에센셜 스킨 누더 쿠션 리필 x 2개 (더블클린 수정화장패드 x 5매),121.39,no,4,shade_options|color_tone_intensity|finish_texture|suitable_selling|retail_presence,failed,http_error,m.a-bly.com,do_not_retry_generic_fetch_manual_review,https://m.a-bly.com/goods/3093835?utm_source=web_naver-shopping&utm_medium=display&utm_campaign=web_naver-shopping&utm_content=3093835
naver-60208613027,VDL,base,1,[레몬패키지] VDL 커버 스테인 퍼펙팅 쿠션 기획 (본품+리필),121.27,no,4,shade_options|color_tone_intensity|finish_texture|suitable_selling,failed,http_error,www.oliveyoung.co.kr,do_not_retry_generic_fetch_manual_review,https://www.oliveyoung.co.kr/store/common/partner.do?chlNo=1&chlDtlNo=1&utm_source=naver&utm_medium=shopping_ep&utm_campaign=onpro_ep_product_0101_1231&utm_content=pc_price&sndType=goods&sndVal=A000000185903
naver-59678662082,네이밍,base,1,[7월 올영픽/여름지성쿠션] 네이밍 올데이 마스터 쿠션 리필 기획 (+부오이 파우치),121.2,no,4,shade_options|color_tone_intensity|finish_texture|suitable_selling,failed,http_error,www.oliveyoung.co.kr,do_not_retry_generic_fetch_manual_review,https://www.oliveyoung.co.kr/store/common/partner.do?chlNo=1&chlDtlNo=1&utm_source=naver&utm_medium=shopping_ep&utm_campaign=onpro_ep_product_0101_1231&utm_content=pc_price&sndType=goods&sndVal=A000000251851
naver-49163524037,투쿨포스쿨,base,1,[투쿨포스쿨] 픽싱 누드 핏 쿠션 (본품+리필),121.17,no,4,shade_options|color_tone_intensity|finish_texture|suitable_selling|retail_presence,failed,http_error,m.a-bly.com,do_not_retry_generic_fetch_manual_review,https://m.a-bly.com/goods/19971427?utm_source=web_naver-shopping&utm_medium=display&utm_campaign=web_naver-shopping&utm_content=19971427
naver-54974062511,페리페라,base,1,[소다다방 컬렉션] 무드 핏 커버 쿠션,120.53,no,3,shade_options|color_tone_intensity|suitable_selling|retail_presence,collected_partial,fetched,clubclio.co.kr,prior_detail_adapter,https://clubclio.co.kr/shop/goodsView/0000006126
naver-56910537359,페리페라,base,3,필터 핏 밀크 톤업 쿠션 12g | 페리페라 - 하프클럽,119.53,no,4,shade_options|color_tone_intensity|finish_texture|suitable_selling|retail_presence,collected_partial,fetched,gate.halfclub.com,prior_detail_adapter,http://gate.halfclub.com/naver?site_cd=1&type=detail_pcode&p1=P406572692&partnerid=naverdb
naver-59386890045,데이지크,base,3,데이지크 워터 듀이 젤 쿠션 본품,118.44,no,5,shade_options|color_tone_intensity|finish_texture|suitable_selling|retail_presence,not_attempted,,search.shopping.naver.com,naver_live_offer_title_rule_adapter,https://search.shopping.naver.com/catalog/59386890045
naver-60646326499,컬러그램,base,3,컬러그램 긱 누드 스킨 틴트 03 라이트 베이지 1개,118.33,no,5,shade_options|color_tone_intensity|finish_texture|suitable_selling|retail_presence,not_attempted,,link.coupang.com,naver_live_offer_title_rule_adapter,https://link.coupang.com/re/PCSNAVERPCSDP?pageKey=9513727525&ctag=9513727525&lptag=V95680271793&itemId=28352894255&vendorItemId=95680271793&spec=10305199
naver-50170356775,롬앤,base,3,[롬앤] 베어 워터 쿠션 20g (리필),118.2,no,5,shade_options|color_tone_intensity|finish_texture|suitable_selling|retail_presence,not_attempted,,with.gsshop.com,naver_live_offer_title_rule_adapter,http://with.gsshop.com/alia/aliaGate.gs?media=OB&ecpid=1063267915&vodFlag=N&prdseqnum=1063267915&utm_source=price&utm_medium=affiliate&utm_campaign=naver
naver-51041426749,웨이크메이크,base,3,웨이크메이크 워터 글로우 코팅쿠션 본품+리필 기획,118.11,no,5,shade_options|color_tone_intensity|finish_texture|suitable_selling|retail_presence,not_attempted,,www.lotteon.com,naver_live_offer_title_rule_adapter,https://www.lotteon.com/p/product/LO2379947057?sitmNo=LO2379947057_2379947059&ch_no=100065&ch_dtl_no=1000030&entryPoint=pcs&dp_infw_cd=CHT
naver-88706395359,뮤드,base,3,컬러 뮤드 숄 모먼트 아이섀도우 팔레트 8종 중 택1,118.08,no,5,shade_options|color_tone_intensity|finish_texture|suitable_selling|retail_presence,not_attempted,,smartstore.naver.com,naver_live_offer_title_rule_adapter,https://smartstore.naver.com/main/products/11161885037
naver-46839245535,클리오,base,3,클리오 킬 커버 하이 글로우 쿠션 [본품+리필] - 쿠션팩트/R,118.06,no,5,shade_options|color_tone_intensity|finish_texture|suitable_selling|retail_presence,not_attempted,,www.lotteon.com,naver_live_offer_title_rule_adapter,https://www.lotteon.com/p/product/LO2258734806?sitmNo=LO2258734806_2258734807&ch_no=100065&ch_dtl_no=1000030&entryPoint=pcs&dp_infw_cd=CHT
naver-60448548145,3CE,base,3,쓰리씨이 [3CE] 핏팅 메쉬 커버 쿠션 (증)피카소 콜라보 퍼프,118.0,no,5,shade_options|color_tone_intensity|finish_texture|suitable_selling,not_attempted,,www.lotteimall.com,naver_live_offer_title_rule_adapter,https://www.lotteimall.com/coop/affilGate.lotte?chl_no=141370&chl_dtl_no=2540914&returnUrl=/goods/viewGoodsDetail.lotte?goods_no=3342992818&utm_source=naver&utm_medium=affiliate&utm_campaign=price_compare
naver-55465574476,에뛰드,base,3,[에뛰드] 클라우드 필터 쿠션 리필,117.97,no,5,shade_options|color_tone_intensity|finish_texture|suitable_selling|retail_presence,not_attempted,,with.gsshop.com,naver_live_offer_title_rule_adapter,http://with.gsshop.com/alia/aliaGate.gs?media=OB&ecpid=1087927472&vodFlag=N&prdseqnum=1087927472&utm_source=price&utm_medium=affiliate&utm_campaign=naver
naver-55602055590,하트퍼센트,base,3,[하트퍼센트] 밸런싱 선 베이스 2종 -,117.97,no,5,shade_options|color_tone_intensity|finish_texture|suitable_selling|retail_presence,not_attempted,,link.musinsa.com,naver_live_offer_title_rule_adapter,https://link.musinsa.com/app/goods/5215972?utm_source=naver_jisicshopping&utm_medium=sh&source=NVSH&utm_term={keyword}&utm_content={ad_group}
naver-58190333683,더샘,base,3,더샘 쿠션 커버 퍼펙션 컨실러 리뉴 본품 리필 세트,117.94,no,5,shade_options|color_tone_intensity|finish_texture|suitable_selling|retail_presence,not_attempted,,www.lotteon.com,naver_live_offer_title_rule_adapter,https://www.lotteon.com/p/product/LO2593029932?sitmNo=LO2593029932_2593029933&ch_no=100065&ch_dtl_no=1000030&entryPoint=pcs&dp_infw_cd=CHT
naver-60675509193,라카,base,3,LAKA 본딩 커버 쿠션 5종 택1,117.88,no,5,shade_options|color_tone_intensity|finish_texture|suitable_selling|retail_presence,not_attempted,,www.lotteon.com,naver_live_offer_title_rule_adapter,https://www.lotteon.com/p/product/LO2712805725?sitmNo=LO2712805725_2712805726&ch_no=100065&ch_dtl_no=1000030&entryPoint=pcs&dp_infw_cd=CHT
naver-57535925915,정샘물 뷰티,base,2,[정샘물뷰티] 정샘물 에센셜 스킨 누더 쿠션(본품+리필),117.2,no,4,shade_options|color_tone_intensity|finish_texture|suitable_selling|retail_presence,failed,http_error,m.a-bly.com,do_not_retry_generic_fetch_manual_review,https://m.a-bly.com/goods/34025072?utm_source=web_naver-shopping&utm_medium=display&utm_campaign=web_naver-shopping&utm_content=34025072
naver-51795772490,VDL,base,2,[VDL] 커버스테인 퍼펙팅 쿠션 리필,117.08,no,4,shade_options|color_tone_intensity|finish_texture|suitable_selling|retail_presence,failed,http_error,m.a-bly.com,do_not_retry_generic_fetch_manual_review,https://m.a-bly.com/goods/35601600?utm_source=web_naver-shopping&utm_medium=display&utm_campaign=web_naver-shopping&utm_content=35601600
naver-51778862856,네이밍,base,2,[올영단독기획/수부지쿠션1등] 네이밍 레이어드 핏 쿠션 기획(본품+리필),117.03,no,4,shade_options|color_tone_intensity|finish_texture|suitable_selling,failed,http_error,www.oliveyoung.co.kr,do_not_retry_generic_fetch_manual_review,https://www.oliveyoung.co.kr/store/common/partner.do?chlNo=1&chlDtlNo=1&utm_source=naver&utm_medium=shopping_ep&utm_campaign=onpro_ep_product_0101_1231&utm_content=pc_price&sndType=goods&sndVal=A000000175954
naver-51908736116,투쿨포스쿨,base,2,투쿨포스쿨 픽싱 듀 쿠션 (본품+리필),117.0,no,4,shade_options|color_tone_intensity|finish_texture|suitable_selling,failed,http_error,www.oliveyoung.co.kr,do_not_retry_generic_fetch_manual_review,https://www.oliveyoung.co.kr/store/common/partner.do?chlNo=1&chlDtlNo=1&utm_source=naver&utm_medium=shopping_ep&utm_campaign=onpro_ep_product_0101_1231&utm_content=pc_price&sndType=goods&sndVal=A000000200115
naver-60300308548,롬앤,base,4,[W shopping] 롬앤 누 제로 쿠션 15g (본품),115.03,no,4,shade_options|color_tone_intensity|finish_texture|suitable_selling|retail_presence,collected_partial,fetched,www.w-shopping.co.kr,prior_detail_adapter,http://www.w-shopping.co.kr/display/goods/21477851?mediaCode=MC44
naver-90343862992,페리페라,base,4,페리페라 톤업 쿠션 베이스 선쿠션 메이크업 필터핏 밀크,114.53,no,5,shade_options|color_tone_intensity|finish_texture|suitable_selling|retail_presence,not_attempted,,smartstore.naver.com,naver_live_offer_title_rule_adapter,https://smartstore.naver.com/main/products/12799352043
naver-56212686933,웨이크메이크,base,1,[파우치 기획]웨이크메이크 워터 글로우 코팅밤(단품/기획),114.47,no,3,shade_options|color_tone_intensity|suitable_selling,failed,http_error,www.oliveyoung.co.kr,do_not_retry_generic_fetch_manual_review,https://www.oliveyoung.co.kr/store/common/partner.do?chlNo=1&chlDtlNo=1&utm_source=naver&utm_medium=shopping_ep&utm_campaign=onpro_ep_product_0101_1231&utm_content=pc_price&sndType=goods&sndVal=A000000209147
naver-56707540212,데이지크,base,4,"데이지크 워터 베일 프라이머 40ml, 1개",114.44,no,5,shade_options|color_tone_intensity|finish_texture|suitable_selling|retail_presence,not_attempted,,search.shopping.naver.com,naver_live_offer_title_rule_adapter,https://search.shopping.naver.com/catalog/56707540212
naver-89204011215,컬러그램,base,4,컬러그램 긱누드 스킨 틴트 30ml SPF30 PA++ 02 톤업아이보리,114.33,no,5,shade_options|color_tone_intensity|finish_texture|suitable_selling|retail_presence,not_attempted,,smartstore.naver.com,naver_live_offer_title_rule_adapter,https://smartstore.naver.com/main/products/11659500748
naver-57313710600,에스쁘아,base,1,[에스쁘아] 비글로우 볼륨 쿠션 (본품+리필),114.11,no,3,shade_options|color_tone_intensity|suitable_selling|retail_presence,failed,http_error,m.a-bly.com,do_not_retry_generic_fetch_manual_review,https://m.a-bly.com/goods/28272546?utm_source=web_naver-shopping&utm_medium=display&utm_campaign=web_naver-shopping&utm_content=28272546
naver-59386908783,뮤드,base,4,한국콜마 뮤드 소프트 실키 핏 쿠션 15g(SPF50+) 본품+리필,114.08,no,5,shade_options|color_tone_intensity|finish_texture|suitable_selling|retail_presence,not_attempted,,search.shopping.naver.com,naver_live_offer_title_rule_adapter,https://search.shopping.naver.com/catalog/59386908783
naver-55677976727,하트퍼센트,base,4,하트퍼센트 도트 온 무드 레이어 쿠션 파운데이션 21p 1개,113.97,no,5,shade_options|color_tone_intensity|finish_texture|suitable_selling|retail_presence,not_attempted,,link.coupang.com,naver_live_offer_title_rule_adapter,https://link.coupang.com/re/PCSNAVERPCSDP?pageKey=7798975163&ctag=7798975163&lptag=I24695364717&itemId=24695364717&vendorItemId=92118970234&spec=10305199
naver-58497584938,웨이크메이크,base,4,웨이크메이크 심리스 웨어 쿠션 본품+리필 기획세트,113.94,no,5,shade_options|color_tone_intensity|finish_texture|suitable_selling|retail_presence,not_attempted,,www.lotteon.com,naver_live_offer_title_rule_adapter,https://www.lotteon.com/p/product/LO2604552054?sitmNo=LO2604552054_2604552055&ch_no=100065&ch_dtl_no=1000030&entryPoint=pcs&dp_infw_cd=CHT
naver-42909105393,클리오,base,4,클리오 하이글로우쿠션 기획세트(단품+리필)+랜덤퍼프1매,113.88,no,5,shade_options|color_tone_intensity|finish_texture|suitable_selling|retail_presence,not_attempted,,with.gsshop.com,naver_live_offer_title_rule_adapter,http://with.gsshop.com/alia/aliaGate.gs?media=OB&ecpid=1040242907&vodFlag=N&prdseqnum=1040242907&utm_source=price&utm_medium=affiliate&utm_campaign=naver
naver-60307390608,3CE,base,4,3CE 핏팅 메쉬 쿠션(본품+리필)+핏팅 메쉬 쿠션 퍼프 2개,113.81,no,5,shade_options|color_tone_intensity|finish_texture|suitable_selling|retail_presence,not_attempted,,www.lotteon.com,naver_live_offer_title_rule_adapter,https://www.lotteon.com/p/product/LO2347758608?sitmNo=LO2347758608_2347758614&ch_no=100065&ch_dtl_no=1000030&entryPoint=pcs&dp_infw_cd=CHT
naver-55949424649,에뛰드,base,4,[에뛰드] 클라우드 필터 쿠션 15gx2 (본품+리필),113.78,no,5,shade_options|color_tone_intensity|finish_texture|suitable_selling|retail_presence,not_attempted,,with.gsshop.com,naver_live_offer_title_rule_adapter,http://with.gsshop.com/alia/aliaGate.gs?media=OB&ecpid=1090352186&vodFlag=N&prdseqnum=1090352186&utm_source=price&utm_medium=affiliate&utm_campaign=naver
naver-58190341144,더샘,base,4,더샘 컨실러 쿠션 커버 퍼펙션 클리어 베이지,113.75,no,5,shade_options|color_tone_intensity|finish_texture|suitable_selling|retail_presence,not_attempted,,www.lotteon.com,naver_live_offer_title_rule_adapter,https://www.lotteon.com/p/product/LO2593026618?sitmNo=LO2593026618_2593026619&ch_no=100065&ch_dtl_no=1000030&entryPoint=pcs&dp_infw_cd=CHT
naver-52379865556,VDL,base,4,VDL 커버스테인 퍼펙팅 쿠션 리필 13g,113.72,no,5,shade_options|color_tone_intensity|finish_texture|suitable_selling|retail_presence,not_attempted,,www.lotteon.com,naver_live_offer_title_rule_adapter,https://www.lotteon.com/p/product/LO2420138472?sitmNo=LO2420138472_2420138473&ch_no=100065&ch_dtl_no=1000030&entryPoint=pcs&dp_infw_cd=CHT
naver-60633504450,라카,base,4,라카 본딩 커버 쿠션 로지 21C,113.69,no,5,shade_options|color_tone_intensity|finish_texture|suitable_selling|retail_presence,not_attempted,,www.lotteon.com,naver_live_offer_title_rule_adapter,https://www.lotteon.com/p/product/LO2711031453?sitmNo=LO2711031453_2711031454&ch_no=100065&ch_dtl_no=1000030&entryPoint=pcs&dp_infw_cd=CHT
naver-51420354156,네이밍,base,4,[네이밍] 레이어드 핏 쿠션 리필,113.67,no,5,shade_options|color_tone_intensity|finish_texture|suitable_selling|retail_presence,not_attempted,,www.wconcept.co.kr,naver_live_offer_title_rule_adapter,http://www.wconcept.co.kr/Product/306209987?adfrom=naver_ep&utm_source=naver&utm_medium=pcs&utm_campaign=WCONCEPT&utm_content=none&utm_term=none
naver-60517648824,정샘물 뷰티,base,3,[정샘물뷰티] MINI 정샘물 프로래스팅 결핏 메쉬 쿠션,113.03,no,4,shade_options|color_tone_intensity|finish_texture|suitable_selling|retail_presence,failed,http_error,m.a-bly.com,do_not_retry_generic_fetch_manual_review,https://m.a-bly.com/goods/50435203?utm_source=web_naver-shopping&utm_medium=display&utm_campaign=web_naver-shopping&utm_content=50435203
naver-51796034267,VDL,base,3,[VDL] 커버스테인 퍼펙팅 쿠션,112.91,no,4,shade_options|color_tone_intensity|finish_texture|suitable_selling|retail_presence,failed,http_error,m.a-bly.com,do_not_retry_generic_fetch_manual_review,https://m.a-bly.com/goods/35601367?utm_source=web_naver-shopping&utm_medium=display&utm_campaign=web_naver-shopping&utm_content=35601367
naver-59322633965,네이밍,base,3,[미니쿠션] 네이밍 레이어드 핏 쿠션 미니 5g,112.84,no,4,shade_options|color_tone_intensity|finish_texture|suitable_selling,failed,http_error,www.oliveyoung.co.kr,do_not_retry_generic_fetch_manual_review,https://www.oliveyoung.co.kr/store/common/partner.do?chlNo=1&chlDtlNo=1&utm_source=naver&utm_medium=shopping_ep&utm_campaign=onpro_ep_product_0101_1231&utm_content=pc_price&sndType=goods&sndVal=A000000249907
naver-57004226001,투쿨포스쿨,base,3,[투쿨포스쿨] 고밀착쿠션 픽싱 커버 핏 쿠션 + 스파츌러 브러쉬,112.81,no,4,shade_options|color_tone_intensity|finish_texture|suitable_selling|retail_presence,failed,http_error,m.a-bly.com,do_not_retry_generic_fetch_manual_review,https://m.a-bly.com/goods/53133378?utm_source=web_naver-shopping&utm_medium=display&utm_campaign=web_naver-shopping&utm_content=53133378
naver-58032630343,롬앤,liner,1,[롬앤] [NEW/신상런칭] 한올 아이팟 라이너,111.3,no,5,shade_options|color_tone_intensity|finish_texture|suitable_selling|retail_presence,not_attempted,,www.wconcept.co.kr,naver_live_offer_title_rule_adapter,http://www.wconcept.co.kr/Product/307751209?adfrom=naver_ep&utm_source=naver&utm_medium=pcs&utm_campaign=WCONCEPT&utm_content=none&utm_term=none
naver-44907623797,페리페라,liner,1,페리페라 [CJ단독/더블구성]스피디 펜슬 라이너 [사은]잉크글래스팅립글로스미니(랜덤),111.27,no,5,shade_options|color_tone_intensity|finish_texture|suitable_selling|retail_presence,not_attempted,,display.cjonstyle.com,naver_live_offer_title_rule_adapter,https://display.cjonstyle.com/p/item/2024560681?infl_cd=I0696&utm_medium=pcs&utm_source=naver
naver-51719611413,데이지크,liner,1,[데이지크] 무드 업 마스카라 롱앤컬,111.17,no,5,shade_options|color_tone_intensity|finish_texture|suitable_selling|retail_presence,not_attempted,,www.wconcept.co.kr,naver_live_offer_title_rule_adapter,http://www.wconcept.co.kr/Product/301419465?adfrom=naver_ep&utm_source=naver&utm_medium=pcs&utm_campaign=WCONCEPT&utm_content=none&utm_term=none
naver-48002136790,에뛰드,liner,1,[1+ 1][에뛰드] 프루프 10 젤 방수 펜슬,111.06,no,5,shade_options|color_tone_intensity|finish_texture|suitable_selling|retail_presence,not_attempted,,with.gsshop.com,naver_live_offer_title_rule_adapter,http://with.gsshop.com/alia/aliaGate.gs?media=OB&ecpid=1056381701&vodFlag=N&prdseqnum=1056381701&utm_source=price&utm_medium=affiliate&utm_campaign=naver
naver-59662309545,더샘,liner,1,더샘 [더샘][뉴코아 울산점] 어드밴스드 파워프루프 아이라이너 01 딥 블랙,111.03,no,5,shade_options|color_tone_intensity|finish_texture|suitable_selling,not_attempted,,www.lotteimall.com,naver_live_offer_title_rule_adapter,https://www.lotteimall.com/coop/affilGate.lotte?chl_no=141370&chl_dtl_no=2540914&returnUrl=/goods/viewGoodsDetail.lotte?goods_no=3290910596&utm_source=naver&utm_medium=affiliate&utm_campaign=price_compare
naver-86402475917,VDL,liner,1,브이디엘 23MS아이파인 브로우카라,111.0,no,5,shade_options|color_tone_intensity|finish_texture|suitable_selling|retail_presence,not_attempted,,smartstore.naver.com,naver_live_offer_title_rule_adapter,https://smartstore.naver.com/main/products/8857975599
naver-91072395127,라카,liner,1,[NEW] 라카 립 라이너 0.7g,110.97,no,5,shade_options|color_tone_intensity|finish_texture|suitable_selling|retail_presence,not_attempted,,smartstore.naver.com,naver_live_offer_title_rule_adapter,https://smartstore.naver.com/main/products/13527884774
naver-57297840212,네이밍,liner,1,[네이밍] 퍼펙테일 아이 디자이닝 슬림 라이너,110.94,no,5,shade_options|color_tone_intensity|finish_texture|suitable_selling|retail_presence,not_attempted,,www.wconcept.co.kr,naver_live_offer_title_rule_adapter,http://www.wconcept.co.kr/Product/307415728?adfrom=naver_ep&utm_source=naver&utm_medium=pcs&utm_campaign=WCONCEPT&utm_content=none&utm_term=none
naver-55228086667,롬앤,base,5,[W shopping] 롬앤 베어 워터 쿠션 20g (본품),110.84,no,4,shade_options|color_tone_intensity|finish_texture|suitable_selling|retail_presence,collected_partial,fetched,www.w-shopping.co.kr,prior_detail_adapter,http://www.w-shopping.co.kr/display/goods/21477849?mediaCode=MC44
naver-91136523021,뮤드,liner,1,컬러 뮤드 인스파이어 스키니 브로우 카라 10종 단품/ 285677,110.81,no,5,shade_options|color_tone_intensity|finish_texture|suitable_selling|retail_presence,not_attempted,,smartstore.naver.com,naver_live_offer_title_rule_adapter,https://smartstore.naver.com/main/products/13592012609
naver-60610569437,페리페라,base,5,[페리페라] 브이쉐딩 디테일 001 뉴트럴브라운,110.36,no,5,shade_options|color_tone_intensity|finish_texture|suitable_selling|retail_presence,not_attempted,,redirect.kurly.com,naver_live_offer_title_rule_adapter,https://redirect.kurly.com/entry?utm_source=NaverShopping&utm_medium=2001&utm_term=1002289672&dealNo=1002289671&no=1002289672&kfpartnerID=1000000
naver-60463657465,데이지크,base,5,데이지크 워터 듀이 젤 쿠션 3 colors,110.27,no,5,shade_options|color_tone_intensity|finish_texture|suitable_selling|retail_presence,not_attempted,,www.lotteon.com,naver_live_offer_title_rule_adapter,https://www.lotteon.com/p/product/LO2701849095?sitmNo=LO2701849095_2701849096&ch_no=100065&ch_dtl_no=1000030&entryPoint=pcs&dp_infw_cd=CHT
naver-57918556957,클리오,base,2,클리오 킬커버 하이 글로우 쿠션(본품+리필 기획),110.23,no,3,shade_options|color_tone_intensity|suitable_selling,failed,http_error,www.oliveyoung.co.kr,do_not_retry_generic_fetch_manual_review,https://www.oliveyoung.co.kr/store/common/partner.do?chlNo=1&chlDtlNo=1&utm_source=naver&utm_medium=shopping_ep&utm_campaign=onpro_ep_product_0101_1231&utm_content=pc_price&sndType=goods&sndVal=A000000188879
naver-60508111145,컬러그램,base,5,컬러그램 긱 누드 스킨 틴트 03 라이트 베이지 1개,110.14,no,5,shade_options|color_tone_intensity|finish_texture|suitable_selling|retail_presence,not_attempted,,link.coupang.com,naver_live_offer_title_rule_adapter,https://link.coupang.com/re/PCSNAVERPCSDP?pageKey=9513727525&ctag=9513727525&lptag=V95304996983&itemId=28352894255&vendorItemId=95304996983&spec=10305199
naver-55682430197,하트퍼센트,base,5,하트퍼센트 도트 온 무드 레이어 쿠션 파운데이션 21p 6개,109.97,no,5,shade_options|color_tone_intensity|finish_texture|suitable_selling|retail_presence,not_attempted,,link.coupang.com,naver_live_offer_title_rule_adapter,https://link.coupang.com/re/PCSNAVERPCSDP?pageKey=7798975163&ctag=7798975163&lptag=I24695364723&itemId=24695364723&vendorItemId=92118970206&spec=10305199
naver-49163489344,에스쁘아,base,2,[에스쁘아] 실크스킨/비벨벳/비글로우/비내추럴 쿠션 리필 (4종택2),109.94,no,3,shade_options|color_tone_intensity|retail_presence,failed,http_error,m.a-bly.com,do_not_retry_generic_fetch_manual_review,https://m.a-bly.com/goods/11731532?utm_source=web_naver-shopping&utm_medium=display&utm_campaign=web_naver-shopping&utm_content=11731532
naver-57609956374,뮤드,base,5,[뮤드] 소프트 실키 핏 쿠션 (본품+리필),109.91,no,5,shade_options|color_tone_intensity|finish_texture|suitable_selling|retail_presence,not_attempted,,www.wconcept.co.kr,naver_live_offer_title_rule_adapter,http://www.wconcept.co.kr/Product/305814585?adfrom=naver_ep&utm_source=naver&utm_medium=pcs&utm_campaign=WCONCEPT&utm_content=none&utm_term=none
naver-59077741500,웨이크메이크,base,5,웨이크메이크 워터 글로우 코팅 쿠션 본품+리필 23 베이지,109.75,no,5,shade_options|color_tone_intensity|finish_texture|suitable_selling|retail_presence,not_attempted,,www.lotteon.com,naver_live_offer_title_rule_adapter,https://www.lotteon.com/p/product/LO2628337163?sitmNo=LO2628337163_2628337164&ch_no=100065&ch_dtl_no=1000030&entryPoint=pcs&dp_infw_cd=CHT
naver-42870224037,클리오,base,5,클리오 킬커버 하이 글로우 쿠션 기획세트 [본품+리필] [사은]퍼프2매(랜덤),109.69,no,5,shade_options|color_tone_intensity|finish_texture|suitable_selling|retail_presence,not_attempted,,display.cjonstyle.com,naver_live_offer_title_rule_adapter,https://display.cjonstyle.com/p/item/2021467431?infl_cd=I0696&utm_medium=pcs&utm_source=naver
naver-60486615638,3CE,base,5,3CE [NEW] 핏팅 메쉬 커버 쿠션,109.64,no,5,shade_options|color_tone_intensity|finish_texture|suitable_selling,not_attempted,,www.hmall.com,naver_live_offer_title_rule_adapter,https://www.hmall.com/md/pda/itemPtc?ReferCode=429&slitmCd=2251443750&utm_source=naver&utm_medium=cps_pcs&utm_campaign=sale
naver-58824087742,에뛰드,base,5,에뛰드 워터 드롭 필터 쿠션 리필 15g (SPF26 PA++),109.61,no,5,shade_options|color_tone_intensity|finish_texture|suitable_selling|retail_presence,not_attempted,,www.lotteon.com,naver_live_offer_title_rule_adapter,https://www.lotteon.com/p/product/LO2616908544?sitmNo=LO2616908544_2616908545&ch_no=100065&ch_dtl_no=1000030&entryPoint=pcs&dp_infw_cd=CHT
naver-58190318832,더샘,base,5,더샘 글로우 쿠션 커버 광채 트루 핏 (본품 + 리필),109.58,no,5,shade_options|color_tone_intensity|finish_texture|suitable_selling|retail_presence,not_attempted,,www.lotteon.com,naver_live_offer_title_rule_adapter,https://www.lotteon.com/p/product/LO2593030992?sitmNo=LO2593030992_2593030993&ch_no=100065&ch_dtl_no=1000030&entryPoint=pcs&dp_infw_cd=CHT
naver-52379859315,VDL,base,5,VDL 커버스테인 퍼펙팅 쿠션 13g,109.55,no,5,shade_options|color_tone_intensity|finish_texture|suitable_selling|retail_presence,not_attempted,,www.lotteon.com,naver_live_offer_title_rule_adapter,https://www.lotteon.com/p/product/LO2420138073?sitmNo=LO2420138073_2420138074&ch_no=100065&ch_dtl_no=1000030&entryPoint=pcs&dp_infw_cd=CHT
naver-60633506304,라카,base,5,라카 본딩 커버 쿠션 페탈 19C,109.52,no,5,shade_options|color_tone_intensity|finish_texture|suitable_selling|retail_presence,not_attempted,,www.lotteon.com,naver_live_offer_title_rule_adapter,https://www.lotteon.com/p/product/LO2711031776?sitmNo=LO2711031776_2711031777&ch_no=100065&ch_dtl_no=1000030&entryPoint=pcs&dp_infw_cd=CHT
naver-49163565974,정샘물 뷰티,base,4,[정샘물뷰티] 정샘물 에센셜 스킨 누더 롱웨어 쿠션 리필 x 2개 (더블클린 수정화장패드 x 5매),108.84,no,4,shade_options|color_tone_intensity|finish_texture|suitable_selling|retail_presence,failed,http_error,m.a-bly.com,do_not_retry_generic_fetch_manual_review,https://m.a-bly.com/goods/6451068?utm_source=web_naver-shopping&utm_medium=display&utm_campaign=web_naver-shopping&utm_content=6451068
naver-56466298719,투쿨포스쿨,base,4,투쿨포스쿨 픽싱 커버 핏 쿠션 (+리필2개 단독기획),108.64,no,4,shade_options|color_tone_intensity|finish_texture|suitable_selling,failed,http_error,www.oliveyoung.co.kr,do_not_retry_generic_fetch_manual_review,https://www.oliveyoung.co.kr/store/common/partner.do?chlNo=1&chlDtlNo=1&utm_source=naver&utm_medium=shopping_ep&utm_campaign=onpro_ep_product_0101_1231&utm_content=pc_price&sndType=goods&sndVal=A000000232144
naver-56456048563,웨이크메이크,brow,1,웨이크메이크 소프트 드로잉 슬림 브로우 4COLOR,108.2,no,5,shade_options|color_tone_intensity|finish_texture|suitable_selling,failed,http_error,www.oliveyoung.co.kr,do_not_retry_generic_fetch_manual_review,https://www.oliveyoung.co.kr/store/common/partner.do?chlNo=1&chlDtlNo=1&utm_source=naver&utm_medium=shopping_ep&utm_campaign=onpro_ep_product_0101_1231&utm_content=pc_price&sndType=goods&sndVal=A000000208272
naver-83120985003,데이지크,liner,2,이런 상품 어때요? 데이지크 무드 업 마스카라 롱앤컬 7.5g,108.17,no,4,shade_options|color_tone_intensity|finish_texture|suitable_selling|retail_presence,collected_partial,fetched,shopping.naver.com,prior_detail_adapter,https://shopping.naver.com/outlink/itemdetail/5576488931
naver-49163486955,정샘물 뷰티,brow,1,[정샘물뷰티] 정샘물 아티스트 브로우 쉐이더 슬림,108.11,no,5,shade_options|color_tone_intensity|finish_texture|suitable_selling|retail_presence,failed,http_error,m.a-bly.com,do_not_retry_generic_fetch_manual_review,https://m.a-bly.com/goods/3245040?utm_source=web_naver-shopping&utm_medium=display&utm_campaign=web_naver-shopping&utm_content=3245040
naver-55829062753,투쿨포스쿨,brow,1,[투쿨포스쿨] 무드체인지 블리치 브로우 카라,107.91,no,5,shade_options|color_tone_intensity|finish_texture|suitable_selling|retail_presence,failed,http_error,m.a-bly.com,do_not_retry_generic_fetch_manual_review,https://m.a-bly.com/goods/49779693?utm_source=web_naver-shopping&utm_medium=display&utm_campaign=web_naver-shopping&utm_content=49779693
naver-56466289432,하트퍼센트,brow,1,[NEW] 하트퍼센트 도트 온 무드 엣지 앤 플랫 아이브로우 6colors(기획/단품),107.88,no,5,shade_options|color_tone_intensity|finish_texture|suitable_selling,failed,http_error,www.oliveyoung.co.kr,do_not_retry_generic_fetch_manual_review,https://www.oliveyoung.co.kr/store/common/partner.do?chlNo=1&chlDtlNo=1&utm_source=naver&utm_medium=shopping_ep&utm_campaign=onpro_ep_product_0101_1231&utm_content=pc_price&sndType=goods&sndVal=A000000221710
naver-91072395128,라카,liner,2,이런 상품 어때요? 라카 립 라이너 0.7g,107.78,no,4,shade_options|color_tone_intensity|finish_texture|suitable_selling|retail_presence,collected_partial,fetched,shopping.naver.com,prior_detail_adapter,https://shopping.naver.com/outlink/itemdetail/13527884775
naver-89998224762,롬앤,liner,2,롬앤 한올 아이팟 라이너 5g (GIFT 한올 볼륨/라인 브러쉬),107.3,no,5,shade_options|color_tone_intensity|finish_texture|suitable_selling|retail_presence,not_attempted,,smartstore.naver.com,naver_live_offer_title_rule_adapter,https://smartstore.naver.com/main/products/12453714015
naver-83539451186,정샘물 뷰티,liner,2,정샘물 아티스트 엣지 아이 펜슬 0.35g,107.11,no,5,shade_options|color_tone_intensity|finish_texture|suitable_selling|retail_presence,not_attempted,,smartstore.naver.com,naver_live_offer_title_rule_adapter,https://smartstore.naver.com/main/products/5994951698
naver-33162663223,페리페라,liner,2,페리페라 잉크 씬씬 브러쉬라이너,107.08,no,5,shade_options|color_tone_intensity|finish_texture|suitable_selling|retail_presence,not_attempted,,with.gsshop.com,naver_live_offer_title_rule_adapter,http://with.gsshop.com/alia/aliaGate.gs?media=OB&ecpid=95937756&vodFlag=N&prdseqnum=95937756&utm_source=price&utm_medium=affiliate&utm_campaign=naver
naver-57540513604,컬러그램,liner,2,컬러그램 음영 창조 라이너 02 30% 음영 자연스러운 음영 완성 2개,107.06,no,5,shade_options|color_tone_intensity|finish_texture|suitable_selling|retail_presence,not_attempted,,www.lotteon.com,naver_live_offer_title_rule_adapter,https://www.lotteon.com/p/product/LO2208112624?sitmNo=LO2208112624_2208112625&ch_no=100065&ch_dtl_no=1000030&entryPoint=pcs&dp_infw_cd=CHT
naver-59048859940,웨이크메이크,liner,2,웨이크메이크 리얼 디파이닝 펜슬 라이너 - /R 아이라이너,107.03,no,5,shade_options|color_tone_intensity|finish_texture|suitable_selling|retail_presence,not_attempted,,www.lotteon.com,naver_live_offer_title_rule_adapter,https://www.lotteon.com/p/product/LO2627032744?sitmNo=LO2627032744_2627032745&ch_no=100065&ch_dtl_no=1000030&entryPoint=pcs&dp_infw_cd=CHT
naver-90991460406,VDL,liner,2,브이디엘 아이메이크업 틴트 멀티메이크업 립스테인 에센셜 오버 라이너 진저베이지 1개 0.35g,107.0,no,5,shade_options|color_tone_intensity|finish_texture|suitable_selling|retail_presence,not_attempted,,smartstore.naver.com,naver_live_offer_title_rule_adapter,https://smartstore.naver.com/main/products/13446950054
naver-54510433365,3CE,liner,2,3CE 마이링 아이라이너,106.91,no,5,shade_options|color_tone_intensity|finish_texture|suitable_selling,not_attempted,,www.hmall.com,naver_live_offer_title_rule_adapter,https://www.hmall.com/md/pda/itemPtc?ReferCode=429&slitmCd=2233436907&utm_source=naver&utm_medium=cps_pcs&utm_campaign=sale
naver-17580812459,에뛰드,liner,2,[에뛰드] 드로잉쇼 브러쉬 라이너,106.88,no,5,shade_options|color_tone_intensity|finish_texture|suitable_selling|retail_presence,not_attempted,,with.gsshop.com,naver_live_offer_title_rule_adapter,http://with.gsshop.com/alia/aliaGate.gs?media=OB&ecpid=10508684&vodFlag=N&prdseqnum=10508684&utm_source=price&utm_medium=affiliate&utm_campaign=naver
naver-56401836922,더샘,liner,2,더샘 에코 소울 파워프루프 초슬림 아이라이너 0.1g,106.84,no,5,shade_options|color_tone_intensity|finish_texture|suitable_selling|retail_presence,not_attempted,,www.lotteon.com,naver_live_offer_title_rule_adapter,https://www.lotteon.com/p/product/LO2535640717?sitmNo=LO2535640717_2535640718&ch_no=100065&ch_dtl_no=1000030&entryPoint=pcs&dp_infw_cd=CHT
naver-60277649942,네이밍,liner,2,네이밍 퍼펙테일 아이 디자이닝 펜슬 슬림라이너 브라우니핑크,106.75,no,5,shade_options|color_tone_intensity|finish_texture|suitable_selling|retail_presence,not_attempted,,www.lotteon.com,naver_live_offer_title_rule_adapter,https://www.lotteon.com/p/product/LO2692532293?sitmNo=LO2692532293_2692532294&ch_no=100065&ch_dtl_no=1000030&entryPoint=pcs&dp_infw_cd=CHT
naver-60640937070,하트퍼센트,liner,2,하트퍼센트 아이라이너 섀도우 펜슬 도트 온 무드 컨투어 슬림 MNS,106.69,no,5,shade_options|color_tone_intensity|finish_texture|suitable_selling|retail_presence,not_attempted,,www.lotteon.com,naver_live_offer_title_rule_adapter,https://www.lotteon.com/p/product/LO2711686895?sitmNo=LO2711686895_2711686896&ch_no=100065&ch_dtl_no=1000030&entryPoint=pcs&dp_infw_cd=CHT
naver-55916644516,롬앤,base,6,[W shopping] 롬앤 베어 워터 쿠션 20g (리필),106.67,no,4,shade_options|color_tone_intensity|finish_texture|suitable_selling|retail_presence,collected_partial,fetched,www.w-shopping.co.kr,prior_detail_adapter,http://www.w-shopping.co.kr/display/goods/21477848?mediaCode=MC44
naver-59383822717,뮤드,liner,2,[NEW] 뮤드 아이래쉬 틴팅 세럼 샷 3종 중 택1,106.64,no,5,shade_options|color_tone_intensity|finish_texture|suitable_selling|retail_presence,not_attempted,,link.coupang.com,naver_live_offer_title_rule_adapter,https://link.coupang.com/re/PCSNAVERPCSDP?pageKey=9262821893&ctag=9262821893&lptag=I27874686977&itemId=27874686977&vendorItemId=94833845790&spec=10305199
naver-59386591717,컬러그램,brow,1,컬러그램 쓱싹 오토 브로우 펜슬 0.18g 1개,106.53,no,5,shade_options|color_tone_intensity|finish_texture|suitable_selling|retail_presence,not_attempted,,search.shopping.naver.com,naver_live_offer_title_rule_adapter,https://search.shopping.naver.com/catalog/59386591717
naver-31562567077,롬앤,brow,1,[롬앤] 한올 샤프/플랫 브로우 12종,106.3,no,5,shade_options|color_tone_intensity|finish_texture|suitable_selling|retail_presence,not_attempted,,www.wconcept.co.kr,naver_live_offer_title_rule_adapter,http://www.wconcept.co.kr/Product/301447328?adfrom=naver_ep&utm_source=naver&utm_medium=pcs&utm_campaign=WCONCEPT&utm_content=none&utm_term=none
naver-90243134971,데이지크,base,6,데이지크 워터 듀이 젤쿠션 3 colors,106.27,no,5,shade_options|color_tone_intensity|finish_texture|suitable_selling|retail_presence,not_attempted,,smartstore.naver.com,naver_live_offer_title_rule_adapter,https://smartstore.naver.com/main/products/12698624047
naver-58782654114,페리페라,brow,1,[페리페라] 스피디 스키니 브로우 카라,106.27,no,5,shade_options|color_tone_intensity|finish_texture|suitable_selling|retail_presence,not_attempted,,www.wconcept.co.kr,naver_live_offer_title_rule_adapter,http://www.wconcept.co.kr/Product/308168293?adfrom=naver_ep&utm_source=naver&utm_medium=pcs&utm_campaign=WCONCEPT&utm_content=none&utm_term=none
naver-50894865563,컬러그램,liner,1,[꼬막눈 확장/듀오기획]컬러그램 음영 창조 라이너 10COLOR (기획/단품),106.23,no,4,shade_options|color_tone_intensity|finish_texture|suitable_selling,failed,http_error,www.oliveyoung.co.kr,do_not_retry_generic_fetch_manual_review,https://www.oliveyoung.co.kr/store/common/partner.do?chlNo=1&chlDtlNo=1&utm_source=naver&utm_medium=shopping_ep&utm_campaign=onpro_ep_product_0101_1231&utm_content=pc_price&sndType=goods&sndVal=A000000162103
naver-56425945155,웨이크메이크,liner,1,[1+1]웨이크메이크 철벽 브러쉬 아이라이너 3COLOR(1+1 기획),106.2,no,4,shade_options|color_tone_intensity|finish_texture|suitable_selling,failed,http_error,www.oliveyoung.co.kr,do_not_retry_generic_fetch_manual_review,https://www.oliveyoung.co.kr/store/common/partner.do?chlNo=1&chlDtlNo=1&utm_source=naver&utm_medium=shopping_ep&utm_campaign=onpro_ep_product_0101_1231&utm_content=pc_price&sndType=goods&sndVal=A000000130012
naver-60638630965,데이지크,brow,1,데이지크 프로 슬림 브로우 카라 6 colors 4066472,106.17,no,5,shade_options|color_tone_intensity|finish_texture|suitable_selling|retail_presence,not_attempted,,www.lotteon.com,naver_live_offer_title_rule_adapter,https://www.lotteon.com/p/product/LO2711080076?sitmNo=LO2711080076_2711080077&ch_no=100065&ch_dtl_no=1000030&entryPoint=pcs&dp_infw_cd=CHT
naver-53923742868,컬러그램,base,6,컬러그램 긱누드 스킨 틴트 30ml SPF30 PA++ 02 톤업아이보리 1개,106.14,no,5,shade_options|color_tone_intensity|finish_texture|suitable_selling|retail_presence,not_attempted,,link.coupang.com,naver_live_offer_title_rule_adapter,https://link.coupang.com/re/PCSNAVERPCSDP?pageKey=8686509664&ctag=8686509664&lptag=I25217522363&itemId=25217522363&vendorItemId=92214199872&spec=10305199
naver-57310823090,클리오,brow,1,클리오 킬 브로우 오토 하드 브로우 펜슬 3개,106.14,no,5,shade_options|color_tone_intensity|finish_texture|suitable_selling,not_attempted,,www.shinsegaetvshopping.com,naver_live_offer_title_rule_adapter,https://www.shinsegaetvshopping.com/display/detail/20069116?inMediaCode=EC12&ckwhere=naverep
naver-57918569105,클리오,liner,1,클리오 익스트림 젤프레소 펜슬라이너,106.14,no,4,shade_options|color_tone_intensity|finish_texture|suitable_selling,failed,http_error,www.oliveyoung.co.kr,do_not_retry_generic_fetch_manual_review,https://www.oliveyoung.co.kr/store/common/partner.do?chlNo=1&chlDtlNo=1&utm_source=naver&utm_medium=shopping_ep&utm_campaign=onpro_ep_product_0101_1231&utm_content=pc_price&sndType=goods&sndVal=A000000160931
naver-49163537648,정샘물 뷰티,liner,1,[정샘물뷰티] 정샘물 아티스트 엣지 아이 펜슬,106.11,no,4,shade_options|color_tone_intensity|finish_texture|suitable_selling|retail_presence,failed,http_error,m.a-bly.com,do_not_retry_generic_fetch_manual_review,https://m.a-bly.com/goods/3244981?utm_source=web_naver-shopping&utm_medium=display&utm_campaign=web_naver-shopping&utm_content=3244981
naver-41640978891,3CE,brow,1,3CE 올라운더 브로우,106.08,no,5,shade_options|color_tone_intensity|finish_texture|suitable_selling,not_attempted,,www.hmall.com,naver_live_offer_title_rule_adapter,https://www.hmall.com/md/pda/itemPtc?ReferCode=429&slitmCd=2152814258&utm_source=naver&utm_medium=cps_pcs&utm_campaign=sale
naver-53179305530,3CE,liner,1,3CE 마이링 아이라이너 5colors,106.08,no,4,shade_options|color_tone_intensity|finish_texture|suitable_selling,failed,http_error,www.oliveyoung.co.kr,do_not_retry_generic_fetch_manual_review,https://www.oliveyoung.co.kr/store/common/partner.do?chlNo=1&chlDtlNo=1&utm_source=naver&utm_medium=shopping_ep&utm_campaign=onpro_ep_product_0101_1231&utm_content=pc_price&sndType=goods&sndVal=A000000219135
naver-41567175906,에뛰드,brow,1,[에뛰드] 드로잉 아이브로우 프로 3개 SET,106.06,no,5,shade_options|color_tone_intensity|finish_texture|suitable_selling|retail_presence,not_attempted,,with.gsshop.com,naver_live_offer_title_rule_adapter,http://with.gsshop.com/alia/aliaGate.gs?media=OB&ecpid=1036816256&vodFlag=N&prdseqnum=1036816256&utm_source=price&utm_medium=affiliate&utm_campaign=naver
naver-60026997736,더샘,brow,1,더샘 에코 소울 아이브로우 키트 5g,106.03,no,5,shade_options|color_tone_intensity|finish_texture|suitable_selling|retail_presence,not_attempted,,www.lotteon.com,naver_live_offer_title_rule_adapter,https://www.lotteon.com/p/product/LO2535643384?sitmNo=LO2535643384_2535643385&ch_no=100065&ch_dtl_no=1000030&entryPoint=pcs&dp_infw_cd=CHT
naver-59386604315,VDL,brow,1,VDL 엑스퍼트 스키니 브로우 펜슬 0.05g 1개,106.0,no,5,shade_options|color_tone_intensity|finish_texture|suitable_selling|retail_presence,not_attempted,,search.shopping.naver.com,naver_live_offer_title_rule_adapter,https://search.shopping.naver.com/catalog/59386604315
naver-57893694608,라카,brow,1,라카 아이 브로우 마스카라 데일리 메이크업 픽시,105.97,no,5,shade_options|color_tone_intensity|finish_texture|suitable_selling|retail_presence,not_attempted,,www.lotteon.com,naver_live_offer_title_rule_adapter,https://www.lotteon.com/p/product/LO2581505995?sitmNo=LO2581505995_2581505996&ch_no=100065&ch_dtl_no=1000030&entryPoint=pcs&dp_infw_cd=CHT
naver-49021488780,네이밍,brow,1,[네이밍] 루트릿 아이브로우 펜슬,105.94,no,5,shade_options|color_tone_intensity|finish_texture|suitable_selling|retail_presence,not_attempted,,www.wconcept.co.kr,naver_live_offer_title_rule_adapter,http://www.wconcept.co.kr/Product/305960738?adfrom=naver_ep&utm_source=naver&utm_medium=pcs&utm_campaign=WCONCEPT&utm_content=none&utm_term=none
naver-59289201712,뮤드,base,6,뮤드 베이스 선 수분 광채 미백 소프트 스킨 핏 글로우 MNS,105.91,no,5,shade_options|color_tone_intensity|finish_texture|suitable_selling|retail_presence,not_attempted,,www.11st.co.kr,naver_live_offer_title_rule_adapter,https://www.11st.co.kr/connect/Gateway.tmall?method=Xsite&prdNo=9198751892&tid=1000000061
naver-49163475182,투쿨포스쿨,liner,1,[투쿨포스쿨] BEST 스머징 트임라이너 + 트임 라이너 랜덤,105.91,no,4,shade_options|color_tone_intensity|finish_texture|suitable_selling|retail_presence,failed,http_error,m.a-bly.com,do_not_retry_generic_fetch_manual_review,https://m.a-bly.com/goods/13426943?utm_source=web_naver-shopping&utm_medium=display&utm_campaign=web_naver-shopping&utm_content=13426943
naver-56466303398,하트퍼센트,liner,1,[NEW] 하트퍼센트 도트 온 무드 컨투어 아이라이너 슬림 8colors,105.88,no,4,shade_options|color_tone_intensity|finish_texture|suitable_selling,failed,http_error,www.oliveyoung.co.kr,do_not_retry_generic_fetch_manual_review,https://www.oliveyoung.co.kr/store/common/partner.do?chlNo=1&chlDtlNo=1&utm_source=naver&utm_medium=shopping_ep&utm_campaign=onpro_ep_product_0101_1231&utm_content=pc_price&sndType=goods&sndVal=A000000209310
naver-55907665850,에스쁘아,liner,1,[사면확장/아이라이너] 에스쁘아 아이 오프닝 펜슬 0.3g,105.84,no,4,shade_options|color_tone_intensity|finish_texture|suitable_selling,failed,http_error,www.oliveyoung.co.kr,do_not_retry_generic_fetch_manual_review,https://www.oliveyoung.co.kr/store/common/partner.do?chlNo=1&chlDtlNo=1&utm_source=naver&utm_medium=shopping_ep&utm_campaign=onpro_ep_product_0101_1231&utm_content=pc_price&sndType=goods&sndVal=A000000230931
naver-51926631314,뮤드,brow,1,[뮤드] 뮤드 인스파이어 스키니 브로우 카라,105.81,no,5,shade_options|color_tone_intensity|finish_texture|suitable_selling|retail_presence,not_attempted,,www.wconcept.co.kr,naver_live_offer_title_rule_adapter,http://www.wconcept.co.kr/Product/306252372?adfrom=naver_ep&utm_source=naver&utm_medium=pcs&utm_campaign=WCONCEPT&utm_content=none&utm_term=none
naver-56219122030,하트퍼센트,base,6,하트퍼센트 밸런싱 선 베이스 30ml 스킨 1개,105.78,no,5,shade_options|color_tone_intensity|finish_texture|suitable_selling|retail_presence,not_attempted,,link.coupang.com,naver_live_offer_title_rule_adapter,https://link.coupang.com/re/PCSNAVERPCSDP?pageKey=8974144354&ctag=8974144354&lptag=I26267467910&itemId=26267467910&vendorItemId=95061993392&spec=10305199
naver-51613574493,에스쁘아,base,3,[에스쁘아] 비글로우 볼륨 쿠션 단품 기획세트 (+퍼프 1매 구성),105.75,no,3,shade_options|color_tone_intensity|suitable_selling|retail_presence,failed,http_error,m.a-bly.com,do_not_retry_generic_fetch_manual_review,https://m.a-bly.com/goods/27819203?utm_source=web_naver-shopping&utm_medium=display&utm_campaign=web_naver-shopping&utm_content=27819203
naver-52340604287,웨이크메이크,base,6,웨이크메이크 워터 글로우 코팅쿠션 본품+리필 기획,105.58,no,5,shade_options|color_tone_intensity|finish_texture|suitable_selling|retail_presence,not_attempted,,www.lotteon.com,naver_live_offer_title_rule_adapter,https://www.lotteon.com/p/product/LO2421714623?sitmNo=LO2421714623_2421714624&ch_no=100065&ch_dtl_no=1000030&entryPoint=pcs&dp_infw_cd=CHT
naver-55032917840,클리오,base,6,클리오 킬커버 메쉬 블러 쿠션 기획세트 [본품+리필] [사은]퍼프2매,105.52,no,5,shade_options|color_tone_intensity|finish_texture|suitable_selling|retail_presence,not_attempted,,display.cjonstyle.com,naver_live_offer_title_rule_adapter,https://display.cjonstyle.com/p/item/2058720696?infl_cd=I0696&utm_medium=pcs&utm_source=naver
naver-60086945850,3CE,base,6,(현대Hmall) 3CE 핏팅 메쉬 쿠션(본품+리필)+핏팅 메쉬 쿠션 퍼프 2개,105.45,no,5,shade_options|color_tone_intensity|finish_texture|suitable_selling|retail_presence,not_attempted,,www.lotteon.com,naver_live_offer_title_rule_adapter,https://www.lotteon.com/p/product/LO2353255907?sitmNo=LO2353255907_2353255913&ch_no=100065&ch_dtl_no=1000030&entryPoint=pcs&dp_infw_cd=CHT
naver-58823996064,에뛰드,base,6,에뛰드 워터 드롭 필터 쿠션 리필 15g (SPF26 PA++),105.42,no,5,shade_options|color_tone_intensity|finish_texture|suitable_selling|retail_presence,not_attempted,,www.lotteon.com,naver_live_offer_title_rule_adapter,https://www.lotteon.com/p/product/LO2616908629?sitmNo=LO2616908629_2616908630&ch_no=100065&ch_dtl_no=1000030&entryPoint=pcs&dp_infw_cd=CHT
naver-56888455339,더샘,base,6,[더샘] 더샘 스킨 퍼펙션 글루타치온 토닝 쿠션 기획 3colors(본품+리필),105.39,no,5,shade_options|color_tone_intensity|finish_texture|suitable_selling|retail_presence,not_attempted,,www.wconcept.co.kr,naver_live_offer_title_rule_adapter,http://www.wconcept.co.kr/Product/307500093?adfrom=naver_ep&utm_source=naver&utm_medium=pcs&utm_campaign=WCONCEPT&utm_content=none&utm_term=none
naver-51798279644,VDL,base,6,[VDL] 커버스테인 퍼펙팅 쿠션,105.36,no,5,shade_options|color_tone_intensity|finish_texture|suitable_selling|retail_presence,not_attempted,,with.gsshop.com,naver_live_offer_title_rule_adapter,http://with.gsshop.com/alia/aliaGate.gs?media=OB&ecpid=1070926534&vodFlag=N&prdseqnum=1070926534&utm_source=price&utm_medium=affiliate&utm_campaign=naver
naver-60633504346,라카,base,6,라카 본딩 커버 쿠션 포슬린 19N,105.33,no,5,shade_options|color_tone_intensity|finish_texture|suitable_selling|retail_presence,not_attempted,,www.lotteon.com,naver_live_offer_title_rule_adapter,https://www.lotteon.com/p/product/LO2711031581?sitmNo=LO2711031581_2711031582&ch_no=100065&ch_dtl_no=1000030&entryPoint=pcs&dp_infw_cd=CHT
naver-52079834320,네이밍,base,6,[네이밍] [리필 2PACK] 레이어드 핏 쿠션 리필 듀오,105.31,no,5,shade_options|color_tone_intensity|finish_texture|suitable_selling|retail_presence,not_attempted,,www.wconcept.co.kr,naver_live_offer_title_rule_adapter,http://www.wconcept.co.kr/Product/306350025?adfrom=naver_ep&utm_source=naver&utm_medium=pcs&utm_campaign=WCONCEPT&utm_content=none&utm_term=none
naver-49163556640,정샘물 뷰티,base,5,[정샘물뷰티] 정샘물 스킨 누더 커버레이어 쿠션 리필x2 (더블클린 수정화장패드 x 5매),104.67,no,4,shade_options|color_tone_intensity|finish_texture|suitable_selling|retail_presence,failed,http_error,m.a-bly.com,do_not_retry_generic_fetch_manual_review,https://m.a-bly.com/goods/12917455?utm_source=web_naver-shopping&utm_medium=display&utm_campaign=web_naver-shopping&utm_content=12917455
naver-54973029055,네이밍,base,5,[모공커버쿠션] 네이밍 제로 그래비티 커버 업 쿠션 기획(본품+리필),104.48,no,4,shade_options|color_tone_intensity|finish_texture|suitable_selling,failed,http_error,www.oliveyoung.co.kr,do_not_retry_generic_fetch_manual_review,https://www.oliveyoung.co.kr/store/common/partner.do?chlNo=1&chlDtlNo=1&utm_source=naver&utm_medium=shopping_ep&utm_campaign=onpro_ep_product_0101_1231&utm_content=pc_price&sndType=goods&sndVal=A000000226593
naver-54505553699,투쿨포스쿨,base,5,투쿨포스쿨 에어 핏 쿠션,104.45,no,4,shade_options|color_tone_intensity|finish_texture|suitable_selling,failed,http_error,www.oliveyoung.co.kr,do_not_retry_generic_fetch_manual_review,https://www.oliveyoung.co.kr/store/common/partner.do?chlNo=1&chlDtlNo=1&utm_source=naver&utm_medium=shopping_ep&utm_campaign=onpro_ep_product_0101_1231&utm_content=pc_price&sndType=goods&sndVal=A000000224918
naver-87817630982,데이지크,base,7,이런 상품 어때요? 데이지크 코렉팅 선 베이스 30ml SPF50 PA+++,104.27,no,5,shade_options|color_tone_intensity|finish_texture|suitable_selling|retail_presence,failed,fetched,shopping.naver.com,naver_live_offer_title_rule_adapter,https://shopping.naver.com/outlink/itemdetail/10273127158
naver-57266357661,롬앤,liner,3,지그재그 스토어,104.11,no,4,shade_options|color_tone_intensity|finish_texture|suitable_selling|retail_presence,collected_partial,fetched,zigzag.kr,prior_detail_adapter,https://zigzag.kr/link/bridge?product_id=165825163&shop_id=14039&utm_source=shopping_naver_all&tab=recommendation
naver-58572181779,웨이크메이크,brow,2,[NEW/브로우맛집] 웨이크메이크 리얼 픽싱 슬림 브로우카라 5COLOR,104.03,no,5,shade_options|color_tone_intensity|finish_texture|suitable_selling,failed,http_error,www.oliveyoung.co.kr,do_not_retry_generic_fetch_manual_review,https://www.oliveyoung.co.kr/store/common/partner.do?chlNo=1&chlDtlNo=1&utm_source=naver&utm_medium=shopping_ep&utm_campaign=onpro_ep_product_0101_1231&utm_content=pc_price&sndType=goods&sndVal=A000000244390
naver-49163464884,정샘물 뷰티,brow,2,[정샘물뷰티] 정샘물 아티스트 브로우 포마드,103.94,no,5,shade_options|color_tone_intensity|finish_texture|suitable_selling|retail_presence,failed,http_error,m.a-bly.com,do_not_retry_generic_fetch_manual_review,https://m.a-bly.com/goods/3245072?utm_source=web_naver-shopping&utm_medium=display&utm_campaign=web_naver-shopping&utm_content=3245072
naver-58572203464,하트퍼센트,brow,2,[NEW] 하트퍼센트 컬러 체인저 원유즈,103.69,no,5,shade_options|color_tone_intensity|finish_texture|suitable_selling,failed,http_error,www.oliveyoung.co.kr,do_not_retry_generic_fetch_manual_review,https://www.oliveyoung.co.kr/store/common/partner.do?chlNo=1&chlDtlNo=1&utm_source=naver&utm_medium=shopping_ep&utm_campaign=onpro_ep_product_0101_1231&utm_content=pc_price&sndType=goods&sndVal=A000000222921
naver-49163534510,에스쁘아,brow,2,[에스쁘아] 더브로우 컬러 픽싱 카라,103.67,no,5,shade_options|color_tone_intensity|finish_texture|suitable_selling|retail_presence,failed,http_error,m.a-bly.com,do_not_retry_generic_fetch_manual_review,https://m.a-bly.com/goods/7605946?utm_source=web_naver-shopping&utm_medium=display&utm_campaign=web_naver-shopping&utm_content=7605946
naver-57442292557,뮤드,brow,2,[7월 올영픽/마찌콜라보] 뮤드 스키니 브로우 카라 10종 (단품/기획),103.64,no,5,shade_options|color_tone_intensity|finish_texture|suitable_selling,failed,http_error,www.oliveyoung.co.kr,do_not_retry_generic_fetch_manual_review,https://www.oliveyoung.co.kr/store/common/partner.do?chlNo=1&chlDtlNo=1&utm_source=naver&utm_medium=shopping_ep&utm_campaign=onpro_ep_product_0101_1231&utm_content=pc_price&sndType=goods&sndVal=A000000213046
naver-56925905658,데이지크,liner,3,한국화장품 오션 HD 붓펜 아이라이너+데이지크 새도우13호 쿨 블랜딩 1개 지급,103.17,no,5,shade_options|color_tone_intensity|finish_texture|suitable_selling|retail_presence,not_attempted,,link.gmarket.co.kr,naver_live_offer_title_rule_adapter,https://link.gmarket.co.kr/gate/pcs?item-no=4547501162&sub-id=1003&service-code=10000003&lcd=100000005
naver-58981410135,페리페라,brow,2,페리페라 스피디 스키니 브로우 마스카라 10 Colors | 올리브영,103.08,no,4,shade_options|color_tone_intensity|finish_texture|suitable_selling,collected_partial,playwright_rendered,www.oliveyoung.co.kr,prior_detail_adapter,https://www.oliveyoung.co.kr/store/common/partner.do?chlNo=1&chlDtlNo=1&utm_source=naver&utm_medium=shopping_ep&utm_campaign=onpro_ep_product_0101_1231&utm_content=pc_price&sndType=goods&sndVal=A000000167236
naver-34544243517,페리페라,liner,3,[2EA] 페리페라 잉크씬씬브러쉬라이너,102.91,no,5,shade_options|color_tone_intensity|finish_texture|suitable_selling|retail_presence,not_attempted,,with.gsshop.com,naver_live_offer_title_rule_adapter,http://with.gsshop.com/alia/aliaGate.gs?media=OB&ecpid=1004044350&vodFlag=N&prdseqnum=1004044350&utm_source=price&utm_medium=affiliate&utm_campaign=naver
naver-46870688566,컬러그램,liner,3,컬러그램 음영 창조 라이너 0.5g,102.88,no,5,shade_options|color_tone_intensity|finish_texture|suitable_selling|retail_presence,not_attempted,,www.lotteon.com,naver_live_offer_title_rule_adapter,https://www.lotteon.com/p/product/LO2290223045?sitmNo=LO2290223045_2290223046&ch_no=100065&ch_dtl_no=1000030&entryPoint=pcs&dp_infw_cd=CHT
naver-60505281267,웨이크메이크,liner,3,웨이크메이크 철벽 펜 아이라이너 01 블랙,102.84,no,5,shade_options|color_tone_intensity|finish_texture|suitable_selling|retail_presence,not_attempted,,www.lotteon.com,naver_live_offer_title_rule_adapter,https://www.lotteon.com/p/product/LO2207610004?sitmNo=LO2207610004_2207610005&ch_no=100065&ch_dtl_no=1000030&entryPoint=pcs&dp_infw_cd=CHT
naver-90983050278,VDL,liner,3,브이디엘 아이메이크업 틴트 멀티메이크업 립스테인 에센셜 오버 라이너 진저베이지 1개 0.35g,102.81,no,5,shade_options|color_tone_intensity|finish_texture|suitable_selling|retail_presence,not_attempted,,smartstore.naver.com,naver_live_offer_title_rule_adapter,https://smartstore.naver.com/main/products/13438539926
naver-52739679880,클리오,liner,3,클리오 수퍼프루프 브러쉬 라이너 킬 애쉬 1g,102.78,no,5,shade_options|color_tone_intensity|finish_texture|suitable_selling|retail_presence,not_attempted,,www.lotteon.com,naver_live_offer_title_rule_adapter,https://www.lotteon.com/p/product/LO2432383888?sitmNo=LO2432383888_2432383889&ch_no=100065&ch_dtl_no=1000030&entryPoint=pcs&dp_infw_cd=CHT
naver-41641058856,3CE,liner,3,3CE 소프트 뮤트 펜슬 라이너,102.72,no,5,shade_options|color_tone_intensity|finish_texture|suitable_selling,not_attempted,,www.hmall.com,naver_live_offer_title_rule_adapter,https://www.hmall.com/md/pda/itemPtc?ReferCode=429&slitmCd=2152814091&utm_source=naver&utm_medium=cps_pcs&utm_campaign=sale
naver-34267272251,에뛰드,liner,3,[에뛰드] 드로잉쇼 브러쉬 라이너 2개,102.69,no,5,shade_options|color_tone_intensity|finish_texture|suitable_selling|retail_presence,not_attempted,,with.gsshop.com,naver_live_offer_title_rule_adapter,http://with.gsshop.com/alia/aliaGate.gs?media=OB&ecpid=1017703589&vodFlag=N&prdseqnum=1017703589&utm_source=price&utm_medium=affiliate&utm_campaign=naver
naver-60085862372,더샘,liner,3,더샘 샘물 애교살 메이커 04 눈물 글썽 코랄,102.67,no,5,shade_options|color_tone_intensity|finish_texture|suitable_selling|retail_presence,not_attempted,,www.lotteon.com,naver_live_offer_title_rule_adapter,https://www.lotteon.com/p/product/LO2598181030?sitmNo=LO2598181030_2598181031&ch_no=100065&ch_dtl_no=1000030&entryPoint=pcs&dp_infw_cd=CHT
naver-57297857627,네이밍,liner,3,[네이밍] 퍼펙테일 아이 디자이닝 듀얼 라이너,102.58,no,5,shade_options|color_tone_intensity|finish_texture|suitable_selling|retail_presence,not_attempted,,www.wconcept.co.kr,naver_live_offer_title_rule_adapter,http://www.wconcept.co.kr/Product/307415939?adfrom=naver_ep&utm_source=naver&utm_medium=pcs&utm_campaign=WCONCEPT&utm_content=none&utm_term=none
naver-60640937414,하트퍼센트,liner,3,하트퍼센트 젤 아이라이너 애교살 컨실러 펜슬 도트 온 무드 MNS,102.52,no,5,shade_options|color_tone_intensity|finish_texture|suitable_selling|retail_presence,not_attempted,,www.lotteon.com,naver_live_offer_title_rule_adapter,https://www.lotteon.com/p/product/LO2711686581?sitmNo=LO2711686581_2711686582&ch_no=100065&ch_dtl_no=1000030&entryPoint=pcs&dp_infw_cd=CHT
naver-58998968523,뮤드,liner,3,[NEW 출시] 뮤드 아이래쉬 세럼 샷,102.45,no,5,shade_options|color_tone_intensity|finish_texture|suitable_selling|retail_presence,not_attempted,,link.coupang.com,naver_live_offer_title_rule_adapter,https://link.coupang.com/re/PCSNAVERPCSDP?pageKey=8474299176&ctag=8474299176&lptag=I27874786716&itemId=27874786716&vendorItemId=94833944122&spec=10305199
naver-55549181481,컬러그램,brow,2,더샘 아이브로우 키트,102.36,no,5,shade_options|color_tone_intensity|finish_texture|suitable_selling|retail_presence,not_attempted,,www.11st.co.kr,naver_live_offer_title_rule_adapter,https://www.11st.co.kr/connect/Gateway.tmall?method=Xsite&prdNo=7947652419&tid=1000000061
naver-59067417236,페리페라,base,7,페리페라 무드 핏 커버 쿠션 본품 03 내추럴핏,102.36,no,5,shade_options|color_tone_intensity|finish_texture|suitable_selling|retail_presence,not_attempted,,www.lotteon.com,naver_live_offer_title_rule_adapter,https://www.lotteon.com/p/product/LO2627812281?sitmNo=LO2627812281_2627812282&ch_no=100065&ch_dtl_no=1000030&entryPoint=pcs&dp_infw_cd=CHT
naver-58863054578,정샘물 뷰티,base,7,정샘물 에센셜 스킨 누더 롱웨어 쿠션 본품+리필 세트 / N | 셀러허브_뷰티 - 하프클럽,102.31,no,4,shade_options|color_tone_intensity|finish_texture|suitable_selling|retail_presence,collected_partial,fetched,gate.halfclub.com,prior_detail_adapter,http://gate.halfclub.com/naver?site_cd=1&type=detail_pcode&p1=P416833032&partnerid=naverdb
naver-52466577328,롬앤,brow,2,[롬앤] 한올 브로우 카라,102.11,no,5,shade_options|color_tone_intensity|finish_texture|suitable_selling|retail_presence,not_attempted,,www.wconcept.co.kr,naver_live_offer_title_rule_adapter,http://www.wconcept.co.kr/Product/302630289?adfrom=naver_ep&utm_source=naver&utm_medium=pcs&utm_campaign=WCONCEPT&utm_content=none&utm_term=none
naver-60638631647,데이지크,brow,2,데이지크 프로 디테일 브로우 펜슬 6 colors 4066473,102.0,no,5,shade_options|color_tone_intensity|finish_texture|suitable_selling|retail_presence,not_attempted,,www.lotteon.com,naver_live_offer_title_rule_adapter,https://www.lotteon.com/p/product/LO2711079993?sitmNo=LO2711079993_2711079994&ch_no=100065&ch_dtl_no=1000030&entryPoint=pcs&dp_infw_cd=CHT
naver-59820827874,컬러그램,base,7,컬러그램 긱 누드 스킨 틴트 03 라이트 베이지 1개,101.97,no,5,shade_options|color_tone_intensity|finish_texture|suitable_selling|retail_presence,not_attempted,,link.coupang.com,naver_live_offer_title_rule_adapter,https://link.coupang.com/re/PCSNAVERPCSDP?pageKey=9513727525&ctag=9513727525&lptag=I28352894255&itemId=28352894255&vendorItemId=95621155789&spec=10305199
naver-48004655423,클리오,brow,2,클리오 킬브로우 쉐이핑 파우더 브로우,101.97,no,5,shade_options|color_tone_intensity|finish_texture|suitable_selling|retail_presence,not_attempted,,display.cjonstyle.com,naver_live_offer_title_rule_adapter,https://display.cjonstyle.com/p/item/2033272370?infl_cd=I0696&utm_medium=pcs&utm_source=naver
naver-59386594513,네이밍,brow,2,네이밍 루트릿 아이브로우 펜슬 0.06g 1개,101.94,no,5,shade_options|color_tone_intensity|finish_texture|suitable_selling|retail_presence,not_attempted,,search.shopping.naver.com,naver_live_offer_title_rule_adapter,https://search.shopping.naver.com/catalog/59386594513
naver-60642522889,라카,brow,2,라카 픽시 브로우 카라 우드브라운 2호,101.94,no,5,shade_options|color_tone_intensity|finish_texture|suitable_selling|retail_presence,not_attempted,,www.lotteon.com,naver_live_offer_title_rule_adapter,https://www.lotteon.com/p/product/LO2711792670?sitmNo=LO2711792670_2711792671&ch_no=100065&ch_dtl_no=1000030&entryPoint=pcs&dp_infw_cd=CHT
naver-41641080456,3CE,brow,2,[1+1] 3CE 올라운더 브로우,101.91,no,5,shade_options|color_tone_intensity|finish_texture|suitable_selling,not_attempted,,www.hmall.com,naver_live_offer_title_rule_adapter,https://www.hmall.com/md/pda/itemPtc?ReferCode=429&slitmCd=2152814544&utm_source=naver&utm_medium=cps_pcs&utm_campaign=sale
naver-59155818311,뮤드,base,7,뮤드 소프트 실키 핏 쿠션 2033996,101.91,no,5,shade_options|color_tone_intensity|finish_texture|suitable_selling|retail_presence,not_attempted,,www.11st.co.kr,naver_live_offer_title_rule_adapter,https://www.11st.co.kr/connect/Gateway.tmall?method=Xsite&prdNo=9167353047&tid=1000000061
naver-89694023989,투쿨포스쿨,brow,2,투쿨포스쿨 블리치 브로우 카라 3.4g 2colors,101.91,no,5,shade_options|color_tone_intensity|finish_texture|suitable_selling|retail_presence,not_attempted,,smartstore.naver.com,naver_live_offer_title_rule_adapter,https://smartstore.naver.com/main/products/12149513284
naver-59364463842,에뛰드,brow,2,에뛰드 드로잉 아이즈 컬러링 브로우카라 /아이브로우 전용 마스카라,101.88,no,5,shade_options|color_tone_intensity|finish_texture|suitable_selling|retail_presence,not_attempted,,www.lotteon.com,naver_live_offer_title_rule_adapter,https://www.lotteon.com/p/product/LO2641253473?sitmNo=LO2641253473_2641253474&ch_no=100065&ch_dtl_no=1000030&entryPoint=pcs&dp_infw_cd=CHT
naver-60386313122,더샘,brow,2,[온누리상품] 더샘 샘물 우드 아이브로우1.8g,101.84,no,5,shade_options|color_tone_intensity|finish_texture|suitable_selling|retail_presence,not_attempted,,www.lotteon.com,naver_live_offer_title_rule_adapter,https://www.lotteon.com/p/product/LO2697757660?sitmNo=LO2697757660_2697757661&ch_no=100065&ch_dtl_no=1000030&entryPoint=pcs&dp_infw_cd=CHT
naver-51903540650,투쿨포스쿨,liner,2,투쿨포스쿨 스머징 트임 라이너,101.72,no,4,shade_options|color_tone_intensity|finish_texture|suitable_selling,failed,http_error,www.oliveyoung.co.kr,do_not_retry_generic_fetch_manual_review,https://www.oliveyoung.co.kr/store/common/partner.do?chlNo=1&chlDtlNo=1&utm_source=naver&utm_medium=shopping_ep&utm_campaign=onpro_ep_product_0101_1231&utm_content=pc_price&sndType=goods&sndVal=A000000199182
naver-54045226823,에스쁘아,liner,2,[에스쁘아] 아이 오프닝 펜슬,101.67,no,4,shade_options|color_tone_intensity|finish_texture|suitable_selling|retail_presence,failed,http_error,m.a-bly.com,do_not_retry_generic_fetch_manual_review,https://m.a-bly.com/goods/44527618?utm_source=web_naver-shopping&utm_medium=display&utm_campaign=web_naver-shopping&utm_content=44527618
naver-56058096610,하트퍼센트,base,7,[신세계백화점][화잘먹 치트키] 하트퍼센트 선 베이스 2종,101.61,no,5,shade_options|color_tone_intensity|finish_texture|suitable_selling|retail_presence,not_attempted,,www.ssg.com,naver_live_offer_title_rule_adapter,http://www.ssg.com/item/itemView.ssg?itemId=1000712013195&siteNo=6009&salestrNo=1027&ckwhere=ssg_naver&appPopYn=n&utm_medium=PCS&utm_source=naver&utm_campaign=naver_pcs
naver-49163579156,에스쁘아,base,4,[에스쁘아] 비벨벳 커버 쿠션(본품+리필),101.58,no,3,shade_options|color_tone_intensity|suitable_selling|retail_presence,failed,http_error,m.a-bly.com,do_not_retry_generic_fetch_manual_review,https://m.a-bly.com/goods/10465451?utm_source=web_naver-shopping&utm_medium=display&utm_campaign=web_naver-shopping&utm_content=10465451
naver-60550417533,롬앤,base,7,[롬앤] 베어 워터 쿠션 20g (본품),101.48,no,5,shade_options|color_tone_intensity|finish_texture|suitable_selling|retail_presence,not_attempted,,www.lotteon.com,naver_live_offer_title_rule_adapter,https://www.lotteon.com/p/product/LO2705989337?sitmNo=LO2705989337_2705989340&ch_no=100065&ch_dtl_no=1000030&entryPoint=pcs&dp_infw_cd=CHT
naver-59026784250,웨이크메이크,base,7,웨이크메이크 워터 글로우 코팅밤 12.5g (본품12.5g +리필12.5g ),101.39,no,5,shade_options|color_tone_intensity|finish_texture|suitable_selling|retail_presence,not_attempted,,www.lotteon.com,naver_live_offer_title_rule_adapter,https://www.lotteon.com/p/product/LO2625990197?sitmNo=LO2625990197_2625990198&ch_no=100065&ch_dtl_no=1000030&entryPoint=pcs&dp_infw_cd=CHT
naver-50517576519,클리오,base,7,클리오 킬커버 파운웨어 쿠션 디오리지널 기획세트 [본품+리필] [사은]퍼프2매,101.33,no,5,shade_options|color_tone_intensity|finish_texture|suitable_selling|retail_presence,not_attempted,,display.cjonstyle.com,naver_live_offer_title_rule_adapter,https://display.cjonstyle.com/p/item/2040221401?infl_cd=I0696&utm_medium=pcs&utm_source=naver
naver-40083154013,3CE,base,7,3CE 베어 커버 쿠션,101.28,no,5,shade_options|color_tone_intensity|finish_texture|suitable_selling,not_attempted,,www.hmall.com,naver_live_offer_title_rule_adapter,https://www.hmall.com/md/pda/itemPtc?ReferCode=429&slitmCd=2150866042&utm_source=naver&utm_medium=cps_pcs&utm_campaign=sale
naver-58823996921,에뛰드,base,7,에뛰드 워터 드롭 필터 쿠션 기획 (본품15g+리필15g) (SPF26 PA++),101.25,no,5,shade_options|color_tone_intensity|finish_texture|suitable_selling|retail_presence,not_attempted,,www.lotteon.com,naver_live_offer_title_rule_adapter,https://www.lotteon.com/p/product/LO2616908619?sitmNo=LO2616908619_2616908620&ch_no=100065&ch_dtl_no=1000030&entryPoint=pcs&dp_infw_cd=CHT
naver-60009020008,더샘,base,7,더샘 [더샘]스킨 퍼펙션 글루타치온 토닝 쿠션(본품 리필),101.22,no,5,shade_options|color_tone_intensity|finish_texture|suitable_selling,not_attempted,,www.lotteimall.com,naver_live_offer_title_rule_adapter,https://www.lotteimall.com/coop/affilGate.lotte?chl_no=141370&chl_dtl_no=2540914&returnUrl=/goods/viewGoodsDetail.lotte?goods_no=3233613475&utm_source=naver&utm_medium=affiliate&utm_campaign=price_compare
naver-51780798369,VDL,base,7,[VDL] 커버스테인 퍼펙팅 쿠션 리필,101.19,no,5,shade_options|color_tone_intensity|finish_texture|suitable_selling|retail_presence,not_attempted,,with.gsshop.com,naver_live_offer_title_rule_adapter,http://with.gsshop.com/alia/aliaGate.gs?media=OB&ecpid=1070792723&vodFlag=N&prdseqnum=1070792723&utm_source=price&utm_medium=affiliate&utm_campaign=naver
naver-60633505576,라카,base,7,라카 본딩 커버 쿠션 미디엄 23N,101.16,no,5,shade_options|color_tone_intensity|finish_texture|suitable_selling|retail_presence,not_attempted,,www.lotteon.com,naver_live_offer_title_rule_adapter,https://www.lotteon.com/p/product/LO2711035839?sitmNo=LO2711035839_2711035840&ch_no=100065&ch_dtl_no=1000030&entryPoint=pcs&dp_infw_cd=CHT
naver-56985172204,네이밍,base,7,네이밍 레이어드 핏 쿠션 본품1개 + 리필1개 색상 23Y,101.12,no,5,shade_options|color_tone_intensity|finish_texture|suitable_selling|retail_presence,not_attempted,,www.lotteon.com,naver_live_offer_title_rule_adapter,https://www.lotteon.com/p/product/LO2553151328?sitmNo=LO2553151328_2553151329&ch_no=100065&ch_dtl_no=1000030&entryPoint=pcs&dp_infw_cd=CHT
naver-60011041559,투쿨포스쿨,base,7,투쿨포스쿨 픽싱 커버쿠션 4종 택1 4863176,101.09,no,5,shade_options|color_tone_intensity|finish_texture|suitable_selling|retail_presence,not_attempted,,www.lotteon.com,naver_live_offer_title_rule_adapter,https://www.lotteon.com/p/product/LO2677271379?sitmNo=LO2677271379_2677271381&ch_no=100065&ch_dtl_no=1000030&entryPoint=pcs&dp_infw_cd=CHT
naver-26824402312,롬앤,brow,3,한올 샤프 브로우,100.94,no,4,color_tone_intensity|finish_texture|suitable_selling|retail_presence,collected_complete,fetched,chicor.com,prior_detail_adapter,https://chicor.com/goods/0000000036952?utm_source=naver&utm_medium=cpc&utm_campaign=ep
naver-49163536005,에스쁘아,brow,1,[에스쁘아] 더브로우 밸런스 펜슬,100.84,no,4,shade_options|color_tone_intensity|finish_texture|suitable_selling|retail_presence,failed,http_error,m.a-bly.com,do_not_retry_generic_fetch_manual_review,https://m.a-bly.com/goods/4037591?utm_source=web_naver-shopping&utm_medium=display&utm_campaign=web_naver-shopping&utm_content=4037591
naver-51723090575,뮤드,brow,3,뮤드 인스파이어 스키니 브로우 카라,100.45,no,4,color_tone_intensity|finish_texture|suitable_selling|retail_presence,collected_complete,fetched,chicor.com,prior_detail_adapter,https://chicor.com/goods/0000000113403?utm_source=naver&utm_medium=cpc&utm_campaign=ep
naver-48388339219,페리페라,base,6,후 공진향 미 벨벳 파운데이션 팩트 | 페리페라 - 하프클럽,100.36,no,3,shade_options|color_tone_intensity|suitable_selling|retail_presence,collected_partial,fetched,gate.halfclub.com,prior_detail_adapter,http://gate.halfclub.com/naver?site_cd=1&type=detail_pcode&p1=P364714990&partnerid=naverdb
naver-54873688247,투쿨포스쿨,base,6,[투쿨포스쿨] 깃털쿠션 에어 핏 쿠션 + 플러피 파우치,100.28,no,4,shade_options|color_tone_intensity|finish_texture|suitable_selling|retail_presence,failed,http_error,m.a-bly.com,do_not_retry_generic_fetch_manual_review,https://m.a-bly.com/goods/46262954?utm_source=web_naver-shopping&utm_medium=display&utm_campaign=web_naver-shopping&utm_content=46262954
naver-49163388976,에스쁘아,base,6,[에스쁘아] 듀라이크 젤로 톤업 쿠션(단품),100.22,no,4,shade_options|color_tone_intensity|finish_texture|suitable_selling|retail_presence,failed,http_error,m.a-bly.com,do_not_retry_generic_fetch_manual_review,https://m.a-bly.com/goods/19641854?utm_source=web_naver-shopping&utm_medium=display&utm_campaign=web_naver-shopping&utm_content=19641854
naver-57918522792,롬앤,liner,4,롬앤 립매터 | 올리브영,100.11,no,4,shade_options|color_tone_intensity|finish_texture|suitable_selling,collected_partial,playwright_rendered,www.oliveyoung.co.kr,prior_detail_adapter,https://www.oliveyoung.co.kr/store/common/partner.do?chlNo=1&chlDtlNo=1&utm_source=naver&utm_medium=shopping_ep&utm_campaign=onpro_ep_product_0101_1231&utm_content=pc_price&sndType=goods&sndVal=A000000105803
naver-84199963427,정샘물 뷰티,liner,4,이런 상품 어때요? 정샘물 아티스트 콜 펜 라이너 0.4ml (2종컬러),99.94,no,4,shade_options|color_tone_intensity|finish_texture|suitable_selling|retail_presence,collected_partial,fetched,shopping.naver.com,prior_detail_adapter,https://shopping.naver.com/outlink/itemdetail/6655463105
naver-59618504835,라카,brow,3,[new] 라카 픽시 브로우 카라 9colors,99.78,no,5,shade_options|color_tone_intensity|finish_texture|suitable_selling,failed,http_error,www.oliveyoung.co.kr,do_not_retry_generic_fetch_manual_review,https://www.oliveyoung.co.kr/store/common/partner.do?chlNo=1&chlDtlNo=1&utm_source=naver&utm_medium=shopping_ep&utm_campaign=onpro_ep_product_0101_1231&utm_content=pc_price&sndType=goods&sndVal=A000000251809
naver-37097693565,페리페라,liner,4,페리페라 잉크 씬씬 브러쉬라이너,98.72,no,5,shade_options|color_tone_intensity|finish_texture|suitable_selling|retail_presence,not_attempted,,display.cjonstyle.com,naver_live_offer_title_rule_adapter,https://display.cjonstyle.com/p/item/93463923?infl_cd=I0696&utm_medium=pcs&utm_source=naver
naver-60422405517,컬러그램,liner,4,컬러그램 음영 창조 라이너 (11 30퍼센트 그레이 브라운),98.69,no,5,shade_options|color_tone_intensity|finish_texture|suitable_selling|retail_presence,not_attempted,,www.lotteon.com,naver_live_offer_title_rule_adapter,https://www.lotteon.com/p/product/LO2699515576?sitmNo=LO2699515576_2699515577&ch_no=100065&ch_dtl_no=1000030&entryPoint=pcs&dp_infw_cd=CHT
naver-60505278030,웨이크메이크,liner,4,웨이크메이크 철벽 펜 아이라이너 01 블랙 2개,98.67,no,5,shade_options|color_tone_intensity|finish_texture|suitable_selling|retail_presence,not_attempted,,www.lotteon.com,naver_live_offer_title_rule_adapter,https://www.lotteon.com/p/product/LO2207610028?sitmNo=LO2207610028_2207610029&ch_no=100065&ch_dtl_no=1000030&entryPoint=pcs&dp_infw_cd=CHT
naver-59386562033,VDL,liner,4,VDL 립스테인 에센셜 오버 라이너 0.35g 1개,98.64,no,5,shade_options|color_tone_intensity|finish_texture|suitable_selling|retail_presence,not_attempted,,search.shopping.naver.com,naver_live_offer_title_rule_adapter,https://search.shopping.naver.com/catalog/59386562033
naver-46090048832,클리오,liner,4,[NEW COLOR] 클리오 샤프 쏘 심플 펜슬 라이너,98.61,no,5,shade_options|color_tone_intensity|finish_texture|suitable_selling|retail_presence,not_attempted,,with.gsshop.com,naver_live_offer_title_rule_adapter,http://with.gsshop.com/alia/aliaGate.gs?media=OB&ecpid=1050270092&vodFlag=N&prdseqnum=1050270092&utm_source=price&utm_medium=affiliate&utm_campaign=naver
naver-54520623538,3CE,liner,4,쓰리씨이 [3CE]마이링 아이라이너 (증)아이 스위치 미니,98.55,no,5,shade_options|color_tone_intensity|finish_texture|suitable_selling,not_attempted,,www.lotteimall.com,naver_live_offer_title_rule_adapter,https://www.lotteimall.com/coop/affilGate.lotte?chl_no=141370&chl_dtl_no=2540914&returnUrl=/goods/viewGoodsDetail.lotte?goods_no=2978031394&utm_source=naver&utm_medium=affiliate&utm_campaign=price_compare
naver-35907398876,에뛰드,liner,4,에뛰드 프루프 10 젤 방수 펜슬 /펜슬 아이라이너,98.52,no,5,shade_options|color_tone_intensity|finish_texture|suitable_selling|retail_presence,not_attempted,,www.lotteon.com,naver_live_offer_title_rule_adapter,https://www.lotteon.com/p/product/LO1257892264?sitmNo=LO1257892264_1257892265&ch_no=100065&ch_dtl_no=1000030&entryPoint=pcs&dp_infw_cd=CHT
naver-60085865673,더샘,liner,4,더샘 샘물 애교살 메이커 02 눈물 글썽 핑크,98.48,no,5,shade_options|color_tone_intensity|finish_texture|suitable_selling|retail_presence,not_attempted,,www.lotteon.com,naver_live_offer_title_rule_adapter,https://www.lotteon.com/p/product/LO2598184347?sitmNo=LO2598184347_2598184348&ch_no=100065&ch_dtl_no=1000030&entryPoint=pcs&dp_infw_cd=CHT
naver-59698215304,라카,liner,4,라카 스테인 립 라이너 0.7g + 미출시 컬러 09 누디 실루엣 증정,98.42,no,5,shade_options|color_tone_intensity|finish_texture|suitable_selling|retail_presence,not_attempted,,link.coupang.com,naver_live_offer_title_rule_adapter,https://link.coupang.com/re/PCSNAVERPCSDP?pageKey=9489378906&ctag=9489378906&lptag=I28291382028&itemId=28291382028&vendorItemId=95244270886&spec=10305199
naver-58877777632,네이밍,liner,4,[네이밍] 퍼펙테일 아이 디자이닝 슬림 라이너 듀오 [택2],98.39,no,5,shade_options|color_tone_intensity|finish_texture|suitable_selling|retail_presence,not_attempted,,www.wconcept.co.kr,naver_live_offer_title_rule_adapter,http://www.wconcept.co.kr/Product/308192274?adfrom=naver_ep&utm_source=naver&utm_medium=pcs&utm_campaign=WCONCEPT&utm_content=none&utm_term=none
naver-50665353716,컬러그램,brow,3,컬러그램 쓱싹 오토 브로우 펜슬 0.18g - 아이브로우 R,98.36,no,5,shade_options|color_tone_intensity|finish_texture|suitable_selling|retail_presence,not_attempted,,www.11st.co.kr,naver_live_offer_title_rule_adapter,https://www.11st.co.kr/connect/Gateway.tmall?method=Xsite&prdNo=7627403291&tid=1000000061
naver-90245496593,페리페라,base,8,페리페라 무드 핏 커버 쿠션 본품 03 내추럴핏,98.36,no,5,shade_options|color_tone_intensity|finish_texture|suitable_selling|retail_presence,not_attempted,,smartstore.naver.com,naver_live_offer_title_rule_adapter,https://smartstore.naver.com/main/products/12700985669
naver-50668581212,하트퍼센트,liner,4,[하트퍼센트] 도트 온 무드 컨투어 아이라이너 슬림,98.33,no,5,shade_options|color_tone_intensity|finish_texture|suitable_selling|retail_presence,not_attempted,,www.wconcept.co.kr,naver_live_offer_title_rule_adapter,http://www.wconcept.co.kr/Product/306122480?adfrom=naver_ep&utm_source=naver&utm_medium=pcs&utm_campaign=WCONCEPT&utm_content=none&utm_term=none
naver-60672206657,뮤드,liner,4,뮤드 아이래쉬 틴팅 세럼 샷 1개 틴팅 세럼 샷 02 브라운,98.28,no,5,shade_options|color_tone_intensity|finish_texture|suitable_selling|retail_presence,not_attempted,,link.coupang.com,naver_live_offer_title_rule_adapter,https://link.coupang.com/re/PCSNAVERPCSDP?pageKey=9262821893&ctag=9262821893&lptag=V95682928736&itemId=28016631139&vendorItemId=95682928736&spec=10305199
naver-89781220148,데이지크,base,8,바이애콤비비 EGF 비비크림 (내추럴),98.27,no,5,shade_options|color_tone_intensity|finish_texture|suitable_selling|retail_presence,not_attempted,,smartstore.naver.com,naver_live_offer_title_rule_adapter,https://smartstore.naver.com/main/products/12236709432
naver-57197649698,정샘물 뷰티,base,8,(리필만)정샘물 에센셜 스킨 누더 쿠션 리필 | 셀러허브_뷰티 - 하프클럽,98.12,no,4,shade_options|color_tone_intensity|finish_texture|suitable_selling|retail_presence,collected_partial,fetched,gate.halfclub.com,prior_detail_adapter,http://gate.halfclub.com/naver?site_cd=1&type=detail_pcode&p1=P407860780&partnerid=naverdb
naver-49596371287,VDL,brow,2,VDL 엑스퍼트 스키니 아이 브로우 펜슬 01 다크브라운 | 셀러허브_뷰티 - 하프클럽,98.0,no,3,color_tone_intensity|finish_texture|suitable_selling|retail_presence,collected_complete,fetched,gate.halfclub.com,prior_detail_adapter,http://gate.halfclub.com/naver?site_cd=1&type=detail_pcode&p1=P368679012&partnerid=naverdb
naver-89204011054,컬러그램,base,8,컬러그램 긱누드 스킨 틴트 30ml SPF30 PA++ 04 미디움베이지,97.97,no,5,shade_options|color_tone_intensity|finish_texture|suitable_selling|retail_presence,not_attempted,,smartstore.naver.com,naver_live_offer_title_rule_adapter,https://smartstore.naver.com/main/products/11659500587
naver-49163506150,정샘물 뷰티,liner,3,[정샘물뷰티] 아티스트 콜 펜 라이너,97.94,no,4,shade_options|color_tone_intensity|finish_texture|suitable_selling|retail_presence,failed,http_error,m.a-bly.com,do_not_retry_generic_fetch_manual_review,https://m.a-bly.com/goods/2419339?utm_source=web_naver-shopping&utm_medium=display&utm_campaign=web_naver-shopping&utm_content=2419339
naver-58103625736,뮤드,base,8,뮤드 쿠션 커버 파운데이션 소프트 실키 핏 본품 리필 세트,97.91,no,5,shade_options|color_tone_intensity|finish_texture|suitable_selling|retail_presence,not_attempted,,www.11st.co.kr,naver_live_offer_title_rule_adapter,https://www.11st.co.kr/connect/Gateway.tmall?method=Xsite&prdNo=8929091239&tid=1000000061
naver-59386594410,투쿨포스쿨,brow,3,투쿨포스쿨 아트클래스 브로우 디자이닝 슬림 펜슬 0.04g 1개,97.91,no,5,shade_options|color_tone_intensity|finish_texture|suitable_selling|retail_presence,not_attempted,,search.shopping.naver.com,naver_live_offer_title_rule_adapter,https://search.shopping.naver.com/catalog/59386594410
naver-58782656331,페리페라,brow,3,[페리페라] [2EA] 스피디 스키니 브로우,97.91,no,5,shade_options|color_tone_intensity|finish_texture|suitable_selling|retail_presence,not_attempted,,www.wconcept.co.kr,naver_live_offer_title_rule_adapter,http://www.wconcept.co.kr/Product/308168281?adfrom=naver_ep&utm_source=naver&utm_medium=pcs&utm_campaign=WCONCEPT&utm_content=none&utm_term=none
naver-80026298667,VDL,brow,3,VDL 엑스퍼트 스키니 브로우 펜슬 (0.05g),97.81,no,5,shade_options|color_tone_intensity|finish_texture|suitable_selling|retail_presence,not_attempted,,smartstore.naver.com,naver_live_offer_title_rule_adapter,https://smartstore.naver.com/main/products/2528555137
naver-60423163706,데이지크,brow,3,데이지크 프로 슬림 브로우 카라 6 colors,97.81,no,5,shade_options|color_tone_intensity|finish_texture|suitable_selling|retail_presence,not_attempted,,www.lotteon.com,naver_live_offer_title_rule_adapter,https://www.lotteon.com/p/product/LO2699548307?sitmNo=LO2699548307_2699548308&ch_no=100065&ch_dtl_no=1000030&entryPoint=pcs&dp_infw_cd=CHT
naver-51420654940,네이밍,brow,3,[네이밍] 루트릿 아이브로우 펜슬 듀오,97.75,no,5,shade_options|color_tone_intensity|finish_texture|suitable_selling|retail_presence,not_attempted,,www.wconcept.co.kr,naver_live_offer_title_rule_adapter,http://www.wconcept.co.kr/Product/306210101?adfrom=naver_ep&utm_source=naver&utm_medium=pcs&utm_campaign=WCONCEPT&utm_content=none&utm_term=none
naver-60678309859,정샘물 뷰티,brow,3,정샘물 마스터클래스 아이브로우 브러쉬,97.75,no,5,shade_options|color_tone_intensity|finish_texture|suitable_selling|retail_presence,not_attempted,,www.lotteon.com,naver_live_offer_title_rule_adapter,https://www.lotteon.com/p/product/LO2713272537?sitmNo=LO2713272537_2713272538&ch_no=100065&ch_dtl_no=1000030&entryPoint=pcs&dp_infw_cd=CHT
naver-49561810364,3CE,brow,3,3CE 올라운더 브로우,97.72,no,5,shade_options|color_tone_intensity|finish_texture|suitable_selling|retail_presence,not_attempted,,www.lotteon.com,naver_live_offer_title_rule_adapter,https://www.lotteon.com/p/product/LO2346350973?sitmNo=LO2346350973_2346350974&ch_no=100065&ch_dtl_no=1000030&entryPoint=pcs&dp_infw_cd=CHT
naver-35089739233,에뛰드,brow,3,에뛰드 드로잉 아이브로우 프로 /아이브로우 펜슬 /눈썹펜슬,97.69,no,5,shade_options|color_tone_intensity|finish_texture|suitable_selling|retail_presence,not_attempted,,www.lotteon.com,naver_live_offer_title_rule_adapter,https://www.lotteon.com/p/product/LO1501456379?sitmNo=LO1501456379_1501456380&ch_no=100065&ch_dtl_no=1000030&entryPoint=pcs&dp_infw_cd=CHT
naver-60387187835,더샘,brow,3,[온누리상품] 더샘 샘물 우드 아이브로우1.8g 3개,97.67,no,5,shade_options|color_tone_intensity|finish_texture|suitable_selling|retail_presence,not_attempted,,www.lotteon.com,naver_live_offer_title_rule_adapter,https://www.lotteon.com/p/product/LO2697839538?sitmNo=LO2697839538_2697839539&ch_no=100065&ch_dtl_no=1000030&entryPoint=pcs&dp_infw_cd=CHT
naver-59484723178,라카,liner,3,[미출시본품증정] 라카 스테인 립 라이너 0.7g 4종 (기획/단품),97.61,no,4,shade_options|color_tone_intensity|finish_texture|suitable_selling,failed,http_error,www.oliveyoung.co.kr,do_not_retry_generic_fetch_manual_review,https://www.oliveyoung.co.kr/store/common/partner.do?chlNo=1&chlDtlNo=1&utm_source=naver&utm_medium=shopping_ep&utm_campaign=onpro_ep_product_0101_1231&utm_content=pc_price&sndType=goods&sndVal=A000000250463
naver-55679366133,하트퍼센트,base,8,하트퍼센트 도트 온 무드 레이어 쿠션 파운데이션 21p 15개,97.61,no,5,shade_options|color_tone_intensity|finish_texture|suitable_selling|retail_presence,not_attempted,,link.coupang.com,naver_live_offer_title_rule_adapter,https://link.coupang.com/re/PCSNAVERPCSDP?pageKey=7798975163&ctag=7798975163&lptag=I24695364722&itemId=24695364722&vendorItemId=92118970240&spec=10305199
naver-49163555017,투쿨포스쿨,liner,3,[투쿨포스쿨] 트임라이너 랜덤 스머징 트임라이너,97.55,no,4,shade_options|color_tone_intensity|finish_texture|suitable_selling|retail_presence,failed,http_error,m.a-bly.com,do_not_retry_generic_fetch_manual_review,https://m.a-bly.com/goods/13426876?utm_source=web_naver-shopping&utm_medium=display&utm_campaign=web_naver-shopping&utm_content=13426876
naver-60640936835,하트퍼센트,brow,3,하트퍼센트 아이브로우 펜슬 도트 온 무드 엣지 앤 플랫 MNS,97.52,no,5,shade_options|color_tone_intensity|finish_texture|suitable_selling|retail_presence,not_attempted,,www.lotteon.com,naver_live_offer_title_rule_adapter,https://www.lotteon.com/p/product/LO2711686462?sitmNo=LO2711686462_2711686463&ch_no=100065&ch_dtl_no=1000030&entryPoint=pcs&dp_infw_cd=CHT
naver-49163527321,에스쁘아,liner,3,[에스쁘아] 노머징 브러쉬 라이너,97.48,no,4,shade_options|color_tone_intensity|finish_texture|suitable_selling|retail_presence,failed,http_error,m.a-bly.com,do_not_retry_generic_fetch_manual_review,https://m.a-bly.com/goods/2195928?utm_source=web_naver-shopping&utm_medium=display&utm_campaign=web_naver-shopping&utm_content=2195928
naver-51487473845,에스쁘아,base,5,[100시간 지속/고커버] 에스쁘아 비벨벳 커버쿠션 SPF42 PA++ 본품+리필,97.39,no,3,shade_options|color_tone_intensity|suitable_selling,failed,http_error,www.oliveyoung.co.kr,do_not_retry_generic_fetch_manual_review,https://www.oliveyoung.co.kr/store/common/partner.do?chlNo=1&chlDtlNo=1&utm_source=naver&utm_medium=shopping_ep&utm_campaign=onpro_ep_product_0101_1231&utm_content=pc_price&sndType=goods&sndVal=A000000184222
naver-58612364321,롬앤,base,8,[롬앤] 누 제로 쿠션 15g (본품),97.31,no,5,shade_options|color_tone_intensity|finish_texture|suitable_selling|retail_presence,not_attempted,,with.gsshop.com,naver_live_offer_title_rule_adapter,http://with.gsshop.com/alia/aliaGate.gs?media=OB&ecpid=1062918573&vodFlag=N&prdseqnum=1062918573&utm_source=price&utm_medium=affiliate&utm_campaign=naver
naver-60638545978,웨이크메이크,base,8,웨이크메이크 심리스 웨어 쿠션 본품+리필 택1,97.22,no,5,shade_options|color_tone_intensity|finish_texture|suitable_selling|retail_presence,not_attempted,,www.lotteon.com,naver_live_offer_title_rule_adapter,https://www.lotteon.com/p/product/LO2711225721?sitmNo=LO2711225721_2711225722&ch_no=100065&ch_dtl_no=1000030&entryPoint=pcs&dp_infw_cd=CHT
naver-59657120862,클리오,base,8,클리오 킬 커버 메쉬 블러 쿠션 (본품+리필) -/R,97.16,no,5,shade_options|color_tone_intensity|finish_texture|suitable_selling|retail_presence,not_attempted,,www.lotteon.com,naver_live_offer_title_rule_adapter,https://www.lotteon.com/p/product/LO2656528617?sitmNo=LO2656528617_2656528618&ch_no=100065&ch_dtl_no=1000030&entryPoint=pcs&dp_infw_cd=CHT
naver-49562392395,3CE,base,8,3CE 베어 커버 쿠션,97.09,no,5,shade_options|color_tone_intensity|finish_texture|suitable_selling|retail_presence,not_attempted,,display.cjonstyle.com,naver_live_offer_title_rule_adapter,https://display.cjonstyle.com/p/item/2036855152?infl_cd=I0696&utm_medium=pcs&utm_source=naver
naver-58824186608,에뛰드,base,8,에뛰드 워터 드롭 필터 쿠션 기획 (본품15g+리필15g) (SPF26 PA++),97.06,no,5,shade_options|color_tone_intensity|finish_texture|suitable_selling|retail_presence,not_attempted,,www.lotteon.com,naver_live_offer_title_rule_adapter,https://www.lotteon.com/p/product/LO2616908529?sitmNo=LO2616908529_2616908530&ch_no=100065&ch_dtl_no=1000030&entryPoint=pcs&dp_infw_cd=CHT
naver-60004606493,더샘,base,8,더샘 [더샘] 스킨 퍼펙션 글루타치온 토닝 쿠션(본품 리필),97.03,no,5,shade_options|color_tone_intensity|finish_texture|suitable_selling|retail_presence,not_attempted,,www.lotteon.com,naver_live_offer_title_rule_adapter,https://www.lotteon.com/p/product/LI3233613475?sitmNo=LI3233613475_1&ch_no=100065&ch_dtl_no=1000030&entryPoint=pcs&dp_infw_cd=CHT
naver-51800380670,VDL,base,8,[현대백화점 신촌점] [브이디엘] 커버스테인 퍼펙팅 쿠션,97.0,no,5,shade_options|color_tone_intensity|finish_texture|suitable_selling,not_attempted,,hi.thehyundai.com,naver_live_offer_title_rule_adapter,https://hi.thehyundai.com/product/40A2004405?ReferCode=429&utm_source=naver_ep&utm_medium=ep_price
naver-56985094799,네이밍,base,8,네이밍 레이어드 핏 쿠션 본품1개 + 리필1개 색상 19N,96.94,no,5,shade_options|color_tone_intensity|finish_texture|suitable_selling|retail_presence,not_attempted,,www.lotteon.com,naver_live_offer_title_rule_adapter,https://www.lotteon.com/p/product/LO2553151302?sitmNo=LO2553151302_2553151303&ch_no=100065&ch_dtl_no=1000030&entryPoint=pcs&dp_infw_cd=CHT
naver-60448370936,투쿨포스쿨,base,8,투쿨포스쿨 에어 핏 쿠션,96.92,no,5,shade_options|color_tone_intensity|finish_texture|suitable_selling|retail_presence,not_attempted,,www.lotteon.com,naver_live_offer_title_rule_adapter,https://www.lotteon.com/p/product/LO2700799021?sitmNo=LO2700799021_2700799022&ch_no=100065&ch_dtl_no=1000030&entryPoint=pcs&dp_infw_cd=CHT
naver-56809639158,롬앤,brow,4,한올 브로우 픽서,96.75,no,4,color_tone_intensity|finish_texture|suitable_selling|retail_presence,collected_complete,fetched,chicor.com,prior_detail_adapter,https://chicor.com/goods/0000000036961?utm_source=naver&utm_medium=cpc&utm_campaign=ep
naver-55696350677,라카,brow,4,픽시 브로우 카라,96.61,no,4,color_tone_intensity|finish_texture|suitable_selling|retail_presence,collected_complete,fetched,chicor.com,prior_detail_adapter,https://chicor.com/goods/5100001953275?utm_source=naver&utm_medium=cpc&utm_campaign=ep
naver-29536721538,정샘물 뷰티,liner,5,정샘물 아티스트 엣지 아이 펜슬,95.75,no,4,shade_options|color_tone_intensity|finish_texture|suitable_selling|retail_presence,collected_partial,fetched,www.jsmbeauty.com,prior_detail_adapter,https://www.jsmbeauty.com/index.html?branduid=2210066&ref=naver_open
naver-60089344274,더샘,brow,4,더샘 에코 소울 아이브로우 키트,95.48,no,5,shade_options|color_tone_intensity|finish_texture|suitable_selling|retail_presence,failed,fetched,www.kshop.co.kr,naver_live_offer_title_rule_adapter,http://www.kshop.co.kr/display/ec/product/5185671?with_code=100025&utm_source=naver_ep&utm_medium=cps&utm_campaign=prd_61_%ED%99%94%EC%9E%A5%ED%92%88%2F%EC%9D%B4%EB%AF%B8%EC%9A%A9_5185671&utm_content=pc
naver-56643537863,에스쁘아,brow,4,[6월 올영픽/NEW 단독기획] 에스쁘아 더브로우 컬러 픽싱 카라 10 Colors,95.31,no,5,shade_options|color_tone_intensity|finish_texture|suitable_selling,failed,http_error,www.oliveyoung.co.kr,do_not_retry_generic_fetch_manual_review,https://www.oliveyoung.co.kr/store/common/partner.do?chlNo=1&chlDtlNo=1&utm_source=naver&utm_medium=shopping_ep&utm_campaign=onpro_ep_product_0101_1231&utm_content=pc_price&sndType=goods&sndVal=A000000183407
naver-83120985002,데이지크,liner,5,데이지크 무드 업 마스카라 롱앤컬 7.5g,95.0,no,5,shade_options|color_tone_intensity|finish_texture|suitable_selling|retail_presence,not_attempted,,smartstore.naver.com,naver_live_offer_title_rule_adapter,https://smartstore.naver.com/main/products/5576488930
naver-55627577636,클리오,liner,2,[NO.1 아이라이너] 클리오 샤프 쏘 심플 워터프루프 펜슬라이너 단품/더블기획,94.97,no,3,color_tone_intensity|finish_texture|suitable_selling,failed,http_error,www.oliveyoung.co.kr,do_not_retry_generic_fetch_manual_review,https://www.oliveyoung.co.kr/store/common/partner.do?chlNo=1&chlDtlNo=1&utm_source=naver&utm_medium=shopping_ep&utm_campaign=onpro_ep_product_0101_1231&utm_content=pc_price&sndType=goods&sndVal=A000000198343
naver-40754408461,롬앤,liner,5,[롬앤] 트윙클 펜 라이너,94.94,no,5,shade_options|color_tone_intensity|finish_texture|suitable_selling|retail_presence,not_attempted,,www.wconcept.co.kr,naver_live_offer_title_rule_adapter,http://www.wconcept.co.kr/Product/303056802?adfrom=naver_ep&utm_source=naver&utm_medium=pcs&utm_campaign=WCONCEPT&utm_content=none&utm_term=none
naver-90977784780,VDL,liner,5,브이디엘 아이메이크업 틴트 멀티메이크업 립스테인 에센셜 오버 라이너 진저베이지 1개 0.35g,94.64,no,5,shade_options|color_tone_intensity|finish_texture|suitable_selling|retail_presence,not_attempted,,smartstore.naver.com,naver_live_offer_title_rule_adapter,https://smartstore.naver.com/main/products/13433274444
naver-35193664590,페리페라,liner,5,페리페라 페리페라 잉크 씬씬 브러쉬라이너,94.55,no,5,shade_options|color_tone_intensity|finish_texture|suitable_selling,not_attempted,,www.lotteimall.com,naver_live_offer_title_rule_adapter,https://www.lotteimall.com/coop/affilGate.lotte?chl_no=141370&chl_dtl_no=2540914&returnUrl=/goods/viewGoodsDetail.lotte?goods_no=1943038218&utm_source=naver&utm_medium=affiliate&utm_campaign=price_compare
naver-60388493059,컬러그램,liner,5,컬러그램 음영 창조 라이너 1+1 20% 음영,94.52,no,5,shade_options|color_tone_intensity|finish_texture|suitable_selling|retail_presence,not_attempted,,www.lotteon.com,naver_live_offer_title_rule_adapter,https://www.lotteon.com/p/product/LO2697919236?sitmNo=LO2697919236_2697919237&ch_no=100065&ch_dtl_no=1000030&entryPoint=pcs&dp_infw_cd=CHT
naver-60505278547,웨이크메이크,liner,5,웨이크메이크 철벽 펜 아이라이너 01 블랙 3개,94.48,no,5,shade_options|color_tone_intensity|finish_texture|suitable_selling|retail_presence,not_attempted,,www.lotteon.com,naver_live_offer_title_rule_adapter,https://www.lotteon.com/p/product/LO2393759402?sitmNo=LO2393759402_2393759403&ch_no=100065&ch_dtl_no=1000030&entryPoint=pcs&dp_infw_cd=CHT
naver-46866314134,클리오,liner,5,[2EA] 클리오 샤프쏘 심플 워터프루프 펜라이너,94.42,no,5,shade_options|color_tone_intensity|finish_texture|suitable_selling|retail_presence,not_attempted,,with.gsshop.com,naver_live_offer_title_rule_adapter,http://with.gsshop.com/alia/aliaGate.gs?media=OB&ecpid=1010927412&vodFlag=N&prdseqnum=1010927412&utm_source=price&utm_medium=affiliate&utm_campaign=naver
naver-60261888436,3CE,liner,5,3CE 마이링 아이라이너,94.36,no,5,shade_options|color_tone_intensity|finish_texture|suitable_selling|retail_presence,not_attempted,,www.lotteon.com,naver_live_offer_title_rule_adapter,https://www.lotteon.com/p/product/LO2477245412?sitmNo=LO2477245412_2477245413&ch_no=100065&ch_dtl_no=1000030&entryPoint=pcs&dp_infw_cd=CHT
naver-42886492872,에뛰드,liner,5,[에뛰드] 라인 픽스 브러쉬 라이너,94.33,no,5,shade_options|color_tone_intensity|finish_texture|suitable_selling|retail_presence,not_attempted,,with.gsshop.com,naver_live_offer_title_rule_adapter,http://with.gsshop.com/alia/aliaGate.gs?media=OB&ecpid=1040222524&vodFlag=N&prdseqnum=1040222524&utm_source=price&utm_medium=affiliate&utm_campaign=naver
naver-60085865596,더샘,liner,5,더샘 샘물 애교살 메이커 04 눈물 글썽 코랄,94.31,no,5,shade_options|color_tone_intensity|finish_texture|suitable_selling|retail_presence,not_attempted,,www.lotteon.com,naver_live_offer_title_rule_adapter,https://www.lotteon.com/p/product/LO2598184387?sitmNo=LO2598184387_2598184388&ch_no=100065&ch_dtl_no=1000030&entryPoint=pcs&dp_infw_cd=CHT
naver-60640171347,라카,liner,5,미출시본품 라카 스테인 립 라이너 0.7g 4종 기획단품 4064965,94.25,no,5,shade_options|color_tone_intensity|finish_texture|suitable_selling|retail_presence,not_attempted,,www.11st.co.kr,naver_live_offer_title_rule_adapter,https://www.11st.co.kr/connect/Gateway.tmall?method=Xsite&prdNo=9460379569&tid=1000000061
naver-60638632249,네이밍,liner,5,단독기획멀티라이너 네이밍 퍼펙테일 아이 디자이닝 펜슬 듀얼 라이너 단품기획 4066217,94.22,no,5,shade_options|color_tone_intensity|finish_texture|suitable_selling|retail_presence,not_attempted,,www.lotteon.com,naver_live_offer_title_rule_adapter,https://www.lotteon.com/p/product/LO2711108281?sitmNo=LO2711108281_2711108283&ch_no=100065&ch_dtl_no=1000030&entryPoint=pcs&dp_infw_cd=CHT
naver-90382367067,컬러그램,brow,4,컬러그램 페이크 래쉬 메이커 01 데일리블랙,94.17,no,5,shade_options|color_tone_intensity|finish_texture|suitable_selling|retail_presence,not_attempted,,smartstore.naver.com,naver_live_offer_title_rule_adapter,https://smartstore.naver.com/main/products/12837856075
naver-60610570188,페리페라,base,9,[페리페라] 브이쉐딩 디테일 003 그레이쉬쿨,94.17,no,5,shade_options|color_tone_intensity|finish_texture|suitable_selling|retail_presence,not_attempted,,redirect.kurly.com,naver_live_offer_title_rule_adapter,https://redirect.kurly.com/entry?utm_source=NaverShopping&utm_medium=2001&utm_term=1002289672&dealNo=1002289669&no=1002289672&kfpartnerID=1000000
naver-56092819208,하트퍼센트,liner,5,[하트퍼센트] 도트 온 무드 젤 아이라이너 펜슬,94.16,no,5,shade_options|color_tone_intensity|finish_texture|suitable_selling|retail_presence,not_attempted,,www.wconcept.co.kr,naver_live_offer_title_rule_adapter,http://www.wconcept.co.kr/Product/307328518?adfrom=naver_ep&utm_source=naver&utm_medium=pcs&utm_campaign=WCONCEPT&utm_content=none&utm_term=none
naver-59922426881,뮤드,liner,5,뮤드 아이래쉬 틴팅 세럼 샷 1개 틴팅 세럼 샷 02 브라운,94.09,no,5,shade_options|color_tone_intensity|finish_texture|suitable_selling|retail_presence,not_attempted,,link.coupang.com,naver_live_offer_title_rule_adapter,https://link.coupang.com/re/PCSNAVERPCSDP?pageKey=9262821893&ctag=9262821893&lptag=V95360629108&itemId=28016631139&vendorItemId=95360629108&spec=10305199
naver-60417917990,데이지크,base,9,DASIQUE [하트컬렉션] 워터 듀이 젤 하트 쿠션 + 수플레 컬러 팟351997,94.08,no,5,shade_options|color_tone_intensity|finish_texture|suitable_selling|retail_presence,not_attempted,,www.lotteon.com,naver_live_offer_title_rule_adapter,https://www.lotteon.com/p/product/LO2698899106?sitmNo=LO2698899106_2698899107&ch_no=100065&ch_dtl_no=1000030&entryPoint=pcs&dp_infw_cd=CHT
naver-57800793314,데이지크,liner,4,[단독기획] 데이지크 무드 업 마스카라 롱앤컬 1+1기획 2 colors,94.0,no,4,shade_options|color_tone_intensity|finish_texture|suitable_selling,failed,http_error,www.oliveyoung.co.kr,do_not_retry_generic_fetch_manual_review,https://www.oliveyoung.co.kr/store/common/partner.do?chlNo=1&chlDtlNo=1&utm_source=naver&utm_medium=shopping_ep&utm_campaign=onpro_ep_product_0101_1231&utm_content=pc_price&sndType=goods&sndVal=A000000180888
naver-57197674315,정샘물 뷰티,base,9,(본품만)정샘물 에센셜 스킨 누더 쿠션 | 셀러허브_뷰티 - 하프클럽,93.94,no,4,shade_options|color_tone_intensity|finish_texture|suitable_selling|retail_presence,collected_partial,fetched,gate.halfclub.com,prior_detail_adapter,http://gate.halfclub.com/naver?site_cd=1&type=detail_pcode&p1=P407860785&partnerid=naverdb
naver-90450902755,페리페라,brow,4,마스카라2개 페리페라 브로우카라 아이브로우 8colors,93.91,no,5,shade_options|color_tone_intensity|finish_texture|suitable_selling|retail_presence,not_attempted,,smartstore.naver.com,naver_live_offer_title_rule_adapter,https://smartstore.naver.com/main/products/12906391763
naver-88088571514,네이밍,brow,4,네이밍 루트릿 아이브로우 펜슬 0.06g (택1),93.75,no,5,shade_options|color_tone_intensity|finish_texture|suitable_selling|retail_presence,not_attempted,,smartstore.naver.com,naver_live_offer_title_rule_adapter,https://smartstore.naver.com/main/products/10544066031
naver-60423167311,데이지크,brow,4,데이지크 프로 디테일 브로우 펜슬 6 colors,93.64,no,5,shade_options|color_tone_intensity|finish_texture|suitable_selling|retail_presence,not_attempted,,www.lotteon.com,naver_live_offer_title_rule_adapter,https://www.lotteon.com/p/product/LO2699547717?sitmNo=LO2699547717_2699547718&ch_no=100065&ch_dtl_no=1000030&entryPoint=pcs&dp_infw_cd=CHT
naver-53267799356,클리오,brow,4,클리오 킬브로우 슬림 애쉬 브로우카라,93.61,no,5,shade_options|color_tone_intensity|finish_texture|suitable_selling|retail_presence,not_attempted,,with.gsshop.com,naver_live_offer_title_rule_adapter,http://with.gsshop.com/alia/aliaGate.gs?media=OB&ecpid=1077278247&vodFlag=N&prdseqnum=1077278247&utm_source=price&utm_medium=affiliate&utm_campaign=naver
naver-55685021849,하트퍼센트,base,9,하트퍼센트 도트 온 무드 레이어 쿠션 파운데이션 21p 7개,93.61,no,5,shade_options|color_tone_intensity|finish_texture|suitable_selling|retail_presence,not_attempted,,link.coupang.com,naver_live_offer_title_rule_adapter,https://link.coupang.com/re/PCSNAVERPCSDP?pageKey=7798975163&ctag=7798975163&lptag=I24695364712&itemId=24695364712&vendorItemId=92118970219&spec=10305199
naver-60638622909,정샘물 뷰티,brow,4,정샘물 마스터클래스 아이브로우 브러쉬 4066805,93.58,no,5,shade_options|color_tone_intensity|finish_texture|suitable_selling|retail_presence,not_attempted,,www.lotteon.com,naver_live_offer_title_rule_adapter,https://www.lotteon.com/p/product/LO2711076790?sitmNo=LO2711076790_2711076791&ch_no=100065&ch_dtl_no=1000030&entryPoint=pcs&dp_infw_cd=CHT
naver-45373225016,3CE,brow,4,(현대Hmall) 3CE 이지 브로우 디자이닝 펜슬,93.55,no,5,shade_options|color_tone_intensity|finish_texture|suitable_selling|retail_presence,not_attempted,,www.lotteon.com,naver_live_offer_title_rule_adapter,https://www.lotteon.com/p/product/LO2248457495?sitmNo=LO2248457495_2248457496&ch_no=100065&ch_dtl_no=1000030&entryPoint=pcs&dp_infw_cd=CHT
naver-59737522495,에뛰드,brow,4,[에뛰드][1 + 1] 드로잉 아이브로우 프로,93.52,no,5,shade_options|color_tone_intensity|finish_texture|suitable_selling|retail_presence,not_attempted,,with.gsshop.com,naver_live_offer_title_rule_adapter,http://with.gsshop.com/alia/aliaGate.gs?media=OB&ecpid=1018107281&vodFlag=N&prdseqnum=1018107281&utm_source=price&utm_medium=affiliate&utm_campaign=naver
naver-60505999269,정샘물 뷰티,base,6,[정샘물뷰티] 정샘물 에센셜 스킨 누더 쿠션 본품 (글로이 틴트 미니),93.48,no,3,shade_options|color_tone_intensity|suitable_selling|retail_presence,failed,http_error,m.a-bly.com,do_not_retry_generic_fetch_manual_review,https://m.a-bly.com/goods/63925179?utm_source=web_naver-shopping&utm_medium=display&utm_campaign=web_naver-shopping&utm_content=63925179
naver-57474649017,투쿨포스쿨,liner,4,[투쿨포스쿨] 그윽트임 스머징 엣지 라이너,93.36,no,4,shade_options|color_tone_intensity|finish_texture|suitable_selling|retail_presence,failed,http_error,m.a-bly.com,do_not_retry_generic_fetch_manual_review,https://m.a-bly.com/goods/54259056?utm_source=web_naver-shopping&utm_medium=display&utm_campaign=web_naver-shopping&utm_content=54259056
naver-54649607623,하트퍼센트,brow,4,[하트퍼센트] 브로우 컬러 체인저,93.33,no,5,shade_options|color_tone_intensity|finish_texture|suitable_selling|retail_presence,not_attempted,,www.wconcept.co.kr,naver_live_offer_title_rule_adapter,http://www.wconcept.co.kr/Product/306909734?adfrom=naver_ep&utm_source=naver&utm_medium=pcs&utm_campaign=WCONCEPT&utm_content=none&utm_term=none
naver-54277596081,에스쁘아,liner,4,[에스쁘아] 아이 오프닝 펜슬,93.31,no,4,shade_options|color_tone_intensity|finish_texture|suitable_selling|retail_presence,failed,http_error,m.a-bly.com,do_not_retry_generic_fetch_manual_review,https://m.a-bly.com/goods/45007138?utm_source=web_naver-shopping&utm_medium=display&utm_campaign=web_naver-shopping&utm_content=45007138
naver-60427923751,뮤드,brow,4,NEW컬러 뮤드 인스파이어 스키니 브로우 카라 10종 단품/기획,93.28,no,5,shade_options|color_tone_intensity|finish_texture|suitable_selling|retail_presence,not_attempted,,www.lotteon.com,naver_live_offer_title_rule_adapter,https://www.lotteon.com/p/product/LO2700000960?sitmNo=LO2700000960_2700000961&ch_no=100065&ch_dtl_no=1000030&entryPoint=pcs&dp_infw_cd=CHT
naver-58612670445,롬앤,base,9,[롬앤] 누 제로 쿠션 15g (본품),93.12,no,5,shade_options|color_tone_intensity|finish_texture|suitable_selling|retail_presence,not_attempted,,www.lotteon.com,naver_live_offer_title_rule_adapter,https://www.lotteon.com/p/product/LO2345525872?sitmNo=LO2345525872_2345525877&ch_no=100065&ch_dtl_no=1000030&entryPoint=pcs&dp_infw_cd=CHT
naver-60565548610,웨이크메이크,base,9,컨실러리필 웨이크메이크 심리스 웨어 쿠션 9COLOR 기획 4044760,93.03,no,5,shade_options|color_tone_intensity|finish_texture|suitable_selling|retail_presence,not_attempted,,www.lotteon.com,naver_live_offer_title_rule_adapter,https://www.lotteon.com/p/product/LO2706823755?sitmNo=LO2706823755_2706823756&ch_no=100065&ch_dtl_no=1000030&entryPoint=pcs&dp_infw_cd=CHT
naver-56740517262,클리오,base,9,클리오 [NEW] 클리오 킬커버 메쉬 글로우 에센셜 쿠션 리필,92.97,no,5,shade_options|color_tone_intensity|finish_texture|suitable_selling,not_attempted,,www.lotteimall.com,naver_live_offer_title_rule_adapter,https://www.lotteimall.com/coop/affilGate.lotte?chl_no=141370&chl_dtl_no=2540914&returnUrl=/goods/viewGoodsDetail.lotte?goods_no=3085214759&utm_source=naver&utm_medium=affiliate&utm_campaign=price_compare
naver-60525518463,3CE,base,9,3CE 핏팅 메쉬 커버 쿠션,92.92,no,5,shade_options|color_tone_intensity|finish_texture|suitable_selling|retail_presence,not_attempted,,display.cjonstyle.com,naver_live_offer_title_rule_adapter,https://display.cjonstyle.com/p/item/2087122048?infl_cd=I0696&utm_medium=pcs&utm_source=naver
naver-56754378318,에뛰드,base,9,[에뛰드] [포시러브] 클라우드 필터 쿠션 미니쿠션 기획세트,92.89,no,5,shade_options|color_tone_intensity|finish_texture|suitable_selling|retail_presence,not_attempted,,with.gsshop.com,naver_live_offer_title_rule_adapter,http://with.gsshop.com/alia/aliaGate.gs?media=OB&ecpid=1092699273&vodFlag=N&prdseqnum=1092699273&utm_source=price&utm_medium=affiliate&utm_campaign=naver
naver-60407013647,더샘,base,9,[온누리상품] 더샘 트루핏 글로우 쿠션 23피칸(본품+리필),92.86,no,5,shade_options|color_tone_intensity|finish_texture|suitable_selling|retail_presence,not_attempted,,www.lotteon.com,naver_live_offer_title_rule_adapter,https://www.lotteon.com/p/product/LO2698608568?sitmNo=LO2698608568_2698608569&ch_no=100065&ch_dtl_no=1000030&entryPoint=pcs&dp_infw_cd=CHT
naver-57705495648,웨이크메이크,brow,3,[NEW/브로우픽서 증정] 웨이크메이크 내추럴 하드 브로우 펜슬 9COLOR (1+1기획),92.84,no,4,shade_options|color_tone_intensity|finish_texture|suitable_selling,failed,http_error,www.oliveyoung.co.kr,do_not_retry_generic_fetch_manual_review,https://www.oliveyoung.co.kr/store/common/partner.do?chlNo=1&chlDtlNo=1&utm_source=naver&utm_medium=shopping_ep&utm_campaign=onpro_ep_product_0101_1231&utm_content=pc_price&sndType=goods&sndVal=A000000178972
naver-60652170605,VDL,base,9,[현대신촌점] [브이디엘]커버스테인 퍼펙팅 쿠션 리필X,92.83,no,5,shade_options|color_tone_intensity|finish_texture|suitable_selling,not_attempted,,www.hmall.com,naver_live_offer_title_rule_adapter,https://www.hmall.com/md/pda/itemPtc?ReferCode=429&slitmCd=2251739622&utm_source=naver&utm_medium=cps_pcs&utm_campaign=sale
naver-60276661522,라카,base,9,라카 NEW 본딩 커버 쿠션 5종 택1,92.8,no,5,shade_options|color_tone_intensity|finish_texture|suitable_selling|retail_presence,not_attempted,,www.lotteon.com,naver_live_offer_title_rule_adapter,https://www.lotteon.com/p/product/LO2692475518?sitmNo=LO2692475518_2692475519&ch_no=100065&ch_dtl_no=1000030&entryPoint=pcs&dp_infw_cd=CHT
naver-57251615906,클리오,brow,3,클리오 킬브로우 쉐이핑파우더브로우,92.78,no,4,shade_options|color_tone_intensity|finish_texture|suitable_selling,failed,http_error,www.oliveyoung.co.kr,do_not_retry_generic_fetch_manual_review,https://www.oliveyoung.co.kr/store/common/partner.do?chlNo=1&chlDtlNo=1&utm_source=naver&utm_medium=shopping_ep&utm_campaign=onpro_ep_product_0101_1231&utm_content=pc_price&sndType=goods&sndVal=A000000205771
naver-56985135436,네이밍,base,9,네이밍 레이어드 핏 쿠션 본품1개 + 리필1개 색상 21Y,92.77,no,5,shade_options|color_tone_intensity|finish_texture|suitable_selling|retail_presence,not_attempted,,www.lotteon.com,naver_live_offer_title_rule_adapter,https://www.lotteon.com/p/product/LO2553151314?sitmNo=LO2553151314_2553151315&ch_no=100065&ch_dtl_no=1000030&entryPoint=pcs&dp_infw_cd=CHT
naver-60470420609,투쿨포스쿨,base,9,투쿨포스쿨 픽싱 듀 쿠션 본품+리필,92.73,no,5,shade_options|color_tone_intensity|finish_texture|suitable_selling|retail_presence,not_attempted,,www.lotteon.com,naver_live_offer_title_rule_adapter,https://www.lotteon.com/p/product/LO2702304810?sitmNo=LO2702304810_2702304814&ch_no=100065&ch_dtl_no=1000030&entryPoint=pcs&dp_infw_cd=CHT
naver-43151010847,롬앤,brow,5,한올 브로우 카라,92.58,no,4,color_tone_intensity|finish_texture|suitable_selling|retail_presence,collected_complete,fetched,chicor.com,prior_detail_adapter,https://chicor.com/goods/0000000089063?utm_source=naver&utm_medium=cpc&utm_campaign=ep
naver-49163519940,에스쁘아,brow,3,[에스쁘아] 더브로우 밸런스 펜슬 2개 세트,92.48,no,4,shade_options|color_tone_intensity|finish_texture|suitable_selling|retail_presence,failed,http_error,m.a-bly.com,do_not_retry_generic_fetch_manual_review,https://m.a-bly.com/goods/16728941?utm_source=web_naver-shopping&utm_medium=display&utm_campaign=web_naver-shopping&utm_content=16728941
naver-60089344030,더샘,brow,5,1+1 더샘 에코 소울 아이브로우 키트,92.31,no,4,color_tone_intensity|finish_texture|suitable_selling|retail_presence,collected_complete,fetched,www.kshop.co.kr,prior_detail_adapter,http://www.kshop.co.kr/display/ec/product/3015749?with_code=100025&utm_source=naver_ep&utm_medium=cps&utm_campaign=prd_61_%ED%99%94%EC%9E%A5%ED%92%88%2F%EC%9D%B4%EB%AF%B8%EC%9A%A9_3015749&utm_content=pc
naver-59489400071,하트퍼센트,brow,5,하트퍼센트 브로우 컬러 체인저 애쉬 브라운,92.16,no,4,color_tone_intensity|finish_texture|suitable_selling|retail_presence,collected_complete,fetched,chicor.com,prior_detail_adapter,https://chicor.com/goods/5100002007500?utm_source=naver&utm_medium=cpc&utm_campaign=ep
naver-83539451185,정샘물 뷰티,liner,6,이런 상품 어때요? 정샘물 아티스트 엣지 아이 펜슬 0.35g,91.75,no,4,shade_options|color_tone_intensity|finish_texture|suitable_selling|retail_presence,collected_partial,fetched,shopping.naver.com,prior_detail_adapter,https://shopping.naver.com/outlink/itemdetail/5994951697
naver-58981432130,페리페라,brow,5,페리페라 스피디 스키니 브로우 8 Colors,91.72,no,5,shade_options|color_tone_intensity|finish_texture|suitable_selling,failed,http_error,www.oliveyoung.co.kr,do_not_retry_generic_fetch_manual_review,https://www.oliveyoung.co.kr/store/common/partner.do?chlNo=1&chlDtlNo=1&utm_source=naver&utm_medium=shopping_ep&utm_campaign=onpro_ep_product_0101_1231&utm_content=pc_price&sndType=goods&sndVal=A000000138671
naver-57918520615,클리오,brow,5,클리오 킬브로우 듀얼 타투펜 기획 (타투펜+리무버펜),91.42,no,5,shade_options|color_tone_intensity|finish_texture|suitable_selling,failed,http_error,www.oliveyoung.co.kr,do_not_retry_generic_fetch_manual_review,https://www.oliveyoung.co.kr/store/common/partner.do?chlNo=1&chlDtlNo=1&utm_source=naver&utm_medium=shopping_ep&utm_campaign=onpro_ep_product_0101_1231&utm_content=pc_price&sndType=goods&sndVal=A000000129242
naver-56976916355,데이지크,liner,6,오션 HD 리퀴드 아이라이너 퍼펙트 블랙+데이지크섀도우 쿨 블렌딩 1개 지급,91.0,no,5,shade_options|color_tone_intensity|finish_texture|suitable_selling|retail_presence,not_attempted,,link.coupang.com,naver_live_offer_title_rule_adapter,https://link.coupang.com/re/PCSNAVERPCSDP?pageKey=9088658799&ctag=9088658799&lptag=I26706865262&itemId=26706865262&vendorItemId=92008070245&spec=10305199
naver-58714453230,라카,base,8,라카 쿠션 커버 파운데이션 벨벳 매트 데일리 메이크업 본딩 | 셀러허브_뷰티 - 하프클럽,90.97,no,3,shade_options|color_tone_intensity|retail_presence,collected_partial,fetched,gate.halfclub.com,prior_detail_adapter,http://gate.halfclub.com/naver?site_cd=1&type=detail_pcode&p1=P416084605&partnerid=naverdb
naver-59386592734,롬앤,liner,6,롬앤 트윙클 펜 라이너 0.5g 1개,90.94,no,5,shade_options|color_tone_intensity|finish_texture|suitable_selling|retail_presence,not_attempted,,search.shopping.naver.com,naver_live_offer_title_rule_adapter,https://search.shopping.naver.com/catalog/59386592734
naver-90991456164,VDL,liner,6,브이디엘 멀티메이크업 메이크업세트 립스테인 에센셜 오버 라이너 피오니베이지 1개 0.35g,90.45,no,5,shade_options|color_tone_intensity|finish_texture|suitable_selling|retail_presence,not_attempted,,smartstore.naver.com,naver_live_offer_title_rule_adapter,https://smartstore.naver.com/main/products/13446945812
naver-42907221743,페리페라,liner,6,페리페라 [NEW컬러출시] 스피디 펜슬 라이너,90.36,no,5,shade_options|color_tone_intensity|finish_texture|suitable_selling|retail_presence,not_attempted,,display.cjonstyle.com,naver_live_offer_title_rule_adapter,https://display.cjonstyle.com/p/item/2021528788?infl_cd=I0696&utm_medium=pcs&utm_source=naver
naver-60388496989,컬러그램,liner,6,컬러그램 음영 창조 라이너 1+1 70% 음영,90.33,no,5,shade_options|color_tone_intensity|finish_texture|suitable_selling|retail_presence,not_attempted,,www.lotteon.com,naver_live_offer_title_rule_adapter,https://www.lotteon.com/p/product/LO2697918823?sitmNo=LO2697918823_2697918824&ch_no=100065&ch_dtl_no=1000030&entryPoint=pcs&dp_infw_cd=CHT
naver-60263588460,웨이크메이크,liner,6,웨이크메이크 철벽 펜 아이라이너 02 브라운 3개,90.31,no,5,shade_options|color_tone_intensity|finish_texture|suitable_selling|retail_presence,not_attempted,,www.lotteon.com,naver_live_offer_title_rule_adapter,https://www.lotteon.com/p/product/LO2393759419?sitmNo=LO2393759419_2393759420&ch_no=100065&ch_dtl_no=1000030&entryPoint=pcs&dp_infw_cd=CHT
naver-46102398851,클리오,liner,6,클리오 [CJ단독/더블구성]샤프 쏘 심플 워터프루프 펜슬 라이너 AD [사은]립앤아이리무버미니,90.25,no,5,shade_options|color_tone_intensity|finish_texture|suitable_selling|retail_presence,not_attempted,,display.cjonstyle.com,naver_live_offer_title_rule_adapter,https://display.cjonstyle.com/p/item/2027641110?infl_cd=I0696&utm_medium=pcs&utm_source=naver
naver-54542546827,3CE,liner,6,3CE 마이링 아이라이너,90.19,no,5,shade_options|color_tone_intensity|finish_texture|suitable_selling|retail_presence,not_attempted,,display.cjonstyle.com,naver_live_offer_title_rule_adapter,https://display.cjonstyle.com/p/item/2056998315?infl_cd=I0696&utm_medium=pcs&utm_source=naver
naver-58812059164,페리페라,base,10,[페리페라] 필터 핏 밀크 톤업쿠션,90.17,no,5,shade_options|color_tone_intensity|finish_texture|suitable_selling|retail_presence,not_attempted,,www.wconcept.co.kr,naver_live_offer_title_rule_adapter,http://www.wconcept.co.kr/Product/308184201?adfrom=naver_ep&utm_source=naver&utm_medium=pcs&utm_campaign=WCONCEPT&utm_content=none&utm_term=none
naver-42867053370,에뛰드,liner,6,에뛰드 라인 픽스 브러쉬 라이너,90.16,no,5,shade_options|color_tone_intensity|finish_texture|suitable_selling|retail_presence,not_attempted,,www.lotteon.com,naver_live_offer_title_rule_adapter,https://www.lotteon.com/p/product/LO2186146400?sitmNo=LO2186146400_2186146401&ch_no=100065&ch_dtl_no=1000030&entryPoint=pcs&dp_infw_cd=CHT
naver-60085869070,더샘,liner,6,더샘 샘물 애교살 메이커 02 눈물 글썽 핑크,90.12,no,5,shade_options|color_tone_intensity|finish_texture|suitable_selling|retail_presence,not_attempted,,www.lotteon.com,naver_live_offer_title_rule_adapter,https://www.lotteon.com/p/product/LO2598180829?sitmNo=LO2598180829_2598180830&ch_no=100065&ch_dtl_no=1000030&entryPoint=pcs&dp_infw_cd=CHT
naver-60463259842,데이지크,base,10,데이지크 워터 듀이 젤 쿠션 3 colors,90.08,no,5,shade_options|color_tone_intensity|finish_texture|suitable_selling|retail_presence,not_attempted,,www.11st.co.kr,naver_live_offer_title_rule_adapter,https://www.11st.co.kr/connect/Gateway.tmall?method=Xsite&prdNo=9430878154&tid=1000000061
naver-91188776808,라카,liner,6,라카 스테인 립 라이너 스웨이드 핑크 2호,90.06,no,5,shade_options|color_tone_intensity|finish_texture|suitable_selling|retail_presence,not_attempted,,smartstore.naver.com,naver_live_offer_title_rule_adapter,https://smartstore.naver.com/main/products/13644266029
naver-60621264209,네이밍,liner,6,[단독기획/멀티라이너] 네이밍 퍼펙테일 아이 디자이닝 펜슬 듀얼 라이너 단품/기획 3474124,90.03,no,5,shade_options|color_tone_intensity|finish_texture|suitable_selling|retail_presence,not_attempted,,www.lotteon.com,naver_live_offer_title_rule_adapter,https://www.lotteon.com/p/product/LO2709770364?sitmNo=LO2709770364_2709770366&ch_no=100065&ch_dtl_no=1000030&entryPoint=pcs&dp_infw_cd=CHT
naver-57395565164,롬앤,base,10,[NEW] 롬앤 | 미피 베어 워터 쿠션 기획/단품 | 올리브영,89.94,no,4,shade_options|color_tone_intensity|finish_texture|suitable_selling,collected_partial,playwright_rendered,www.oliveyoung.co.kr,prior_detail_adapter,https://www.oliveyoung.co.kr/store/common/partner.do?chlNo=1&chlDtlNo=1&utm_source=naver&utm_medium=shopping_ep&utm_campaign=onpro_ep_product_0101_1231&utm_content=pc_price&sndType=goods&sndVal=A000000175792
naver-50254204440,에스쁘아,liner,6,[에스쁘아] 노머징 브러쉬 라이너 2개 SET,89.94,no,5,shade_options|color_tone_intensity|finish_texture|suitable_selling|retail_presence,not_attempted,,with.gsshop.com,naver_live_offer_title_rule_adapter,http://with.gsshop.com/alia/aliaGate.gs?media=OB&ecpid=1063745868&vodFlag=N&prdseqnum=1063745868&utm_source=price&utm_medium=affiliate&utm_campaign=naver
naver-59922315324,뮤드,liner,6,뮤드 아이래쉬 틴팅 세럼 샷 1개 세럼 샷 00 클리어,89.92,no,5,shade_options|color_tone_intensity|finish_texture|suitable_selling|retail_presence,not_attempted,,link.coupang.com,naver_live_offer_title_rule_adapter,https://link.coupang.com/re/PCSNAVERPCSDP?pageKey=8474299176&ctag=8474299176&lptag=V95360629107&itemId=28016631141&vendorItemId=95360629107&spec=10305199
naver-49574002863,VDL,brow,4,VDL 엑스퍼트 스키니 아이브로우 펜슬 눈썹 03 브라운 | 셀러허브_뷰티 - 하프클럽,89.81,no,3,color_tone_intensity|finish_texture|suitable_selling|retail_presence,collected_complete,fetched,gate.halfclub.com,prior_detail_adapter,http://gate.halfclub.com/naver?site_cd=1&type=detail_pcode&p1=P368553305&partnerid=naverdb
naver-90879415661,컬러그램,brow,5,컬러그램 블랙아이라이너 눈썹 아이브로우 음영 창조 라이너 02 30 1개,89.81,no,5,shade_options|color_tone_intensity|finish_texture|suitable_selling|retail_presence,not_attempted,,smartstore.naver.com,naver_live_offer_title_rule_adapter,https://smartstore.naver.com/main/products/13334905329
naver-57799539088,컬러그램,base,10,컬러그램 긱 누드 스킨 틴트 SPF 30 PA++ 메이크업 베이스 자연스러운 피부표현 피부톤보정 촉촉함 1개,89.78,no,5,shade_options|color_tone_intensity|finish_texture|suitable_selling|retail_presence,not_attempted,,link.coupang.com,naver_live_offer_title_rule_adapter,https://link.coupang.com/re/PCSNAVERPCSDP?pageKey=8686509664&ctag=8686509664&lptag=I25260926950&itemId=25260926950&vendorItemId=92256793569&spec=10305199
naver-58176190324,네이밍,brow,5,네이밍 아이브로우 펜슬 브라운 그레이 내추럴 루트릿 듀오 X2,89.75,no,5,shade_options|color_tone_intensity|finish_texture|suitable_selling|retail_presence,not_attempted,,www.11st.co.kr,naver_live_offer_title_rule_adapter,https://www.11st.co.kr/connect/Gateway.tmall?method=Xsite&prdNo=8946768091&tid=1000000061
naver-57715826638,VDL,brow,5,VDL 브로우 펜슬 스키니 메이크업 엑스퍼트 0.05g,89.64,no,5,shade_options|color_tone_intensity|finish_texture|suitable_selling|retail_presence,not_attempted,,www.lotteon.com,naver_live_offer_title_rule_adapter,https://www.lotteon.com/p/product/LO2574287334?sitmNo=LO2574287334_2574287336&ch_no=100065&ch_dtl_no=1000030&entryPoint=pcs&dp_infw_cd=CHT
naver-60650056183,라카,brow,5,LAKA 픽시 브로우 카라 7종 택1,89.58,no,5,shade_options|color_tone_intensity|finish_texture|suitable_selling|retail_presence,not_attempted,,www.lotteon.com,naver_live_offer_title_rule_adapter,https://www.lotteon.com/p/product/LO2712241248?sitmNo=LO2712241248_2712241250&ch_no=100065&ch_dtl_no=1000030&entryPoint=pcs&dp_infw_cd=CHT
naver-39497524451,웨이크메이크,brow,5,웨이크메이크 파우더 젯 듀얼 브로우x2개,89.48,no,5,shade_options|color_tone_intensity|finish_texture|suitable_selling|retail_presence,not_attempted,,www.lotteon.com,naver_live_offer_title_rule_adapter,https://www.lotteon.com/p/product/LO2116316000?sitmNo=LO2116316000_2116316004&ch_no=100065&ch_dtl_no=1000030&entryPoint=pcs&dp_infw_cd=CHT
naver-60417815360,데이지크,brow,5,DASIQUE 프로 디테일 브로우 펜슬352005,89.45,no,5,shade_options|color_tone_intensity|finish_texture|suitable_selling|retail_presence,not_attempted,,www.lotteon.com,naver_live_offer_title_rule_adapter,https://www.lotteon.com/p/product/LO2698902180?sitmNo=LO2698902180_2698902181&ch_no=100065&ch_dtl_no=1000030&entryPoint=pcs&dp_infw_cd=CHT
naver-56058255560,하트퍼센트,base,10,[신세계백화점][화잘먹 치트키] 하트퍼센트 선 베이스 2종,89.42,no,5,shade_options|color_tone_intensity|finish_texture|suitable_selling,not_attempted,,department.ssg.com,naver_live_offer_title_rule_adapter,http://department.ssg.com/item/itemView.ssg?itemId=1000712013195&siteNo=6009&salestrNo=1027&ckwhere=s_naver&appPopYn=n&utm_medium=PCS&utm_source=naver&utm_campaign=naver_pcs
naver-60429896627,정샘물 뷰티,brow,5,정샘물 마스터클래스 아이브로우 브러쉬,89.39,no,5,shade_options|color_tone_intensity|finish_texture|suitable_selling|retail_presence,not_attempted,,www.lotteon.com,naver_live_offer_title_rule_adapter,https://www.lotteon.com/p/product/LO2700135959?sitmNo=LO2700135959_2700135960&ch_no=100065&ch_dtl_no=1000030&entryPoint=pcs&dp_infw_cd=CHT
naver-50383651783,3CE,brow,5,(현대Hmall) [1+1] 3CE 올라운더 브로우,89.36,no,5,shade_options|color_tone_intensity|finish_texture|suitable_selling|retail_presence,not_attempted,,www.lotteon.com,naver_live_offer_title_rule_adapter,https://www.lotteon.com/p/product/LO2247382004?sitmNo=LO2247382004_2247382005&ch_no=100065&ch_dtl_no=1000030&entryPoint=pcs&dp_infw_cd=CHT
naver-59857480008,에뛰드,brow,5,에뛰드 베어 엣지 슬림 브로우 /아이브로우 펜슬 /펜슬브로우,89.33,no,5,shade_options|color_tone_intensity|finish_texture|suitable_selling|retail_presence,not_attempted,,www.lotteon.com,naver_live_offer_title_rule_adapter,https://www.lotteon.com/p/product/LO1546564410?sitmNo=LO1546564410_1546564411&ch_no=100065&ch_dtl_no=1000030&entryPoint=pcs&dp_infw_cd=CHT
naver-59075149243,투쿨포스쿨,liner,5,[투쿨포스쿨] 스머징SET 엣지라이너 + 트임라이너 + 아이글리츠 랜덤,89.19,no,4,shade_options|color_tone_intensity|finish_texture|suitable_selling|retail_presence,failed,http_error,m.a-bly.com,do_not_retry_generic_fetch_manual_review,https://m.a-bly.com/goods/54258887?utm_source=web_naver-shopping&utm_medium=display&utm_campaign=web_naver-shopping&utm_content=54258887
naver-57918559290,에스쁘아,liner,5,에스쁘아 노머징 브러쉬 라이너,89.12,no,4,shade_options|color_tone_intensity|finish_texture|suitable_selling,failed,http_error,www.oliveyoung.co.kr,do_not_retry_generic_fetch_manual_review,https://www.oliveyoung.co.kr/store/common/partner.do?chlNo=1&chlDtlNo=1&utm_source=naver&utm_medium=shopping_ep&utm_campaign=onpro_ep_product_0101_1231&utm_content=pc_price&sndType=goods&sndVal=A000000134324
naver-60207822924,뮤드,brow,5,뮤드 인스파이어 스키니 브로우 카라 (C02 코튼),89.09,no,5,shade_options|color_tone_intensity|finish_texture|suitable_selling|retail_presence,not_attempted,,www.lotteon.com,naver_live_offer_title_rule_adapter,https://www.lotteon.com/p/product/LO2636172135?sitmNo=LO2636172135_2636172136&ch_no=100065&ch_dtl_no=1000030&entryPoint=pcs&dp_infw_cd=CHT
naver-54274654850,에스쁘아,base,7,[에스쁘아] 쁘띠뷰티 비벨벳 커버 쿠션 미니,89.03,no,3,shade_options|color_tone_intensity|suitable_selling|retail_presence,failed,http_error,m.a-bly.com,do_not_retry_generic_fetch_manual_review,https://m.a-bly.com/goods/44527788?utm_source=web_naver-shopping&utm_medium=display&utm_campaign=web_naver-shopping&utm_content=44527788
naver-60450353344,웨이크메이크,base,10,웨이크메이크 심리스 웨어 쿠션 미니 5g SPF50+ / PA+++,88.86,no,5,shade_options|color_tone_intensity|finish_texture|suitable_selling|retail_presence,not_attempted,,www.lotteon.com,naver_live_offer_title_rule_adapter,https://www.lotteon.com/p/product/LO2700908067?sitmNo=LO2700908067_2700908073&ch_no=100065&ch_dtl_no=1000030&entryPoint=pcs&dp_infw_cd=CHT
naver-51292337130,클리오,base,10,클리오 킬커버 메쉬 글로우 쿠션 기획세트 (본품+리필),88.8,no,5,shade_options|color_tone_intensity|finish_texture|suitable_selling|retail_presence,not_attempted,,www.lotteon.com,naver_live_offer_title_rule_adapter,https://www.lotteon.com/p/product/LO2113188290?sitmNo=LO2113188290_2113188292&ch_no=100065&ch_dtl_no=1000030&entryPoint=pcs&dp_infw_cd=CHT
naver-54032289691,컬러그램,base,9,[파데프리템]컬러그램 긱 누드 스킨 틴트 4COLOR,88.78,no,4,shade_options|color_tone_intensity|finish_texture|suitable_selling,failed,http_error,www.oliveyoung.co.kr,do_not_retry_generic_fetch_manual_review,https://www.oliveyoung.co.kr/store/common/partner.do?chlNo=1&chlDtlNo=1&utm_source=naver&utm_medium=shopping_ep&utm_campaign=onpro_ep_product_0101_1231&utm_content=pc_price&sndType=goods&sndVal=A000000223679
naver-45358351905,3CE,base,10,(현대Hmall) 3CE 베어 커버 쿠션,88.73,no,5,shade_options|color_tone_intensity|finish_texture|suitable_selling|retail_presence,not_attempted,,www.lotteon.com,naver_live_offer_title_rule_adapter,https://www.lotteon.com/p/product/LO2247813097?sitmNo=LO2247813097_2247813098&ch_no=100065&ch_dtl_no=1000030&entryPoint=pcs&dp_infw_cd=CHT
naver-56228835430,뮤드,base,9,[뮤드] 소프트 실키 핏 쿠션,88.72,no,4,shade_options|color_tone_intensity|finish_texture|suitable_selling|retail_presence,failed,security_challenge,product.29cm.co.kr,do_not_retry_generic_fetch_manual_review,https://product.29cm.co.kr/catalog/2680771?BSCCN1=2680771&BSCPN=CMCOM&utm_campaign=conversion_navershopping&utm_source=growth_naver&utm_term=2680771&naver_code=naver_ep&utm_content=conversion_navershopping&BSPRG=NAVERSH&utm_medium=display
naver-49163464138,투쿨포스쿨,brow,4,[투쿨포스쿨] 브로우 디자이닝 슬림 펜슬,88.72,no,4,shade_options|color_tone_intensity|finish_texture|suitable_selling|retail_presence,failed,http_error,m.a-bly.com,do_not_retry_generic_fetch_manual_review,https://m.a-bly.com/goods/20825000?utm_source=web_naver-shopping&utm_medium=display&utm_campaign=web_naver-shopping&utm_content=20825000
naver-53466622383,에뛰드,base,10,에뛰드 [기획] 클라우드 필터 쿠션+미니쿠션 세트 /보송한 구름쿠션 /기획세트 /선물세트,88.7,no,5,shade_options|color_tone_intensity|finish_texture|suitable_selling|retail_presence,not_attempted,,www.lotteon.com,naver_live_offer_title_rule_adapter,https://www.lotteon.com/p/product/LO2452572815?sitmNo=LO2452572815_2452572816&ch_no=100065&ch_dtl_no=1000030&entryPoint=pcs&dp_infw_cd=CHT
naver-60407016402,더샘,base,10,[온누리상품] 더샘 커버 퍼펙션 컨실러쿠션 리뉴 (본품+리필)+팁컨실러미니 1종,88.67,no,5,shade_options|color_tone_intensity|finish_texture|suitable_selling|retail_presence,not_attempted,,www.lotteon.com,naver_live_offer_title_rule_adapter,https://www.lotteon.com/p/product/LO2698608555?sitmNo=LO2698608555_2698608556&ch_no=100065&ch_dtl_no=1000030&entryPoint=pcs&dp_infw_cd=CHT
naver-56426874759,웨이크메이크,brow,4,웨이크메이크 파우더 젯 듀얼 브로우 5COLOR,88.67,no,4,shade_options|color_tone_intensity|finish_texture|suitable_selling,failed,http_error,www.oliveyoung.co.kr,do_not_retry_generic_fetch_manual_review,https://www.oliveyoung.co.kr/store/common/partner.do?chlNo=1&chlDtlNo=1&utm_source=naver&utm_medium=shopping_ep&utm_campaign=onpro_ep_product_0101_1231&utm_content=pc_price&sndType=goods&sndVal=A000000197861
naver-25514674524,VDL,base,10,[VDL] 엑스퍼트 퍼펙트 핏 쿠션,88.64,no,5,shade_options|color_tone_intensity|finish_texture|suitable_selling|retail_presence,not_attempted,,with.gsshop.com,naver_live_offer_title_rule_adapter,http://with.gsshop.com/alia/aliaGate.gs?media=OB&ecpid=66916425&vodFlag=N&prdseqnum=66916425&utm_source=price&utm_medium=affiliate&utm_campaign=naver
naver-60415376965,라카,base,10,매장정품 LAKA 본딩 커버 쿠션 (5종 택1),88.61,no,5,shade_options|color_tone_intensity|finish_texture|suitable_selling|retail_presence,not_attempted,,www.lotteon.com,naver_live_offer_title_rule_adapter,https://www.lotteon.com/p/product/LO2698815054?sitmNo=LO2698815054_2698815055&ch_no=100065&ch_dtl_no=1000030&entryPoint=pcs&dp_infw_cd=CHT
naver-56985061920,네이밍,base,10,네이밍 레이어드 핏 쿠션 본품1개 + 리필1개 색상 17Y,88.58,no,5,shade_options|color_tone_intensity|finish_texture|suitable_selling|retail_presence,not_attempted,,www.lotteon.com,naver_live_offer_title_rule_adapter,https://www.lotteon.com/p/product/LO2553151323?sitmNo=LO2553151323_2553151324&ch_no=100065&ch_dtl_no=1000030&entryPoint=pcs&dp_infw_cd=CHT
naver-60448216033,투쿨포스쿨,base,10,NEW 투쿨포스쿨 픽싱 커버 핏 쿠션 + 리필 기획,88.56,no,5,shade_options|color_tone_intensity|finish_texture|suitable_selling|retail_presence,not_attempted,,www.lotteon.com,naver_live_offer_title_rule_adapter,https://www.lotteon.com/p/product/LO2700808135?sitmNo=LO2700808135_2700808136&ch_no=100065&ch_dtl_no=1000030&entryPoint=pcs&dp_infw_cd=CHT
naver-55712261509,하트퍼센트,brow,6,도트 온 무드 엣지 앤 플랫 아이브로우,87.97,no,4,color_tone_intensity|finish_texture|suitable_selling|retail_presence,collected_complete,fetched,chicor.com,prior_detail_adapter,https://chicor.com/goods/0000000117319?utm_source=naver&utm_medium=cpc&utm_campaign=ep
naver-59488816742,에스쁘아,base,9,[에스쁘아] 결커버 실크 스킨 레이어 쿠션,87.67,no,4,shade_options|color_tone_intensity|finish_texture|suitable_selling|retail_presence,failed,http_error,m.a-bly.com,do_not_retry_generic_fetch_manual_review,https://m.a-bly.com/goods/65908938?utm_source=web_naver-shopping&utm_medium=display&utm_campaign=web_naver-shopping&utm_content=65908938
naver-56414757409,에스쁘아,brow,6,[올리브영 단독/포켓뷰티] 에스쁘아 더브로우 컬러 픽싱 카라 미니 2g,86.94,no,5,shade_options|color_tone_intensity|finish_texture|suitable_selling,failed,http_error,www.oliveyoung.co.kr,do_not_retry_generic_fetch_manual_review,https://www.oliveyoung.co.kr/store/common/partner.do?chlNo=1&chlDtlNo=1&utm_source=naver&utm_medium=shopping_ep&utm_campaign=onpro_ep_product_0101_1231&utm_content=pc_price&sndType=goods&sndVal=A000000232526
naver-60417748485,데이지크,liner,7,DASIQUE 무드 업 마스카라 롱앤컬352009,86.81,no,5,shade_options|color_tone_intensity|finish_texture|suitable_selling|retail_presence,not_attempted,,www.lotteon.com,naver_live_offer_title_rule_adapter,https://www.lotteon.com/p/product/LO2698903287?sitmNo=LO2698903287_2698903288&ch_no=100065&ch_dtl_no=1000030&entryPoint=pcs&dp_infw_cd=CHT
naver-47864158629,롬앤,liner,7,[롬앤] [NEW] 더 유니버스 리퀴드 글리터 4colors,86.75,no,5,shade_options|color_tone_intensity|finish_texture|suitable_selling|retail_presence,not_attempted,,www.wconcept.co.kr,naver_live_offer_title_rule_adapter,http://www.wconcept.co.kr/Product/305873822?adfrom=naver_ep&utm_source=naver&utm_medium=pcs&utm_campaign=WCONCEPT&utm_content=none&utm_term=none
naver-89112026268,VDL,brow,6,이런 상품 어때요? [롯데영등포] VDL 엑스퍼트 스키니 브로우 펜슬 0.5g,86.64,no,4,shade_options|color_tone_intensity|finish_texture|suitable_selling|retail_presence,collected_partial,fetched,shopping.naver.com,prior_detail_adapter,https://shopping.naver.com/outlink/itemdetail/11567515862
naver-80537405733,정샘물 뷰티,liner,7,정샘물 아티스트 콜 펜 라이너 0.4ml (2종컬러),86.58,no,5,shade_options|color_tone_intensity|finish_texture|suitable_selling|retail_presence,not_attempted,,smartstore.naver.com,naver_live_offer_title_rule_adapter,https://smartstore.naver.com/main/products/3039661627
naver-60567397090,VDL,liner,7,VDL 립스테인 에센셜 오버 라이너 3종 4044670,86.28,no,5,shade_options|color_tone_intensity|finish_texture|suitable_selling|retail_presence,not_attempted,,www.11st.co.kr,naver_live_offer_title_rule_adapter,https://www.11st.co.kr/connect/Gateway.tmall?method=Xsite&prdNo=9448292086&tid=1000000061
naver-59603978759,페리페라,liner,7,[페리페라] [2EA] 스피디 스키니 브러쉬 라이너,86.19,no,5,shade_options|color_tone_intensity|finish_texture|suitable_selling|retail_presence,not_attempted,,www.wconcept.co.kr,naver_live_offer_title_rule_adapter,http://www.wconcept.co.kr/Product/308478412?adfrom=naver_ep&utm_source=naver&utm_medium=pcs&utm_campaign=WCONCEPT&utm_content=none&utm_term=none
naver-60388493053,컬러그램,liner,7,컬러그램 음영 창조 라이너 1+1 70% 그레이,86.16,no,5,shade_options|color_tone_intensity|finish_texture|suitable_selling|retail_presence,not_attempted,,www.lotteon.com,naver_live_offer_title_rule_adapter,https://www.lotteon.com/p/product/LO2697918507?sitmNo=LO2697918507_2697918508&ch_no=100065&ch_dtl_no=1000030&entryPoint=pcs&dp_infw_cd=CHT
naver-60263589691,웨이크메이크,liner,7,웨이크메이크 철벽 펜 아이라이너 03 다크 브라운 3개,86.12,no,5,shade_options|color_tone_intensity|finish_texture|suitable_selling|retail_presence,not_attempted,,www.lotteon.com,naver_live_offer_title_rule_adapter,https://www.lotteon.com/p/product/LO2393759436?sitmNo=LO2393759436_2393759437&ch_no=100065&ch_dtl_no=1000030&entryPoint=pcs&dp_infw_cd=CHT
naver-50062074979,클리오,liner,7,클리오 [NEW] 수퍼프루프 브러쉬라이너 킬 애쉬,86.06,no,5,shade_options|color_tone_intensity|finish_texture|suitable_selling,not_attempted,,www.lotteimall.com,naver_live_offer_title_rule_adapter,https://www.lotteimall.com/coop/affilGate.lotte?chl_no=141370&chl_dtl_no=2540914&returnUrl=/goods/viewGoodsDetail.lotte?goods_no=2745564556&utm_source=naver&utm_medium=affiliate&utm_campaign=price_compare
naver-49557121920,3CE,liner,7,3CE 소프트 뮤트 펜슬 라이너,86.0,no,5,shade_options|color_tone_intensity|finish_texture|suitable_selling|retail_presence,not_attempted,,www.lotteon.com,naver_live_offer_title_rule_adapter,https://www.lotteon.com/p/product/LO2346324312?sitmNo=LO2346324312_2346324313&ch_no=100065&ch_dtl_no=1000030&entryPoint=pcs&dp_infw_cd=CHT
naver-58471691671,에뛰드,liner,7,에뛰드 내추럴리 주근깨 펜 /애교점 /눈밑점 /주근깨 연출 라이너,85.97,no,5,shade_options|color_tone_intensity|finish_texture|suitable_selling|retail_presence,not_attempted,,www.lotteon.com,naver_live_offer_title_rule_adapter,https://www.lotteon.com/p/product/LO2601052948?sitmNo=LO2601052948_2601052949&ch_no=100065&ch_dtl_no=1000030&entryPoint=pcs&dp_infw_cd=CHT
naver-51165031441,하트퍼센트,liner,6,도트 온 무드 컨투어 아이라이너 슬림,85.97,no,3,color_tone_intensity|finish_texture|suitable_selling|retail_presence,collected_complete,fetched,chicor.com,prior_detail_adapter,https://chicor.com/goods/0000000107919?utm_source=naver&utm_medium=cpc&utm_campaign=ep
naver-60085866129,더샘,liner,7,더샘 샘물 애교살 메이커 04 눈물 글썽 코랄 2개,85.94,no,5,shade_options|color_tone_intensity|finish_texture|suitable_selling|retail_presence,not_attempted,,www.lotteon.com,naver_live_offer_title_rule_adapter,https://www.lotteon.com/p/product/LO2598181067?sitmNo=LO2598181067_2598181068&ch_no=100065&ch_dtl_no=1000030&entryPoint=pcs&dp_infw_cd=CHT
naver-60274175095,라카,liner,7,본품 라카 스테인 립 라이너 0.7g 4종 /단품 301637,85.89,no,5,shade_options|color_tone_intensity|finish_texture|suitable_selling|retail_presence,not_attempted,,www.11st.co.kr,naver_live_offer_title_rule_adapter,https://www.11st.co.kr/connect/Gateway.tmall?method=Xsite&prdNo=9397422680&tid=1000000061
naver-60638631588,네이밍,liner,7,철벽고정단독기획 네이밍 퍼펙테일 아이 디자이닝 펜슬 슬림 라이너 단품기획 4066194,85.86,no,5,shade_options|color_tone_intensity|finish_texture|suitable_selling|retail_presence,not_attempted,,www.lotteon.com,naver_live_offer_title_rule_adapter,https://www.lotteon.com/p/product/LO2711110081?sitmNo=LO2711110081_2711110082&ch_no=100065&ch_dtl_no=1000030&entryPoint=pcs&dp_infw_cd=CHT
naver-60564144824,하트퍼센트,liner,7,하트퍼센트 도트 온 무드 컨투어 아이라이너 슬림 5002347,85.8,no,5,shade_options|color_tone_intensity|finish_texture|suitable_selling|retail_presence,not_attempted,,www.lotteon.com,naver_live_offer_title_rule_adapter,https://www.lotteon.com/p/product/LO2706695128?sitmNo=LO2706695128_2706695129&ch_no=100065&ch_dtl_no=1000030&entryPoint=pcs&dp_infw_cd=CHT
naver-54542216582,에스쁘아,liner,7,[에스쁘아] 아이 오프닝 펜슬,85.77,no,5,shade_options|color_tone_intensity|finish_texture|suitable_selling|retail_presence,not_attempted,,with.gsshop.com,naver_live_offer_title_rule_adapter,http://with.gsshop.com/alia/aliaGate.gs?media=OB&ecpid=1081972483&vodFlag=N&prdseqnum=1081972483&utm_source=price&utm_medium=affiliate&utm_campaign=naver
naver-59222565444,뮤드,liner,7,뮤드 아이래쉬 틴팅 세럼 샷 1개 세럼 샷 00 클리어,85.73,no,5,shade_options|color_tone_intensity|finish_texture|suitable_selling|retail_presence,not_attempted,,link.coupang.com,naver_live_offer_title_rule_adapter,https://link.coupang.com/re/PCSNAVERPCSDP?pageKey=8474299176&ctag=8474299176&lptag=I28016631141&itemId=28016631141&vendorItemId=95335701913&spec=10305199
naver-58862149966,페리페라,brow,6,[페리페라] [2EA] 스피디 스키니 브로우 카라,85.55,no,5,shade_options|color_tone_intensity|finish_texture|suitable_selling|retail_presence,not_attempted,,www.wconcept.co.kr,naver_live_offer_title_rule_adapter,http://www.wconcept.co.kr/Product/308209702?adfrom=naver_ep&utm_source=naver&utm_medium=pcs&utm_campaign=WCONCEPT&utm_content=none&utm_term=none
naver-90001235923,컬러그램,brow,6,컬러그램 누디 블러 립펜슬 0.4g,85.52,no,5,shade_options|color_tone_intensity|finish_texture|suitable_selling|retail_presence,not_attempted,,smartstore.naver.com,naver_live_offer_title_rule_adapter,https://smartstore.naver.com/main/products/12456725176
naver-51883692316,네이밍,brow,6,[네이밍] 루트릿 아이브로우 펜슬 듀오 8809562558781,85.39,no,5,shade_options|color_tone_intensity|finish_texture|suitable_selling|retail_presence,not_attempted,,link.musinsa.com,naver_live_offer_title_rule_adapter,https://link.musinsa.com/app/goods/4608785?utm_source=naver_jisicshopping&utm_medium=sh&source=NVSH&utm_term={keyword}&utm_content={ad_group}
naver-52466581152,롬앤,brow,6,[롬앤] 한올 브로우 카라x2,85.39,no,5,shade_options|color_tone_intensity|finish_texture|suitable_selling|retail_presence,not_attempted,,www.wconcept.co.kr,naver_live_offer_title_rule_adapter,http://www.wconcept.co.kr/Product/305923814?adfrom=naver_ep&utm_source=naver&utm_medium=pcs&utm_campaign=WCONCEPT&utm_content=none&utm_term=none
naver-59689950917,투쿨포스쿨,brow,6,2EA 투쿨포스쿨 블리치 브로우 카라 3.4g 2colors 464061,85.36,no,5,shade_options|color_tone_intensity|finish_texture|suitable_selling|retail_presence,not_attempted,,www.lotteon.com,naver_live_offer_title_rule_adapter,https://www.lotteon.com/p/product/LO2658251138?sitmNo=LO2658251138_2658251139&ch_no=100065&ch_dtl_no=1000030&entryPoint=pcs&dp_infw_cd=CHT
naver-60505279240,웨이크메이크,brow,6,웨이크메이크 파우더 젯 듀얼 브로우 07 뉴트럴 브라운 2개,85.31,no,5,shade_options|color_tone_intensity|finish_texture|suitable_selling|retail_presence,not_attempted,,www.lotteon.com,naver_live_offer_title_rule_adapter,https://www.lotteon.com/p/product/LO2336578742?sitmNo=LO2336578742_2336578743&ch_no=100065&ch_dtl_no=1000030&entryPoint=pcs&dp_infw_cd=CHT
naver-60417822502,데이지크,brow,6,DASIQUE 프로 슬림 브로우 카라351985,85.28,no,5,shade_options|color_tone_intensity|finish_texture|suitable_selling|retail_presence,not_attempted,,www.lotteon.com,naver_live_offer_title_rule_adapter,https://www.lotteon.com/p/product/LO2698954105?sitmNo=LO2698954105_2698954106&ch_no=100065&ch_dtl_no=1000030&entryPoint=pcs&dp_infw_cd=CHT
naver-60642526074,라카,brow,6,라카 픽시 브로우 카라 로즈버건디 6호,85.25,no,5,shade_options|color_tone_intensity|finish_texture|suitable_selling|retail_presence,not_attempted,,www.lotteon.com,naver_live_offer_title_rule_adapter,https://www.lotteon.com/p/product/LO2711791357?sitmNo=LO2711791357_2711791358&ch_no=100065&ch_dtl_no=1000030&entryPoint=pcs&dp_infw_cd=CHT
naver-43474416049,클리오,brow,6,[2EA]클리오킬브로우 듀얼 타투펜,85.25,no,5,shade_options|color_tone_intensity|finish_texture|suitable_selling|retail_presence,not_attempted,,with.gsshop.com,naver_live_offer_title_rule_adapter,http://with.gsshop.com/alia/aliaGate.gs?media=OB&ecpid=1041803050&vodFlag=N&prdseqnum=1041803050&utm_source=price&utm_medium=affiliate&utm_campaign=naver
naver-58532633071,정샘물 뷰티,brow,6,정샘물 마스터클래스 아이브로우 브러쉬,85.22,no,5,shade_options|color_tone_intensity|finish_texture|suitable_selling|retail_presence,not_attempted,,www.lotteon.com,naver_live_offer_title_rule_adapter,https://www.lotteon.com/p/product/LO2605810185?sitmNo=LO2605810185_2605810186&ch_no=100065&ch_dtl_no=1000030&entryPoint=pcs&dp_infw_cd=CHT
naver-45370784272,3CE,brow,6,(현대Hmall) 3CE 올라운더 브로우,85.19,no,5,shade_options|color_tone_intensity|finish_texture|suitable_selling|retail_presence,not_attempted,,www.lotteon.com,naver_live_offer_title_rule_adapter,https://www.lotteon.com/p/product/LO2247422179?sitmNo=LO2247422179_2247422180&ch_no=100065&ch_dtl_no=1000030&entryPoint=pcs&dp_infw_cd=CHT
naver-59737535500,에뛰드,brow,6,[에뛰드] 베어 엣지 슬림 브로우,85.16,no,5,shade_options|color_tone_intensity|finish_texture|suitable_selling|retail_presence,not_attempted,,with.gsshop.com,naver_live_offer_title_rule_adapter,http://with.gsshop.com/alia/aliaGate.gs?media=OB&ecpid=94900682&vodFlag=N&prdseqnum=94900682&utm_source=price&utm_medium=affiliate&utm_campaign=naver
naver-59662310836,더샘,brow,6,더샘 [더샘][뉴코아 울산점] 샘물 아트룩 아이브로우 02 딥 브라운,85.12,no,5,shade_options|color_tone_intensity|finish_texture|suitable_selling,not_attempted,,www.lotteimall.com,naver_live_offer_title_rule_adapter,https://www.lotteimall.com/coop/affilGate.lotte?chl_no=141370&chl_dtl_no=2540914&returnUrl=/goods/viewGoodsDetail.lotte?goods_no=3290910330&utm_source=naver&utm_medium=affiliate&utm_campaign=price_compare
naver-49163539910,투쿨포스쿨,liner,6,[투쿨포스쿨] ONLY ONLINE 아트클래스 글램 언더 라이너,85.0,no,4,shade_options|color_tone_intensity|finish_texture|suitable_selling|retail_presence,failed,http_error,m.a-bly.com,do_not_retry_generic_fetch_manual_review,https://m.a-bly.com/goods/3915881?utm_source=web_naver-shopping&utm_medium=display&utm_campaign=web_naver-shopping&utm_content=3915881
naver-60099907928,뮤드,brow,6,뮤드 인스파이어 스키니 브로우 카라 버니 P01호,84.92,no,5,shade_options|color_tone_intensity|finish_texture|suitable_selling|retail_presence,not_attempted,,www.lotteon.com,naver_live_offer_title_rule_adapter,https://www.lotteon.com/p/product/LO2682607473?sitmNo=LO2682607473_2682607474&ch_no=100065&ch_dtl_no=1000030&entryPoint=pcs&dp_infw_cd=CHT
naver-55777949508,에스쁘아,base,8,[기름종이쿠션/퍼프 3매 추가 증정 기획] 에스쁘아 비벨벳 세범컷 쿨링 쿠션 15.8g,84.86,no,3,shade_options|color_tone_intensity|suitable_selling,failed,http_error,www.oliveyoung.co.kr,do_not_retry_generic_fetch_manual_review,https://www.oliveyoung.co.kr/store/common/partner.do?chlNo=1&chlDtlNo=1&utm_source=naver&utm_medium=shopping_ep&utm_campaign=onpro_ep_product_0101_1231&utm_content=pc_price&sndType=goods&sndVal=A000000230386
naver-49596375862,VDL,brow,7,VDL 아이 파인 내추럴 브로우 카라 01 그레이브라운 | 셀러허브_뷰티 - 하프클럽,84.61,no,4,color_tone_intensity|finish_texture|suitable_selling|retail_presence,collected_complete,fetched,gate.halfclub.com,prior_detail_adapter,http://gate.halfclub.com/naver?site_cd=1&type=detail_pcode&p1=P368679009&partnerid=naverdb
naver-49163567809,투쿨포스쿨,brow,5,[투쿨포스쿨] 아트클래스 브로우 디자이닝 펜슬,84.55,no,4,shade_options|color_tone_intensity|finish_texture|suitable_selling|retail_presence,failed,http_error,m.a-bly.com,do_not_retry_generic_fetch_manual_review,https://m.a-bly.com/goods/3092650?utm_source=web_naver-shopping&utm_medium=display&utm_campaign=web_naver-shopping&utm_content=3092650
naver-55381719519,에스쁘아,brow,5,[납작브로우] 에스쁘아 더브로우 이지 쉐이핑 펜슬 5 colors,84.12,no,4,shade_options|color_tone_intensity|finish_texture|suitable_selling,failed,http_error,www.oliveyoung.co.kr,do_not_retry_generic_fetch_manual_review,https://www.oliveyoung.co.kr/store/common/partner.do?chlNo=1&chlDtlNo=1&utm_source=naver&utm_medium=shopping_ep&utm_campaign=onpro_ep_product_0101_1231&utm_content=pc_price&sndType=goods&sndVal=A000000207415
naver-58075109138,하트퍼센트,brow,7,하트퍼센트 도트 온 무드 페이크업 브로우카라,83.8,no,4,color_tone_intensity|finish_texture|suitable_selling|retail_presence,collected_complete,fetched,chicor.com,prior_detail_adapter,https://chicor.com/goods/5100002007487?utm_source=naver&utm_medium=cpc&utm_campaign=ep
naver-49163582154,정샘물 뷰티,base,10,[정샘물뷰티] 정샘물 스킨 누더 쿠션 컨실러 10g (더블 엣지 퍼프 2매),83.77,no,4,shade_options|color_tone_intensity|finish_texture|suitable_selling|retail_presence,failed,http_error,m.a-bly.com,do_not_retry_generic_fetch_manual_review,https://m.a-bly.com/goods/14948575?utm_source=web_naver-shopping&utm_medium=display&utm_campaign=web_naver-shopping&utm_content=14948575
naver-57253044815,에스쁘아,base,10,[에스쁘아] 비내추럴 쿠션 SPF50+ PA++++(본품+리필),83.5,no,4,shade_options|color_tone_intensity|finish_texture|suitable_selling|retail_presence,failed,http_error,m.a-bly.com,do_not_retry_generic_fetch_manual_review,https://m.a-bly.com/goods/44987554?utm_source=web_naver-shopping&utm_medium=display&utm_campaign=web_naver-shopping&utm_content=44987554
naver-58626392722,데이지크,brow,7,[데이지크] 프로 슬림 브로우 카라,83.09,no,5,shade_options|color_tone_intensity|finish_texture|suitable_selling|retail_presence,failed,http_error,m.a-bly.com,do_not_retry_generic_fetch_manual_review,https://m.a-bly.com/goods/60258625?utm_source=web_naver-shopping&utm_medium=display&utm_campaign=web_naver-shopping&utm_content=60258625
naver-14429151094,정샘물 뷰티,liner,8,정샘물 아티스트 콜 펜 라이너,83.03,no,4,shade_options|color_tone_intensity|finish_texture|suitable_selling|retail_presence,collected_partial,fetched,www.jsmbeauty.com,prior_detail_adapter,https://www.jsmbeauty.com/index.html?branduid=2152173&ref=naver_open
naver-55919421906,데이지크,liner,8,데이지크 무드 업 마스카라 롱앤컬 블랙,82.81,no,5,shade_options|color_tone_intensity|finish_texture|suitable_selling|retail_presence,not_attempted,,search.shopping.naver.com,naver_live_offer_title_rule_adapter,https://search.shopping.naver.com/catalog/55919421906
naver-59386616306,롬앤,liner,8,롬앤 더 유니버스 리퀴드 글리터 1개,82.58,no,5,shade_options|color_tone_intensity|finish_texture|suitable_selling|retail_presence,not_attempted,,search.shopping.naver.com,naver_live_offer_title_rule_adapter,https://search.shopping.naver.com/catalog/59386616306
naver-90983046686,VDL,liner,8,브이디엘 멀티메이크업 메이크업세트 립스테인 에센셜 오버 라이너 피오니베이지 1개 0.35g,82.28,no,5,shade_options|color_tone_intensity|finish_texture|suitable_selling|retail_presence,not_attempted,,smartstore.naver.com,naver_live_offer_title_rule_adapter,https://smartstore.naver.com/main/products/13438536334
naver-35192637560,페리페라,liner,8,페리페라 [페리페라] 잉크 씬씬 브러쉬라이너,82.0,no,5,shade_options|color_tone_intensity|finish_texture|suitable_selling|retail_presence,not_attempted,,www.lotteon.com,naver_live_offer_title_rule_adapter,https://www.lotteon.com/p/product/LI1943038218?sitmNo=LI1943038218_1&ch_no=100065&ch_dtl_no=1000030&entryPoint=pcs&dp_infw_cd=CHT
naver-60388493036,컬러그램,liner,8,컬러그램 음영 창조 라이너 1+1 30% 음영,81.97,no,5,shade_options|color_tone_intensity|finish_texture|suitable_selling|retail_presence,not_attempted,,www.lotteon.com,naver_live_offer_title_rule_adapter,https://www.lotteon.com/p/product/LO2697919068?sitmNo=LO2697919068_2697919069&ch_no=100065&ch_dtl_no=1000030&entryPoint=pcs&dp_infw_cd=CHT
naver-48900228185,웨이크메이크,liner,8,웨이크메이크 리얼 애쉬 펜슬 라이너 0.14g - /R 아이라이너,81.94,no,5,shade_options|color_tone_intensity|finish_texture|suitable_selling|retail_presence,not_attempted,,www.lotteon.com,naver_live_offer_title_rule_adapter,https://www.lotteon.com/p/product/LO2332803232?sitmNo=LO2332803232_2332803237&ch_no=100065&ch_dtl_no=1000030&entryPoint=pcs&dp_infw_cd=CHT
naver-59603979937,클리오,liner,8,[클리오] [젤라이너] 익스트림 젤프레소 펜슬라이너,81.89,no,5,shade_options|color_tone_intensity|finish_texture|suitable_selling|retail_presence,not_attempted,,www.wconcept.co.kr,naver_live_offer_title_rule_adapter,http://www.wconcept.co.kr/Product/308478706?adfrom=naver_ep&utm_source=naver&utm_medium=pcs&utm_campaign=WCONCEPT&utm_content=none&utm_term=none
naver-54510303834,3CE,liner,8,(현대Hmall) 3CE 마이링 아이라이너,81.83,no,5,shade_options|color_tone_intensity|finish_texture|suitable_selling|retail_presence,not_attempted,,www.lotteon.com,naver_live_offer_title_rule_adapter,https://www.lotteon.com/p/product/LO2476596566?sitmNo=LO2476596566_2476596567&ch_no=100065&ch_dtl_no=1000030&entryPoint=pcs&dp_infw_cd=CHT
naver-59029487518,에뛰드,liner,8,에뛰드 프루프 10 젤 펜슬 -1호 또렷한블랙,81.8,no,5,shade_options|color_tone_intensity|finish_texture|suitable_selling|retail_presence,not_attempted,,www.lotteon.com,naver_live_offer_title_rule_adapter,https://www.lotteon.com/p/product/LO2375439861?sitmNo=LO2375439861_2375439862&ch_no=100065&ch_dtl_no=1000030&entryPoint=pcs&dp_infw_cd=CHT
naver-60085864923,더샘,liner,8,더샘 샘물 애교살 메이커 02 눈물 글썽 핑크 3개,81.77,no,5,shade_options|color_tone_intensity|finish_texture|suitable_selling|retail_presence,not_attempted,,www.lotteon.com,naver_live_offer_title_rule_adapter,https://www.lotteon.com/p/product/LO2598180888?sitmNo=LO2598180888_2598180889&ch_no=100065&ch_dtl_no=1000030&entryPoint=pcs&dp_infw_cd=CHT
naver-59222273040,뮤드,liner,8,뮤드 아이래쉬 틴팅 세럼 샷 1개 틴팅 세럼 샷 02 브라운,81.73,no,5,shade_options|color_tone_intensity|finish_texture|suitable_selling|retail_presence,not_attempted,,link.coupang.com,naver_live_offer_title_rule_adapter,https://link.coupang.com/re/PCSNAVERPCSDP?pageKey=9262821893&ctag=9262821893&lptag=I28016631139&itemId=28016631139&vendorItemId=95335701911&spec=10305199
naver-60625830850,라카,liner,8,라카 스테인 립 라이너 벨벳아워 5호,81.7,no,5,shade_options|color_tone_intensity|finish_texture|suitable_selling|retail_presence,not_attempted,,www.11st.co.kr,naver_live_offer_title_rule_adapter,https://www.11st.co.kr/connect/Gateway.tmall?method=Xsite&prdNo=9456037098&tid=1000000061
naver-60688056071,네이밍,liner,8,하루철벽고정&멀티라이너 네이밍 퍼펙테일 아이 디자이닝 펜슬 슬림듀얼라이너 단품&기획 4075739,81.67,no,5,shade_options|color_tone_intensity|finish_texture|suitable_selling|retail_presence,not_attempted,,www.lotteon.com,naver_live_offer_title_rule_adapter,https://www.lotteon.com/p/product/LO2713474401?sitmNo=LO2713474401_2713474403&ch_no=100065&ch_dtl_no=1000030&entryPoint=pcs&dp_infw_cd=CHT
naver-60638631143,하트퍼센트,liner,8,NEW 하트퍼센트 도트 온 무드 컨투어 아이라이너 슬림 8colors 4066433,81.61,no,5,shade_options|color_tone_intensity|finish_texture|suitable_selling|retail_presence,not_attempted,,www.lotteon.com,naver_live_offer_title_rule_adapter,https://www.lotteon.com/p/product/LO2711085847?sitmNo=LO2711085847_2711085848&ch_no=100065&ch_dtl_no=1000030&entryPoint=pcs&dp_infw_cd=CHT
naver-60436738439,에스쁘아,liner,8,사면확장/아이라이너 에스쁘아 아이 오프닝 펜슬 0.3g,81.58,no,5,shade_options|color_tone_intensity|finish_texture|suitable_selling|retail_presence,not_attempted,,www.lotteon.com,naver_live_offer_title_rule_adapter,https://www.lotteon.com/p/product/LO2700267357?sitmNo=LO2700267357_2700267358&ch_no=100065&ch_dtl_no=1000030&entryPoint=pcs&dp_infw_cd=CHT
naver-90878591805,컬러그램,brow,7,컬러그램 워터프루프 눈썹 음영 창조 라이너 03 70 1개,81.52,no,5,shade_options|color_tone_intensity|finish_texture|suitable_selling|retail_presence,not_attempted,,smartstore.naver.com,naver_live_offer_title_rule_adapter,https://smartstore.naver.com/main/products/13334081473
naver-90382566039,네이밍,brow,7,네이밍 아이브로우 펜슬 브라운 그레이 내추럴 루트릿 듀오 X2,81.39,no,5,shade_options|color_tone_intensity|finish_texture|suitable_selling|retail_presence,not_attempted,,smartstore.naver.com,naver_live_offer_title_rule_adapter,https://smartstore.naver.com/main/products/12838055047
naver-89881836198,투쿨포스쿨,brow,7,[2EA] 투쿨포스쿨 블리치 브로우 카라 3.4g 2colors,81.36,no,5,shade_options|color_tone_intensity|finish_texture|suitable_selling|retail_presence,not_attempted,,smartstore.naver.com,naver_live_offer_title_rule_adapter,https://smartstore.naver.com/main/products/12337325481
naver-46866368331,페리페라,brow,7,페리페라 [2개] 스피디 스키니 아이브로우,81.36,no,5,shade_options|color_tone_intensity|finish_texture|suitable_selling|retail_presence,not_attempted,,with.gsshop.com,naver_live_offer_title_rule_adapter,http://with.gsshop.com/alia/aliaGate.gs?media=OB&ecpid=1018653187&vodFlag=N&prdseqnum=1018653187&utm_source=price&utm_medium=affiliate&utm_campaign=naver
naver-53922043201,롬앤,brow,7,롬앤 한올 샤프 브로우,81.22,no,5,shade_options|color_tone_intensity|finish_texture|suitable_selling|retail_presence,not_attempted,,www.lotteon.com,naver_live_offer_title_rule_adapter,https://www.lotteon.com/p/product/LO2464667354?sitmNo=LO2464667354_2464667355&ch_no=100065&ch_dtl_no=1000030&entryPoint=pcs&dp_infw_cd=CHT
naver-60263587028,웨이크메이크,brow,7,웨이크메이크 파우더 젯 듀얼 브로우 09 그레이 브라운,81.12,no,5,shade_options|color_tone_intensity|finish_texture|suitable_selling|retail_presence,not_attempted,,www.lotteon.com,naver_live_offer_title_rule_adapter,https://www.lotteon.com/p/product/LO2336578561?sitmNo=LO2336578561_2336578562&ch_no=100065&ch_dtl_no=1000030&entryPoint=pcs&dp_infw_cd=CHT
naver-58714566756,클리오,brow,7,[클리오] 킬브로우 오토 하드 브로우 펜슬,81.06,no,5,shade_options|color_tone_intensity|finish_texture|suitable_selling|retail_presence,not_attempted,,www.wconcept.co.kr,naver_live_offer_title_rule_adapter,http://www.wconcept.co.kr/Product/308157251?adfrom=naver_ep&utm_source=naver&utm_medium=pcs&utm_campaign=WCONCEPT&utm_content=none&utm_term=none
naver-57742215180,정샘물 뷰티,brow,7,정샘물 아이 브로우 브러쉬 스크류 마스터클래스,81.03,no,5,shade_options|color_tone_intensity|finish_texture|suitable_selling|retail_presence,not_attempted,,www.lotteon.com,naver_live_offer_title_rule_adapter,https://www.lotteon.com/p/product/LO2575440554?sitmNo=LO2575440554_2575440555&ch_no=100065&ch_dtl_no=1000030&entryPoint=pcs&dp_infw_cd=CHT
naver-42621304087,3CE,brow,7,[쓰리씨이] [3CE]올 라운더 브로우,81.0,no,5,shade_options|color_tone_intensity|finish_texture|suitable_selling|retail_presence,not_attempted,,www.lotteon.com,naver_live_offer_title_rule_adapter,https://www.lotteon.com/p/product/LI2321004387?sitmNo=LI2321004387_1&ch_no=100065&ch_dtl_no=1000030&entryPoint=pcs&dp_infw_cd=CHT
naver-59952584660,에뛰드,brow,7,[에뛰드] 드로잉 아이즈 컬러링 브로우카라,80.97,no,5,shade_options|color_tone_intensity|finish_texture|suitable_selling|retail_presence,not_attempted,,with.gsshop.com,naver_live_offer_title_rule_adapter,http://with.gsshop.com/alia/aliaGate.gs?media=OB&ecpid=1103162652&vodFlag=N&prdseqnum=1103162652&utm_source=price&utm_medium=affiliate&utm_campaign=naver
naver-53654682448,더샘,brow,7,[현대백화점 커넥트현대] [더샘] 에코 소울 아이브로우 키트 01 내추럴 브라운,80.94,no,5,shade_options|color_tone_intensity|finish_texture|suitable_selling,not_attempted,,hi.thehyundai.com,naver_live_offer_title_rule_adapter,https://hi.thehyundai.com/product/40A2075007?ReferCode=429&utm_source=naver_ep&utm_medium=ep_price
naver-60642526244,라카,brow,7,라카 픽시 브로우 카라 체스트넛 3호,80.89,no,5,shade_options|color_tone_intensity|finish_texture|suitable_selling|retail_presence,not_attempted,,www.lotteon.com,naver_live_offer_title_rule_adapter,https://www.lotteon.com/p/product/LO2711792100?sitmNo=LO2711792100_2711792101&ch_no=100065&ch_dtl_no=1000030&entryPoint=pcs&dp_infw_cd=CHT
naver-49163456798,투쿨포스쿨,liner,7,[투쿨포스쿨] 아트클래스 픽싱 젤 라이너,80.83,no,4,shade_options|color_tone_intensity|finish_texture|suitable_selling|retail_presence,failed,http_error,m.a-bly.com,do_not_retry_generic_fetch_manual_review,https://m.a-bly.com/goods/3092642?utm_source=web_naver-shopping&utm_medium=display&utm_campaign=web_naver-shopping&utm_content=3092642
naver-60095219603,뮤드,brow,7,뮤드 인스파이어 스키니 브로우 카라 3.2g,80.73,no,5,shade_options|color_tone_intensity|finish_texture|suitable_selling|retail_presence,not_attempted,,www.lotteon.com,naver_live_offer_title_rule_adapter,https://www.lotteon.com/p/product/LO2681908644?sitmNo=LO2681908644_2681908645&ch_no=100065&ch_dtl_no=1000030&entryPoint=pcs&dp_infw_cd=CHT
naver-51746493778,데이지크,liner,9,한국화장품 오션 HD 붓펜 아이라이너+데이지크 새도우13호 쿨 블랜딩 1개 지급 다크브라운,78.81,no,5,shade_options|color_tone_intensity|finish_texture|suitable_selling|retail_presence,not_attempted,,link.coupang.com,naver_live_offer_title_rule_adapter,https://link.coupang.com/re/PCSNAVERPCSDP?pageKey=8485856413&ctag=8485856413&lptag=I24558921901&itemId=24558921901&vendorItemId=91571164929&spec=10305199
naver-56328927509,뮤드,base,10,뮤드 소프트 실키 핏 쿠션,78.72,no,2,color_tone_intensity|retail_presence,collected_complete,fetched,chicor.com,prior_detail_adapter,https://chicor.com/goods/0000000100219?utm_source=naver&utm_medium=cpc&utm_campaign=ep
naver-58748277681,롬앤,liner,9,롬앤 한올 아이팟 라이너 01 브라운 토프 5g 2개,78.22,no,5,shade_options|color_tone_intensity|finish_texture|suitable_selling|retail_presence,not_attempted,,link.coupang.com,naver_live_offer_title_rule_adapter,https://link.coupang.com/re/PCSNAVERPCSDP?pageKey=9327708235&ctag=9327708235&lptag=I27660792630&itemId=27660792630&vendorItemId=94623091911&spec=10305197
naver-58958633372,VDL,liner,9,VDL 립스테인 에센셜 오버 라이너 3종 176577,78.09,no,5,shade_options|color_tone_intensity|finish_texture|suitable_selling|retail_presence,not_attempted,,www.11st.co.kr,naver_live_offer_title_rule_adapter,https://www.11st.co.kr/connect/Gateway.tmall?method=Xsite&prdNo=9120181314&tid=1000000061
naver-58331491162,페리페라,liner,9,페리페라 스피디 스키니 브러쉬 라이너,77.83,no,5,shade_options|color_tone_intensity|finish_texture|suitable_selling|retail_presence,not_attempted,,with.gsshop.com,naver_live_offer_title_rule_adapter,http://with.gsshop.com/alia/aliaGate.gs?media=OB&ecpid=1102590765&vodFlag=N&prdseqnum=1102590765&utm_source=price&utm_medium=affiliate&utm_campaign=naver
naver-60388492442,컬러그램,liner,9,컬러그램 음영 창조 라이너 1+1 30% 그레이,77.8,no,5,shade_options|color_tone_intensity|finish_texture|suitable_selling|retail_presence,not_attempted,,www.lotteon.com,naver_live_offer_title_rule_adapter,https://www.lotteon.com/p/product/LO2697918669?sitmNo=LO2697918669_2697918670&ch_no=100065&ch_dtl_no=1000030&entryPoint=pcs&dp_infw_cd=CHT
naver-83539661590,정샘물 뷰티,liner,9,정샘물 아티스트 브로우 쉐이더 슬림 1개 (펜슬 0.05g 크림 0.18g/3종컬러),77.67,no,5,shade_options|color_tone_intensity|finish_texture|suitable_selling|retail_presence,not_attempted,,smartstore.naver.com,naver_live_offer_title_rule_adapter,https://smartstore.naver.com/main/products/5995162102
naver-45370084263,3CE,liner,9,(현대Hmall) 3CE 소프트 뮤트 펜슬 라이너,77.64,no,5,shade_options|color_tone_intensity|finish_texture|suitable_selling|retail_presence,not_attempted,,www.lotteon.com,naver_live_offer_title_rule_adapter,https://www.lotteon.com/p/product/LO2247500700?sitmNo=LO2247500700_2247500701&ch_no=100065&ch_dtl_no=1000030&entryPoint=pcs&dp_infw_cd=CHT
naver-34537651696,에뛰드,liner,9,에뛰드 드로잉쇼 브러쉬 라이너,77.61,no,5,shade_options|color_tone_intensity|finish_texture|suitable_selling|retail_presence,not_attempted,,www.lotteon.com,naver_live_offer_title_rule_adapter,https://www.lotteon.com/p/product/LO1209457862?sitmNo=LO1209457862_1209457863&ch_no=100065&ch_dtl_no=1000030&entryPoint=pcs&dp_infw_cd=CHT
naver-60085865311,더샘,liner,9,더샘 샘물 애교살 메이커 02 눈물 글썽 핑크 2개,77.58,no,5,shade_options|color_tone_intensity|finish_texture|suitable_selling|retail_presence,not_attempted,,www.lotteon.com,naver_live_offer_title_rule_adapter,https://www.lotteon.com/p/product/LO2598180858?sitmNo=LO2598180858_2598180859&ch_no=100065&ch_dtl_no=1000030&entryPoint=pcs&dp_infw_cd=CHT
naver-60625655482,라카,liner,9,라카 스테인 립 라이너 베어메모리 1호,77.53,no,5,shade_options|color_tone_intensity|finish_texture|suitable_selling|retail_presence,not_attempted,,www.11st.co.kr,naver_live_offer_title_rule_adapter,https://www.11st.co.kr/connect/Gateway.tmall?method=Xsite&prdNo=9456038301&tid=1000000061
naver-60600143190,네이밍,liner,9,네이밍 퍼펙테일 듀얼 아이 라이너 피오니 핑크 X2개,77.5,no,5,shade_options|color_tone_intensity|finish_texture|suitable_selling|retail_presence,not_attempted,,www.lotteon.com,naver_live_offer_title_rule_adapter,https://www.lotteon.com/p/product/LO2586663200?sitmNo=LO2586663200_2586663201&ch_no=100065&ch_dtl_no=1000030&entryPoint=pcs&dp_infw_cd=CHT
naver-60081146672,VDL,brow,8,브이디엘 엑스퍼트 스키니 브로우 펜슬 0.05g 03 브라운 1개,77.45,no,5,shade_options|color_tone_intensity|finish_texture|suitable_selling|retail_presence,not_attempted,,link.coupang.com,naver_live_offer_title_rule_adapter,https://link.coupang.com/re/PCSNAVERPCSDP?pageKey=83369065&ctag=83369065&lptag=I264446918&itemId=264446918&vendorItemId=91472923139&spec=10305199
naver-60638630692,하트퍼센트,liner,9,리우 NEW 기획 하트퍼센트 도트 온 무드 젤 아이라이너 펜슬 0.5g 10종 4066208,77.44,no,5,shade_options|color_tone_intensity|finish_texture|suitable_selling|retail_presence,not_attempted,,www.lotteon.com,naver_live_offer_title_rule_adapter,https://www.lotteon.com/p/product/LO2711108988?sitmNo=LO2711108988_2711108989&ch_no=100065&ch_dtl_no=1000030&entryPoint=pcs&dp_infw_cd=CHT
naver-60429673240,에스쁘아,liner,9,에스쁘아 노머징 브러쉬 라이너,77.41,no,5,shade_options|color_tone_intensity|finish_texture|suitable_selling|retail_presence,not_attempted,,www.lotteon.com,naver_live_offer_title_rule_adapter,https://www.lotteon.com/p/product/LO2700101837?sitmNo=LO2700101837_2700101838&ch_no=100065&ch_dtl_no=1000030&entryPoint=pcs&dp_infw_cd=CHT
naver-60461799694,뮤드,liner,9,[NEW] 뮤드 아이래쉬 틴팅 세럼 샷 3종 중 택1(단품/기획) [단품]틴팅 세럼 샷 02 브라운,77.38,no,5,shade_options|color_tone_intensity|finish_texture|suitable_selling|retail_presence,not_attempted,,link.coupang.com,naver_live_offer_title_rule_adapter,https://link.coupang.com/re/PCSNAVERPCSDP?pageKey=9387520604&ctag=9387520604&lptag=I28673269322&itemId=28673269322&vendorItemId=95615126264&spec=10305199
naver-90797012322,컬러그램,brow,8,[1+1] 컬러그램 누디 블러 립펜슬 0.4g 2개 골라담기,77.33,no,5,shade_options|color_tone_intensity|finish_texture|suitable_selling|retail_presence,not_attempted,,smartstore.naver.com,naver_live_offer_title_rule_adapter,https://smartstore.naver.com/main/products/13252501990
naver-59689911058,투쿨포스쿨,brow,8,2EA 투쿨포스쿨 아트클래스 브로우 디자이닝 슬림 펜슬 0.04g 3colors 463916,77.19,no,5,shade_options|color_tone_intensity|finish_texture|suitable_selling|retail_presence,not_attempted,,www.lotteon.com,naver_live_offer_title_rule_adapter,https://www.lotteon.com/p/product/LO2658246955?sitmNo=LO2658246955_2658246956&ch_no=100065&ch_dtl_no=1000030&entryPoint=pcs&dp_infw_cd=CHT
naver-46865568891,페리페라,brow,8,[NEW COLOR]페리페라 스피디 스키니 브로우,77.19,no,5,shade_options|color_tone_intensity|finish_texture|suitable_selling|retail_presence,not_attempted,,with.gsshop.com,naver_live_offer_title_rule_adapter,http://with.gsshop.com/alia/aliaGate.gs?media=OB&ecpid=31309730&vodFlag=N&prdseqnum=31309730&utm_source=price&utm_medium=affiliate&utm_campaign=naver
naver-90237713821,네이밍,brow,8,네이밍 루트릿 아이브로우 펜슬 듀오,77.03,no,5,shade_options|color_tone_intensity|finish_texture|suitable_selling|retail_presence,not_attempted,,smartstore.naver.com,naver_live_offer_title_rule_adapter,https://smartstore.naver.com/main/products/12693202897
naver-54859828855,롬앤,brow,8,[롬앤] 한올 브로우 픽서,77.03,no,5,shade_options|color_tone_intensity|finish_texture|suitable_selling|retail_presence,not_attempted,,www.wconcept.co.kr,naver_live_offer_title_rule_adapter,http://www.wconcept.co.kr/Product/301447391?adfrom=naver_ep&utm_source=naver&utm_medium=pcs&utm_campaign=WCONCEPT&utm_content=none&utm_term=none
naver-60263586920,웨이크메이크,brow,8,웨이크메이크 파우더 젯 듀얼 브로우 06 딥 브라운,76.94,no,5,shade_options|color_tone_intensity|finish_texture|suitable_selling|retail_presence,not_attempted,,www.lotteon.com,naver_live_offer_title_rule_adapter,https://www.lotteon.com/p/product/LO2207609026?sitmNo=LO2207609026_2207609027&ch_no=100065&ch_dtl_no=1000030&entryPoint=pcs&dp_infw_cd=CHT
naver-28608134792,정샘물 뷰티,brow,8,정샘물 마스터클래스 브로우 브러쉬,76.86,no,5,shade_options|color_tone_intensity|finish_texture|suitable_selling|retail_presence,not_attempted,,with.gsshop.com,naver_live_offer_title_rule_adapter,http://with.gsshop.com/alia/aliaGate.gs?media=OB&ecpid=95951211&vodFlag=N&prdseqnum=95951211&utm_source=price&utm_medium=affiliate&utm_campaign=naver
naver-40049795709,3CE,brow,8,3CE 이지 브로우 디자이닝 펜슬,76.83,no,5,shade_options|color_tone_intensity|finish_texture|suitable_selling|retail_presence,not_attempted,,www.lotteon.com,naver_live_offer_title_rule_adapter,https://www.lotteon.com/p/product/LO2125194600?sitmNo=LO2125194600_2125194602&ch_no=100065&ch_dtl_no=1000030&entryPoint=pcs&dp_infw_cd=CHT
naver-50800094739,에뛰드,brow,8,에뛰드 드로잉 아이브로우 프로 3개 SET /펜슬아이브로우 /눈썹펜슬,76.8,no,5,shade_options|color_tone_intensity|finish_texture|suitable_selling|retail_presence,not_attempted,,www.lotteon.com,naver_live_offer_title_rule_adapter,https://www.lotteon.com/p/product/LO2373923972?sitmNo=LO2373923972_2373923973&ch_no=100065&ch_dtl_no=1000030&entryPoint=pcs&dp_infw_cd=CHT
naver-60387189250,더샘,brow,8,[온누리상품] 더샘 에코 소울 디자이닝 아이브로우,76.77,no,5,shade_options|color_tone_intensity|finish_texture|suitable_selling|retail_presence,not_attempted,,www.lotteon.com,naver_live_offer_title_rule_adapter,https://www.lotteon.com/p/product/LO2697839603?sitmNo=LO2697839603_2697839604&ch_no=100065&ch_dtl_no=1000030&entryPoint=pcs&dp_infw_cd=CHT
naver-60642526437,라카,brow,8,라카 픽시 브로우 카라 스모키핑크 4호,76.7,no,5,shade_options|color_tone_intensity|finish_texture|suitable_selling|retail_presence,not_attempted,,www.lotteon.com,naver_live_offer_title_rule_adapter,https://www.lotteon.com/p/product/LO2711791617?sitmNo=LO2711791617_2711791618&ch_no=100065&ch_dtl_no=1000030&entryPoint=pcs&dp_infw_cd=CHT
naver-60638931582,투쿨포스쿨,liner,8,[투쿨포스쿨] 라이너 꿀조합 프리즘 라이너 +글램 언더 라이너 (+ 클렌징 패드 ),76.64,no,4,shade_options|color_tone_intensity|finish_texture|suitable_selling|retail_presence,failed,http_error,m.a-bly.com,do_not_retry_generic_fetch_manual_review,https://m.a-bly.com/goods/70957794?utm_source=web_naver-shopping&utm_medium=display&utm_campaign=web_naver-shopping&utm_content=70957794
naver-54646374092,하트퍼센트,brow,8,[하트퍼센트] 도트 온 무드 엣지 앤 플랫 아이브로우,76.61,no,5,shade_options|color_tone_intensity|finish_texture|suitable_selling|retail_presence,not_attempted,,www.wconcept.co.kr,naver_live_offer_title_rule_adapter,http://www.wconcept.co.kr/Product/306905705?adfrom=naver_ep&utm_source=naver&utm_medium=pcs&utm_campaign=WCONCEPT&utm_content=none&utm_term=none
naver-60099906976,뮤드,brow,8,뮤드 인스파이어 스키니 브로우 카라 뮤트 넛 B02호,76.56,no,5,shade_options|color_tone_intensity|finish_texture|suitable_selling|retail_presence,not_attempted,,www.lotteon.com,naver_live_offer_title_rule_adapter,https://www.lotteon.com/p/product/LO2682608462?sitmNo=LO2682608462_2682608463&ch_no=100065&ch_dtl_no=1000030&entryPoint=pcs&dp_infw_cd=CHT
naver-58331572830,에스쁘아,brow,7,[올영단독/더블기획] 에스쁘아 더브로우 밸런스 펜슬 0.1g 4colors 2개입,75.77,no,4,shade_options|color_tone_intensity|finish_texture|suitable_selling,failed,http_error,www.oliveyoung.co.kr,do_not_retry_generic_fetch_manual_review,https://www.oliveyoung.co.kr/store/common/partner.do?chlNo=1&chlDtlNo=1&utm_source=naver&utm_medium=shopping_ep&utm_campaign=onpro_ep_product_0101_1231&utm_content=pc_price&sndType=goods&sndVal=A000000230941
naver-60638631225,데이지크,liner,10,단독기획 데이지크 무드 업 마스카라 롱앤컬 1+1기획 2 colors 4066279,74.64,no,5,shade_options|color_tone_intensity|finish_texture|suitable_selling|retail_presence,not_attempted,,www.lotteon.com,naver_live_offer_title_rule_adapter,https://www.lotteon.com/p/product/LO2711102430?sitmNo=LO2711102430_2711102431&ch_no=100065&ch_dtl_no=1000030&entryPoint=pcs&dp_infw_cd=CHT
naver-83539661589,정샘물 뷰티,liner,10,이런 상품 어때요? 정샘물 아티스트 브로우 쉐이더 슬림 1개 (펜슬 0.05g 크림 0.18g/3종컬러),74.5,no,4,shade_options|color_tone_intensity|finish_texture|suitable_selling|retail_presence,collected_partial,fetched,shopping.naver.com,prior_detail_adapter,https://shopping.naver.com/outlink/itemdetail/5995162101
naver-82425859169,VDL,brow,9,이런 상품 어때요? VDL 엑스퍼트 스키니 브로우 펜슬 (0.05g),74.28,no,4,shade_options|color_tone_intensity|finish_texture|suitable_selling|retail_presence,collected_partial,fetched,shopping.naver.com,prior_detail_adapter,https://shopping.naver.com/outlink/itemdetail/4881335698
naver-90977780592,VDL,liner,10,브이디엘 멀티메이크업 메이크업세트 립스테인 에센셜 오버 라이너 피오니베이지 1개 0.35g,74.09,no,5,shade_options|color_tone_intensity|finish_texture|suitable_selling|retail_presence,not_attempted,,smartstore.naver.com,naver_live_offer_title_rule_adapter,https://smartstore.naver.com/main/products/13433270256
naver-58604840416,롬앤,liner,10,[NEW/ 롬앤] 한올 아이팟 라이너,74.03,no,5,shade_options|color_tone_intensity|finish_texture|suitable_selling|retail_presence,not_attempted,,www.11st.co.kr,naver_live_offer_title_rule_adapter,https://www.11st.co.kr/connect/Gateway.tmall?method=Xsite&prdNo=8977558499&tid=1000000061
naver-58328191713,페리페라,liner,10,페리페라 [NEW] 페리페라 스피디 스키니 브러쉬 라이너,73.64,no,5,shade_options|color_tone_intensity|finish_texture|suitable_selling,not_attempted,,www.lotteimall.com,naver_live_offer_title_rule_adapter,https://www.lotteimall.com/coop/affilGate.lotte?chl_no=141370&chl_dtl_no=2540914&returnUrl=/goods/viewGoodsDetail.lotte?goods_no=3177480445&utm_source=naver&utm_medium=affiliate&utm_campaign=price_compare
naver-60388493495,컬러그램,liner,10,컬러그램 음영 창조 라이너 1+1 30% 썬브라운,73.61,no,5,shade_options|color_tone_intensity|finish_texture|suitable_selling|retail_presence,not_attempted,,www.lotteon.com,naver_live_offer_title_rule_adapter,https://www.lotteon.com/p/product/LO2697918011?sitmNo=LO2697918011_2697918012&ch_no=100065&ch_dtl_no=1000030&entryPoint=pcs&dp_infw_cd=CHT
naver-60690780257,웨이크메이크,liner,10,웨이크메이크 철벽 브러쉬 아이라이너 0.6g [단품/1+1],73.58,no,5,shade_options|color_tone_intensity|finish_texture|suitable_selling|retail_presence,not_attempted,,www.lotteon.com,naver_live_offer_title_rule_adapter,https://www.lotteon.com/p/product/LO2714089637?sitmNo=LO2714089637_2714089638&ch_no=100065&ch_dtl_no=1000030&entryPoint=pcs&dp_infw_cd=CHT
naver-46102421655,클리오,liner,10,클리오 [NEW COLOR 추가] 샤프 쏘 심플 워터프루프 펜슬 라이너,73.53,no,5,shade_options|color_tone_intensity|finish_texture|suitable_selling|retail_presence,not_attempted,,display.cjonstyle.com,naver_live_offer_title_rule_adapter,https://display.cjonstyle.com/p/item/2027641022?infl_cd=I0696&utm_medium=pcs&utm_source=naver
naver-55536075892,3CE,liner,10,[쓰리씨이] [3CE]소프트 뮤트 펜슬 라이너,73.47,no,5,shade_options|color_tone_intensity|finish_texture|suitable_selling|retail_presence,not_attempted,,www.lotteon.com,naver_live_offer_title_rule_adapter,https://www.lotteon.com/p/product/LI2321012303?sitmNo=LI2321012303_1&ch_no=100065&ch_dtl_no=1000030&entryPoint=pcs&dp_infw_cd=CHT
naver-58518245766,에뛰드,liner,10,프루프 10 젤 방수 펜슬 /펜슬라이너 /펜슬 아이라이너,73.44,no,5,shade_options|color_tone_intensity|finish_texture|suitable_selling,not_attempted,,www.shinsegaetvshopping.com,naver_live_offer_title_rule_adapter,https://www.shinsegaetvshopping.com/display/detail/91073995?inMediaCode=EC12&ckwhere=naverep
naver-60085863710,더샘,liner,10,더샘 샘물 애교살 메이커 04 눈물 글썽 코랄 3개,73.41,no,5,shade_options|color_tone_intensity|finish_texture|suitable_selling|retail_presence,not_attempted,,www.lotteon.com,naver_live_offer_title_rule_adapter,https://www.lotteon.com/p/product/LO2598181108?sitmNo=LO2598181108_2598181109&ch_no=100065&ch_dtl_no=1000030&entryPoint=pcs&dp_infw_cd=CHT
naver-60625711512,라카,liner,10,라카 스테인 립 라이너 번트브라운 8호,73.34,no,5,shade_options|color_tone_intensity|finish_texture|suitable_selling|retail_presence,not_attempted,,www.11st.co.kr,naver_live_offer_title_rule_adapter,https://www.11st.co.kr/connect/Gateway.tmall?method=Xsite&prdNo=9456036005&tid=1000000061
naver-60600143703,네이밍,liner,10,네이밍 퍼펙테일 듀얼 아이 라이너 베이비 피치 X2개,73.31,no,5,shade_options|color_tone_intensity|finish_texture|suitable_selling|retail_presence,not_attempted,,www.lotteon.com,naver_live_offer_title_rule_adapter,https://www.lotteon.com/p/product/LO2586663249?sitmNo=LO2586663249_2586663250&ch_no=100065&ch_dtl_no=1000030&entryPoint=pcs&dp_infw_cd=CHT
naver-60427922969,하트퍼센트,liner,10,NEW 하트퍼센트 도트 온 무드 컨투어 아이라이너 슬림 8colors,73.25,no,5,shade_options|color_tone_intensity|finish_texture|suitable_selling|retail_presence,not_attempted,,www.lotteon.com,naver_live_offer_title_rule_adapter,https://www.lotteon.com/p/product/LO2700001263?sitmNo=LO2700001263_2700001264&ch_no=100065&ch_dtl_no=1000030&entryPoint=pcs&dp_infw_cd=CHT
naver-60691158684,에스쁘아,liner,10,에스쁘아 아이 오프닝 펜슬 오트 베이지,73.22,no,5,shade_options|color_tone_intensity|finish_texture|suitable_selling|retail_presence,not_attempted,,www.lotteon.com,naver_live_offer_title_rule_adapter,https://www.lotteon.com/p/product/LO2714115085?sitmNo=LO2714115085_2714115086&ch_no=100065&ch_dtl_no=1000030&entryPoint=pcs&dp_infw_cd=CHT
naver-60461931372,뮤드,liner,10,[NEW] 뮤드 아이래쉬 틴팅 세럼 샷 3종 중 택1(단품/기획) [단품]세럼 샷 00 클리어,73.19,no,5,shade_options|color_tone_intensity|finish_texture|suitable_selling|retail_presence,not_attempted,,link.coupang.com,naver_live_offer_title_rule_adapter,https://link.coupang.com/re/PCSNAVERPCSDP?pageKey=9387520604&ctag=9387520604&lptag=I28673269323&itemId=28673269323&vendorItemId=95615126263&spec=10305199
naver-90121519488,투쿨포스쿨,brow,9,태그 파우더 브로우 키트 3.3g 2호 내추럴 브라운,73.19,no,5,shade_options|color_tone_intensity|finish_texture|suitable_selling|retail_presence,not_attempted,,smartstore.naver.com,naver_live_offer_title_rule_adapter,https://smartstore.naver.com/main/products/12577008632
naver-90001244349,컬러그램,brow,9,[SET] 컬러그램 누디 블러 립펜슬 5종세트,73.16,no,5,shade_options|color_tone_intensity|finish_texture|suitable_selling|retail_presence,not_attempted,,smartstore.naver.com,naver_live_offer_title_rule_adapter,https://smartstore.naver.com/main/products/12456733602
naver-32681563549,페리페라,brow,9,NEW COLOR 페리페라 스피디 스키니 브로우 마스카라,73.0,no,5,shade_options|color_tone_intensity|finish_texture|suitable_selling|retail_presence,not_attempted,,with.gsshop.com,naver_live_offer_title_rule_adapter,http://with.gsshop.com/alia/aliaGate.gs?media=OB&ecpid=1013462363&vodFlag=N&prdseqnum=1013462363&utm_source=price&utm_medium=affiliate&utm_campaign=naver
naver-89449950045,네이밍,brow,9,네이밍 루트릿 아이브로우 펜슬 다크브라운,72.86,no,5,shade_options|color_tone_intensity|finish_texture|suitable_selling|retail_presence,not_attempted,,smartstore.naver.com,naver_live_offer_title_rule_adapter,https://smartstore.naver.com/main/products/11905439436
naver-29153142323,롬앤,brow,9,[롬앤] 한올 플랫+샤프브로우 2종,72.86,no,5,shade_options|color_tone_intensity|finish_texture|suitable_selling|retail_presence,not_attempted,,www.wconcept.co.kr,naver_live_offer_title_rule_adapter,http://www.wconcept.co.kr/Product/301486129?adfrom=naver_ep&utm_source=naver&utm_medium=pcs&utm_campaign=WCONCEPT&utm_content=none&utm_term=none
naver-60263588378,웨이크메이크,brow,9,웨이크메이크 파우더 젯 듀얼 브로우 06 딥 브라운 3개,72.77,no,5,shade_options|color_tone_intensity|finish_texture|suitable_selling|retail_presence,not_attempted,,www.lotteon.com,naver_live_offer_title_rule_adapter,https://www.lotteon.com/p/product/LO2393759932?sitmNo=LO2393759932_2393759933&ch_no=100065&ch_dtl_no=1000030&entryPoint=pcs&dp_infw_cd=CHT
naver-54873428026,웨이크메이크,liner,9,[NEW/트임라이너]웨이크메이크 리얼 디파이닝 펜슬 라이너 8COLOR,72.77,no,4,shade_options|color_tone_intensity|finish_texture|suitable_selling,failed,http_error,www.oliveyoung.co.kr,do_not_retry_generic_fetch_manual_review,https://www.oliveyoung.co.kr/store/common/partner.do?chlNo=1&chlDtlNo=1&utm_source=naver&utm_medium=shopping_ep&utm_campaign=onpro_ep_product_0101_1231&utm_content=pc_price&sndType=goods&sndVal=A000000227420
naver-58627089335,데이지크,brow,9,[데이지크] 프로 디테일 브로우 펜슬,72.73,no,5,shade_options|color_tone_intensity|finish_texture|suitable_selling|retail_presence,not_attempted,,www.wconcept.co.kr,naver_live_offer_title_rule_adapter,http://www.wconcept.co.kr/Product/308137066?adfrom=naver_ep&utm_source=naver&utm_medium=pcs&utm_campaign=WCONCEPT&utm_content=none&utm_term=none
naver-53263815919,클리오,brow,9,클리오 [NEW] 클리오 킬브로우 슬림 애쉬 브로우카라,72.7,no,5,shade_options|color_tone_intensity|finish_texture|suitable_selling,not_attempted,,www.lotteimall.com,naver_live_offer_title_rule_adapter,https://www.lotteimall.com/coop/affilGate.lotte?chl_no=141370&chl_dtl_no=2540914&returnUrl=/goods/viewGoodsDetail.lotte?goods_no=2932503575&utm_source=naver&utm_medium=affiliate&utm_campaign=price_compare
naver-57908272565,클리오,liner,9,클리오 수퍼프루프 브러쉬라이너 킬애쉬,72.7,no,4,shade_options|color_tone_intensity|finish_texture|suitable_selling,failed,http_error,www.oliveyoung.co.kr,do_not_retry_generic_fetch_manual_review,https://www.oliveyoung.co.kr/store/common/partner.do?chlNo=1&chlDtlNo=1&utm_source=naver&utm_medium=shopping_ep&utm_campaign=onpro_ep_product_0101_1231&utm_content=pc_price&sndType=goods&sndVal=A000000209821
naver-28670219526,정샘물 뷰티,brow,9,정샘물 마스터클래스 브로우 브러쉬 + 더블클린수정화장패드(1매),72.67,no,5,shade_options|color_tone_intensity|finish_texture|suitable_selling|retail_presence,not_attempted,,display.cjonstyle.com,naver_live_offer_title_rule_adapter,https://display.cjonstyle.com/p/item/93615622?infl_cd=I0696&utm_medium=pcs&utm_source=naver
naver-40083340560,3CE,brow,9,3CE 이지 브로우 디자이닝 펜슬,72.64,no,5,shade_options|color_tone_intensity|finish_texture|suitable_selling,not_attempted,,www.hmall.com,naver_live_offer_title_rule_adapter,https://www.hmall.com/md/pda/itemPtc?ReferCode=429&slitmCd=2150803227&utm_source=naver&utm_medium=cps_pcs&utm_campaign=sale
naver-58022790382,에뛰드,brow,9,에뛰드 드로잉 아이브로우 x2개,72.61,no,5,shade_options|color_tone_intensity|finish_texture|suitable_selling|retail_presence,not_attempted,,www.lotteon.com,naver_live_offer_title_rule_adapter,https://www.lotteon.com/p/product/LO2586746725?sitmNo=LO2586746725_2586746729&ch_no=100065&ch_dtl_no=1000030&entryPoint=pcs&dp_infw_cd=CHT
naver-60387187774,더샘,brow,9,[온누리상품] 더샘 샘물 아트룩 아이브로우 0.2g,72.58,no,5,shade_options|color_tone_intensity|finish_texture|suitable_selling|retail_presence,not_attempted,,www.lotteon.com,naver_live_offer_title_rule_adapter,https://www.lotteon.com/p/product/LO2697831750?sitmNo=LO2697831750_2697831751&ch_no=100065&ch_dtl_no=1000030&entryPoint=pcs&dp_infw_cd=CHT
naver-60642524155,라카,brow,9,라카 픽시 브로우 카라 코토리베이지 7호,72.53,no,5,shade_options|color_tone_intensity|finish_texture|suitable_selling|retail_presence,not_attempted,,www.lotteon.com,naver_live_offer_title_rule_adapter,https://www.lotteon.com/p/product/LO2711790858?sitmNo=LO2711790858_2711790859&ch_no=100065&ch_dtl_no=1000030&entryPoint=pcs&dp_infw_cd=CHT
naver-60638932494,투쿨포스쿨,liner,9,[투쿨포스쿨] 애교살픽싱조합 프리즘 라이너 + 프로타주 펜슬 + (전용 샤프너 & 키링캡 ),72.47,no,4,shade_options|color_tone_intensity|finish_texture|suitable_selling|retail_presence,failed,http_error,m.a-bly.com,do_not_retry_generic_fetch_manual_review,https://m.a-bly.com/goods/70953540?utm_source=web_naver-shopping&utm_medium=display&utm_campaign=web_naver-shopping&utm_content=70953540
naver-60650051986,하트퍼센트,brow,9,하트퍼센트 브로우 컬러 체인저 4658217,72.44,no,5,shade_options|color_tone_intensity|finish_texture|suitable_selling|retail_presence,not_attempted,,www.lotteon.com,naver_live_offer_title_rule_adapter,https://www.lotteon.com/p/product/LO2712248705?sitmNo=LO2712248705_2712248706&ch_no=100065&ch_dtl_no=1000030&entryPoint=pcs&dp_infw_cd=CHT
naver-60099906351,뮤드,brow,9,뮤드 인스파이어 스키니 브로우 카라 페이드 인 C01호,72.38,no,5,shade_options|color_tone_intensity|finish_texture|suitable_selling|retail_presence,not_attempted,,www.lotteon.com,naver_live_offer_title_rule_adapter,https://www.lotteon.com/p/product/LO2682609037?sitmNo=LO2682609037_2682609038&ch_no=100065&ch_dtl_no=1000030&entryPoint=pcs&dp_infw_cd=CHT
naver-58626375492,데이지크,brow,8,[데이지크] 프로 디테일 브로우 펜슬,71.92,no,4,shade_options|color_tone_intensity|finish_texture|suitable_selling|retail_presence,failed,http_error,m.a-bly.com,do_not_retry_generic_fetch_manual_review,https://m.a-bly.com/goods/60250858?utm_source=web_naver-shopping&utm_medium=display&utm_campaign=web_naver-shopping&utm_content=60250858
naver-57918518098,클리오,brow,8,클리오 샤프 쏘 심플 브로우펜슬,71.89,no,4,shade_options|color_tone_intensity|finish_texture|suitable_selling,failed,http_error,www.oliveyoung.co.kr,do_not_retry_generic_fetch_manual_review,https://www.oliveyoung.co.kr/store/common/partner.do?chlNo=1&chlDtlNo=1&utm_source=naver&utm_medium=shopping_ep&utm_campaign=onpro_ep_product_0101_1231&utm_content=pc_price&sndType=goods&sndVal=A000000180244
naver-26824402311,롬앤,brow,10,한올 플랫 브로우 ,71.67,no,4,color_tone_intensity|finish_texture|suitable_selling|retail_presence,collected_complete,fetched,chicor.com,prior_detail_adapter,https://chicor.com/goods/0000000036946?utm_source=naver&utm_medium=cpc&utm_campaign=ep
naver-49678258425,에스쁘아,brow,8,[에스쁘아] 더브로우 이지 쉐이핑 펜슬,71.58,no,4,shade_options|color_tone_intensity|finish_texture|suitable_selling|retail_presence,failed,http_error,m.a-bly.com,do_not_retry_generic_fetch_manual_review,https://m.a-bly.com/goods/22868279?utm_source=web_naver-shopping&utm_medium=display&utm_campaign=web_naver-shopping&utm_content=22868279
naver-89694023988,투쿨포스쿨,brow,10,이런 상품 어때요? 투쿨포스쿨 블리치 브로우 카라 3.4g 2colors,71.19,no,5,shade_options|color_tone_intensity|finish_texture|suitable_selling|retail_presence,failed,fetched,shopping.naver.com,naver_live_offer_title_rule_adapter,https://shopping.naver.com/outlink/itemdetail/12149513283
naver-90868526032,컬러그램,brow,10,"컬러그램 언더 하이라이터 스틱 01 웜톤 | 실키 스무스 롱래스팅 하이라이터 & 컨투어링 스틱으로 얼룩 방지, 빛나는 데일리 메이크업 | K-뷰티 페이스 하이라이터 & 루미나이저",69.16,no,5,shade_options|color_tone_intensity|finish_texture|suitable_selling|retail_presence,not_attempted,,smartstore.naver.com,naver_live_offer_title_rule_adapter,https://smartstore.naver.com/main/products/13324015700
naver-87824880408,VDL,brow,10,VDL 아이브로우 엑스퍼트 스키니 브로우 펜슬 0.05g,69.09,no,5,shade_options|color_tone_intensity|finish_texture|suitable_selling|retail_presence,not_attempted,,smartstore.naver.com,naver_live_offer_title_rule_adapter,https://smartstore.naver.com/main/products/10280376584
naver-59748252402,페리페라,brow,10,페리페라 스피디 아이브로우 오토 펜슬 001 블랙 브라운 3개,68.83,no,5,shade_options|color_tone_intensity|finish_texture|suitable_selling|retail_presence,not_attempted,,www.lotteon.com,naver_live_offer_title_rule_adapter,https://www.lotteon.com/p/product/LO2296042873?sitmNo=LO2296042873_2296042874&ch_no=100065&ch_dtl_no=1000030&entryPoint=pcs&dp_infw_cd=CHT
naver-89449950835,네이밍,brow,10,네이밍 루트릿 아이브로우 펜슬 토프브라운,68.67,no,5,shade_options|color_tone_intensity|finish_texture|suitable_selling|retail_presence,not_attempted,,smartstore.naver.com,naver_live_offer_title_rule_adapter,https://smartstore.naver.com/main/products/11905440226
naver-60263586659,웨이크메이크,brow,10,웨이크메이크 파우더 젯 듀얼 브로우 09 그레이 브라운 3개,68.58,no,5,shade_options|color_tone_intensity|finish_texture|suitable_selling|retail_presence,not_attempted,,www.lotteon.com,naver_live_offer_title_rule_adapter,https://www.lotteon.com/p/product/LO2393760093?sitmNo=LO2393760093_2393760094&ch_no=100065&ch_dtl_no=1000030&entryPoint=pcs&dp_infw_cd=CHT
naver-58627069306,데이지크,brow,10,[데이지크] 프로 슬림 브로우 카라,68.56,no,5,shade_options|color_tone_intensity|finish_texture|suitable_selling|retail_presence,not_attempted,,www.wconcept.co.kr,naver_live_offer_title_rule_adapter,http://www.wconcept.co.kr/Product/308137054?adfrom=naver_ep&utm_source=naver&utm_medium=pcs&utm_campaign=WCONCEPT&utm_content=none&utm_term=none
naver-59603974317,클리오,brow,10,[클리오] 킬브로우 슬림 애쉬 브로우카라,68.53,no,5,shade_options|color_tone_intensity|finish_texture|suitable_selling|retail_presence,not_attempted,,www.wconcept.co.kr,naver_live_offer_title_rule_adapter,http://www.wconcept.co.kr/Product/308478227?adfrom=naver_ep&utm_source=naver&utm_medium=pcs&utm_campaign=WCONCEPT&utm_content=none&utm_term=none
naver-52925629041,정샘물 뷰티,brow,10,정샘물 마스터클래스 브로우 브러쉬,68.5,no,5,shade_options|color_tone_intensity|finish_texture|suitable_selling|retail_presence,not_attempted,,www.lotteon.com,naver_live_offer_title_rule_adapter,https://www.lotteon.com/p/product/LO2437203893?sitmNo=LO2437203893_2437203894&ch_no=100065&ch_dtl_no=1000030&entryPoint=pcs&dp_infw_cd=CHT
naver-41543898819,3CE,brow,10,3CE 소프트 뮤트 펜슬 라이너,68.47,no,5,shade_options|color_tone_intensity|finish_texture|suitable_selling|retail_presence,not_attempted,,www.lotteon.com,naver_live_offer_title_rule_adapter,https://www.lotteon.com/p/product/LO2157521578?sitmNo=LO2157521578_2157521579&ch_no=100065&ch_dtl_no=1000030&entryPoint=pcs&dp_infw_cd=CHT
naver-58022790721,에뛰드,brow,10,에뛰드 드로잉 아이브로우 x3개,68.44,no,5,shade_options|color_tone_intensity|finish_texture|suitable_selling|retail_presence,not_attempted,,www.lotteon.com,naver_live_offer_title_rule_adapter,https://www.lotteon.com/p/product/LO2586747981?sitmNo=LO2586747981_2586747985&ch_no=100065&ch_dtl_no=1000030&entryPoint=pcs&dp_infw_cd=CHT
naver-60387189029,더샘,brow,10,[온누리상품] 더샘 샘물 아트룩 아이브로우 0.2g 2개,68.41,no,5,shade_options|color_tone_intensity|finish_texture|suitable_selling|retail_presence,not_attempted,,www.lotteon.com,naver_live_offer_title_rule_adapter,https://www.lotteon.com/p/product/LO2697839514?sitmNo=LO2697839514_2697839515&ch_no=100065&ch_dtl_no=1000030&entryPoint=pcs&dp_infw_cd=CHT
naver-32116179560,에스쁘아,brow,9,에스쁘아 더브로우 밸런스 펜슬,68.41,no,3,color_tone_intensity|finish_texture|suitable_selling|retail_presence,collected_complete,fetched,chicor.com,prior_detail_adapter,https://chicor.com/goods/0000000071272?utm_source=naver&utm_medium=cpc&utm_campaign=ep
naver-60642523265,라카,brow,10,라카 픽시 브로우 카라 베이직 쉐이퍼 0호,68.34,no,5,shade_options|color_tone_intensity|finish_texture|suitable_selling|retail_presence,not_attempted,,www.lotteon.com,naver_live_offer_title_rule_adapter,https://www.lotteon.com/p/product/LO2711793725?sitmNo=LO2711793725_2711793726&ch_no=100065&ch_dtl_no=1000030&entryPoint=pcs&dp_infw_cd=CHT
naver-60563302938,하트퍼센트,brow,10,하트퍼센트 브로우 컬러 체인저 애쉬 브라운 5009650,68.25,no,5,shade_options|color_tone_intensity|finish_texture|suitable_selling|retail_presence,not_attempted,,www.lotteon.com,naver_live_offer_title_rule_adapter,https://www.lotteon.com/p/product/LO2706654341?sitmNo=LO2706654341_2706654342&ch_no=100065&ch_dtl_no=1000030&entryPoint=pcs&dp_infw_cd=CHT
naver-50254186405,에스쁘아,brow,10,[에스쁘아] [2개] 더브로우 이지 쉐이핑 펜슬,68.22,no,5,shade_options|color_tone_intensity|finish_texture|suitable_selling|retail_presence,not_attempted,,with.gsshop.com,naver_live_offer_title_rule_adapter,http://with.gsshop.com/alia/aliaGate.gs?media=OB&ecpid=1063745871&vodFlag=N&prdseqnum=1063745871&utm_source=price&utm_medium=affiliate&utm_campaign=naver
naver-60099907078,뮤드,brow,10,뮤드 인스파이어 스키니 브로우 카라 허니 듀 B05호,68.19,no,5,shade_options|color_tone_intensity|finish_texture|suitable_selling|retail_presence,not_attempted,,www.lotteon.com,naver_live_offer_title_rule_adapter,https://www.lotteon.com/p/product/LO2682608002?sitmNo=LO2682608002_2682608003&ch_no=100065&ch_dtl_no=1000030&entryPoint=pcs&dp_infw_cd=CHT
naver-49163543828,투쿨포스쿨,liner,10,[투쿨포스쿨] 아트클래스 픽싱 젤 라이너,68.11,no,4,shade_options|color_tone_intensity|finish_texture|suitable_selling|retail_presence,failed,http_error,m.a-bly.com,do_not_retry_generic_fetch_manual_review,https://m.a-bly.com/goods/5895734?utm_source=web_naver-shopping&utm_medium=display&utm_campaign=web_naver-shopping&utm_content=5895734
