candidateId,brand,category,rankInBrandCategory,productName,query,selectedDiscoverySource,selectedGoodsNo,selectedMatchScore,selectedSourceUrl,candidateDiscoveryCount,currentOliveYoungStatus,missingCoreFields
naver-51616189391,롬앤,shadow,5,롬앤 슬라이드 인 싱글 케이스 (섀도우 공용기) | 올리브영,롬앤 슬라이드 인 싱글 케이스 (섀도우 공용기) | 올리브영 올리브영,purchase_url_goods_no,A000000213963,1.0,https://www.oliveyoung.co.kr/store/goods/getGoodsDetail.do?goodsNo=A000000213963,1,collected,"shadeOptions,colorFamily,undertone,finish"
naver-59777216016,컬러그램,lip,10,[포켓몬 에디션/메탈참 증정/NEW]컬러그램 누디 블러 스틱 11COLOR,컬러그램 컬러그램 누디 블러 스틱 11COLOR 올리브영,purchase_url_goods_no,A000000252785,1.0,https://www.oliveyoung.co.kr/store/goods/getGoodsDetail.do?goodsNo=A000000252785,1,collected,"shadeOptions,colorFamily,undertone,texture"
naver-54509116619,클리오,shadow,1,클리오 소프트 블렌딩 섀도우 스틱,클리오 소프트 블렌딩 섀도우 스틱 올리브영,naver_offer_metadata_matchedPositiveOffers,A000000225194,1.0,https://www.oliveyoung.co.kr/store/goods/getGoodsDetail.do?goodsNo=A000000225194,1,collected,"shadeOptions,colorFamily,undertone,finish"
naver-59586665614,라카,lip,8,[밀착광] 라카 데빌립 3.7g 12종,라카 데빌립 3.7g 12종 올리브영,purchase_url_goods_no,A000000248721,1.0,https://www.oliveyoung.co.kr/store/goods/getGoodsDetail.do?goodsNo=A000000248721,1,collected,"colorFamily,undertone,finish"
naver-57918562998,롬앤,cheek,4,롬앤 시스루 베일 라이터 (하이라이터) | 올리브영,롬앤 시스루 베일 라이터 (하이라이터) | 올리브영 올리브영,purchase_url_goods_no,A000000144887,1.0,https://www.oliveyoung.co.kr/store/goods/getGoodsDetail.do?goodsNo=A000000144887,1,collected,"colorFamily,undertone,finish"
naver-56424895679,웨이크메이크,cheek,2,[숨결 블러셔]웨이크메이크 쉬어 브리즈 블러셔 5g 7COLOR,웨이크메이크 쉬어 브리즈 블러셔 5g 7COLOR 올리브영,purchase_url_goods_no,A000000223261,1.0,https://www.oliveyoung.co.kr/store/goods/getGoodsDetail.do?goodsNo=A000000223261,1,collected,"shadeOptions,colorFamily,undertone"
naver-55322600441,3CE,shadow,8,3CE 멀티 아이 컬러 팔레트,3CE 멀티 아이 컬러 팔레트 올리브영,purchase_url_goods_no,A000000148589,1.0,https://www.oliveyoung.co.kr/store/goods/getGoodsDetail.do?goodsNo=A000000148589,1,collected,"undertone,finish"
naver-52098911223,3CE,shadow,2,3CE 아이 스위치,3CE 아이 스위치 올리브영,purchase_url_goods_no,A000000110707,1.0,https://www.oliveyoung.co.kr/store/goods/getGoodsDetail.do?goodsNo=A000000110707,1,collected,"undertone,finish"
naver-57498587578,네이밍,lip,2,[7월 올영픽/미지근탠드립] 네이밍 오버 듀 글로시 립 틴트 (+부오이 헤어클립) 21colors,네이밍 오버 듀 글로시 립 틴트 (+부오이 헤어클립) 21colors 올리브영,purchase_url_goods_no,A000000235351,1.0,https://www.oliveyoung.co.kr/store/goods/getGoodsDetail.do?goodsNo=A000000235351,1,collected,"colorFamily,undertone"
naver-60202637260,네이밍,lip,1,[7월 올영픽/위위시헌쌤픽] 네이밍 하이 듀 립 글레이즈 (+미니틴트) 9colors,네이밍 하이 듀 립 글레이즈 (+미니틴트) 9colors 올리브영,purchase_url_goods_no,A000000257218,1.0,https://www.oliveyoung.co.kr/store/goods/getGoodsDetail.do?goodsNo=A000000257218,1,collected,"colorFamily,undertone"
naver-60220140175,라카,cheek,3,[SPF50+] 라카 선 실드 글로이 치크 7g,라카 선 실드 글로이 치크 올리브영,purchase_url_goods_no,A000000257081,1.0,https://www.oliveyoung.co.kr/store/goods/getGoodsDetail.do?goodsNo=A000000257081,1,collected,"colorFamily,undertone"
naver-60117749141,라카,lip,4,[올영단독컬러] 라카 맥시 글레이어 틴트 미니 2.2g,라카 맥시 글레이어 틴트 미니 올리브영,purchase_url_goods_no,A000000257134,1.0,https://www.oliveyoung.co.kr/store/goods/getGoodsDetail.do?goodsNo=A000000257134,1,collected,"colorFamily,undertone"
naver-56057064634,라카,cheek,1,라카 러브 실크 블러쉬 6 colors,라카 러브 실크 블러쉬 6 colors 올리브영,purchase_url_goods_no,A000000183448,1.0,https://www.oliveyoung.co.kr/store/goods/getGoodsDetail.do?goodsNo=A000000183448,1,collected,"colorFamily,undertone"
naver-59099480547,라카,lip,2,라카 팝핑 벌룬 틴트 4.5g 12종,라카 팝핑 벌룬 틴트 4.5g 12종 올리브영,purchase_url_goods_no,A000000212152,1.0,https://www.oliveyoung.co.kr/store/goods/getGoodsDetail.do?goodsNo=A000000212152,1,collected,"colorFamily,undertone"
naver-60464969790,라카,lip,1,라카 퍼펙트 트윈립,라카 퍼펙트 트윈립 올리브영,naver_offer_metadata_matchedPositiveOffers,A000000255256,0.5,https://www.oliveyoung.co.kr/store/goods/getGoodsDetail.do?goodsNo=A000000255256,1,collected,"finish,texture"
naver-38119022373,라카,cheek,2,러브 실크 블러쉬,라카 러브 실크 블러쉬 올리브영,naver_offer_metadata_matchedPositiveOffers,A000000183448,1.0,https://www.oliveyoung.co.kr/store/goods/getGoodsDetail.do?goodsNo=A000000183448,1,collected,"colorFamily,undertone"
naver-59872761697,라카,cheek,5,선 실드 글로이 치크,라카 선 실드 글로이 치크 올리브영,naver_offer_metadata_matchedPositiveOffers,A000000257081,1.0,https://www.oliveyoung.co.kr/store/goods/getGoodsDetail.do?goodsNo=A000000257081,1,collected,"colorFamily,undertone"
naver-51398369386,라카,lip,9,팝핑 벌룬 틴트,라카 팝핑 벌룬 틴트 올리브영,naver_offer_metadata_matchedPositiveOffers,A000000212152,1.0,https://www.oliveyoung.co.kr/store/goods/getGoodsDetail.do?goodsNo=A000000212152,1,collected,"colorFamily,undertone"
naver-60278851230,웨이크메이크,lip,6,웨이크메이크 볼드 립 블러 틴트 애프리시티 3호,웨이크메이크 볼드 립 블러 틴트 애프리시티 3호 올리브영,naver_offer_metadata_matchedPositiveOffers,A000000258196,0.6,https://www.oliveyoung.co.kr/store/goods/getGoodsDetail.do?goodsNo=A000000258196,1,collected,"colorFamily,undertone"
naver-54972530313,웨이크메이크,lip,8,웨이크메이크 워터 블러링 레이어 틴트 콜드하이 8호,웨이크메이크 워터 블러링 레이어 틴트 콜드하이 8호 올리브영,naver_offer_metadata_matchedPositiveOffers,A000000223250,0.67,https://www.oliveyoung.co.kr/store/goods/getGoodsDetail.do?goodsNo=A000000223250,1,collected,"colorFamily,undertone"
naver-50894910866,컬러그램,lip,8,[꿀먹광 글로스]컬러그램 탕후루 탱글 꿀로스 3COLOR,컬러그램 탕후루 탱글 꿀로스 3COLOR 올리브영,purchase_url_goods_no,A000000198689,1.0,https://www.oliveyoung.co.kr/store/goods/getGoodsDetail.do?goodsNo=A000000198689,1,collected,"colorFamily,undertone"
naver-58938409922,컬러그램,lip,7,[순삭커버/입술색 지우개]컬러그램 긱 누드 컬러 커버 틴트 5COLOR,컬러그램 긱 누드 컬러 커버 틴트 5COLOR 올리브영,purchase_url_goods_no,A000000245673,1.0,https://www.oliveyoung.co.kr/store/goods/getGoodsDetail.do?goodsNo=A000000245673,1,collected,"shadeOptions,finish"
naver-50894739523,컬러그램,lip,9,컬러그램 탕후루 탱글 틴트 미니 듀오 3 COLOR,컬러그램 탕후루 탱글 틴트 미니 듀오 3 COLOR 올리브영,purchase_url_goods_no,A000000201779,1.0,https://www.oliveyoung.co.kr/store/goods/getGoodsDetail.do?goodsNo=A000000201779,1,collected,"colorFamily,undertone"
naver-53879502034,투쿨포스쿨,shadow,7,투쿨포스쿨 아이 글리츠,투쿨포스쿨 아이 글리츠 올리브영,purchase_url_goods_no,A000000213074,1.0,https://www.oliveyoung.co.kr/store/goods/getGoodsDetail.do?goodsNo=A000000213074,1,collected,"finish,texture"
naver-60208058322,3CE,shadow,9,[999팔레트] 3CE 멀티 아이 컬러 팔레트 더 텍스타일 8g 단품/기획,3CE 멀티 아이 컬러 팔레트 더 텍스타일 8g 단품/ 올리브영,purchase_url_goods_no,A000000255393,1.0,https://www.oliveyoung.co.kr/store/goods/getGoodsDetail.do?goodsNo=A000000255393,1,collected,finish
naver-60563309300,데이지크,lip,8,데이지크 쥬시 듀이 틴트 5009718,데이지크 쥬시 듀이 틴트 5009718 올리브영,naver_offer_metadata_matchedPositiveOffers,A000000184327,1.0,https://www.oliveyoung.co.kr/store/goods/getGoodsDetail.do?goodsNo=A000000184327,1,collected,undertone
naver-60656591370,라카,lip,5,[1분픽싱] 라카 퍼펙트 트윈 립 4.7g+4.2g 10 colors,라카 퍼펙트 트윈 립 4.7g+4.2g 10 colors 올리브영,purchase_url_goods_no,A000000255256,1.0,https://www.oliveyoung.co.kr/store/goods/getGoodsDetail.do?goodsNo=A000000255256,1,collected,finish
naver-56149298490,라카,shadow,1,[NEW컬러출시] 라카 모노 아이섀도우,라카 모노 아이섀도우 올리브영,purchase_url_goods_no,A000000183472,1.0,https://www.oliveyoung.co.kr/store/goods/getGoodsDetail.do?goodsNo=A000000183472,1,collected,finish
naver-57918549046,롬앤,lip,2,롬앤 글래스팅 워터 틴트 | 올리브영,롬앤 글래스팅 워터 틴트 | 올리브영 올리브영,purchase_url_goods_no,A000000136343,1.0,https://www.oliveyoung.co.kr/store/goods/getGoodsDetail.do?goodsNo=A000000136343,1,collected,finish
naver-57395588830,롬앤,shadow,1,롬앤 슬라이드 인 싱글 | 올리브영,롬앤 슬라이드 인 싱글 | 올리브영 올리브영,purchase_url_goods_no,A000000212611,1.0,https://www.oliveyoung.co.kr/store/goods/getGoodsDetail.do?goodsNo=A000000212611,1,collected,finish
naver-53880762390,롬앤,cheek,5,쥬시 알 치크,롬앤 쥬시 알 치크 올리브영,naver_offer_metadata_matchedPositiveOffers,A000000219047,1.0,https://www.oliveyoung.co.kr/store/goods/getGoodsDetail.do?goodsNo=A000000219047,1,collected,finish
naver-48384394360,컬러그램,shadow,6,[5초눈확장/중안부축소]컬러그램 올인원 애교살 메이커 10COLOR,컬러그램 올인원 애교살 메이커 10COLOR 올리브영,purchase_url_goods_no,A000000159062,1.0,https://www.oliveyoung.co.kr/store/goods/getGoodsDetail.do?goodsNo=A000000159062,1,collected,finish
naver-58490392653,컬러그램,shadow,3,[SNS화제템]컬러그램 틴토리 아이 팔레트 1COLOR,컬러그램 틴토리 아이 팔레트 1COLOR 올리브영,purchase_url_goods_no,A000000201881,1.0,https://www.oliveyoung.co.kr/store/goods/getGoodsDetail.do?goodsNo=A000000201881,1,collected,finish
naver-55079002640,컬러그램,lip,6,[기존 용기]컬러그램 긱 누드 컬러 커버 틴트,컬러그램 긱 누드 컬러 커버 틴트 올리브영,purchase_url_goods_no,A000000223676,1.0,https://www.oliveyoung.co.kr/store/goods/getGoodsDetail.do?goodsNo=A000000223676,1,collected,finish
naver-60319654918,컬러그램,shadow,4,[기존용기]컬러그램 눈토리얼 아이 팔레트 3COLOR,컬러그램 눈토리얼 아이 팔레트 3COLOR 올리브영,purchase_url_goods_no,A000000181415,1.0,https://www.oliveyoung.co.kr/store/goods/getGoodsDetail.do?goodsNo=A000000181415,1,collected,finish
naver-53124255709,컬러그램,shadow,1,[싱글섀도우]컬러그램 싱글 큐브 섀도우 23COLOR,컬러그램 싱글 큐브 섀도우 23COLOR 올리브영,purchase_url_goods_no,A000000216667,1.0,https://www.oliveyoung.co.kr/store/goods/getGoodsDetail.do?goodsNo=A000000216667,1,collected,finish
naver-56950179922,컬러그램,shadow,2,[위글위글 콜라보/리뉴얼] 컬러그램 눈토리얼 아이 팔레트 5COLOR,컬러그램 눈토리얼 아이 팔레트 5COLOR 올리브영,purchase_url_goods_no,A000000234373,1.0,https://www.oliveyoung.co.kr/store/goods/getGoodsDetail.do?goodsNo=A000000234373,1,collected,finish
naver-58490394145,컬러그램,lip,2,[컬러립밤]컬러그램 틴토리 잼 6COLOR,컬러그램 틴토리 잼 6COLOR 올리브영,purchase_url_goods_no,A000000201777,1.0,https://www.oliveyoung.co.kr/store/goods/getGoodsDetail.do?goodsNo=A000000201777,1,collected,finish
naver-56422599825,클리오,shadow,5,클리오 소프트 블렌딩 섀도우 스틱,클리오 소프트 블렌딩 섀도우 스틱 올리브영,purchase_url_goods_no,A000000225194,1.0,https://www.oliveyoung.co.kr/store/goods/getGoodsDetail.do?goodsNo=A000000225194,1,collected,finish
naver-59379625987,투쿨포스쿨,lip,4,투쿨포스쿨 베일 스킨 틴트 (기획/단품),투쿨포스쿨 베일 스킨 틴트 ( /단품) 올리브영,purchase_url_goods_no,A000000250664,1.0,https://www.oliveyoung.co.kr/store/goods/getGoodsDetail.do?goodsNo=A000000250664,1,collected,finish
naver-55020007813,투쿨포스쿨,shadow,9,투쿨포스쿨 프로타주 팔레트,투쿨포스쿨 프로타주 팔레트 올리브영,purchase_url_goods_no,A000000205478,1.0,https://www.oliveyoung.co.kr/store/goods/getGoodsDetail.do?goodsNo=A000000205478,1,collected,finish
naver-46865944535,페리페라,shadow,1,[NEW COLOR] 페리페라 잉크 포켓 섀도우 팔레트,페리페라 잉크 포켓 섀도우 팔레트 올리브영,naver_offer_metadata_matchedPositiveOffers,A000000124399,0.8,https://www.oliveyoung.co.kr/store/goods/getGoodsDetail.do?goodsNo=A000000124399,1,collected,finish
naver-52921038936,페리페라,cheek,9,[NEW COLOR]페리페라 시럽피 톡 치크,페리페라 시럽피 톡 치크 올리브영,naver_offer_metadata_matchedPositiveOffers,A000000217779,0.67,https://www.oliveyoung.co.kr/store/goods/getGoodsDetail.do?goodsNo=A000000217779,1,collected,finish
naver-46866531403,페리페라,shadow,5,[NEW COLOR]페리페라 올테이크 무드 팔레트,페리페라 올테이크 무드 팔레트 올리브영,naver_offer_metadata_matchedPositiveOffers,A000000183970,0.75,https://www.oliveyoung.co.kr/store/goods/getGoodsDetail.do?goodsNo=A000000183970,2,collected,finish
naver-59047228208,페리페라,shadow,3,[애교살 스틱 증정기획] 페리페라 잉크 포켓 섀도우 팔레트 (단품/기획) | 올리브영,페리페라 페리페라 잉크 포켓 섀도우 팔레트 (단품/ ) | 올리브영 올리브영,purchase_url_goods_no,A000000124399,1.0,https://www.oliveyoung.co.kr/store/goods/getGoodsDetail.do?goodsNo=A000000124399,1,collected,finish
naver-39672573967,페리페라,shadow,9,페리페라 올테이크 무드 라이크 팔레트,페리페라 올테이크 무드 라이크 팔레트 올리브영,naver_offer_metadata_matchedPositiveOffers,A000000183970,1.0,https://www.oliveyoung.co.kr/store/goods/getGoodsDetail.do?goodsNo=A000000183970,1,collected,finish
naver-40036716458,페리페라,shadow,4,페리페라 올테이크 무드 라이크팔레트,페리페라 올테이크 무드 라이크팔레트 올리브영,naver_offer_metadata_matchedPositiveOffers,A000000183970,0.67,https://www.oliveyoung.co.kr/store/goods/getGoodsDetail.do?goodsNo=A000000183970,2,collected,finish
naver-56929117727,페리페라,shadow,6,페리페라 올테이크 무드 팔레트 (+브러쉬 라이너 정품 증정) | 올리브영,페리페라 올테이크 무드 팔레트 | 올리브영 올리브영,purchase_url_goods_no,A000000204450,1.0,https://www.oliveyoung.co.kr/store/goods/getGoodsDetail.do?goodsNo=A000000204450,1,collected,finish
naver-60640697454,하트퍼센트,cheek,7,NEW 하트퍼센트 도트 온 무드 커스텀 립앤치크 9.4g 2종 4065103,하트퍼센트 NEW 하트퍼센트 도트 온 무드 커스텀 립앤치크 9.4g 2종 4065103 올리브영,naver_offer_metadata_matchedPositiveOffers,A000000213083,1.0,https://www.oliveyoung.co.kr/store/goods/getGoodsDetail.do?goodsNo=A000000213083,1,collected,finish
naver-60470066288,하트퍼센트,cheek,1,[NEW] 하트퍼센트 도트 온 무드 커스텀 립앤치크 9.4g 2종,하트퍼센트 도트 온 무드 커스텀 립앤치크 9.4g 2종 올리브영,purchase_url_goods_no,A000000213083,1.0,https://www.oliveyoung.co.kr/store/goods/getGoodsDetail.do?goodsNo=A000000213083,1,collected,finish
naver-51761037424,하트퍼센트,cheek,4,[하트퍼센트] 도트 온 무드 커스텀 립앤치크,하트퍼센트 도트 온 무드 커스텀 립앤치크 올리브영,naver_offer_metadata_matchedPositiveOffers,A000000213083,1.0,https://www.oliveyoung.co.kr/store/goods/getGoodsDetail.do?goodsNo=A000000213083,1,collected,finish
naver-51600439140,하트퍼센트,cheek,3,도트 온 무드 커스텀 립앤치크,하트퍼센트 도트 온 무드 커스텀 립앤치크 올리브영,naver_offer_metadata_matchedPositiveOffers,A000000213083,1.0,https://www.oliveyoung.co.kr/store/goods/getGoodsDetail.do?goodsNo=A000000213083,1,collected,finish
naver-55893784647,3CE,shadow,4,3CE 컬러 그리드 아이섀도우 단품/기획,3CE 컬러 그리드 아이섀도우 단품/ 올리브영,purchase_url_goods_no,A000000230225,1.0,https://www.oliveyoung.co.kr/store/goods/getGoodsDetail.do?goodsNo=A000000230225,1,collected,
naver-51881768485,3CE,lip,2,[로즈코어/혈색생기] 3CE 블러 워터 틴트 4.6g 22종 단품/기획,3CE 블러 워터 틴트 4.6g 22종 단품/ 올리브영,purchase_url_goods_no,A000000148591,1.0,https://www.oliveyoung.co.kr/store/goods/getGoodsDetail.do?goodsNo=A000000148591,1,collected,
naver-56414744410,3CE,cheek,3,[햇살광블러셔/브러쉬증정기획] 3CE 바운시 블러 밤 단품/기획,3CE 3CE 바운시 블러 밤 단품/ 올리브영,purchase_url_goods_no,A000000230953,1.0,https://www.oliveyoung.co.kr/store/goods/getGoodsDetail.do?goodsNo=A000000230953,1,collected,
naver-52379892018,VDL,cheek,7,VDL 치크스테인 블러셔 6g,VDL 치크스테인 블러셔 올리브영,naver_offer_metadata_matchedPositiveOffers,A000000184299,1.0,https://www.oliveyoung.co.kr/store/goods/getGoodsDetail.do?goodsNo=A000000184299,1,collected,
naver-59503960155,VDL,cheek,1,[NEW제형출시] VDL 치크스테인 블러셔 밤 5.5g,VDL 치크스테인 블러셔 밤 올리브영,purchase_url_goods_no,A000000250255,1.0,https://www.oliveyoung.co.kr/store/goods/getGoodsDetail.do?goodsNo=A000000250255,1,collected,
naver-31770117574,VDL,cheek,4,[VDL] VDL 치크스테인 블러셔,VDL 치크스테인 블러셔 올리브영,naver_offer_metadata_matchedPositiveOffers,A000000250255,1.0,https://www.oliveyoung.co.kr/store/goods/getGoodsDetail.do?goodsNo=A000000250255,2,collected,
naver-49163442131,VDL,cheek,6,[VDL] 치크스테인 블러셔,VDL 치크스테인 블러셔 올리브영,naver_offer_metadata_matchedPositiveOffers,A000000250255,1.0,https://www.oliveyoung.co.kr/store/goods/getGoodsDetail.do?goodsNo=A000000250255,2,collected,
naver-60208579519,VDL,cheek,3,[품절대란템 귀환/퍼프2개증정] VDL 치크스테인 블러셔/블러셔 듀오 6g,VDL VDL 치크스테인 블러셔/블러셔 듀오 올리브영,purchase_url_goods_no,A000000184299,1.0,https://www.oliveyoung.co.kr/store/goods/getGoodsDetail.do?goodsNo=A000000184299,1,collected,
naver-56891458078,네이밍,lip,4,[네이밍] 오버 듀 글로시 립 틴트,네이밍 오버 듀 글로시 립 틴트 올리브영,naver_offer_metadata_matchedPositiveOffers,A000000235351,1.0,https://www.oliveyoung.co.kr/store/goods/getGoodsDetail.do?goodsNo=A000000235351,1,collected,
naver-28355832959,네이밍,cheek,2,[네이밍] 플러피 파우더 블러쉬,네이밍 플러피 파우더 블러쉬 올리브영,naver_offer_metadata_matchedPositiveOffers,A000000171371,1.0,https://www.oliveyoung.co.kr/store/goods/getGoodsDetail.do?goodsNo=A000000171371,1,collected,
naver-57407579505,네이밍,cheek,1,[품절대란/단종템부활] 네이밍 플러피 파우더 블러쉬,네이밍 플러피 파우더 블러쉬 올리브영,purchase_url_goods_no,A000000171371,1.0,https://www.oliveyoung.co.kr/store/goods/getGoodsDetail.do?goodsNo=A000000171371,1,collected,
naver-59980020124,네이밍,lip,8,네이밍 오버 듀 글로시 립 틴트 4656911,네이밍 오버 듀 글로시 립 틴트 4656911 올리브영,naver_offer_metadata_matchedPositiveOffers,A000000235351,1.0,https://www.oliveyoung.co.kr/store/goods/getGoodsDetail.do?goodsNo=A000000235351,1,collected,
naver-33681517414,데이지크,lip,1,[데이지크] 쥬시 듀이 틴트,데이지크 쥬시 듀이 틴트 올리브영,naver_offer_metadata_matchedPositiveOffers,A000000184327,1.0,https://www.oliveyoung.co.kr/store/goods/getGoodsDetail.do?goodsNo=A000000184327,1,collected,
naver-59075048820,데이지크,lip,2,[미니 틴트 증정] 데이지크 쥬시 듀이 틴트 28 colors (단품/기획),데이지크 데이지크 쥬시 듀이 틴트 28 colors (단품/ ) 올리브영,purchase_url_goods_no,A000000184327,1.0,https://www.oliveyoung.co.kr/store/goods/getGoodsDetail.do?goodsNo=A000000184327,1,collected,
naver-59419347911,데이지크,lip,7,데이지크 쥬시 듀이 틴트,데이지크 쥬시 듀이 틴트 올리브영,naver_offer_metadata_matchedPositiveOffers,A000000184327,1.0,https://www.oliveyoung.co.kr/store/goods/getGoodsDetail.do?goodsNo=A000000184327,1,collected,
naver-51722822691,라카,lip,3,[미니틴트본품증정] 라카 프루티 글램 틴트 4.5g (단품/기획),라카 라카 프루티 글램 틴트 4.5g (단품/ ) 올리브영,purchase_url_goods_no,A000000164559,1.0,https://www.oliveyoung.co.kr/store/goods/getGoodsDetail.do?goodsNo=A000000164559,1,collected,
naver-31533036451,라카,lip,7,프루티 글램 틴트,라카 프루티 글램 틴트 올리브영,naver_offer_metadata_matchedPositiveOffers,A000000164559,1.0,https://www.oliveyoung.co.kr/store/goods/getGoodsDetail.do?goodsNo=A000000164559,1,collected,
naver-53734377604,라카,lip,6,프루티 글램 틴트 미니,라카 프루티 글램 틴트 미니 올리브영,naver_offer_metadata_matchedPositiveOffers,A000000164559,1.0,https://www.oliveyoung.co.kr/store/goods/getGoodsDetail.do?goodsNo=A000000164559,1,collected,
naver-56318640108,롬앤,cheek,1,[NEW] 롬앤 쥬시 알 치크 단품/기획 | 올리브영,롬앤 쥬시 알 치크 단품/ | 올리브영 올리브영,purchase_url_goods_no,A000000219047,1.0,https://www.oliveyoung.co.kr/store/goods/getGoodsDetail.do?goodsNo=A000000219047,1,collected,
naver-50908685874,롬앤,lip,5,[롬앤] 배어 물 틴트,롬앤 배어 물 틴트 올리브영,naver_offer_metadata_matchedPositiveOffers,A000000210451,0.5,https://www.oliveyoung.co.kr/store/goods/getGoodsDetail.do?goodsNo=A000000210451,1,collected,
naver-57918547816,롬앤,lip,3,롬앤 듀이풀 워터 틴트 | 올리브영,롬앤 듀이풀 워터 틴트 | 올리브영 올리브영,purchase_url_goods_no,A000000158893,1.0,https://www.oliveyoung.co.kr/store/goods/getGoodsDetail.do?goodsNo=A000000158893,1,collected,
naver-55025631188,롬앤,lip,1,롬앤 컬러 립 매트,롬앤 컬러 립 매트 올리브영,purchase_url_goods_no,A000000219477,1.0,https://www.oliveyoung.co.kr/store/goods/getGoodsDetail.do?goodsNo=A000000219477,1,collected,
naver-58115914508,에뛰드,shadow,1,에뛰드 뽀용 아이 메이커 4 Colors,에뛰드 뽀용 아이 메이커 4 Colors 올리브영,purchase_url_goods_no,A000000228774,1.0,https://www.oliveyoung.co.kr/store/goods/getGoodsDetail.do?goodsNo=A000000228774,1,collected,
naver-55027228004,에뛰드,cheek,1,에뛰드 하트 팝 블러셔,에뛰드 하트 팝 블러셔 올리브영,purchase_url_goods_no,A000000181634,1.0,https://www.oliveyoung.co.kr/store/goods/getGoodsDetail.do?goodsNo=A000000181634,1,collected,
naver-60463657064,에스쁘아,cheek,7,2가지 텍스처/멀티블러셔 에스쁘아 톤페어링 치크 9.6g 2호 피치피즈,에스쁘아 2가지 텍스처/멀티블러셔 에스쁘아 톤페어링 치크 9.6g 2호 피치피즈 올리브영,naver_offer_metadata_matchedPositiveOffers,A000000205573,1.0,https://www.oliveyoung.co.kr/store/goods/getGoodsDetail.do?goodsNo=A000000205573,1,collected,
naver-55287186644,에스쁘아,lip,1,[세레나데/블러틴트] 에스쁘아 꾸뛰르 립틴트 피팅 블러 4g 12colors,에스쁘아 꾸뛰르 립틴트 피팅 블러 4g 12colors 올리브영,purchase_url_goods_no,A000000222885,1.0,https://www.oliveyoung.co.kr/store/goods/getGoodsDetail.do?goodsNo=A000000222885,1,collected,
naver-58685170677,에스쁘아,lip,5,[에스쁘아] 꾸뛰르 립 틴트 피팅블러 QWL611124529,에스쁘아 꾸뛰르 립 틴트 피팅블러 QWL611124529 올리브영,naver_offer_metadata_matchedPositiveOffers,A000000222885,0.5,https://www.oliveyoung.co.kr/store/goods/getGoodsDetail.do?goodsNo=A000000222885,1,collected,
naver-60361668457,에스쁘아,lip,3,[에스쁘아] 꾸뛰르 립틴트 피팅블러,에스쁘아 꾸뛰르 립틴트 피팅블러 올리브영,naver_offer_metadata_matchedPositiveOffers,A000000222885,0.67,https://www.oliveyoung.co.kr/store/goods/getGoodsDetail.do?goodsNo=A000000222885,1,collected,
naver-59488770435,에스쁘아,cheek,1,[에스쁘아] 블러 웨어 블러쉬,에스쁘아 블러 웨어 블러쉬 올리브영,naver_offer_metadata_matchedPositiveOffers,A000000247247,1.0,https://www.oliveyoung.co.kr/store/goods/getGoodsDetail.do?goodsNo=A000000247247,1,collected,
naver-59488431493,에스쁘아,cheek,10,[에스쁘아] 블러 웨어 블러쉬,에스쁘아 블러 웨어 블러쉬 올리브영,naver_offer_metadata_matchedPositiveOffers,A000000247247,1.0,https://www.oliveyoung.co.kr/store/goods/getGoodsDetail.do?goodsNo=A000000247247,1,collected,
naver-50562556242,에스쁘아,shadow,1,[에스쁘아] 아이 코어 팔레트,에스쁘아 아이 코어 팔레트 올리브영,naver_offer_metadata_matchedPositiveOffers,A000000209174,1.0,https://www.oliveyoung.co.kr/store/goods/getGoodsDetail.do?goodsNo=A000000209174,1,collected,
naver-59028234373,에스쁘아,shadow,7,[에스쁘아] 아이 코어 팔레트,에스쁘아 아이 코어 팔레트 올리브영,naver_offer_metadata_matchedPositiveOffers,A000000209174,1.0,https://www.oliveyoung.co.kr/store/goods/getGoodsDetail.do?goodsNo=A000000209174,1,collected,
naver-50561887123,에스쁘아,shadow,8,[에스쁘아] 아이 코어 팔레트,에스쁘아 아이 코어 팔레트 올리브영,naver_offer_metadata_matchedPositiveOffers,A000000209174,1.0,https://www.oliveyoung.co.kr/store/goods/getGoodsDetail.do?goodsNo=A000000209174,1,collected,
naver-53919559473,에스쁘아,lip,6,[에스쁘아] 에스쁘아 꾸뛰르 립틴트 피팅블러,에스쁘아 꾸뛰르 립틴트 피팅블러 올리브영,naver_offer_metadata_matchedPositiveOffers,A000000222885,0.67,https://www.oliveyoung.co.kr/store/goods/getGoodsDetail.do?goodsNo=A000000222885,1,collected,
naver-57395597468,에스쁘아,shadow,2,[오트라떼/재출시] 에스쁘아 아이 코어 팔레트 8 colors,에스쁘아 아이 코어 팔레트 8 colors 올리브영,purchase_url_goods_no,A000000209174,1.0,https://www.oliveyoung.co.kr/store/goods/getGoodsDetail.do?goodsNo=A000000209174,1,collected,
naver-58963443095,에스쁘아,cheek,2,[톤온톤 블러 틴트 증정 기획] 에스쁘아 블러 웨어 블러쉬 6g 6colors,에스쁘아 에스쁘아 블러 웨어 블러쉬 6g 6colors 올리브영,purchase_url_goods_no,A000000247247,1.0,https://www.oliveyoung.co.kr/store/goods/getGoodsDetail.do?goodsNo=A000000247247,1,collected,
naver-57447058370,에스쁘아,shadow,6,아이 코어 팔레트,에스쁘아 아이 코어 팔레트 올리브영,naver_offer_metadata_matchedPositiveOffers,A000000209174,1.0,https://www.oliveyoung.co.kr/store/goods/getGoodsDetail.do?goodsNo=A000000209174,1,collected,
naver-53917846559,에스쁘아,lip,7,에스쁘아 꾸뛰르 립틴트 피팅블러,에스쁘아 꾸뛰르 립틴트 피팅블러 올리브영,naver_offer_metadata_matchedPositiveOffers,A000000222885,0.67,https://www.oliveyoung.co.kr/store/goods/getGoodsDetail.do?goodsNo=A000000222885,1,collected,
naver-59489419719,에스쁘아,cheek,3,에스쁘아 블러웨어 블러쉬,에스쁘아 블러웨어 블러쉬 올리브영,naver_offer_metadata_matchedPositiveOffers,A000000247247,0.5,https://www.oliveyoung.co.kr/store/goods/getGoodsDetail.do?goodsNo=A000000247247,1,collected,
naver-60429483051,에스쁘아,shadow,10,오트라떼/재출시 에스쁘아 아이 코어 팔레트 8 colors,에스쁘아 오트라떼/재출시 에스쁘아 아이 코어 팔레트 8 colors 올리브영,naver_offer_metadata_matchedPositiveOffers,A000000209174,1.0,https://www.oliveyoung.co.kr/store/goods/getGoodsDetail.do?goodsNo=A000000209174,1,collected,
naver-60231168254,웨이크메이크,lip,1,[NEW/미니틴트 기획] 웨이크메이크 볼드 립 블러 틴트 15COLOR,웨이크메이크 볼드 립 블러 틴트 15COLOR 올리브영,purchase_url_goods_no,A000000258196,1.0,https://www.oliveyoung.co.kr/store/goods/getGoodsDetail.do?goodsNo=A000000258196,1,collected,
naver-55580987021,웨이크메이크,shadow,1,[NEW/크림블러셔 기획] 웨이크메이크 소프트 블러링 아이팔레트(단품/기획),웨이크메이크 소프트 블러링 아이팔레트(단품/ ) 올리브영,purchase_url_goods_no,A000000180532,1.0,https://www.oliveyoung.co.kr/store/goods/getGoodsDetail.do?goodsNo=A000000180532,1,collected,
naver-56456062597,웨이크메이크,cheek,1,[NEW/헬시 치크] 웨이크메이크 쉐이킹 블러 치크 9COLOR,웨이크메이크 쉐이킹 블러 치크 9COLOR 올리브영,purchase_url_goods_no,A000000231339,1.0,https://www.oliveyoung.co.kr/store/goods/getGoodsDetail.do?goodsNo=A000000231339,1,collected,
naver-59284990293,웨이크메이크,cheek,5,[다굽자/아이돌샤라웃]웨이크메이크 믹스 블러링 볼륨&쉬어 브리즈 블러셔,웨이크메이크 믹스 블러링 볼륨&쉬어 브리즈 블러셔 올리브영,purchase_url_goods_no,A000000248938,1.0,https://www.oliveyoung.co.kr/store/goods/getGoodsDetail.do?goodsNo=A000000248938,1,collected,
naver-56424883397,웨이크메이크,lip,2,[미니틴트 증정]웨이크메이크 워터 블러링 레이어 틴트 14COLOR(단품/기획),웨이크메이크 웨이크메이크 워터 블러링 레이어 틴트 14COLOR(단품/ ) 올리브영,purchase_url_goods_no,A000000223250,1.0,https://www.oliveyoung.co.kr/store/goods/getGoodsDetail.do?goodsNo=A000000223250,1,collected,
naver-59069901601,웨이크메이크,cheek,4,[아이돌블러셔/단종템부활] 웨이크메이크 믹스 블러링 볼륨 블러셔 5COLOR,웨이크메이크 믹스 블러링 볼륨 블러셔 5COLOR 올리브영,purchase_url_goods_no,A000000248458,1.0,https://www.oliveyoung.co.kr/store/goods/getGoodsDetail.do?goodsNo=A000000248458,1,collected,
naver-58334238932,웨이크메이크,cheek,3,[핑거퍼프 기획]웨이크메이크 쉬어 글로우 리퀴드 블러셔 5COLOR 기획,웨이크메이크 쉬어 글로우 리퀴드 블러셔 5COLOR 올리브영,purchase_url_goods_no,A000000211575,1.0,https://www.oliveyoung.co.kr/store/goods/getGoodsDetail.do?goodsNo=A000000211575,1,collected,
naver-60565582016,웨이크메이크,cheek,9,숨결 블러셔 웨이크메이크 쉬어 브리즈 5g 7COLOR 4044764,웨이크메이크 숨결 블러셔 웨이크메이크 쉬어 브리즈 5g 7COLOR 4044764 올리브영,naver_offer_metadata_matchedPositiveOffers,A000000223261,1.0,https://www.oliveyoung.co.kr/store/goods/getGoodsDetail.do?goodsNo=A000000223261,1,collected,
naver-58992080116,웨이크메이크,lip,7,웨이크메이크 워터 블러링 레이어 틴트,웨이크메이크 워터 블러링 레이어 틴트 올리브영,naver_offer_metadata_matchedPositiveOffers,A000000223250,1.0,https://www.oliveyoung.co.kr/store/goods/getGoodsDetail.do?goodsNo=A000000223250,1,collected,
naver-89236854512,정샘물 뷰티,cheek,5,[2개 구성] 정샘물 아티스트 쿠션 블러쉬 4g,정샘물 뷰티 아티스트 쿠션 블러쉬 올리브영,naver_offer_metadata_matchedPositiveOffers,A000000229462,0.67,https://www.oliveyoung.co.kr/store/goods/getGoodsDetail.do?goodsNo=A000000229462,1,collected,
naver-89145048078,정샘물 뷰티,cheek,10,이런 상품 어때요? 정샘물 아티스트 쿠션 블러쉬 4g,정샘물 뷰티 정샘물 아티스트 쿠션 블러쉬 올리브영,naver_offer_metadata_matchedPositiveOffers,A000000229462,0.8,https://www.oliveyoung.co.kr/store/goods/getGoodsDetail.do?goodsNo=A000000229462,1,collected,
naver-89145048077,정샘물 뷰티,cheek,2,정샘물 아티스트 쿠션 블러쉬 4g,정샘물 뷰티 아티스트 쿠션 블러쉬 올리브영,naver_offer_metadata_matchedPositiveOffers,A000000229462,0.8,https://www.oliveyoung.co.kr/store/goods/getGoodsDetail.do?goodsNo=A000000229462,1,collected,
naver-54795250114,컬러그램,lip,4,[립&치크 블러팟]컬러그램 틴토리 블러 잼 4COLOR,컬러그램 틴토리 블러 잼 4COLOR 올리브영,purchase_url_goods_no,A000000209954,1.0,https://www.oliveyoung.co.kr/store/goods/getGoodsDetail.do?goodsNo=A000000209954,1,collected,
naver-50894793300,컬러그램,lip,5,[원조탱글광]컬러그램 탕후루 탱글 틴트 17COLOR,컬러그램 탕후루 탱글 틴트 17COLOR 올리브영,purchase_url_goods_no,A000000188142,1.0,https://www.oliveyoung.co.kr/store/goods/getGoodsDetail.do?goodsNo=A000000188142,1,collected,
naver-55568229070,컬러그램,lip,1,[착색블러]컬러그램 쥬시 잼 블러 틴트 8COLOR,컬러그램 쥬시 잼 블러 틴트 8COLOR 올리브영,purchase_url_goods_no,A000000228696,1.0,https://www.oliveyoung.co.kr/store/goods/getGoodsDetail.do?goodsNo=A000000228696,1,collected,
naver-59629361232,컬러그램,lip,3,[포켓몬 에디션/NEW 컬러]컬러그램 탕후루 탱글 틴트 딥 글레이즈 8COLOR,컬러그램 탕후루 탱글 틴트 딥 글레이즈 8COLOR 올리브영,purchase_url_goods_no,A000000245109,1.0,https://www.oliveyoung.co.kr/store/goods/getGoodsDetail.do?goodsNo=A000000245109,1,collected,
naver-59777097727,컬러그램,shadow,5,[포켓몬 에디션/NEW]컬러그램 포켓링 아이 팔레트 5COLOR,컬러그램 포켓링 아이 팔레트 5COLOR 올리브영,purchase_url_goods_no,A000000252788,1.0,https://www.oliveyoung.co.kr/store/goods/getGoodsDetail.do?goodsNo=A000000252788,1,collected,
naver-55774345211,컬러그램,cheek,1,[포켓몬 에디션/모공블러셔]컬러그램 틴토리 솜 블러셔 14COLOR,컬러그램 틴토리 솜 블러셔 14COLOR 올리브영,purchase_url_goods_no,A000000228682,1.0,https://www.oliveyoung.co.kr/store/goods/getGoodsDetail.do?goodsNo=A000000228682,1,collected,
naver-56422598801,클리오,cheek,1,클리오 에센셜 립치크 탭 4.5g 14종,클리오 에센셜 립치크 탭 4.5g 14종 올리브영,purchase_url_goods_no,A000000211400,1.0,https://www.oliveyoung.co.kr/store/goods/getGoodsDetail.do?goodsNo=A000000211400,1,collected,
naver-57004215532,투쿨포스쿨,lip,1,[투쿨포스쿨] 보송틴트 스웨이 립 벨벳,투쿨포스쿨 보송틴트 스웨이 립 벨벳 올리브영,naver_offer_metadata_matchedPositiveOffers,A000000232145,1.0,https://www.oliveyoung.co.kr/store/goods/getGoodsDetail.do?goodsNo=A000000232145,1,collected,
naver-54629623923,투쿨포스쿨,cheek,1,투쿨포스쿨 바이로댕 블러셔,투쿨포스쿨 바이로댕 블러셔 올리브영,purchase_url_goods_no,A000000110553,1.0,https://www.oliveyoung.co.kr/store/goods/getGoodsDetail.do?goodsNo=A000000110553,1,collected,
naver-60470423917,투쿨포스쿨,cheek,6,투쿨포스쿨 바이로댕 블러셔,투쿨포스쿨 바이로댕 블러셔 올리브영,naver_offer_metadata_matchedPositiveOffers,A000000110553,1.0,https://www.oliveyoung.co.kr/store/goods/getGoodsDetail.do?goodsNo=A000000110553,1,collected,
naver-59299601121,투쿨포스쿨,cheek,9,투쿨포스쿨 바이로댕 블러셔,투쿨포스쿨 바이로댕 블러셔 올리브영,naver_offer_metadata_matchedPositiveOffers,A000000110553,1.0,https://www.oliveyoung.co.kr/store/goods/getGoodsDetail.do?goodsNo=A000000110553,1,collected,
naver-56466315820,투쿨포스쿨,lip,2,투쿨포스쿨 스웨이 립 벨벳 (기획/단품),투쿨포스쿨 스웨이 립 벨벳 ( /단품) 올리브영,purchase_url_goods_no,A000000232145,1.0,https://www.oliveyoung.co.kr/store/goods/getGoodsDetail.do?goodsNo=A000000232145,1,collected,
naver-59299583355,투쿨포스쿨,lip,9,투쿨포스쿨 스웨이 립 벨벳 기획 단품,투쿨포스쿨 스웨이 립 벨벳 단품 올리브영,naver_offer_metadata_matchedPositiveOffers,A000000232145,1.0,https://www.oliveyoung.co.kr/store/goods/getGoodsDetail.do?goodsNo=A000000232145,1,collected,
naver-60425635594,투쿨포스쿨,lip,7,투쿨포스쿨 스웨이 립 벨벳 기획/단품,투쿨포스쿨 스웨이 립 벨벳 /단품 올리브영,naver_offer_metadata_matchedPositiveOffers,A000000232145,1.0,https://www.oliveyoung.co.kr/store/goods/getGoodsDetail.do?goodsNo=A000000232145,1,collected,
naver-60621669086,투쿨포스쿨,lip,10,투쿨포스쿨 스웨이 립 벨벳 기획/단품 3473375,투쿨포스쿨 스웨이 립 벨벳 /단품 3473375 올리브영,naver_offer_metadata_matchedPositiveOffers,A000000232145,1.0,https://www.oliveyoung.co.kr/store/goods/getGoodsDetail.do?goodsNo=A000000232145,1,collected,
naver-58784875572,투쿨포스쿨,lip,5,투쿨포스쿨 스웨이 립 벨벳 무광블러틴트,투쿨포스쿨 스웨이 립 벨벳 무광블러틴트 올리브영,naver_offer_metadata_matchedPositiveOffers,A000000232145,1.0,https://www.oliveyoung.co.kr/store/goods/getGoodsDetail.do?goodsNo=A000000232145,1,collected,
naver-58339678202,투쿨포스쿨,shadow,10,투쿨포스쿨 프로타주 펜슬 (기획/단품),투쿨포스쿨 프로타주 펜슬 ( /단품) 올리브영,purchase_url_goods_no,A000000120656,1.0,https://www.oliveyoung.co.kr/store/goods/getGoodsDetail.do?goodsNo=A000000120656,1,collected,
naver-57235448244,페리페라,cheek,3,[2EA] 페리페라 선샤인 치크,페리페라 선샤인 치크 올리브영,naver_offer_metadata_matchedPositiveOffers,A000000140263,0.67,https://www.oliveyoung.co.kr/store/goods/getGoodsDetail.do?goodsNo=A000000140263,1,collected,
naver-46865646838,페리페라,cheek,6,페리페라 맑게 물든 선샤인 치크,페리페라 맑게 물든 선샤인 치크 올리브영,naver_offer_metadata_matchedPositiveOffers,A000000140263,1.0,https://www.oliveyoung.co.kr/store/goods/getGoodsDetail.do?goodsNo=A000000140263,1,collected,
naver-59404539686,페리페라,cheek,1,페리페라 블러리 톡 치크 5 Colors (+미니치크 증정 기획) | 올리브영,페리페라 블러리 톡 치크 5 Colors | 올리브영 올리브영,purchase_url_goods_no,A000000249488,1.0,https://www.oliveyoung.co.kr/store/goods/getGoodsDetail.do?goodsNo=A000000249488,1,collected,
naver-59330543110,페리페라,cheek,2,페리페라 시럽피 톡 치크 13 Colors | 올리브영,페리페라 시럽피 톡 치크 13 Colors | 올리브영 올리브영,purchase_url_goods_no,A000000217779,1.0,https://www.oliveyoung.co.kr/store/goods/getGoodsDetail.do?goodsNo=A000000217779,1,collected,
naver-57800795317,페리페라,shadow,2,페리페라 올테이크 무드 라이크 팔레트 | 올리브영,페리페라 올테이크 무드 라이크 팔레트 | 올리브영 올리브영,purchase_url_goods_no,A000000183970,1.0,https://www.oliveyoung.co.kr/store/goods/getGoodsDetail.do?goodsNo=A000000183970,1,collected,
naver-51634638110,페리페라,lip,5,페리페라 잉크 더 에어리 벨벳 4g 6 Colors | 올리브영,페리페라 잉크 더 에어리 벨벳 4g 6 Colors | 올리브영 올리브영,purchase_url_goods_no,A000000121562,1.0,https://www.oliveyoung.co.kr/store/goods/getGoodsDetail.do?goodsNo=A000000121562,1,collected,
naver-56466294479,하트퍼센트,shadow,1,[NEW] 하트퍼센트 도트 온 무드 아이 팔레트 3colors,하트퍼센트 도트 온 무드 아이 팔레트 3colors 올리브영,purchase_url_goods_no,A000000209307,1.0,https://www.oliveyoung.co.kr/store/goods/getGoodsDetail.do?goodsNo=A000000209307,1,collected,
naver-56467457925,하트퍼센트,lip,1,[NEW컬러] 하트퍼센트 도트 온 무드 퓨어 글로우 틴트 6.8g 5종,하트퍼센트 도트 온 무드 퓨어 글로우 틴트 6.8g 5종 올리브영,purchase_url_goods_no,A000000174069,1.0,https://www.oliveyoung.co.kr/store/goods/getGoodsDetail.do?goodsNo=A000000174069,1,collected,
naver-52098544654,하트퍼센트,shadow,3,[하트퍼센트] 도트 온 무드 아이 팔레트 -,하트퍼센트 도트 온 무드 아이 팔레트 - 올리브영,naver_offer_metadata_matchedPositiveOffers,A000000209307,1.0,https://www.oliveyoung.co.kr/store/goods/getGoodsDetail.do?goodsNo=A000000209307,1,collected,
naver-46473712336,하트퍼센트,shadow,6,[하트퍼센트] 도트 온 무드 아이팔레트,하트퍼센트 도트 온 무드 아이팔레트 올리브영,naver_offer_metadata_matchedPositiveOffers,A000000209307,0.67,https://www.oliveyoung.co.kr/store/goods/getGoodsDetail.do?goodsNo=A000000209307,1,collected,
naver-33468426847,하트퍼센트,lip,2,[하트퍼센트] 도트 온 무드 퓨어 글로우 틴트,하트퍼센트 도트 온 무드 퓨어 글로우 틴트 올리브영,naver_offer_metadata_matchedPositiveOffers,A000000174069,1.0,https://www.oliveyoung.co.kr/store/goods/getGoodsDetail.do?goodsNo=A000000174069,1,collected,
naver-84362053977,하트퍼센트,shadow,4,이런 상품 어때요? 하트퍼센트 도트 온 무드 아이 팔레트,하트퍼센트 하트퍼센트 도트 온 무드 아이 팔레트 올리브영,naver_offer_metadata_matchedPositiveOffers,A000000209307,1.0,https://www.oliveyoung.co.kr/store/goods/getGoodsDetail.do?goodsNo=A000000209307,1,collected,
naver-84362053978,하트퍼센트,shadow,2,하트퍼센트 도트 온 무드 아이 팔레트,하트퍼센트 도트 온 무드 아이 팔레트 올리브영,naver_offer_metadata_matchedPositiveOffers,A000000209307,1.0,https://www.oliveyoung.co.kr/store/goods/getGoodsDetail.do?goodsNo=A000000209307,1,collected,
naver-60312701914,하트퍼센트,shadow,7,하트퍼센트 도트 온 무드 아이 팔레트,하트퍼센트 도트 온 무드 아이 팔레트 올리브영,naver_offer_metadata_matchedPositiveOffers,A000000209307,1.0,https://www.oliveyoung.co.kr/store/goods/getGoodsDetail.do?goodsNo=A000000209307,1,collected,
naver-60641062079,하트퍼센트,lip,7,하트퍼센트 립 글로우 틴트 물광 수분 워터립 도트 온 무드 퓨어 MNS,하트퍼센트 립 글로우 틴트 물광 수분 워터립 도트 온 무드 퓨어 MNS 올리브영,naver_offer_metadata_matchedPositiveOffers,A000000174069,0.62,https://www.oliveyoung.co.kr/store/goods/getGoodsDetail.do?goodsNo=A000000174069,1,collected,
naver-59678662082,네이밍,base,1,[7월 올영픽/여름지성쿠션] 네이밍 올데이 마스터 쿠션 리필 기획 (+부오이 파우치),네이밍 올데이 마스터 쿠션 (+부오이 파우치) 올리브영,purchase_url_goods_no,A000000251851,1.0,https://www.oliveyoung.co.kr/store/goods/getGoodsDetail.do?goodsNo=A000000251851,1,collected,"shadeOptions,colorFamily,undertone,finish,texture"
naver-58998968523,뮤드,liner,3,[NEW 출시] 뮤드 아이래쉬 세럼 샷,뮤드 아이래쉬 세럼 샷 올리브영,naver_offer_metadata_matchedPositiveOffers,A000000213690,1.0,https://www.oliveyoung.co.kr/store/goods/getGoodsDetail.do?goodsNo=A000000213690,1,collected,"shadeOptions,colorFamily,undertone,finish,texture"
naver-56643537863,에스쁘아,brow,4,[6월 올영픽/NEW 단독기획] 에스쁘아 더브로우 컬러 픽싱 카라 10 Colors,에스쁘아 더브로우 컬러 픽싱 카라 10 Colors 올리브영,purchase_url_goods_no,A000000183407,1.0,https://www.oliveyoung.co.kr/store/goods/getGoodsDetail.do?goodsNo=A000000183407,1,collected,"shadeOptions,colorFamily,undertone,finish,texture"
naver-49163534510,에스쁘아,brow,2,[에스쁘아] 더브로우 컬러 픽싱 카라,에스쁘아 더브로우 컬러 픽싱 카라 올리브영,naver_offer_metadata_matchedPositiveOffers,A000000183407,1.0,https://www.oliveyoung.co.kr/store/goods/getGoodsDetail.do?goodsNo=A000000183407,2,collected,"shadeOptions,colorFamily,undertone,finish,texture"
naver-56414757409,에스쁘아,brow,6,[올리브영 단독/포켓뷰티] 에스쁘아 더브로우 컬러 픽싱 카라 미니 2g,에스쁘아 더브로우 컬러 픽싱 카라 미니 올리브영,purchase_url_goods_no,A000000232526,1.0,https://www.oliveyoung.co.kr/store/goods/getGoodsDetail.do?goodsNo=A000000232526,1,collected,"shadeOptions,colorFamily,undertone,finish,texture"
naver-57918559290,에스쁘아,liner,5,에스쁘아 노머징 브러쉬 라이너,에스쁘아 노머징 브러쉬 라이너 올리브영,purchase_url_goods_no,A000000134324,1.0,https://www.oliveyoung.co.kr/store/goods/getGoodsDetail.do?goodsNo=A000000134324,1,collected,"shadeOptions,colorFamily,undertone,finish,texture"
naver-56425945155,웨이크메이크,liner,1,[1+1]웨이크메이크 철벽 브러쉬 아이라이너 3COLOR(1+1 기획),웨이크메이크 철벽 브러쉬 아이라이너 3COLOR(1+1 ) 올리브영,purchase_url_goods_no,A000000130012,1.0,https://www.oliveyoung.co.kr/store/goods/getGoodsDetail.do?goodsNo=A000000130012,1,collected,"shadeOptions,colorFamily,undertone,finish,texture"
naver-58572181779,웨이크메이크,brow,2,[NEW/브로우맛집] 웨이크메이크 리얼 픽싱 슬림 브로우카라 5COLOR,웨이크메이크 리얼 픽싱 슬림 브로우카라 5COLOR 올리브영,purchase_url_goods_no,A000000244390,1.0,https://www.oliveyoung.co.kr/store/goods/getGoodsDetail.do?goodsNo=A000000244390,1,collected,"shadeOptions,colorFamily,undertone,finish,texture"
naver-56456048563,웨이크메이크,brow,1,웨이크메이크 소프트 드로잉 슬림 브로우 4COLOR,웨이크메이크 소프트 드로잉 슬림 브로우 4COLOR 올리브영,purchase_url_goods_no,A000000208272,1.0,https://www.oliveyoung.co.kr/store/goods/getGoodsDetail.do?goodsNo=A000000208272,1,collected,"shadeOptions,colorFamily,undertone,finish,texture"
naver-57908272565,클리오,liner,9,클리오 수퍼프루프 브러쉬라이너 킬애쉬,클리오 수퍼프루프 브러쉬라이너 킬애쉬 올리브영,purchase_url_goods_no,A000000209821,1.0,https://www.oliveyoung.co.kr/store/goods/getGoodsDetail.do?goodsNo=A000000209821,1,collected,"shadeOptions,colorFamily,undertone,finish,texture"
naver-57918520615,클리오,brow,5,클리오 킬브로우 듀얼 타투펜 기획 (타투펜+리무버펜),클리오 킬브로우 듀얼 타투펜 (타투펜+리무버펜) 올리브영,purchase_url_goods_no,A000000129242,1.0,https://www.oliveyoung.co.kr/store/goods/getGoodsDetail.do?goodsNo=A000000129242,1,collected,"shadeOptions,colorFamily,undertone,finish,texture"
naver-58981432130,페리페라,brow,5,페리페라 스피디 스키니 브로우 8 Colors,페리페라 스피디 스키니 브로우 8 Colors 올리브영,purchase_url_goods_no,A000000138671,1.0,https://www.oliveyoung.co.kr/store/goods/getGoodsDetail.do?goodsNo=A000000138671,1,collected,"shadeOptions,colorFamily,undertone,finish,texture"
naver-56466289432,하트퍼센트,brow,1,[NEW] 하트퍼센트 도트 온 무드 엣지 앤 플랫 아이브로우 6colors(기획/단품),하트퍼센트 도트 온 무드 엣지 앤 플랫 아이브로우 6colors( /단품) 올리브영,purchase_url_goods_no,A000000221710,1.0,https://www.oliveyoung.co.kr/store/goods/getGoodsDetail.do?goodsNo=A000000221710,1,collected,"shadeOptions,colorFamily,undertone,finish,texture"
naver-58572203464,하트퍼센트,brow,2,[NEW] 하트퍼센트 컬러 체인저 원유즈,하트퍼센트 컬러 체인저 원유즈 올리브영,purchase_url_goods_no,A000000222921,1.0,https://www.oliveyoung.co.kr/store/goods/getGoodsDetail.do?goodsNo=A000000222921,1,collected,"shadeOptions,colorFamily,undertone,finish,texture"
naver-54542546827,3CE,liner,6,3CE 마이링 아이라이너,3CE 마이링 아이라이너 올리브영,naver_offer_metadata_matchedPositiveOffers,A000000219135,1.0,https://www.oliveyoung.co.kr/store/goods/getGoodsDetail.do?goodsNo=A000000219135,1,collected,"shadeOptions,colorFamily,undertone,finish"
naver-53179305530,3CE,liner,1,3CE 마이링 아이라이너 5colors,3CE 마이링 아이라이너 5colors 올리브영,purchase_url_goods_no,A000000219135,1.0,https://www.oliveyoung.co.kr/store/goods/getGoodsDetail.do?goodsNo=A000000219135,1,collected,"shadeOptions,colorFamily,undertone,finish"
naver-51796034267,VDL,base,3,[VDL] 커버스테인 퍼펙팅 쿠션,VDL 커버스테인 퍼펙팅 쿠션 올리브영,naver_offer_metadata_matchedPositiveOffers,A000000185903,0.67,https://www.oliveyoung.co.kr/store/goods/getGoodsDetail.do?goodsNo=A000000185903,1,collected,"shadeOptions,colorFamily,undertone,finish"
naver-51798279644,VDL,base,6,[VDL] 커버스테인 퍼펙팅 쿠션,VDL 커버스테인 퍼펙팅 쿠션 올리브영,naver_offer_metadata_matchedPositiveOffers,A000000185903,0.67,https://www.oliveyoung.co.kr/store/goods/getGoodsDetail.do?goodsNo=A000000185903,1,collected,"shadeOptions,colorFamily,undertone,finish"
naver-51795772490,VDL,base,2,[VDL] 커버스테인 퍼펙팅 쿠션 리필,VDL 커버스테인 퍼펙팅 쿠션 올리브영,naver_offer_metadata_matchedPositiveOffers,A000000185903,0.67,https://www.oliveyoung.co.kr/store/goods/getGoodsDetail.do?goodsNo=A000000185903,1,collected,"shadeOptions,colorFamily,undertone,finish"
naver-51780798369,VDL,base,7,[VDL] 커버스테인 퍼펙팅 쿠션 리필,VDL 커버스테인 퍼펙팅 쿠션 올리브영,naver_offer_metadata_matchedPositiveOffers,A000000185903,0.67,https://www.oliveyoung.co.kr/store/goods/getGoodsDetail.do?goodsNo=A000000185903,1,collected,"shadeOptions,colorFamily,undertone,finish"
naver-60208613027,VDL,base,1,[레몬패키지] VDL 커버 스테인 퍼펙팅 쿠션 기획 (본품+리필),VDL 커버 스테인 퍼펙팅 쿠션 ( + ) 올리브영,purchase_url_goods_no,A000000185903,1.0,https://www.oliveyoung.co.kr/store/goods/getGoodsDetail.do?goodsNo=A000000185903,1,collected,"shadeOptions,colorFamily,undertone,finish"
naver-54973029055,네이밍,base,5,[모공커버쿠션] 네이밍 제로 그래비티 커버 업 쿠션 기획(본품+리필),네이밍 제로 그래비티 커버 업 쿠션 ( + ) 올리브영,purchase_url_goods_no,A000000226593,1.0,https://www.oliveyoung.co.kr/store/goods/getGoodsDetail.do?goodsNo=A000000226593,1,collected,"shadeOptions,colorFamily,undertone,finish"
naver-59322633965,네이밍,base,3,[미니쿠션] 네이밍 레이어드 핏 쿠션 미니 5g,네이밍 레이어드 핏 쿠션 미니 올리브영,purchase_url_goods_no,A000000249907,1.0,https://www.oliveyoung.co.kr/store/goods/getGoodsDetail.do?goodsNo=A000000249907,1,collected,"shadeOptions,colorFamily,undertone,finish"
naver-51778862856,네이밍,base,2,[올영단독기획/수부지쿠션1등] 네이밍 레이어드 핏 쿠션 기획(본품+리필),네이밍 레이어드 핏 쿠션 ( + ) 올리브영,purchase_url_goods_no,A000000175954,1.0,https://www.oliveyoung.co.kr/store/goods/getGoodsDetail.do?goodsNo=A000000175954,1,collected,"shadeOptions,colorFamily,undertone,finish"
naver-57800793314,데이지크,liner,4,[단독기획] 데이지크 무드 업 마스카라 롱앤컬 1+1기획 2 colors,데이지크 무드 업 마스카라 롱앤컬 1+1기획 2 colors 올리브영,purchase_url_goods_no,A000000180888,1.0,https://www.oliveyoung.co.kr/store/goods/getGoodsDetail.do?goodsNo=A000000180888,1,collected,"shadeOptions,colorFamily,undertone,finish"
naver-56707540212,데이지크,base,4,"데이지크 워터 베일 프라이머 40ml, 1개","데이지크 워터 베일 프라이머 40ml, 올리브영",naver_offer_metadata_matchedPositiveOffers,A000000198785,1.0,https://www.oliveyoung.co.kr/store/goods/getGoodsDetail.do?goodsNo=A000000198785,1,collected,"shadeOptions,colorFamily,undertone,finish"
naver-91072395127,라카,liner,1,[NEW] 라카 립 라이너 0.7g,라카 립 라이너 올리브영,naver_offer_metadata_matchedPositiveOffers,A000000250463,1.0,https://www.oliveyoung.co.kr/store/goods/getGoodsDetail.do?goodsNo=A000000250463,1,collected,"shadeOptions,colorFamily,undertone,finish"
naver-59618504835,라카,brow,3,[new] 라카 픽시 브로우 카라 9colors,라카 픽시 브로우 카라 9colors 올리브영,purchase_url_goods_no,A000000251809,1.0,https://www.oliveyoung.co.kr/store/goods/getGoodsDetail.do?goodsNo=A000000251809,1,collected,"shadeOptions,colorFamily,undertone,finish"
naver-59484723178,라카,liner,3,[미출시본품증정] 라카 스테인 립 라이너 0.7g 4종 (기획/단품),라카 라카 스테인 립 라이너 0.7g 4종 ( /단품) 올리브영,purchase_url_goods_no,A000000250463,1.0,https://www.oliveyoung.co.kr/store/goods/getGoodsDetail.do?goodsNo=A000000250463,1,collected,"shadeOptions,colorFamily,undertone,finish"
naver-60640171347,라카,liner,5,미출시본품 라카 스테인 립 라이너 0.7g 4종 기획단품 4064965,라카 미출시본품 라카 스테인 립 라이너 0.7g 4종 기획단품 4064965 올리브영,naver_offer_metadata_matchedPositiveOffers,A000000250463,1.0,https://www.oliveyoung.co.kr/store/goods/getGoodsDetail.do?goodsNo=A000000250463,1,collected,"shadeOptions,colorFamily,undertone,finish"
naver-60274175095,라카,liner,7,본품 라카 스테인 립 라이너 0.7g 4종 /단품 301637,라카 라카 스테인 립 라이너 0.7g 4종 /단품 301637 올리브영,naver_offer_metadata_matchedPositiveOffers,A000000250463,1.0,https://www.oliveyoung.co.kr/store/goods/getGoodsDetail.do?goodsNo=A000000250463,1,collected,"shadeOptions,colorFamily,undertone,finish"
naver-91072395128,라카,liner,2,이런 상품 어때요? 라카 립 라이너 0.7g,라카 라카 립 라이너 올리브영,naver_offer_metadata_matchedPositiveOffers,A000000250463,1.0,https://www.oliveyoung.co.kr/store/goods/getGoodsDetail.do?goodsNo=A000000250463,1,collected,"shadeOptions,colorFamily,undertone,finish"
naver-57395565164,롬앤,base,10,[NEW] 롬앤 | 미피 베어 워터 쿠션 기획/단품 | 올리브영,롬앤 | 미피 베어 워터 쿠션 /단품 | 올리브영 올리브영,purchase_url_goods_no,A000000175792,1.0,https://www.oliveyoung.co.kr/store/goods/getGoodsDetail.do?goodsNo=A000000175792,1,collected,"shadeOptions,colorFamily,undertone,finish"
naver-57918539952,롬앤,base,1,[롬앤X이나피스퀘어] 롬앤 누 제로 쿠션 | 올리브영,롬앤 누 제로 쿠션 | 올리브영 올리브영,purchase_url_goods_no,A000000164072,1.0,https://www.oliveyoung.co.kr/store/goods/getGoodsDetail.do?goodsNo=A000000164072,1,collected,"shadeOptions,colorFamily,undertone,finish"
naver-57918522792,롬앤,liner,4,롬앤 립매터 | 올리브영,롬앤 립매터 | 올리브영 올리브영,purchase_url_goods_no,A000000105803,1.0,https://www.oliveyoung.co.kr/store/goods/getGoodsDetail.do?goodsNo=A000000105803,1,collected,"shadeOptions,colorFamily,undertone,finish"
naver-57442292557,뮤드,brow,2,[7월 올영픽/마찌콜라보] 뮤드 스키니 브로우 카라 10종 (단품/기획),뮤드 스키니 브로우 카라 10종 (단품/ ) 올리브영,purchase_url_goods_no,A000000213046,1.0,https://www.oliveyoung.co.kr/store/goods/getGoodsDetail.do?goodsNo=A000000213046,1,collected,"shadeOptions,colorFamily,undertone,finish"
naver-91136523021,뮤드,liner,1,컬러 뮤드 인스파이어 스키니 브로우 카라 10종 단품/ 285677,뮤드 컬러 뮤드 인스파이어 스키니 브로우 카라 10종 단품/ 285677 올리브영,naver_offer_metadata_matchedPositiveOffers,A000000213046,0.67,https://www.oliveyoung.co.kr/store/goods/getGoodsDetail.do?goodsNo=A000000213046,1,collected,"shadeOptions,colorFamily,undertone,finish"
naver-55777949508,에스쁘아,base,8,[기름종이쿠션/퍼프 3매 추가 증정 기획] 에스쁘아 비벨벳 세범컷 쿨링 쿠션 15.8g,에스쁘아 에스쁘아 비벨벳 세범컷 쿨링 쿠션 올리브영,purchase_url_goods_no,A000000230386,1.0,https://www.oliveyoung.co.kr/store/goods/getGoodsDetail.do?goodsNo=A000000230386,1,collected,"shadeOptions,colorFamily,undertone,texture"
naver-55381719519,에스쁘아,brow,5,[납작브로우] 에스쁘아 더브로우 이지 쉐이핑 펜슬 5 colors,에스쁘아 더브로우 이지 쉐이핑 펜슬 5 colors 올리브영,purchase_url_goods_no,A000000207415,1.0,https://www.oliveyoung.co.kr/store/goods/getGoodsDetail.do?goodsNo=A000000207415,1,collected,"shadeOptions,colorFamily,undertone,finish"
naver-55907665850,에스쁘아,liner,1,[사면확장/아이라이너] 에스쁘아 아이 오프닝 펜슬 0.3g,에스쁘아 아이 오프닝 펜슬 올리브영,purchase_url_goods_no,A000000230931,1.0,https://www.oliveyoung.co.kr/store/goods/getGoodsDetail.do?goodsNo=A000000230931,1,collected,"shadeOptions,colorFamily,undertone,finish"
naver-49163527321,에스쁘아,liner,3,[에스쁘아] 노머징 브러쉬 라이너,에스쁘아 노머징 브러쉬 라이너 올리브영,naver_offer_metadata_matchedPositiveOffers,A000000134324,1.0,https://www.oliveyoung.co.kr/store/goods/getGoodsDetail.do?goodsNo=A000000134324,1,collected,"shadeOptions,colorFamily,undertone,finish"
naver-49163536005,에스쁘아,brow,1,[에스쁘아] 더브로우 밸런스 펜슬,에스쁘아 더브로우 밸런스 펜슬 올리브영,naver_offer_metadata_matchedPositiveOffers,A000000230941,1.0,https://www.oliveyoung.co.kr/store/goods/getGoodsDetail.do?goodsNo=A000000230941,1,collected,"shadeOptions,colorFamily,undertone,finish"
naver-49678258425,에스쁘아,brow,8,[에스쁘아] 더브로우 이지 쉐이핑 펜슬,에스쁘아 더브로우 이지 쉐이핑 펜슬 올리브영,naver_offer_metadata_matchedPositiveOffers,A000000207415,1.0,https://www.oliveyoung.co.kr/store/goods/getGoodsDetail.do?goodsNo=A000000207415,1,collected,"shadeOptions,colorFamily,undertone,finish"
naver-54045226823,에스쁘아,liner,2,[에스쁘아] 아이 오프닝 펜슬,에스쁘아 아이 오프닝 펜슬 올리브영,naver_offer_metadata_matchedPositiveOffers,A000000230931,1.0,https://www.oliveyoung.co.kr/store/goods/getGoodsDetail.do?goodsNo=A000000230931,1,collected,"shadeOptions,colorFamily,undertone,finish"
naver-54277596081,에스쁘아,liner,4,[에스쁘아] 아이 오프닝 펜슬,에스쁘아 아이 오프닝 펜슬 올리브영,naver_offer_metadata_matchedPositiveOffers,A000000230931,1.0,https://www.oliveyoung.co.kr/store/goods/getGoodsDetail.do?goodsNo=A000000230931,1,collected,"shadeOptions,colorFamily,undertone,finish"
naver-58331572830,에스쁘아,brow,7,[올영단독/더블기획] 에스쁘아 더브로우 밸런스 펜슬 0.1g 4colors 2개입,에스쁘아 더브로우 밸런스 펜슬 0.1g 4colors 2개입 올리브영,purchase_url_goods_no,A000000230941,1.0,https://www.oliveyoung.co.kr/store/goods/getGoodsDetail.do?goodsNo=A000000230941,1,collected,"shadeOptions,colorFamily,undertone,finish"
naver-54873428026,웨이크메이크,liner,9,[NEW/트임라이너]웨이크메이크 리얼 디파이닝 펜슬 라이너 8COLOR,웨이크메이크 리얼 디파이닝 펜슬 라이너 8COLOR 올리브영,purchase_url_goods_no,A000000227420,1.0,https://www.oliveyoung.co.kr/store/goods/getGoodsDetail.do?goodsNo=A000000227420,1,collected,"shadeOptions,colorFamily,undertone,finish"
naver-56212686933,웨이크메이크,base,1,[파우치 기획]웨이크메이크 워터 글로우 코팅밤(단품/기획),웨이크메이크 워터 글로우 코팅밤(단품/ ) 올리브영,purchase_url_goods_no,A000000209147,1.0,https://www.oliveyoung.co.kr/store/goods/getGoodsDetail.do?goodsNo=A000000209147,1,collected,"shadeOptions,colorFamily,undertone,texture"
naver-56426874759,웨이크메이크,brow,4,웨이크메이크 파우더 젯 듀얼 브로우 5COLOR,웨이크메이크 파우더 젯 듀얼 브로우 5COLOR 올리브영,purchase_url_goods_no,A000000197861,1.0,https://www.oliveyoung.co.kr/store/goods/getGoodsDetail.do?goodsNo=A000000197861,1,collected,"shadeOptions,colorFamily,undertone,finish"
naver-50894865563,컬러그램,liner,1,[꼬막눈 확장/듀오기획]컬러그램 음영 창조 라이너 10COLOR (기획/단품),컬러그램 음영 창조 라이너 10COLOR ( /단품) 올리브영,purchase_url_goods_no,A000000162103,1.0,https://www.oliveyoung.co.kr/store/goods/getGoodsDetail.do?goodsNo=A000000162103,1,collected,"shadeOptions,colorFamily,undertone,finish"
naver-57918518098,클리오,brow,8,클리오 샤프 쏘 심플 브로우펜슬,클리오 샤프 쏘 심플 브로우펜슬 올리브영,purchase_url_goods_no,A000000180244,1.0,https://www.oliveyoung.co.kr/store/goods/getGoodsDetail.do?goodsNo=A000000180244,1,collected,"shadeOptions,colorFamily,undertone,finish"
naver-57918569105,클리오,liner,1,클리오 익스트림 젤프레소 펜슬라이너,클리오 익스트림 젤프레소 펜슬라이너 올리브영,purchase_url_goods_no,A000000160931,1.0,https://www.oliveyoung.co.kr/store/goods/getGoodsDetail.do?goodsNo=A000000160931,1,collected,"shadeOptions,colorFamily,undertone,finish"
naver-48004655423,클리오,brow,2,클리오 킬브로우 쉐이핑 파우더 브로우,클리오 킬브로우 쉐이핑 파우더 브로우 올리브영,naver_offer_metadata_matchedPositiveOffers,A000000205771,0.5,https://www.oliveyoung.co.kr/store/goods/getGoodsDetail.do?goodsNo=A000000205771,1,collected,"shadeOptions,colorFamily,undertone,finish"
naver-57251615906,클리오,brow,3,클리오 킬브로우 쉐이핑파우더브로우,클리오 킬브로우 쉐이핑파우더브로우 올리브영,purchase_url_goods_no,A000000205771,1.0,https://www.oliveyoung.co.kr/store/goods/getGoodsDetail.do?goodsNo=A000000205771,1,collected,"shadeOptions,colorFamily,undertone,finish"
naver-60448216033,투쿨포스쿨,base,10,NEW 투쿨포스쿨 픽싱 커버 핏 쿠션 + 리필 기획,투쿨포스쿨 NEW 투쿨포스쿨 픽싱 커버 핏 쿠션 + 올리브영,naver_offer_metadata_matchedPositiveOffers,A000000232144,1.0,https://www.oliveyoung.co.kr/store/goods/getGoodsDetail.do?goodsNo=A000000232144,1,collected,"shadeOptions,colorFamily,undertone,finish"
naver-57474649017,투쿨포스쿨,liner,4,[투쿨포스쿨] 그윽트임 스머징 엣지 라이너,투쿨포스쿨 그윽트임 스머징 엣지 라이너 올리브영,naver_offer_metadata_matchedPositiveOffers,A000000199182,0.67,https://www.oliveyoung.co.kr/store/goods/getGoodsDetail.do?goodsNo=A000000199182,1,collected,"shadeOptions,colorFamily,undertone,finish"
naver-51903540650,투쿨포스쿨,liner,2,투쿨포스쿨 스머징 트임 라이너,투쿨포스쿨 스머징 트임 라이너 올리브영,purchase_url_goods_no,A000000199182,1.0,https://www.oliveyoung.co.kr/store/goods/getGoodsDetail.do?goodsNo=A000000199182,1,collected,"shadeOptions,colorFamily,undertone,finish"
naver-54505553699,투쿨포스쿨,base,5,투쿨포스쿨 에어 핏 쿠션,투쿨포스쿨 에어 핏 쿠션 올리브영,purchase_url_goods_no,A000000224918,1.0,https://www.oliveyoung.co.kr/store/goods/getGoodsDetail.do?goodsNo=A000000224918,1,collected,"shadeOptions,colorFamily,undertone,finish"
naver-60448370936,투쿨포스쿨,base,8,투쿨포스쿨 에어 핏 쿠션,투쿨포스쿨 에어 핏 쿠션 올리브영,naver_offer_metadata_matchedPositiveOffers,A000000224918,1.0,https://www.oliveyoung.co.kr/store/goods/getGoodsDetail.do?goodsNo=A000000224918,1,collected,"shadeOptions,colorFamily,undertone,finish"
naver-51908736116,투쿨포스쿨,base,2,투쿨포스쿨 픽싱 듀 쿠션 (본품+리필),투쿨포스쿨 픽싱 듀 쿠션 ( + ) 올리브영,purchase_url_goods_no,A000000200115,1.0,https://www.oliveyoung.co.kr/store/goods/getGoodsDetail.do?goodsNo=A000000200115,1,collected,"shadeOptions,colorFamily,undertone,finish"
naver-60470420609,투쿨포스쿨,base,9,투쿨포스쿨 픽싱 듀 쿠션 본품+리필,투쿨포스쿨 픽싱 듀 쿠션 + 올리브영,naver_offer_metadata_matchedPositiveOffers,A000000200115,1.0,https://www.oliveyoung.co.kr/store/goods/getGoodsDetail.do?goodsNo=A000000200115,1,collected,"shadeOptions,colorFamily,undertone,finish"
naver-56466298719,투쿨포스쿨,base,4,투쿨포스쿨 픽싱 커버 핏 쿠션 (+리필2개 단독기획),투쿨포스쿨 픽싱 커버 핏 쿠션 (+리필2개 단독기획) 올리브영,purchase_url_goods_no,A000000232144,1.0,https://www.oliveyoung.co.kr/store/goods/getGoodsDetail.do?goodsNo=A000000232144,1,collected,"shadeOptions,colorFamily,undertone,finish"
naver-58981410135,페리페라,brow,2,페리페라 스피디 스키니 브로우 마스카라 10 Colors | 올리브영,페리페라 스피디 스키니 브로우 마스카라 10 Colors | 올리브영 올리브영,purchase_url_goods_no,A000000167236,1.0,https://www.oliveyoung.co.kr/store/goods/getGoodsDetail.do?goodsNo=A000000167236,1,collected,"shadeOptions,colorFamily,undertone,finish"
naver-56466303398,하트퍼센트,liner,1,[NEW] 하트퍼센트 도트 온 무드 컨투어 아이라이너 슬림 8colors,하트퍼센트 도트 온 무드 컨투어 아이라이너 슬림 8colors 올리브영,purchase_url_goods_no,A000000209310,1.0,https://www.oliveyoung.co.kr/store/goods/getGoodsDetail.do?goodsNo=A000000209310,1,collected,"shadeOptions,colorFamily,undertone,finish"
naver-56058096610,하트퍼센트,base,7,[신세계백화점][화잘먹 치트키] 하트퍼센트 선 베이스 2종,하트퍼센트 [화잘먹 치트키] 하트퍼센트 선 베이스 2종 올리브영,naver_offer_metadata_matchedPositiveOffers,A000000224736,1.0,https://www.oliveyoung.co.kr/store/goods/getGoodsDetail.do?goodsNo=A000000224736,1,collected,"shadeOptions,colorFamily,undertone,finish"
naver-60650051986,하트퍼센트,brow,9,하트퍼센트 브로우 컬러 체인저 4658217,하트퍼센트 브로우 컬러 체인저 4658217 올리브영,naver_offer_metadata_matchedPositiveOffers,A000000222921,0.67,https://www.oliveyoung.co.kr/store/goods/getGoodsDetail.do?goodsNo=A000000222921,1,collected,"colorFamily,undertone,finish,texture"
naver-89587053307,하트퍼센트,base,2,하트퍼센트 선베이스 2종,하트퍼센트 선베이스 2종 올리브영,naver_offer_metadata_matchedPositiveOffers,A000000224736,0.5,https://www.oliveyoung.co.kr/store/goods/getGoodsDetail.do?goodsNo=A000000224736,1,collected,"shadeOptions,colorFamily,undertone,finish"
naver-51420354156,네이밍,base,4,[네이밍] 레이어드 핏 쿠션 리필,네이밍 레이어드 핏 쿠션 올리브영,naver_offer_metadata_matchedPositiveOffers,A000000175954,1.0,https://www.oliveyoung.co.kr/store/goods/getGoodsDetail.do?goodsNo=A000000175954,1,collected,"colorFamily,undertone,finish"
naver-60642526244,라카,brow,7,라카 픽시 브로우 카라 체스트넛 3호,라카 픽시 브로우 카라 체스트넛 3호 올리브영,naver_offer_metadata_matchedPositiveOffers,A000000251809,0.75,https://www.oliveyoung.co.kr/store/goods/getGoodsDetail.do?goodsNo=A000000251809,1,collected,"colorFamily,undertone,finish"
naver-60427923751,뮤드,brow,4,NEW컬러 뮤드 인스파이어 스키니 브로우 카라 10종 단품/기획,뮤드 NEW컬러 뮤드 인스파이어 스키니 브로우 카라 10종 단품/ 올리브영,naver_offer_metadata_matchedPositiveOffers,A000000213046,0.67,https://www.oliveyoung.co.kr/store/goods/getGoodsDetail.do?goodsNo=A000000213046,1,collected,"colorFamily,undertone,finish"
naver-51487473845,에스쁘아,base,5,[100시간 지속/고커버] 에스쁘아 비벨벳 커버쿠션 SPF42 PA++ 본품+리필,에스쁘아 비벨벳 커버쿠션 SPF42 PA++ + 올리브영,purchase_url_goods_no,A000000184222,1.0,https://www.oliveyoung.co.kr/store/goods/getGoodsDetail.do?goodsNo=A000000184222,1,collected,"shadeOptions,colorFamily,undertone"
naver-57313710600,에스쁘아,base,1,[에스쁘아] 비글로우 볼륨 쿠션 (본품+리필),에스쁘아 비글로우 볼륨 쿠션 ( + ) 올리브영,naver_offer_metadata_matchedPositiveOffers,A000000209170,1.0,https://www.oliveyoung.co.kr/store/goods/getGoodsDetail.do?goodsNo=A000000209170,1,collected,"shadeOptions,colorFamily,undertone"
naver-49163579156,에스쁘아,base,4,[에스쁘아] 비벨벳 커버 쿠션(본품+리필),에스쁘아 비벨벳 커버 쿠션( + ) 올리브영,naver_offer_metadata_matchedPositiveOffers,A000000184222,0.67,https://www.oliveyoung.co.kr/store/goods/getGoodsDetail.do?goodsNo=A000000184222,1,collected,"shadeOptions,colorFamily,undertone"
naver-55627577636,클리오,liner,2,[NO.1 아이라이너] 클리오 샤프 쏘 심플 워터프루프 펜슬라이너 단품/더블기획,클리오 샤프 쏘 심플 워터프루프 펜슬라이너 단품/더블기획 올리브영,purchase_url_goods_no,A000000198343,1.0,https://www.oliveyoung.co.kr/store/goods/getGoodsDetail.do?goodsNo=A000000198343,1,collected,"colorFamily,undertone,finish"
naver-57918556957,클리오,base,2,클리오 킬커버 하이 글로우 쿠션(본품+리필 기획),클리오 킬커버 하이 글로우 쿠션( + ) 올리브영,purchase_url_goods_no,A000000188879,1.0,https://www.oliveyoung.co.kr/store/goods/getGoodsDetail.do?goodsNo=A000000188879,1,collected,"shadeOptions,colorFamily,undertone"
naver-54510303834,3CE,liner,8,(현대Hmall) 3CE 마이링 아이라이너,3CE 3CE 마이링 아이라이너 올리브영,naver_offer_metadata_matchedPositiveOffers,A000000219135,0.67,https://www.oliveyoung.co.kr/store/goods/getGoodsDetail.do?goodsNo=A000000219135,1,collected,"undertone,finish"
naver-60261888436,3CE,liner,5,3CE 마이링 아이라이너,3CE 마이링 아이라이너 올리브영,naver_offer_metadata_matchedPositiveOffers,A000000219135,1.0,https://www.oliveyoung.co.kr/store/goods/getGoodsDetail.do?goodsNo=A000000219135,1,collected,"undertone,finish"
naver-60625711512,라카,liner,10,라카 스테인 립 라이너 번트브라운 8호,라카 스테인 립 라이너 번트브라운 8호 올리브영,naver_offer_metadata_matchedPositiveOffers,A000000250463,0.5,https://www.oliveyoung.co.kr/store/goods/getGoodsDetail.do?goodsNo=A000000250463,1,collected,"shadeOptions,finish"
naver-60642526437,라카,brow,8,라카 픽시 브로우 카라 스모키핑크 4호,라카 픽시 브로우 카라 스모키핑크 4호 올리브영,naver_offer_metadata_matchedPositiveOffers,A000000251809,0.75,https://www.oliveyoung.co.kr/store/goods/getGoodsDetail.do?goodsNo=A000000251809,1,collected,"undertone,finish"
naver-60436738439,에스쁘아,liner,8,사면확장/아이라이너 에스쁘아 아이 오프닝 펜슬 0.3g,에스쁘아 사면확장/아이라이너 에스쁘아 아이 오프닝 펜슬 올리브영,naver_offer_metadata_matchedPositiveOffers,A000000230931,1.0,https://www.oliveyoung.co.kr/store/goods/getGoodsDetail.do?goodsNo=A000000230931,1,collected,"undertone,finish"
naver-60429673240,에스쁘아,liner,9,에스쁘아 노머징 브러쉬 라이너,에스쁘아 노머징 브러쉬 라이너 올리브영,naver_offer_metadata_matchedPositiveOffers,A000000134324,1.0,https://www.oliveyoung.co.kr/store/goods/getGoodsDetail.do?goodsNo=A000000134324,1,collected,"undertone,finish"
naver-57705495648,웨이크메이크,brow,3,[NEW/브로우픽서 증정] 웨이크메이크 내추럴 하드 브로우 펜슬 9COLOR (1+1기획),웨이크메이크 웨이크메이크 내추럴 하드 브로우 펜슬 9COLOR (1+1기획) 올리브영,purchase_url_goods_no,A000000178972,1.0,https://www.oliveyoung.co.kr/store/goods/getGoodsDetail.do?goodsNo=A000000178972,1,collected,"shadeOptions,finish"
naver-60690780257,웨이크메이크,liner,10,웨이크메이크 철벽 브러쉬 아이라이너 0.6g [단품/1+1],웨이크메이크 철벽 브러쉬 아이라이너 0.6g [단품/1+1] 올리브영,naver_offer_metadata_matchedPositiveOffers,A000000130012,0.75,https://www.oliveyoung.co.kr/store/goods/getGoodsDetail.do?goodsNo=A000000130012,1,collected,"undertone,finish"
naver-54032289691,컬러그램,base,9,[파데프리템]컬러그램 긱 누드 스킨 틴트 4COLOR,컬러그램 긱 누드 스킨 틴트 4COLOR 올리브영,purchase_url_goods_no,A000000223679,1.0,https://www.oliveyoung.co.kr/store/goods/getGoodsDetail.do?goodsNo=A000000223679,1,collected,"shadeOptions,finish"
naver-43474416049,클리오,brow,6,[2EA]클리오킬브로우 듀얼 타투펜,클리오 클리오킬브로우 듀얼 타투펜 올리브영,naver_offer_metadata_matchedPositiveOffers,A000000129242,0.75,https://www.oliveyoung.co.kr/store/goods/getGoodsDetail.do?goodsNo=A000000129242,1,collected,"finish,texture"
naver-54646374092,하트퍼센트,brow,8,[하트퍼센트] 도트 온 무드 엣지 앤 플랫 아이브로우,하트퍼센트 도트 온 무드 엣지 앤 플랫 아이브로우 올리브영,naver_offer_metadata_matchedPositiveOffers,A000000221710,1.0,https://www.oliveyoung.co.kr/store/goods/getGoodsDetail.do?goodsNo=A000000221710,1,collected,"finish,texture"
naver-54649607623,하트퍼센트,brow,4,[하트퍼센트] 브로우 컬러 체인저,하트퍼센트 브로우 컬러 체인저 올리브영,naver_offer_metadata_matchedPositiveOffers,A000000222921,0.67,https://www.oliveyoung.co.kr/store/goods/getGoodsDetail.do?goodsNo=A000000222921,1,collected,"finish,texture"
naver-55712261509,하트퍼센트,brow,6,도트 온 무드 엣지 앤 플랫 아이브로우,하트퍼센트 도트 온 무드 엣지 앤 플랫 아이브로우 올리브영,naver_offer_metadata_matchedPositiveOffers,A000000221710,1.0,https://www.oliveyoung.co.kr/store/goods/getGoodsDetail.do?goodsNo=A000000221710,1,collected,"finish,texture"
naver-60564144824,하트퍼센트,liner,7,하트퍼센트 도트 온 무드 컨투어 아이라이너 슬림 5002347,하트퍼센트 도트 온 무드 컨투어 아이라이너 슬림 5002347 올리브영,naver_offer_metadata_matchedPositiveOffers,A000000209310,1.0,https://www.oliveyoung.co.kr/store/goods/getGoodsDetail.do?goodsNo=A000000209310,1,collected,"colorFamily,undertone"
naver-59489400071,하트퍼센트,brow,5,하트퍼센트 브로우 컬러 체인저 애쉬 브라운,하트퍼센트 브로우 컬러 체인저 애쉬 브라운 올리브영,naver_offer_metadata_matchedPositiveOffers,A000000222921,0.67,https://www.oliveyoung.co.kr/store/goods/getGoodsDetail.do?goodsNo=A000000222921,1,collected,"finish,texture"
naver-60417748485,데이지크,liner,7,DASIQUE 무드 업 마스카라 롱앤컬352009,데이지크 DASIQUE 무드 업 마스카라 롱앤컬352009 올리브영,naver_offer_metadata_matchedPositiveOffers,A000000180888,0.5,https://www.oliveyoung.co.kr/store/goods/getGoodsDetail.do?goodsNo=A000000180888,1,collected,finish
naver-51719611413,데이지크,liner,1,[데이지크] 무드 업 마스카라 롱앤컬,데이지크 무드 업 마스카라 롱앤컬 올리브영,naver_offer_metadata_matchedPositiveOffers,A000000180888,1.0,https://www.oliveyoung.co.kr/store/goods/getGoodsDetail.do?goodsNo=A000000180888,1,collected,finish
naver-60642524155,라카,brow,9,라카 픽시 브로우 카라 코토리베이지 7호,라카 픽시 브로우 카라 코토리베이지 7호 올리브영,naver_offer_metadata_matchedPositiveOffers,A000000251809,0.75,https://www.oliveyoung.co.kr/store/goods/getGoodsDetail.do?goodsNo=A000000251809,1,collected,finish
naver-55696350677,라카,brow,4,픽시 브로우 카라,라카 픽시 브로우 카라 올리브영,naver_offer_metadata_matchedPositiveOffers,A000000251809,1.0,https://www.oliveyoung.co.kr/store/goods/getGoodsDetail.do?goodsNo=A000000251809,1,collected,finish
naver-50254186405,에스쁘아,brow,10,[에스쁘아] [2개] 더브로우 이지 쉐이핑 펜슬,에스쁘아 [2개] 더브로우 이지 쉐이핑 펜슬 올리브영,naver_offer_metadata_matchedPositiveOffers,A000000207415,1.0,https://www.oliveyoung.co.kr/store/goods/getGoodsDetail.do?goodsNo=A000000207415,1,collected,finish
naver-54542216582,에스쁘아,liner,7,[에스쁘아] 아이 오프닝 펜슬,에스쁘아 아이 오프닝 펜슬 올리브영,naver_offer_metadata_matchedPositiveOffers,A000000230931,1.0,https://www.oliveyoung.co.kr/store/goods/getGoodsDetail.do?goodsNo=A000000230931,1,collected,finish
naver-32116179560,에스쁘아,brow,9,에스쁘아 더브로우 밸런스 펜슬,에스쁘아 더브로우 밸런스 펜슬 올리브영,naver_offer_metadata_matchedPositiveOffers,A000000230941,1.0,https://www.oliveyoung.co.kr/store/goods/getGoodsDetail.do?goodsNo=A000000230941,1,collected,finish
naver-59386834545,컬러그램,base,2,컬러그램 긱 누드 스킨 틴트 30ml(SPF30) 1개,컬러그램 긱 누드 스킨 틴트 30ml(SPF30) 올리브영,naver_offer_metadata_matchedPositiveOffers,A000000223679,0.6,https://www.oliveyoung.co.kr/store/goods/getGoodsDetail.do?goodsNo=A000000223679,1,collected,finish
naver-46866314134,클리오,liner,5,[2EA] 클리오 샤프쏘 심플 워터프루프 펜라이너,클리오 샤프쏘 심플 워터프루프 펜라이너 올리브영,naver_offer_metadata_matchedPositiveOffers,A000000011771,0.5,https://www.oliveyoung.co.kr/store/goods/getGoodsDetail.do?goodsNo=A000000011771,1,collected,finish
naver-46090048832,클리오,liner,4,[NEW COLOR] 클리오 샤프 쏘 심플 펜슬 라이너,클리오 샤프 쏘 심플 펜슬 라이너 올리브영,naver_offer_metadata_matchedPositiveOffers,A000000198343,0.6,https://www.oliveyoung.co.kr/store/goods/getGoodsDetail.do?goodsNo=A000000198343,1,collected,finish
naver-46865568891,페리페라,brow,8,[NEW COLOR]페리페라 스피디 스키니 브로우,페리페라 스피디 스키니 브로우 올리브영,naver_offer_metadata_matchedPositiveOffers,A000000167236,0.75,https://www.oliveyoung.co.kr/store/goods/getGoodsDetail.do?goodsNo=A000000167236,2,collected,finish
naver-60427922969,하트퍼센트,liner,10,NEW 하트퍼센트 도트 온 무드 컨투어 아이라이너 슬림 8colors,하트퍼센트 NEW 하트퍼센트 도트 온 무드 컨투어 아이라이너 슬림 8colors 올리브영,naver_offer_metadata_matchedPositiveOffers,A000000209310,1.0,https://www.oliveyoung.co.kr/store/goods/getGoodsDetail.do?goodsNo=A000000209310,1,collected,finish
naver-60638631143,하트퍼센트,liner,8,NEW 하트퍼센트 도트 온 무드 컨투어 아이라이너 슬림 8colors 4066433,하트퍼센트 NEW 하트퍼센트 도트 온 무드 컨투어 아이라이너 슬림 8colors 4066433 올리브영,naver_offer_metadata_matchedPositiveOffers,A000000209310,1.0,https://www.oliveyoung.co.kr/store/goods/getGoodsDetail.do?goodsNo=A000000209310,1,collected,finish
naver-60640936835,하트퍼센트,brow,3,하트퍼센트 아이브로우 펜슬 도트 온 무드 엣지 앤 플랫 MNS,하트퍼센트 아이브로우 펜슬 도트 온 무드 엣지 앤 플랫 MNS 올리브영,naver_offer_metadata_matchedPositiveOffers,A000000221710,0.83,https://www.oliveyoung.co.kr/store/goods/getGoodsDetail.do?goodsNo=A000000221710,1,collected,finish
naver-50668581212,하트퍼센트,liner,4,[하트퍼센트] 도트 온 무드 컨투어 아이라이너 슬림,하트퍼센트 도트 온 무드 컨투어 아이라이너 슬림 올리브영,naver_offer_metadata_matchedPositiveOffers,A000000209310,1.0,https://www.oliveyoung.co.kr/store/goods/getGoodsDetail.do?goodsNo=A000000209310,1,collected,
naver-51165031441,하트퍼센트,liner,6,도트 온 무드 컨투어 아이라이너 슬림,하트퍼센트 도트 온 무드 컨투어 아이라이너 슬림 올리브영,naver_offer_metadata_matchedPositiveOffers,A000000209310,1.0,https://www.oliveyoung.co.kr/store/goods/getGoodsDetail.do?goodsNo=A000000209310,1,collected,
naver-60563302938,하트퍼센트,brow,10,하트퍼센트 브로우 컬러 체인저 애쉬 브라운 5009650,하트퍼센트 브로우 컬러 체인저 애쉬 브라운 5009650 올리브영,naver_offer_metadata_matchedPositiveOffers,A000000222921,0.67,https://www.oliveyoung.co.kr/store/goods/getGoodsDetail.do?goodsNo=A000000222921,1,collected,
naver-53902254666,페리페라,shadow,7,페리페라 [NEW] 페리페라 무드 인 쉐이드 아이스틱,페리페라 페리페라 무드 인 쉐이드 아이스틱 올리브영,,,,,0,unknown,"shadeOptions,colorFamily,undertone,finish,texture"
naver-41097800815,3CE,shadow,10,쓰리씨이 [3CE]멀티 아이 컬러 팔레트 (증)글로우 아이 포인트 브러쉬,3CE 쓰리씨이 [3CE]멀티 아이 컬러 팔레트 (증)글로우 아이 포인트 브러쉬 올리브영,,,,,0,unknown,"colorFamily,undertone,finish,texture"
naver-56707958732,VDL,shadow,10,(신세계하남점)아이샤인 컬러모드 팔레트,VDL 아이샤인 컬러모드 팔레트 올리브영,,,,,0,unknown,"shadeOptions,colorFamily,undertone,finish"
naver-50519987812,롬앤,shadow,2,[롬앤]베러댄팔레트6g,롬앤 베러댄팔레트6g 올리브영,,,,,0,unknown,"shadeOptions,colorFamily,undertone,finish"
naver-57023235174,에뛰드,shadow,4,[에뛰드] [Cafe in the deep] 뽀용 아이메이커 손님 그건 애교살이세요,에뛰드 [Cafe in the deep] 뽀용 아이메이커 손님 그건 애교살이세요 올리브영,,,,,0,unknown,"shadeOptions,colorFamily,undertone,finish"
naver-47416930039,에뛰드,shadow,3,[에뛰드] 재창조 메이커/듀얼 애교살 라이너,에뛰드 재창조 메이커/듀얼 애교살 라이너 올리브영,,,,,0,unknown,"shadeOptions,colorFamily,undertone,finish"
naver-35711275561,에뛰드,shadow,8,에뛰드하우스 블링블링 아이스틱 2개 /스틱 아이섀도우,에뛰드 에뛰드하우스 블링블링 아이스틱 2개 /스틱 아이섀도우 올리브영,,,,,0,unknown,"shadeOptions,colorFamily,undertone,finish"
naver-40346289296,클리오,lip,8,클리오 [NEW 왕실 에디션]크리스탈 글램 틴트,클리오 크리스탈 글램 틴트 올리브영,,,,,0,unknown,"shadeOptions,colorFamily,undertone,finish"
naver-45520646654,클리오,lip,9,클리오 [NEW] 크리스탈 글램 밤,클리오 크리스탈 글램 밤 올리브영,,,,,0,unknown,"shadeOptions,colorFamily,undertone,finish"
naver-44905853047,클리오,lip,1,클리오 [NEW컬러출시] 크리스탈 글램 밤,클리오 크리스탈 글램 밤 올리브영,,,,,0,unknown,"shadeOptions,colorFamily,undertone,finish"
naver-39674404264,클리오,shadow,7,클리오 쉐이드 앤 섀도우 팔레트 [사은]프로아이섀도우브러쉬,클리오 쉐이드 앤 섀도우 팔레트 [사은]프로아이섀도우브러쉬 올리브영,,,,,0,unknown,"shadeOptions,colorFamily,undertone,finish"
naver-60419371058,투쿨포스쿨,shadow,1,[투쿨포스쿨] ONLY ABLY 프로타주 펜슬 / 틴트 / 브로우 / 라이너 외,투쿨포스쿨 ONLY ABLY 프로타주 펜슬 / 틴트 / 브로우 / 라이너 외 올리브영,,,,,0,unknown,"shadeOptions,colorFamily,undertone,finish"
naver-49163556987,투쿨포스쿨,shadow,2,[투쿨포스쿨] 애교살 아트클래스 프로타주 펜슬 + 핑크 샤프너/프로타주 펜슬 랜덤,투쿨포스쿨 애교살 아트클래스 프로타주 펜슬 + 핑크 샤프너/프로타주 펜슬 랜덤 올리브영,,,,,0,unknown,"shadeOptions,colorFamily,undertone,finish"
naver-54027548556,VDL,shadow,9,(신세계하남점)아이스테인 에센셜 섀도우 듀오,VDL 아이스테인 에센셜 섀도우 듀오 올리브영,,,,,0,unknown,"shadeOptions,colorFamily,undertone"
naver-55400191676,VDL,shadow,1,[VDL] 아이스테인 에센셜 섀도우 듀오,VDL 아이스테인 에센셜 섀도우 듀오 올리브영,,,,,0,unknown,"shadeOptions,colorFamily,undertone"
naver-90899740708,VDL,lip,7,브이디엘 립스틱 스타일 립스틱 아이디어 컴포트 슬립 13 카페 로마노 1개 2.5g,VDL 브이디엘 립스틱 스타일 립스틱 아이디어 컴포트 슬립 13 카페 로마노 올리브영,,,,,0,unknown,"shadeOptions,colorFamily,undertone"
naver-60387217597,더샘,lip,7,[온누리상품] 더샘 새미스 젤리 샷 틴트 3.2g 01 밀키,더샘 새미스 젤리 샷 틴트 3.2g 01 밀키 올리브영,,,,,0,unknown,"colorFamily,undertone,finish"
naver-60387219092,더샘,lip,9,[온누리상품] 더샘 새미스 젤리 샷 틴트 3.2g 03 달콤,더샘 새미스 젤리 샷 틴트 3.2g 03 달콤 올리브영,,,,,0,unknown,"colorFamily,undertone,finish"
naver-58797762337,더샘,cheek,6,온누리 더샘 샘물 싱글 블러셔 5gx2개 (GD01 골드 볼륨 라이트),더샘 온누리 더샘 샘물 싱글 블러셔 5gx2개 (GD01 골드 볼륨 라이트) 올리브영,,,,,0,unknown,"shadeOptions,colorFamily,undertone"
naver-59320185353,데이지크,shadow,7,[데이지크] 스태리 나잇 섀도우 팔레트,데이지크 스태리 나잇 섀도우 팔레트 올리브영,,,,,0,unknown,"colorFamily,undertone,finish"
naver-49163536242,롬앤,shadow,3,[롬앤] 베러 댄 팔레트 (+ 총알 브러쉬 ),롬앤 베러 댄 팔레트 (+ 총알 브러쉬 ) 올리브영,,,,,0,unknown,"colorFamily,undertone,finish"
naver-59197963708,롬앤,cheek,3,롬앤베러댄치크-블러셔(SH),롬앤 롬앤베러댄치크-블러셔(SH) 올리브영,,,,,0,unknown,"shadeOptions,colorFamily,undertone"
naver-52766815714,뮤드,cheek,9,지그재그 스토어,뮤드 지그재그 스토어 올리브영,,,,,0,unknown,"shadeOptions,colorFamily,undertone"
naver-44774118376,에뛰드,shadow,2,[에뛰드] 플레이 컬러 아이즈/셀러뷰리티,에뛰드 플레이 컬러 아이즈/셀러뷰리티 올리브영,,,,,0,unknown,"shadeOptions,colorFamily,undertone"
naver-49163474824,에스쁘아,lip,2,[에스쁘아] 꾸뛰르 립틴트 블러벨벳,에스쁘아 꾸뛰르 립틴트 블러벨벳 올리브영,naver_shopping_search,A000000222885,0.67,https://www.oliveyoung.co.kr/store/goods/getGoodsDetail.do?goodsNo=A000000222885,2,unknown,"shadeOptions,colorFamily,undertone"
naver-60271893094,정샘물 뷰티,shadow,9,[정샘물] 정샘물 마스터클래스 아이섀도우 S 브러쉬,정샘물 뷰티 마스터클래스 아이섀도우 S 브러쉬 올리브영,naver_shopping_search,A000000235500,1.0,https://www.oliveyoung.co.kr/store/goods/getGoodsDetail.do?goodsNo=A000000235500,1,unknown,"shadeOptions,colorFamily,undertone"
naver-60317012853,정샘물 뷰티,shadow,8,정샘물 마스터클래스 아이섀도우 L 브러쉬,정샘물 뷰티 마스터클래스 아이섀도우 L 브러쉬 올리브영,naver_shopping_search,A000000235500,1.0,https://www.oliveyoung.co.kr/store/goods/getGoodsDetail.do?goodsNo=A000000235500,1,unknown,"shadeOptions,colorFamily,undertone"
naver-60564475174,정샘물 뷰티,shadow,4,정샘물 마스터클래스 아이섀도우 L 브러쉬 5001608,정샘물 뷰티 마스터클래스 아이섀도우 L 브러쉬 5001608 올리브영,naver_shopping_search,A000000235500,1.0,https://www.oliveyoung.co.kr/store/goods/getGoodsDetail.do?goodsNo=A000000235500,1,unknown,"shadeOptions,colorFamily,undertone"
naver-60138609816,정샘물 뷰티,shadow,6,정샘물 마스터클래스 아이섀도우 M 브러쉬,정샘물 뷰티 마스터클래스 아이섀도우 M 브러쉬 올리브영,,,,,0,unknown,"shadeOptions,colorFamily,undertone"
naver-60271895500,정샘물 뷰티,shadow,10,정샘물 마스터클래스 아이섀도우 M 브러쉬,정샘물 뷰티 마스터클래스 아이섀도우 M 브러쉬 올리브영,,,,,0,unknown,"shadeOptions,colorFamily,undertone"
naver-57198350460,정샘물 뷰티,shadow,3,정샘물 마스터클래스 아이섀도우 M 브러쉬 + 더블클린수정화장패드(1매),정샘물 뷰티 마스터클래스 아이섀도우 M 브러쉬 + 더블클린수정화장패드(1매) 올리브영,,,,,0,unknown,"shadeOptions,colorFamily,undertone"
naver-60330459471,정샘물 뷰티,shadow,7,정샘물 마스터클래스 아이섀도우 S 브러쉬,정샘물 뷰티 마스터클래스 아이섀도우 S 브러쉬 올리브영,naver_shopping_search,A000000235500,1.0,https://www.oliveyoung.co.kr/store/goods/getGoodsDetail.do?goodsNo=A000000235500,1,unknown,"shadeOptions,colorFamily,undertone"
naver-60564473259,정샘물 뷰티,shadow,5,정샘물 마스터클래스 아이섀도우 S 브러쉬 5001895,정샘물 뷰티 마스터클래스 아이섀도우 S 브러쉬 5001895 올리브영,naver_shopping_search,A000000235500,1.0,https://www.oliveyoung.co.kr/store/goods/getGoodsDetail.do?goodsNo=A000000235500,1,unknown,"shadeOptions,colorFamily,undertone"
naver-60026749969,클리오,shadow,3,[단종템부활] 클리오 프로아이팔레트AD+(증정)프로아이섀도우 브러쉬,클리오 프로아이팔레트AD+ 프로아이섀도우 브러쉬 올리브영,,,,,0,unknown,"colorFamily,undertone,finish"
naver-54648462136,클리오,lip,2,클리오 [NEW] 클리오 볼륨메이트 틴트 (글로스/블러),클리오 클리오 볼륨메이트 틴트 (글로스/블러) 올리브영,,,,,0,unknown,"shadeOptions,colorFamily,undertone"
naver-57486643586,클리오,lip,4,클리오 볼륨메이트 틴트 (글로스 블러),클리오 볼륨메이트 틴트 (글로스 블러) 올리브영,,,,,0,unknown,"shadeOptions,colorFamily,undertone"
naver-60641405433,클리오,shadow,8,클리오 프로 아이섀도 팔레트 에어 03 뮤트라이브러리 BNS,클리오 프로 아이섀도 팔레트 에어 03 뮤트라이브러리 BNS 올리브영,,,,,0,unknown,"colorFamily,undertone,finish"
naver-60100637414,투쿨포스쿨,lip,8,11 투쿨포스쿨 플레르 틴트 4g 8colors 463865,투쿨포스쿨 11 투쿨포스쿨 플레르 틴트 4g 8colors 463865 올리브영,,,,,0,unknown,"colorFamily,undertone,finish"
naver-54278836356,3CE,lip,5,3CE [지속력끝판왕] 레이지 팝 립 스테인 4.5g+미니아이스위치(랜덤),3CE [지속력끝판왕] 레이지 팝 립 스테인 4.5g+미니아이스위치(랜덤) 올리브영,,,,,0,unknown,"finish,texture"
naver-58889402875,3CE,shadow,7,[틴티드 에디션] 3CE 멀티 아이 컬러 팔레트+글로우 아이 포인트 브러쉬,3CE 멀티 아이 컬러 팔레트+글로우 아이 포인트 브러쉬 올리브영,,,,,0,unknown,"colorFamily,undertone"
naver-41098885086,3CE,lip,9,쓰리씨이 [3CE]블러 워터 틴트 (증)미니 틴트(랜덤),3CE 쓰리씨이 [3CE]블러 워터 틴트 (증)미니 틴트(랜덤) 올리브영,,,,,0,unknown,"colorFamily,undertone"
naver-51840584473,네이밍,lip,6,[네이밍] 블러리 하트 립 틴트,네이밍 블러리 하트 립 틴트 올리브영,naver_shopping_search,A000000235351,0.33,https://www.oliveyoung.co.kr/store/goods/getGoodsDetail.do?goodsNo=A000000235351,2,unknown,"colorFamily,undertone"
naver-51840641529,네이밍,lip,3,[네이밍] 블러리 하트 립 틴트 듀오,네이밍 블러리 하트 립 틴트 듀오 올리브영,,,,,0,unknown,"colorFamily,undertone"
naver-60407033539,더샘,cheek,5,[온누리상품] 더샘 퍼펙트 글램 스틱블러셔 WH01 오로라 웨이브,더샘 퍼펙트 글램 스틱블러셔 WH01 오로라 웨이브 올리브영,,,,,0,unknown,"colorFamily,undertone"
naver-60387219005,더샘,lip,3,[온누리상품] 더샘 플로우 립 리얼래스팅 틴트,더샘 플로우 립 리얼래스팅 틴트 올리브영,,,,,0,unknown,"undertone,finish"
naver-60387220767,더샘,lip,4,[온누리상품] 더샘 플로우 립 리얼래스팅 틴트 CR01 업사이드,더샘 플로우 립 리얼래스팅 틴트 CR01 업사이드 올리브영,,,,,0,unknown,"undertone,finish"
naver-50134169742,데이지크,lip,3,[데이지크] 수플레 컬러 팟,데이지크 수플레 컬러 팟 올리브영,,,,,0,unknown,"finish,texture"
naver-56999029537,데이지크,shadow,3,데이지크 무드 섀도우 팔레트 색상 러브하트,데이지크 무드 섀도우 팔레트 색상 러브하트 올리브영,,,,,0,unknown,"colorFamily,undertone"
naver-58015977198,데이지크,cheek,3,데이지크 블렌딩 무드 치크 팔레트 블러셔 10 뮤티드 넛츠,데이지크 블렌딩 무드 치크 팔레트 블러셔 10 뮤티드 넛츠 올리브영,,,,,0,unknown,"colorFamily,undertone"
naver-58015909365,데이지크,cheek,4,데이지크 블렌딩 무드 치크 팔레트 블러셔 14 러브 하트,데이지크 블렌딩 무드 치크 팔레트 블러셔 14 러브 하트 올리브영,,,,,0,unknown,"colorFamily,undertone"
naver-56999002705,데이지크,shadow,6,데이지크 섀도우 팔레트 색상 34 트윙클 머메이드,데이지크 섀도우 팔레트 색상 34 트윙클 머메이드 올리브영,,,,,0,unknown,"colorFamily,undertone"
naver-60588301435,라카,cheek,6,라카 러브 매끄러운 실크 광택 블러셔 701 하리코 X2,라카 러브 매끄러운 실크 광택 블러셔 701 하리코 X2 올리브영,,,,,0,unknown,"colorFamily,undertone"
naver-60539278222,라카,cheek,7,라카 러브 매끄러운 실크 광택 블러셔 704 눈누 X2,라카 러브 매끄러운 실크 광택 블러셔 704 눈누 X2 올리브영,,,,,0,unknown,"colorFamily,undertone"
naver-60191645537,라카,cheek,8,라카 러브 부드러운 실크 광택 블러셔 709 돌체 X2,라카 러브 부드러운 실크 광택 블러셔 709 돌체 X2 올리브영,,,,,0,unknown,"colorFamily,undertone"
naver-60384995791,라카,cheek,10,라카 러브 실크 블러쉬 (9종 택1) 4995209,라카 러브 실크 블러쉬 (9종 ) 4995209 올리브영,naver_shopping_search,A000000183448,0.75,https://www.oliveyoung.co.kr/store/goods/getGoodsDetail.do?goodsNo=A000000183448,1,unknown,"colorFamily,undertone"
naver-60191142386,뮤드,lip,6,뮤드 글라세 립 촉촉 컬러 픽싱 틴트 13 썸머 피크닉,뮤드 글라세 립 촉촉 컬러 픽싱 틴트 13 썸머 피크닉 올리브영,,,,,0,unknown,"colorFamily,undertone"
naver-50276272161,뮤드,shadow,3,뮤드 풀 블룸 글로우 팔레트,뮤드 풀 블룸 글로우 팔레트 올리브영,,,,,0,unknown,"colorFamily,undertone"
naver-52481509070,에뛰드,shadow,10,에뛰드 샤인 픽스 아이즈 글리터 /아이라이너 /반짝임 가득 /글리터 섀도우,에뛰드 샤인 픽스 아이즈 글리터 /아이라이너 /반짝임 가득 /글리터 섀도우 올리브영,,,,,0,unknown,"colorFamily,undertone"
naver-60003569426,에뛰드,shadow,9,에뛰드 재창조 메이커 2개 /쉐딩 멀티 스틱 /한끗 차이로 달라지는 쉐입,에뛰드 재창조 메이커 2개 /쉐딩 멀티 스틱 /한끗 차이로 달라지는 쉐입 올리브영,,,,,0,unknown,"colorFamily,undertone"
naver-51282166542,에뛰드,cheek,4,에뛰드 하트 팝 듀오 블러셔 /볼터치/하이라이터,에뛰드 하트 팝 듀오 블러셔 /볼터치/하이라이터 올리브영,,,,,0,unknown,"colorFamily,undertone"
naver-60204327075,에스쁘아,shadow,3,에스쁘아 리얼 아이 팔레트 올 뉴 7.5g,에스쁘아 리얼 아이 팔레트 올 뉴 올리브영,,,,,0,unknown,"colorFamily,undertone"
naver-45922519249,웨이크메이크,lip,4,웨이크메이크 듀이 젤 글로우 틴트 1.8g - 립틴트/R,웨이크메이크 듀이 젤 글로우 틴트 1.8g - 립틴트/R 올리브영,,,,,0,unknown,"colorFamily,undertone"
naver-60278341676,웨이크메이크,cheek,8,웨이크메이크 믹스 블러링 볼륨 블러셔 소프트뮤트 3호,웨이크메이크 믹스 블러링 볼륨 블러셔 소프트뮤트 3호 올리브영,,,,,0,unknown,"colorFamily,undertone"
naver-60263586437,웨이크메이크,shadow,4,웨이크메이크 소프트 블러링 아이 팔레트 03 선셋 블러링,웨이크메이크 소프트 블러링 아이 팔레트 03 선셋 블러링 올리브영,,,,,0,unknown,"colorFamily,undertone"
naver-56796628954,컬러그램,shadow,8,컬러그램 올인원 애교살 메이커 - /R,컬러그램 올인원 애교살 메이커 - /R 올리브영,,,,,0,unknown,"colorFamily,finish"
naver-60388595258,컬러그램,cheek,6,컬러그램 틴토리 솜 블러셔 도란도화 2호,컬러그램 틴토리 솜 블러셔 도란도화 2호 올리브영,,,,,0,unknown,"colorFamily,undertone"
naver-60388601127,컬러그램,cheek,8,컬러그램 틴토리 솜 블러셔 무화카롱 6호,컬러그램 틴토리 솜 블러셔 무화카롱 6호 올리브영,,,,,0,unknown,"colorFamily,undertone"
naver-60388598321,컬러그램,cheek,3,컬러그램 틴토리 솜 블러셔 베어바나 9호,컬러그램 틴토리 솜 블러셔 베어바나 9호 올리브영,,,,,0,unknown,"colorFamily,undertone"
naver-45433111218,클리오,shadow,2,[1 +1] 클리오 프로 싱글 섀도우,클리오 프로 싱글 섀도우 올리브영,,,,,0,unknown,"colorFamily,undertone"
naver-42366928042,클리오,shadow,4,클리오 프로 싱글 섀도우,클리오 프로 싱글 섀도우 올리브영,,,,,0,unknown,"colorFamily,undertone"
naver-56945939744,3CE,lip,6,3CE NEW 벨벳 립 틴트 플러쉬+벨벳 파우치 키링,3CE NEW 벨벳 립 틴트 플러쉬+벨벳 파우치 키링 올리브영,,,,,0,unknown,undertone
naver-53918530141,3CE,cheek,2,3CE NEW 블러쉬 라이터+글로우 멀티 유즈 브러쉬,3CE NEW 블러쉬 라이터+글로우 멀티 유즈 브러쉬 올리브영,,,,,0,unknown,texture
naver-60003185186,3CE,lip,10,3CE [APP전용][NEW 이슬틴트] 미스티 립 베어 [증정]미니틴트(랜덤),3CE [APP전용] 미스티 립 베어 미니틴트(랜덤) 올리브영,,,,,0,unknown,finish
naver-59066281851,3CE,lip,7,3CE [NEW 이슬틴트] 미스티 립 베어 (증)미스티 틴트 링,3CE 미스티 립 베어 (증)미스티 틴트 링 올리브영,naver_shopping_search,A000000242018,0.75,https://www.oliveyoung.co.kr/store/goods/getGoodsDetail.do?goodsNo=A000000242018,1,unknown,finish
naver-59080367776,3CE,lip,8,3CE [NEW/이슬틴트] 미스티 립 베어 4.6g+미스티 틴트 링,3CE 미스티 립 베어 4.6g+미스티 틴트 링 올리브영,naver_shopping_search,A000000242018,0.8,https://www.oliveyoung.co.kr/store/goods/getGoodsDetail.do?goodsNo=A000000242018,2,unknown,finish
naver-59388413752,3CE,shadow,6,3CE 아이 스위치 스틱+미니틴트(랜덤),3CE 아이 스위치 스틱+미니틴트(랜덤) 올리브영,,,,,0,unknown,finish
naver-40083254682,3CE,cheek,1,[3CE] 페이스 블러쉬+글로우 멀티 유즈 브러쉬,3CE 페이스 블러쉬+글로우 멀티 유즈 브러쉬 올리브영,,,,,0,unknown,texture
naver-57559079333,VDL,lip,2,VDL 립스테인 컴포트 슬립 11 더티비엔나,VDL 립스테인 컴포트 슬립 11 더티비엔나 올리브영,,,,,0,unknown,finish
naver-35114789994,VDL,shadow,4,[현대백화점 신촌점] [브이디엘] 아이샤인 컬러모드 팔레트,VDL [브이디엘] 아이샤인 컬러모드 팔레트 올리브영,,,,,0,unknown,finish
naver-59827153259,VDL,shadow,7,[현대신촌점] [브이디엘]아이샤인 컬러모드 팔레트,VDL [브이디엘]아이샤인 컬러모드 팔레트 올리브영,,,,,0,unknown,finish
naver-60468961543,네이밍,lip,10,145216 NAMING 글로이 하트 립 틴트 (5.7g),네이밍 145216 NAMING 글로이 하트 립 틴트 (5.7g) 올리브영,,,,,0,unknown,finish
naver-91170927668,네이밍,shadow,3,[NEW] 네이밍 플러피 파우더 블러쉬 듀오 팔레트 (3.2g x 2),네이밍 플러피 파우더 블러쉬 듀오 팔레트 (3.2g x 2) 올리브영,,,,,0,unknown,undertone
naver-54071274155,네이밍,lip,7,[네이밍] 글로이 하트 립 틴트,네이밍 글로이 하트 립 틴트 올리브영,naver_shopping_search,A000000235351,0.33,https://www.oliveyoung.co.kr/store/goods/getGoodsDetail.do?goodsNo=A000000235351,2,unknown,finish
naver-91125520174,네이밍,shadow,6,네이밍 퍼펙테일 아이 디자이닝 섀도우 듀오,네이밍 퍼펙테일 아이 디자이닝 섀도우 듀오 올리브영,,,,,0,unknown,finish
naver-90990709427,네이밍,shadow,4,네이밍 퍼펙테일 아이 디자이닝 펜슬 슬림라이너 디테일브라운,네이밍 퍼펙테일 아이 디자이닝 펜슬 슬림라이너 디테일브라운 올리브영,,,,,0,unknown,finish
naver-90996155353,네이밍,shadow,1,네이밍 퍼펙테일 아이 디자이닝 펜슬 슬림라이너 살몬브라운,네이밍 퍼펙테일 아이 디자이닝 펜슬 슬림라이너 살몬브라운 올리브영,,,,,0,unknown,finish
naver-90996159748,네이밍,shadow,9,네이밍 퍼펙테일 아이 디자이닝 펜슬 슬림라이너 언더베이지,네이밍 퍼펙테일 아이 디자이닝 펜슬 슬림라이너 언더베이지 올리브영,,,,,0,unknown,finish
naver-91170927667,네이밍,shadow,8,이런 상품 어때요? [NEW] 네이밍 플러피 파우더 블러쉬 듀오 팔레트 (3.2g x 2),네이밍 네이밍 플러피 파우더 블러쉬 듀오 팔레트 (3.2g x 2) 올리브영,,,,,0,unknown,undertone
naver-91176070196,네이밍,shadow,2,품절대란/멀티라이너 네이밍 퍼펙테일 아이 디자이닝 펜슬 듀얼 라이너 0.2g 칼라택1,네이밍 품절대란/멀티라이너 네이밍 퍼펙테일 아이 디자이닝 펜슬 듀얼 라이너 0.2g 칼라택1 올리브영,,,,,0,unknown,finish
naver-59659316712,더샘,shadow,8,[온누리상품] 더샘 무드 업 듀오 아이섀도우 CR01 슈가 코랄,더샘 무드 업 듀오 아이섀도우 CR01 슈가 코랄 올리브영,,,,,0,unknown,finish
naver-60387224567,더샘,lip,10,[온누리상품] 더샘 새미스 젤리 샷 틴트 3.2g (선택1),더샘 새미스 젤리 샷 틴트 3.2g (선택1) 올리브영,,,,,0,unknown,finish
naver-60387216342,더샘,lip,8,[온누리상품] 더샘 새미스 젤리 샷 틴트 3.2g 05 포도,더샘 새미스 젤리 샷 틴트 3.2g 05 포도 올리브영,,,,,0,unknown,finish
naver-60387215369,더샘,lip,6,[온누리상품] 더샘 샘물 워터 캔디 틴트 10g,더샘 샘물 워터 캔디 틴트 올리브영,,,,,0,unknown,undertone
naver-55077086206,더샘,shadow,10,[현대백화점 커넥트현대] [더샘] 무드 업 듀오 아이섀도우 2colors,더샘 [더샘] 무드 업 듀오 아이섀도우 2colors 올리브영,,,,,0,unknown,finish
naver-59659304261,더샘,shadow,7,더샘 무드 업 듀오 아이섀도우 CR01 슈가 코랄,더샘 무드 업 듀오 아이섀도우 CR01 슈가 코랄 올리브영,,,,,0,unknown,finish
naver-60678916659,데이지크,cheek,10,[데이지크] 리틀 블러쉬 팔레트,데이지크 리틀 블러쉬 팔레트 올리브영,,,,,0,unknown,finish
naver-59999134087,데이지크,shadow,1,[데이지크] 무드 싱글 섀도우 40종,데이지크 무드 싱글 섀도우 40종 올리브영,,,,,0,unknown,finish
naver-59660675985,데이지크,cheek,2,[데이지크] 미니 블렌딩 무드 치크,데이지크 미니 블렌딩 무드 치크 올리브영,,,,,0,unknown,finish
naver-49163458340,데이지크,cheek,1,[데이지크] 블렌딩 무드 치크,데이지크 블렌딩 무드 치크 올리브영,,,,,0,unknown,finish
naver-60621281682,데이지크,shadow,9,[폴리포켓 콜라보] 데이지크 리틀 섀도우 팔레트 3 colors 단품/기획 3474075,데이지크 리틀 섀도우 팔레트 3 colors 단품/ 3474075 올리브영,,,,,0,unknown,undertone
naver-58015880163,데이지크,cheek,6,데이지크 블렌딩 무드 치크 팔레트 블러셔 15 로즈밀크티,데이지크 블렌딩 무드 치크 팔레트 블러셔 15 로즈밀크티 올리브영,,,,,0,unknown,undertone
naver-56999021561,데이지크,shadow,10,데이지크 섀도우 팔레트 색상 12 웜블랜딩,데이지크 섀도우 팔레트 색상 12 웜블랜딩 올리브영,,,,,0,unknown,colorFamily
naver-60675640019,라카,shadow,8,LAKA 모노 아이섀도우 50종 택1,라카 LAKA 모노 아이섀도우 50종 올리브영,naver_shopping_search,A000000183472,0.67,https://www.oliveyoung.co.kr/store/goods/getGoodsDetail.do?goodsNo=A000000183472,1,unknown,finish
naver-59977758232,라카,shadow,6,라카 new컬러 모노 아이섀도우 50종 택1 4656984,라카 new컬러 모노 아이섀도우 50종 4656984 올리브영,naver_shopping_search,A000000183472,0.75,https://www.oliveyoung.co.kr/store/goods/getGoodsDetail.do?goodsNo=A000000183472,1,unknown,finish
naver-60652557429,라카,shadow,10,라카 모노 아이섀도우 엔비 937호,라카 모노 아이섀도우 엔비 937호 올리브영,,,,,0,unknown,finish
naver-60652556822,라카,shadow,9,라카 모노 아이섀도우 챈스 923호,라카 모노 아이섀도우 챈스 923호 올리브영,,,,,0,unknown,finish
naver-57893698147,라카,cheek,4,라카 블러셔 섀도우 웜톤 쿨톤 메이크업 러브 실크 블러쉬,라카 블러셔 섀도우 웜톤 쿨톤 메이크업 러브 실크 블러쉬 올리브영,,,,,0,unknown,colorFamily
naver-59965744835,라카,shadow,7,라카 포에버6 아이 팔레트 3544690,라카 포에버6 아이 팔레트 3544690 올리브영,,,,,0,unknown,finish
naver-46093215046,라카,shadow,2,모노아이섀도우,라카 모노아이섀도우 올리브영,naver_shopping_search,A000000183472,,https://www.oliveyoung.co.kr/store/goods/getGoodsDetail.do?goodsNo=A000000183472,1,unknown,finish
naver-48825667405,라카,shadow,3,포에버6 아이 팔레트,라카 포에버6 아이 팔레트 올리브영,,,,,0,unknown,finish
naver-52813470842,롬앤,shadow,4,[롬앤] [NEW/런칭특가] 슬라이드 인 싱글 1&1,롬앤 슬라이드 인 싱글 1&1 올리브영,,,,,0,unknown,finish
naver-28780183276,롬앤,shadow,7,[롬앤] 베러 댄 아이즈,롬앤 베러 댄 아이즈 올리브영,naver_shopping_search,A000000201055,0.5,https://www.oliveyoung.co.kr/store/goods/getGoodsDetail.do?goodsNo=A000000201055,2,unknown,finish
naver-50792684927,롬앤,shadow,8,롬앤 베러 댄 팔레트 - /R 아이 섀도우,롬앤 베러 댄 팔레트 - /R 아이 섀도우 올리브영,,,,,0,unknown,finish
naver-59911417344,롬앤,lip,7,롬앤 블러 퍼지 틴트 11 푸시아 바이브,롬앤 블러 퍼지 틴트 11 푸시아 바이브 올리브영,,,,,0,unknown,undertone
naver-33755400787,롬앤,shadow,9,베러 댄 아이즈,롬앤 베러 댄 아이즈 올리브영,naver_shopping_search,A000000201055,0.5,https://www.oliveyoung.co.kr/store/goods/getGoodsDetail.do?goodsNo=A000000201055,2,unknown,finish
naver-60427923442,뮤드,shadow,6,NEW컬러 뮤드 숄 모먼트 아이섀도우 팔레트 8종 중 택1 단품/기획,뮤드 NEW컬러 뮤드 숄 모먼트 아이섀도우 팔레트 8종 중 단품/ 올리브영,,,,,0,unknown,finish
naver-60638631009,뮤드,shadow,5,NEW컬러 뮤드 숄 모먼트 아이섀도우 팔레트 8종 중 택1 단품기획 4066284,뮤드 NEW컬러 뮤드 숄 모먼트 아이섀도우 팔레트 8종 중 단품기획 4066284 올리브영,,,,,0,unknown,finish
naver-45588489365,뮤드,shadow,1,[뮤드] 숄 모먼트 아이섀도우 라떼 팔레트 (7color),뮤드 숄 모먼트 아이섀도우 라떼 팔레트 (7color) 올리브영,,,,,0,unknown,finish
naver-60514608165,뮤드,lip,5,뮤드 글라세 립 광택 컬러 픽싱 틴트 04 번트 칠리,뮤드 글라세 립 광택 컬러 픽싱 틴트 04 번트 칠리 올리브영,,,,,0,unknown,undertone
naver-60095794820,뮤드,shadow,9,뮤드 숄 모먼트 아이섀도우 팔레트 7g 7colors,뮤드 숄 모먼트 아이섀도우 팔레트 7g 7colors 올리브영,,,,,0,unknown,finish
naver-60099906346,뮤드,shadow,8,뮤드 숄 모먼트 아이섀도우 팔레트 라일락 모먼트 4호,뮤드 숄 모먼트 아이섀도우 팔레트 라일락 모먼트 4호 올리브영,,,,,0,unknown,finish
naver-60100695615,뮤드,shadow,10,뮤드 숄 모먼트 아이섀도우 팔레트 러브 시크 8호,뮤드 숄 모먼트 아이섀도우 팔레트 러브 시크 8호 올리브영,,,,,0,unknown,finish
naver-60099908305,뮤드,shadow,7,뮤드 숄 모먼트 아이섀도우 팔레트 뮤즈 모먼트 2호,뮤드 숄 모먼트 아이섀도우 팔레트 뮤즈 모먼트 2호 올리브영,,,,,0,unknown,finish
naver-58190828156,뮤드,shadow,4,뮤드 아이섀도우 팔레트 데일리 메이크업 숄 모먼트 러브시크,뮤드 아이섀도우 팔레트 데일리 메이크업 숄 모먼트 러브시크 올리브영,,,,,0,unknown,finish
naver-37766348045,뮤드,shadow,2,숄 모먼트 아이섀도우 팔레트,뮤드 숄 모먼트 아이섀도우 팔레트 올리브영,,,,,0,unknown,finish
naver-60408327640,웨이크메이크,shadow,9,웨이크메이크 소프트 블러링 아이 팔레트 10 레이지 핑크 블러링,웨이크메이크 소프트 블러링 아이 팔레트 10 레이지 핑크 블러링 올리브영,naver_shopping_search,A000000180532,0.5,https://www.oliveyoung.co.kr/store/goods/getGoodsDetail.do?goodsNo=A000000180532,1,unknown,undertone
naver-60408326329,웨이크메이크,shadow,10,웨이크메이크 소프트 블러링 아이 팔레트 10 레이지 핑크 블러링 2개,웨이크메이크 소프트 블러링 아이 팔레트 10 레이지 핑크 블러링 올리브영,naver_shopping_search,A000000180532,0.5,https://www.oliveyoung.co.kr/store/goods/getGoodsDetail.do?goodsNo=A000000180532,1,unknown,undertone
naver-59026893112,웨이크메이크,lip,3,웨이크메이크 오버 블러링 팟 4.5g,웨이크메이크 오버 블러링 팟 올리브영,,,,,0,unknown,texture
naver-59505236622,컬러그램,shadow,7,컬러그램 올인원 애교살 메이커 07 웜피치(섀도우+음영),컬러그램 올인원 애교살 메이커 07 웜피치(섀도우+음영) 올리브영,,,,,0,unknown,finish
naver-60505276840,컬러그램,shadow,10,컬러그램 올인원 애교살 메이커 07 웜피치(섀도우+음영) 2개,컬러그램 올인원 애교살 메이커 07 웜피치(섀도우+음영) 올리브영,,,,,0,unknown,finish
naver-60505280927,컬러그램,shadow,9,컬러그램 올인원 애교살 메이커 07 웜피치(섀도우+음영) 3개,컬러그램 올인원 애교살 메이커 07 웜피치(섀도우+음영) 올리브영,,,,,0,unknown,finish
naver-60388594078,컬러그램,cheek,5,컬러그램 틴토리 솜 블러셔 체리버니 10호,컬러그램 틴토리 솜 블러셔 체리버니 10호 올리브영,,,,,0,unknown,undertone
naver-44910218872,클리오,lip,5,[2EA]클리오 크리스탈 글램밤+(증정)립앤아이리무버31ml,클리오 크리스탈 글램밤+ 립앤아이리무버31ml 올리브영,,,,,0,unknown,finish
naver-50734621052,클리오,shadow,10,[NEW COLOR] 클리오 에센셜 섀도우 탭,클리오 에센셜 섀도우 탭 올리브영,naver_shopping_search,A000000211400,0.33,https://www.oliveyoung.co.kr/store/goods/getGoodsDetail.do?goodsNo=A000000211400,1,unknown,finish
naver-48355835095,클리오,lip,6,[냥생역전코숏] 클리오 크리스탈 글램 틴트,클리오 크리스탈 글램 틴트 올리브영,,,,,0,unknown,finish
naver-53073130697,클리오,lip,3,[왕실에디션]클리오 크리스탈 글램 틴트,클리오 크리스탈 글램 틴트 올리브영,,,,,0,unknown,finish
naver-58714586388,클리오,lip,7,[클리오] 크리스탈 글램 틴트,클리오 크리스탈 글램 틴트 올리브영,,,,,0,unknown,finish
naver-59499586192,클리오,shadow,6,클리오 [왕실에디션] 뮤즈 마스터 팔레트,클리오 [왕실에디션] 뮤즈 마스터 팔레트 올리브영,,,,,0,unknown,finish
naver-60641426178,클리오,cheek,4,클리오 에센셜 립 치크 생기 블러셔 06 로즈 브런치 BNS,클리오 에센셜 립 치크 생기 블러셔 06 로즈 브런치 BNS 올리브영,,,,,0,unknown,undertone
naver-60641455033,클리오,lip,10,클리오 크리스탈 글램 볼륨 립틴트 26 모브 체리 X2개 BNS,클리오 크리스탈 글램 볼륨 립틴트 26 모브 체리 X2개 BNS 올리브영,,,,,0,unknown,finish
naver-56168447039,투쿨포스쿨,shadow,5,[투쿨포스쿨] 뽀용생기 프로타주 팔레트,투쿨포스쿨 뽀용생기 프로타주 팔레트 올리브영,,,,,0,unknown,finish
naver-59506560245,투쿨포스쿨,shadow,8,[투쿨포스쿨] 프로타주 팔레트 + 프로타주 펜슬 + 핑크 샤프너,투쿨포스쿨 프로타주 팔레트 + 프로타주 펜슬 + 핑크 샤프너 올리브영,,,,,0,unknown,finish
naver-60422402740,투쿨포스쿨,lip,6,투쿨포스쿨 베일 스킨 틴트 17 포슬린 기획 (+퍼프),투쿨포스쿨 베일 스킨 틴트 17 포슬린 (+퍼프) 올리브영,,,,,0,unknown,finish
naver-46856492574,페리페라,lip,8,[2EA]페라페라 잉크 에어리벨벳(AD),페리페라 페라페라 잉크 에어리벨벳(AD) 올리브영,,,,,0,unknown,texture
naver-45396573312,페리페라,lip,3,[2EA]페리페라 잉크 무드 글로이 틴트,페리페라 잉크 무드 글로이 틴트 올리브영,naver_shopping_search,A000000254445,0.6,https://www.oliveyoung.co.kr/store/goods/getGoodsDetail.do?goodsNo=A000000254445,4,unknown,finish
naver-58782654417,페리페라,lip,10,[페리페라] 잉크 무드 글로이 틴트,페리페라 잉크 무드 글로이 틴트 올리브영,naver_shopping_search,A000000254445,0.75,https://www.oliveyoung.co.kr/store/goods/getGoodsDetail.do?goodsNo=A000000254445,4,unknown,finish
naver-24284481811,페리페라,shadow,10,페리페라 [NEW] 올테이크 무드 팔레트,페리페라 올테이크 무드 팔레트 올리브영,naver_shopping_search,A000000183970,1.0,https://www.oliveyoung.co.kr/store/goods/getGoodsDetail.do?goodsNo=A000000183970,2,unknown,finish
naver-31318154013,페리페라,lip,1,페리페라 [NEW] 잉크 무드 글로이 틴트,페리페라 잉크 무드 글로이 틴트 올리브영,naver_shopping_search,A000000254445,0.75,https://www.oliveyoung.co.kr/store/goods/getGoodsDetail.do?goodsNo=A000000254445,4,unknown,finish
naver-39670445071,페리페라,shadow,8,페리페라 [나잇페리프렌즈 컬렉션] 올테이크 무드 라이크 팔레트,페리페라 [나잇페리프렌즈 컬렉션] 올테이크 무드 라이크 팔레트 올리브영,,,,,0,unknown,finish
naver-46865764264,페리페라,lip,4,페리페라 잉크 무드 글로이 틴트,페리페라 잉크 무드 글로이 틴트 올리브영,naver_shopping_search,A000000254445,0.75,https://www.oliveyoung.co.kr/store/goods/getGoodsDetail.do?goodsNo=A000000254445,4,unknown,finish
naver-54646629608,하트퍼센트,lip,8,[하트퍼센트] 도트 온 무드 올 커버 립 베이스,하트퍼센트 도트 온 무드 올 커버 립 베이스 올리브영,,,,,0,unknown,finish
naver-59489382838,하트퍼센트,lip,9,하트퍼센트 도트 온 무드 퍼스트틴트,하트퍼센트 도트 온 무드 퍼스트틴트 올리브영,naver_shopping_search,A000000174069,0.67,https://www.oliveyoung.co.kr/store/goods/getGoodsDetail.do?goodsNo=A000000174069,7,unknown,finish
naver-58901033940,3CE,cheek,6,3CE [틴티드 에디션]바운시 블러 밤 (증)바운시 핑거 퍼프세트,3CE [틴티드 에디션]바운시 블러 밤 (증)바운시 핑거 퍼프세트 올리브영,,,,,0,unknown,
naver-49180026453,3CE,lip,4,3CE 레이지 팝 립 스테인 (증)미니틴트(랜덤),3CE 레이지 팝 립 스테인 (증)미니틴트(랜덤) 올리브영,,,,,0,unknown,
naver-40083527641,3CE,shadow,3,3CE 멀티 아이 컬러 팔레트+글로우 아이 포인트 브러쉬,3CE 멀티 아이 컬러 팔레트+글로우 아이 포인트 브러쉬 올리브영,,,,,0,unknown,
naver-56421360179,3CE,cheek,9,3CE 바운시 블러 밤 (증)바운시 핑거 퍼프세트,3CE 바운시 블러 밤 (증)바운시 핑거 퍼프세트 올리브영,,,,,0,unknown,
naver-40058337109,3CE,lip,3,3CE 블러 워터 틴트+미니아이스위치(랜덤),3CE 블러 워터 틴트+미니아이스위치(랜덤) 올리브영,,,,,0,unknown,
naver-59101837312,3CE,shadow,1,3CE 아이 스위치 스틱 [증정]아이스위치 미니(랜덤),3CE 아이 스위치 스틱 아이스위치 미니(랜덤) 올리브영,,,,,0,unknown,
naver-57488346053,3CE,shadow,5,3CE 컬러 그리드 아이섀도우 (증)컬러 그리드 듀얼 브러쉬,3CE 컬러 그리드 아이섀도우 (증)컬러 그리드 듀얼 브러쉬 올리브영,,,,,0,unknown,
naver-40049849258,3CE,cheek,5,3CE 페이스 블러쉬 (증)글로우 멀티 유즈 브러쉬,3CE 페이스 블러쉬 (증)글로우 멀티 유즈 브러쉬 올리브영,,,,,0,unknown,
naver-40173750236,3CE,lip,1,[1+1] 3CE 블러 워터 틴트,3CE 블러 워터 틴트 올리브영,naver_shopping_search,A000000148591,1.0,https://www.oliveyoung.co.kr/store/goods/getGoodsDetail.do?goodsNo=A000000148591,2,unknown,
naver-50403815105,3CE,cheek,10,[3CE] 페이스 블러쉬,3CE 페이스 블러쉬 올리브영,,,,,0,unknown,
naver-40083320846,3CE,cheek,8,[NEW TAKE] 3CE 뉴 테이크 페이스 블러셔,3CE 뉴 테이크 페이스 블러셔 올리브영,,,,,0,unknown,
naver-56421408773,3CE,cheek,7,[쓰리씨이] [3CE] 바운시 블러 밤 (증)미니틴트(랜덤),3CE [3CE] 바운시 블러 밤 (증)미니틴트(랜덤) 올리브영,,,,,0,unknown,
naver-58784576376,3CE,cheek,4,[틴티드 에디션] 3CE 바운시 블러 밤+바운시 핑거 퍼프,3CE 바운시 블러 밤+바운시 핑거 퍼프 올리브영,,,,,0,unknown,
naver-56999669954,VDL,lip,1,VDL 립스테인 에센셜 글로우 틴트 플레인피치,VDL 립스테인 에센셜 글로우 틴트 플레인피치 올리브영,,,,,0,unknown,
naver-91177746064,VDL,lip,8,VDL 립스테인 에센셜 오버 라이너 3종중택1,VDL 립스테인 에센셜 오버 라이너 3종중택1 올리브영,,,,,0,unknown,
naver-52379854428,VDL,shadow,2,VDL 아이샤인 컬러 모드 아이 팔레트 7.2g,VDL 아이샤인 컬러 모드 아이 팔레트 올리브영,,,,,0,unknown,
naver-59588574519,VDL,shadow,6,VDL 아이스테인 에센셜 섀도우 듀오 (01 베이직브라운),VDL 아이스테인 에센셜 섀도우 듀오 (01 베이직브라운) 올리브영,,,,,0,unknown,
naver-52379973822,VDL,cheek,8,VDL 치크스테인 블러셔 팔레트 10g,VDL 치크스테인 블러셔 팔레트 올리브영,,,,,0,unknown,
naver-55828583061,VDL,cheek,5,[VDL] [2SET] 치크스테인 블러셔,VDL [2SET] 치크스테인 블러셔 올리브영,,,,,0,unknown,
naver-54024915841,VDL,lip,3,[VDL] 립스테인 에센셜 글로우 틴트,VDL 립스테인 에센셜 글로우 틴트 올리브영,,,,,0,unknown,
naver-54024726034,VDL,lip,9,[VDL] 립스테인 에센셜 글로우 틴트,VDL 립스테인 에센셜 글로우 틴트 올리브영,,,,,0,unknown,
naver-53807302489,VDL,shadow,5,[VDL] 아이스테인 에센셜 섀도우 듀오,VDL 아이스테인 에센셜 섀도우 듀오 올리브영,,,,,0,unknown,
naver-55612972601,VDL,cheek,2,[VDL] 치크스테인 블러셔 미니,VDL 치크스테인 블러셔 미니 올리브영,,,,,0,unknown,
naver-60684672339,VDL,lip,4,[광택천재] VDL 립스테인 에센셜 글로우 틴트,VDL 립스테인 에센셜 글로우 틴트 올리브영,,,,,0,unknown,
naver-50463453665,VDL,cheek,10,[현대백화점 신촌점] [브이디엘] 치크스테인 팔레트,VDL [브이디엘] 치크스테인 팔레트 올리브영,,,,,0,unknown,
naver-59827148352,VDL,cheek,9,[현대신촌점] [브이디엘]VDL 치크스테인 블러셔,VDL [브이디엘]VDL 치크스테인 블러셔 올리브영,naver_shopping_search,A000000250255,0.5,https://www.oliveyoung.co.kr/store/goods/getGoodsDetail.do?goodsNo=A000000250255,2,unknown,
naver-59963519241,VDL,lip,5,[현대신촌점] [브이디엘]립스테인 에센셜 글로우 틴트,VDL [브이디엘]립스테인 에센셜 글로우 틴트 올리브영,,,,,0,unknown,
naver-60047681019,VDL,shadow,3,[현대신촌점] [브이디엘]아이스테인 에센셜 섀도우 듀오,VDL [브이디엘]아이스테인 에센셜 섀도우 듀오 올리브영,,,,,0,unknown,
naver-59827150207,VDL,shadow,8,[현대신촌점] [브이디엘]치크스테인 팔레트,VDL [브이디엘]치크스테인 팔레트 올리브영,,,,,0,unknown,
naver-91177745392,VDL,lip,6,광택천재 VDL 립스테인 에센셜 글로우 틴트,VDL 광택천재 VDL 립스테인 에센셜 글로우 틴트 올리브영,,,,,0,unknown,
naver-60567446647,VDL,lip,10,광택천재 VDL 립스테인 에센셜 글로우 틴트 4044669,VDL 광택천재 VDL 립스테인 에센셜 글로우 틴트 4044669 올리브영,,,,,0,unknown,
naver-54071296723,네이밍,lip,5,[네이밍] 글로이 하트 립 틴트 듀오,네이밍 글로이 하트 립 틴트 듀오 올리브영,,,,,0,unknown,
naver-58877780553,네이밍,lip,9,[네이밍] 오버 듀 글로시 립 틴트 듀오,네이밍 오버 듀 글로시 립 틴트 듀오 올리브영,,,,,0,unknown,
naver-60600129078,네이밍,cheek,5,네이밍 블러셔 베이글 플러피 웜 파우더 블러쉬 BAGEL,네이밍 블러셔 베이글 플러피 웜 파우더 블러쉬 BAGEL 올리브영,,,,,0,unknown,
naver-60600130475,네이밍,cheek,9,네이밍 블러셔 치피 플러피 웜 파우더 블러쉬 CHIPPY,네이밍 블러셔 치피 플러피 웜 파우더 블러쉬 CHIPPY 올리브영,,,,,0,unknown,
naver-60600132044,네이밍,cheek,10,네이밍 블러셔 토스트 플러피 파우더 웜 블러쉬 TOAST,네이밍 블러셔 토스트 플러피 파우더 웜 블러쉬 TOAST 올리브영,,,,,0,unknown,
naver-60600128308,네이밍,cheek,6,네이밍 블러셔 페이지 플러피 파우더 웜 블러쉬 PAGIE,네이밍 블러셔 페이지 플러피 파우더 웜 블러쉬 PAGIE 올리브영,,,,,0,unknown,
naver-60600130172,네이밍,cheek,3,네이밍 블러셔 플러피 발색 파우더 블러쉬 POVE 포브,네이밍 블러셔 플러피 발색 파우더 블러쉬 POVE 포브 올리브영,,,,,0,unknown,
naver-60600130718,네이밍,cheek,7,네이밍 블러셔 플러피 보송 파우더 블러쉬 NIESE 니제,네이밍 블러셔 플러피 보송 파우더 블러쉬 NIESE 니제 올리브영,,,,,0,unknown,
naver-60600130717,네이밍,cheek,4,네이밍 블러셔 플러피 파우더 블러쉬 BASHFUL 배쉬풀,네이밍 블러셔 플러피 파우더 블러쉬 BASHFUL 배쉬풀 올리브영,,,,,0,unknown,
naver-60600130480,네이밍,cheek,8,네이밍 블러셔 필로우 플러피 파우더 블러쉬 PILLOW,네이밍 블러셔 필로우 플러피 파우더 블러쉬 PILLOW 올리브영,,,,,0,unknown,
naver-58175427647,네이밍,shadow,5,네이밍 블러쉬 섀도우 쉐딩 웜톤 쿨톤 플러피 파우더,네이밍 블러쉬 섀도우 쉐딩 웜톤 쿨톤 플러피 파우더 올리브영,,,,,0,unknown,
naver-90382374544,네이밍,shadow,10,네이밍 블러쉬 섀도우 쉐딩 웜톤 쿨톤 플러피 파우더,네이밍 블러쉬 섀도우 쉐딩 웜톤 쿨톤 플러피 파우더 올리브영,,,,,0,unknown,
naver-58175521413,네이밍,shadow,7,네이밍 블러쉬 섀도우 웜톤 쿨톤 메이크업 플러피 파우더 듀오 X2,네이밍 블러쉬 섀도우 웜톤 쿨톤 메이크업 플러피 파우더 듀오 X2 올리브영,,,,,0,unknown,
naver-60448314759,더샘,cheek,9,NEW/아이돌 치크 더샘 젤리 블러셔 10colors,더샘 NEW/아이돌 치크 더샘 젤리 블러셔 10colors 올리브영,,,,,0,unknown,
naver-60638545905,더샘,cheek,8,NEW아이돌 치크 더샘 젤리 블러셔 10colors 4065819,더샘 NEW아이돌 치크 더샘 젤리 블러셔 10colors 4065819 올리브영,,,,,0,unknown,
naver-60680834661,더샘,cheek,7,[NEW/아이돌 치크] 더샘 젤리 블러셔 10colors,더샘 젤리 블러셔 10colors 올리브영,,,,,0,unknown,
naver-60387221300,더샘,lip,5,[온누리상품] 더샘 새미스 크레마 벨벳 틴트 2.5g,더샘 새미스 크레마 벨벳 틴트 올리브영,,,,,0,unknown,
naver-60407023781,더샘,shadow,9,[온누리상품] 더샘 샘물 싱글 섀도우 new 매트 2g 1개,더샘 샘물 싱글 섀도우 new 매트 올리브영,,,,,0,unknown,
naver-60387187718,더샘,cheek,1,[온누리상품] 더샘 젤리 블러셔 4.5g 14종 택 1,더샘 젤리 블러셔 4.5g 14종 택 1 올리브영,,,,,0,unknown,
naver-60387204297,더샘,cheek,3,[온누리상품] 더샘 젤리 블러셔 4.5g 6종 택 1 (26.05까지),더샘 젤리 블러셔 4.5g 6종 택 1 (26.05까지) 올리브영,,,,,0,unknown,
naver-60387192272,더샘,cheek,2,[온누리상품] 더샘 젤리 블러셔 4.5g new 5종 택 1,더샘 젤리 블러셔 4.5g new 5종 택 1 올리브영,,,,,0,unknown,
naver-58971305083,더샘,lip,2,[현대백화점 커넥트현대] [더샘] 새미스 크레마 벨벳 틴트,더샘 [더샘] 새미스 크레마 벨벳 틴트 올리브영,,,,,0,unknown,
naver-58975826879,더샘,cheek,4,[현대백화점 커넥트현대] [더샘] 젤리 블러셔 11colors,더샘 [더샘] 젤리 블러셔 11colors 올리브영,,,,,0,unknown,
naver-60084326618,더샘,shadow,1,더샘 [모다아울렛][더샘]샘물 싱글 섀도우 울산점,더샘 [모다아울렛][더샘]샘물 싱글 섀도우 울산점 올리브영,,,,,0,unknown,
naver-58017348260,더샘,lip,1,더샘 새미스 크레마 벨벳 틴트 10colors,더샘 새미스 크레마 벨벳 틴트 10colors 올리브영,,,,,0,unknown,
naver-60677289500,더샘,shadow,4,더샘 샘물 싱글 섀도우 new 매트 2g 1개,더샘 샘물 싱글 섀도우 new 매트 올리브영,,,,,0,unknown,
naver-60677289277,더샘,shadow,6,더샘 샘물 싱글 섀도우 new 젤리/쉬머/글리터 2g 1개,더샘 샘물 싱글 섀도우 new 젤리/쉬머/글리터 올리브영,,,,,0,unknown,
naver-53648186585,더샘,shadow,5,더샘 샘물 싱글 섀도우 매트 ,더샘 샘물 싱글 섀도우 매트 올리브영,,,,,0,unknown,
naver-56466410888,더샘,shadow,2,더샘 샘물 애교살 메이커,더샘 샘물 애교살 메이커 올리브영,,,,,0,unknown,
naver-59027210591,더샘,cheek,10,더샘 젤리 블러셔 14colors,더샘 젤리 블러셔 14colors 올리브영,,,,,0,unknown,
naver-53648127899,더샘,shadow,3,샘물 싱글 섀도우,더샘 샘물 싱글 섀도우 올리브영,,,,,0,unknown,
naver-60417897820,데이지크,cheek,9,DASIQUE 실키 베일 블러쉬351986,데이지크 DASIQUE 실키 베일 블러쉬351986 올리브영,,,,,0,unknown,
naver-53942823062,데이지크,lip,6,[데이지크] [NEW] 츄잉 글로우 팟,데이지크 츄잉 글로우 팟 올리브영,,,,,0,unknown,
naver-31324089848,데이지크,shadow,4,[데이지크] 섀도우 팔레트 (1~39호),데이지크 섀도우 팔레트 (1~39호) 올리브영,,,,,0,unknown,
naver-54629488913,데이지크,lip,4,[데이지크] 쥬시 듀이 글로우 틴트 5.5g,데이지크 쥬시 듀이 글로우 틴트 올리브영,naver_shopping_search,A000000184327,0.6,https://www.oliveyoung.co.kr/store/goods/getGoodsDetail.do?goodsNo=A000000184327,1,unknown,
naver-60678916219,데이지크,lip,9,[데이지크] 폴리포켓 수플레 컬러 팟,데이지크 폴리포켓 수플레 컬러 팟 올리브영,,,,,0,unknown,
naver-60675904491,데이지크,lip,10,[데이지크] 폴리포켓 수플레 컬러 팟,데이지크 폴리포켓 수플레 컬러 팟 올리브영,,,,,0,unknown,
naver-59452749525,데이지크,shadow,2,데이지크 무드 섀도우 팔레트 04라이트라벤더,데이지크 무드 섀도우 팔레트 04라이트라벤더 올리브영,,,,,0,unknown,
naver-59586466141,데이지크,cheek,8,데이지크 미니 블렌딩 무드 치크 5.2g 09아몬드바닐라,데이지크 미니 블렌딩 무드 치크 5.2g 09아몬드바닐라 올리브영,,,,,0,unknown,
naver-58015886103,데이지크,cheek,5,데이지크 블렌딩 무드 치크 팔레트 블러셔 16 브라운 베어 젤리 제형,데이지크 블렌딩 무드 치크 팔레트 블러셔 16 브라운 베어 젤리 제형 올리브영,,,,,0,unknown,
naver-58015642516,데이지크,cheek,7,데이지크 블렌딩 무드 치크 팔레트 블러셔 17 모브 헤어 젤리 제형,데이지크 블렌딩 무드 치크 팔레트 블러셔 17 모브 헤어 젤리 제형 올리브영,,,,,0,unknown,
naver-58032578155,데이지크,shadow,8,데이지크 섀도우 팔레트,데이지크 섀도우 팔레트 올리브영,naver_shopping_search,A000000228847,0.5,https://www.oliveyoung.co.kr/store/goods/getGoodsDetail.do?goodsNo=A000000228847,1,unknown,
naver-59447149134,데이지크,shadow,5,데이지크 섀도우 팔레트 02로즈페탈,데이지크 섀도우 팔레트 02로즈페탈 올리브영,,,,,0,unknown,
naver-59419545004,데이지크,lip,5,데이지크 쥬시 듀이 글로우 틴트 22 colors,데이지크 쥬시 듀이 글로우 틴트 22 colors 올리브영,naver_shopping_search,A000000184327,0.8,https://www.oliveyoung.co.kr/store/goods/getGoodsDetail.do?goodsNo=A000000184327,1,unknown,
naver-57716544809,라카,cheek,9,라카 러브 실크 라벤더 퍼플 블러셔 702 판타지 X2,라카 러브 실크 라벤더 퍼플 블러셔 702 판타지 X2 올리브영,,,,,0,unknown,
naver-57893694544,라카,lip,10,라카 립 틴트 데일리 메이크업 미니 프루티 글램,라카 립 틴트 데일리 메이크업 미니 프루티 글램 올리브영,,,,,0,unknown,
naver-60568080899,라카,shadow,4,라카 모노 아이섀도우 (50종 택1) 5000311,라카 모노 아이섀도우 (50종 ) 5000311 올리브영,naver_shopping_search,A000000183472,0.67,https://www.oliveyoung.co.kr/store/goods/getGoodsDetail.do?goodsNo=A000000183472,1,unknown,
naver-60565162125,라카,shadow,5,라카 포에버6 아이 팔레트 (4종 택1) 5001045,라카 포에버6 아이 팔레트 (4종 ) 5001045 올리브영,,,,,0,unknown,
naver-55660097850,롬앤,lip,9,[롬앤] [2개세트] 블러 퍼지 틴트x2,롬앤 [2개세트] 블러 퍼지 틴트x2 올리브영,,,,,0,unknown,
naver-28780183288,롬앤,lip,6,[롬앤] [NEW 컬러 추가]제로 벨벳 틴트 단품,롬앤 제로 벨벳 틴트 단품 올리브영,,,,,0,unknown,
naver-28780183287,롬앤,lip,10,[롬앤] [신규 컬러 추가/ BEST] 더 쥬시 래스팅 틴트,롬앤 [신규 컬러 추가/ BEST] 더 쥬시 래스팅 틴트 올리브영,,,,,0,unknown,
naver-51830547631,롬앤,lip,4,[롬앤] 더 쥬시 래스팅 틴트,롬앤 더 쥬시 래스팅 틴트 올리브영,,,,,0,unknown,
naver-51830652412,롬앤,lip,8,[롬앤] 더 쥬시 래스팅 틴트 X2,롬앤 더 쥬시 래스팅 틴트 X2 올리브영,,,,,0,unknown,
naver-49163445416,롬앤,cheek,2,[롬앤] 베러 댄 치크,롬앤 베러 댄 치크 올리브영,naver_shopping_search,A000000201055,0.5,https://www.oliveyoung.co.kr/store/goods/getGoodsDetail.do?goodsNo=A000000201055,2,unknown,
naver-50636894521,롬앤,cheek,7,[롬앤] 베러 댄 치크 4g,롬앤 베러 댄 치크 올리브영,naver_shopping_search,A000000201055,0.5,https://www.oliveyoung.co.kr/store/goods/getGoodsDetail.do?goodsNo=A000000201055,2,unknown,
naver-28780183274,롬앤,shadow,6,[롬앤] 베러 댄 팔레트,롬앤 베러 댄 팔레트 올리브영,naver_shopping_search,A000000201055,0.5,https://www.oliveyoung.co.kr/store/goods/getGoodsDetail.do?goodsNo=A000000201055,2,unknown,
naver-59830055698,롬앤,cheek,10,롬앤 베러 댄 치크 - 블러셔 x2SET (AD),롬앤 베러 댄 치크 - 블러셔 x2SET (AD) 올리브영,,,,,0,unknown,
naver-38550402400,롬앤,cheek,6,롬앤 베러 댄 치크 4g 수채화 발색 블러셔,롬앤 베러 댄 치크 4g 수채화 발색 블러셔 올리브영,,,,,0,unknown,
naver-58861057403,롬앤,cheek,8,롬앤 베러 댄 치크 블러셔 볼터치 C02 블루베리칩,롬앤 베러 댄 치크 블러셔 볼터치 C02 블루베리칩 올리브영,,,,,0,unknown,
naver-58861094806,롬앤,cheek,9,롬앤 베러 댄 치크 블러셔 볼터치 W02 스트로베리 밀크,롬앤 베러 댄 치크 블러셔 볼터치 W02 스트로베리 밀크 올리브영,,,,,0,unknown,
naver-28269910687,롬앤,shadow,10,베러 댄 팔레트,롬앤 베러 댄 팔레트 올리브영,naver_shopping_search,A000000201055,0.5,https://www.oliveyoung.co.kr/store/goods/getGoodsDetail.do?goodsNo=A000000201055,2,unknown,
naver-60638545028,뮤드,cheek,7,NEW컬러 뮤드 플러터 블러셔 8종 택1 4065920,뮤드 NEW컬러 뮤드 플러터 블러셔 8종 4065920 올리브영,,,,,0,unknown,
naver-60450357255,뮤드,cheek,8,NEW컬러 뮤드 플러터 블러셔 8종중 택1,뮤드 NEW컬러 뮤드 플러터 블러셔 8종중 올리브영,,,,,0,unknown,
naver-60680833764,뮤드,cheek,6,[NEW컬러] 뮤드 플러터 블러셔 8종 택1,뮤드 플러터 블러셔 8종 올리브영,,,,,0,unknown,
naver-54413612806,뮤드,lip,3,[뮤드] mude 글라세 립 틴트 11종 택1,뮤드 mude 글라세 립 틴트 11종 올리브영,,,,,0,unknown,
naver-40887390445,뮤드,lip,1,[뮤드] 소프트 블러 틴트 3g,뮤드 소프트 블러 틴트 올리브영,,,,,0,unknown,
naver-33229341522,뮤드,cheek,1,[뮤드] 플러터 블러셔 5g,뮤드 플러터 블러셔 올리브영,,,,,0,unknown,
naver-57177925017,뮤드,lip,8,뮤드 글라세 립 피치 컬러 픽싱 틴트 02 코랄 글라세,뮤드 글라세 립 피치 컬러 픽싱 틴트 02 코랄 글라세 올리브영,,,,,0,unknown,
naver-60514608349,뮤드,lip,4,뮤드 소프트 블러 매트 새틴 립 틴트 01 러스티 슈가,뮤드 소프트 블러 매트 새틴 립 틴트 01 러스티 슈가 올리브영,,,,,0,unknown,
naver-57177932828,뮤드,lip,10,뮤드 소프트 블러 비비드 핑크 립 틴트 08 스무디,뮤드 소프트 블러 비비드 핑크 립 틴트 08 스무디 올리브영,,,,,0,unknown,
naver-57177929749,뮤드,lip,9,뮤드 소프트 블러 이지 블러링 립 틴트 11 메이플,뮤드 소프트 블러 이지 블러링 립 틴트 11 메이플 올리브영,,,,,0,unknown,
naver-59979811618,뮤드,lip,2,뮤드 소프트 블러 틴트 3g 4657204,뮤드 소프트 블러 틴트 3g 4657204 올리브영,,,,,0,unknown,
naver-60585204103,뮤드,lip,7,뮤드 엔젤 허그 글레이즈 10종 (단품/기획),뮤드 엔젤 허그 글레이즈 10종 (단품/ ) 올리브영,,,,,0,unknown,
naver-84349521341,뮤드,cheek,2,뮤드 플러터 블러셔,뮤드 플러터 블러셔 올리브영,,,,,0,unknown,
naver-56226379252,뮤드,cheek,4,"뮤드 플러터 블러셔 뮤트 라벤더, 5g","뮤드 플러터 블러셔 뮤트 라벤더, 올리브영",,,,,0,unknown,
naver-87871762584,뮤드,cheek,10,뮤드애프터눈코랄 뮤드플러터블러셔 두근두근블러셔,뮤드 뮤드애프터눈코랄 뮤드플러터블러셔 두근두근블러셔 올리브영,,,,,0,unknown,
naver-84349521340,뮤드,cheek,3,이런 상품 어때요? 뮤드 플러터 블러셔 5g,뮤드 뮤드 플러터 블러셔 올리브영,,,,,0,unknown,
naver-33312482384,뮤드,cheek,5,플러터 블러셔,뮤드 플러터 블러셔 올리브영,,,,,0,unknown,
naver-50794551963,에뛰드,lip,8,[NEW컬러][에뛰드] 픽싱 틴트 4g+4g (2개 구성),에뛰드 [에뛰드] 픽싱 틴트 4g+4g (2개 구성) 올리브영,,,,,0,unknown,
naver-60229844071,에뛰드,lip,5,[에뛰드] (밀키베리) 디어 달링 오일 틴트 4.2g,에뛰드 (밀키베리) 디어 달링 오일 틴트 올리브영,,,,,0,unknown,
naver-59737530568,에뛰드,shadow,7,[에뛰드] [Cafe in the deep] 왓츠 인 마이 아이즈 더블,에뛰드 [Cafe in the deep] 왓츠 인 마이 아이즈 더블 올리브영,,,,,0,unknown,
naver-48351243046,에뛰드,lip,2,[에뛰드] 디어 달링 마커 틴트 2개,에뛰드 디어 달링 마커 틴트 올리브영,,,,,0,unknown,
naver-59737528907,에뛰드,cheek,5,[에뛰드] 러블리 쿠키 블러셔,에뛰드 러블리 쿠키 블러셔 올리브영,,,,,0,unknown,
naver-45283760049,에뛰드,cheek,2,[에뛰드] 러블리 쿠키 블러셔 2개,에뛰드 러블리 쿠키 블러셔 올리브영,,,,,0,unknown,
naver-59163852739,에뛰드,shadow,5,[에뛰드] 재창조 메이커 쉐딩스틱 + 올데이맑은BB크림02아이보리 1ml*5 증정,에뛰드 재창조 메이커 쉐딩스틱 + 올데이맑은BB크림02아이보리 1ml*5 올리브영,,,,,0,unknown,
naver-59645555052,에뛰드,cheek,3,[에뛰드] 콩콩 블러셔,에뛰드 콩콩 블러셔 올리브영,naver_shopping_search,A000000181634,0.5,https://www.oliveyoung.co.kr/store/goods/getGoodsDetail.do?goodsNo=A000000181634,1,unknown,
naver-55799295334,에뛰드,lip,1,[에뛰드] 포근 픽싱 틴트,에뛰드 포근 픽싱 틴트 올리브영,,,,,0,unknown,
naver-26854283224,에뛰드,lip,7,[에뛰드] 픽싱 틴트 4g,에뛰드 픽싱 틴트 올리브영,,,,,0,unknown,
naver-40910509805,에뛰드,lip,9,에뛰드 [NEW Color 출시] 글로우 픽싱 틴트 3.8g,에뛰드 글로우 픽싱 틴트 올리브영,,,,,0,unknown,
naver-33226354230,에뛰드,lip,6,에뛰드 [New Color] 픽싱 틴트 /하이드로 매트 립틴트,에뛰드 픽싱 틴트 /하이드로 매트 립틴트 올리브영,,,,,0,unknown,
naver-23779728577,에뛰드,lip,3,에뛰드 [과즙틴트] 디어 달링 워터 틴트 /후르츠 워터 틴트,에뛰드 [과즙틴트] 디어 달링 워터 틴트 /후르츠 워터 틴트 올리브영,,,,,0,unknown,
naver-60003346783,에뛰드,cheek,6,에뛰드 러블리 쿠키 블러셔 4.5g,에뛰드 러블리 쿠키 블러셔 올리브영,,,,,0,unknown,
naver-60003546913,에뛰드,cheek,7,에뛰드 콩콩 블러셔 7g /부드럽게 스며드는 속광 블러 치크 /크림 블러셔 /볼터치,에뛰드 콩콩 블러셔 7g /부드럽게 스며드는 속광 블러 치크 /크림 블러셔 /볼터치 올리브영,,,,,0,unknown,
naver-59601304715,에뛰드,cheek,8,에뛰드 콩콩 블러셔 7g x 2개 /내장 스폰지 팁으로 콩콩 /크림 치크 /볼터치,에뛰드 콩콩 블러셔 7g x 2개 /내장 스폰지 팁으로 콩콩 /크림 치크 /볼터치 올리브영,,,,,0,unknown,
naver-53466587869,에뛰드,cheek,9,에뛰드 하트팝 블러셔 사르르 에디션 4g (사우어젤리),에뛰드 하트팝 블러셔 사르르 에디션 4g (사우어젤리) 올리브영,,,,,0,unknown,
naver-28679613249,에뛰드,lip,10,에뛰드스튜디오 [New 컬러] 픽싱 틴트 /하이드로 매트 립틴트,에뛰드 에뛰드스튜디오 픽싱 틴트 /하이드로 매트 립틴트 올리브영,,,,,0,unknown,
naver-23760265852,에뛰드,lip,4,에뛰드스튜디오 디어 달링 워터 틴트 New Color /후르츠 워터 립틴트,에뛰드 에뛰드스튜디오 디어 달링 워터 틴트 New Color /후르츠 워터 립틴트 올리브영,,,,,0,unknown,
naver-23782770789,에뛰드,cheek,10,에뛰드스튜디오 러블리 쿠키 블러셔 4.5g,에뛰드 에뛰드스튜디오 러블리 쿠키 블러셔 올리브영,,,,,0,unknown,
naver-23778700903,에뛰드,shadow,6,에뛰드스튜디오 블링블링 아이스틱,에뛰드 에뛰드스튜디오 블링블링 아이스틱 올리브영,,,,,0,unknown,
naver-55111330232,에스쁘아,cheek,8,MARIO[에스쁘아] 톤 페어링 치크 멀티 블러셔 | 에스쁘아 - 보리보리,에스쁘아 MARIO[에스쁘아] 톤 페어링 치크 멀티 블러셔 | 에스쁘아 - 보리보리 올리브영,,,,,0,unknown,
naver-55110923983,에스쁘아,cheek,9,MARIO[에스쁘아] 톤 페어링 치크 멀티 블러셔 | 에스쁘아 - 하프클럽,에스쁘아 MARIO[에스쁘아] 톤 페어링 치크 멀티 블러셔 | 에스쁘아 - 하프클럽 올리브영,,,,,0,unknown,
naver-53510712807,에스쁘아,lip,10,[에스쁘아] NEW 꾸뛰르 립틴트 글레이즈,에스쁘아 NEW 꾸뛰르 립틴트 글레이즈 올리브영,naver_shopping_search,A000000197490,1.0,https://www.oliveyoung.co.kr/store/goods/getGoodsDetail.do?goodsNo=A000000197490,2,unknown,
naver-55322843976,에스쁘아,lip,8,[에스쁘아] [1+1] 꾸뛰르 립 틴트 글레이즈 AD(BEST 컬러 ),에스쁘아 [1+1] 꾸뛰르 립 틴트 글레이즈 AD(BEST 컬러 ) 올리브영,naver_shopping_search,A000000197490,0.4,https://www.oliveyoung.co.kr/store/goods/getGoodsDetail.do?goodsNo=A000000197490,1,unknown,
naver-53055869728,에스쁘아,lip,4,[에스쁘아] 꾸뛰르 꾸뛰르 글레이즈 AD,에스쁘아 꾸뛰르 꾸뛰르 글레이즈 AD 올리브영,naver_shopping_search,A000000197490,0.67,https://www.oliveyoung.co.kr/store/goods/getGoodsDetail.do?goodsNo=A000000197490,1,unknown,
naver-54397863413,에스쁘아,cheek,5,[에스쁘아] 톤 페어링 치크 블러셔 2호 피치핑크,에스쁘아 톤 페어링 치크 블러셔 2호 피치핑크 올리브영,,,,,0,unknown,
naver-54397760858,에스쁘아,cheek,4,[에스쁘아] 톤 페어링 치크 블러셔 3호 비올레타,에스쁘아 톤 페어링 치크 블러셔 3호 비올레타 올리브영,,,,,0,unknown,
naver-53917760212,에스쁘아,lip,9,에스쁘아 꾸뛰르 립틴트 글레이즈 (25AD),에스쁘아 꾸뛰르 립틴트 글레이즈 (25AD) 올리브영,naver_shopping_search,A000000197490,0.75,https://www.oliveyoung.co.kr/store/goods/getGoodsDetail.do?goodsNo=A000000197490,2,unknown,
naver-51748550288,에스쁘아,shadow,4,에스쁘아 리얼 아이 애교살 스틱 1.45g,에스쁘아 리얼 아이 애교살 스틱 올리브영,,,,,0,unknown,
naver-51749188983,에스쁘아,shadow,5,에스쁘아 리얼 아이 애교살 스틱 1.45g,에스쁘아 리얼 아이 애교살 스틱 올리브영,,,,,0,unknown,
naver-51778165646,에스쁘아,shadow,9,에스쁘아 아이 코어 팔레트 9g 1개,에스쁘아 아이 코어 팔레트 올리브영,naver_shopping_search,A000000209174,0.75,https://www.oliveyoung.co.kr/store/goods/getGoodsDetail.do?goodsNo=A000000209174,1,unknown,
naver-51750283828,에스쁘아,cheek,6,에스쁘아 톤페어링 리퀴드 치크 8ml,에스쁘아 톤페어링 리퀴드 치크 올리브영,naver_shopping_search,A000000205573,0.5,https://www.oliveyoung.co.kr/store/goods/getGoodsDetail.do?goodsNo=A000000205573,1,unknown,
naver-60632649763,웨이크메이크,cheek,10,[SET] 웨이크메이크 블러셔 + 필리밀리 퍼프 택 1,웨이크메이크 블러셔 + 필리밀리 퍼프 택 1 올리브영,,,,,0,unknown,
naver-46865249941,웨이크메이크,lip,10,웨이크메이크 듀이 젤 글로우 틴트 3g 유통기한임박,웨이크메이크 듀이 젤 글로우 틴트 3g 유통기한임박 올리브영,,,,,0,unknown,
naver-60691158417,웨이크메이크,shadow,3,웨이크메이크 소프트 블러링 아이 팔레트 05 뮤트 코랄 블러링,웨이크메이크 소프트 블러링 아이 팔레트 05 뮤트 코랄 블러링 올리브영,,,,,0,unknown,
naver-60691159021,웨이크메이크,shadow,7,웨이크메이크 소프트 블러링 아이 팔레트 05 뮤트 코랄 블러링 2개,웨이크메이크 소프트 블러링 아이 팔레트 05 뮤트 코랄 블러링 올리브영,,,,,0,unknown,
naver-60691536495,웨이크메이크,shadow,6,웨이크메이크 소프트 블러링 아이 팔레트 05 뮤트 코랄 블러링 3개,웨이크메이크 소프트 블러링 아이 팔레트 05 뮤트 코랄 블러링 올리브영,,,,,0,unknown,
naver-60691158237,웨이크메이크,shadow,2,웨이크메이크 소프트 블러링 아이 팔레트 08 캔디코랄 블러링,웨이크메이크 소프트 블러링 아이 팔레트 08 캔디코랄 블러링 올리브영,,,,,0,unknown,
naver-60691158449,웨이크메이크,shadow,8,웨이크메이크 소프트 블러링 아이 팔레트 08 캔디코랄 블러링 2개,웨이크메이크 소프트 블러링 아이 팔레트 08 캔디코랄 블러링 올리브영,,,,,0,unknown,
naver-60691536523,웨이크메이크,shadow,5,웨이크메이크 소프트 블러링 아이 팔레트 08 캔디코랄 블러링 3개,웨이크메이크 소프트 블러링 아이 팔레트 08 캔디코랄 블러링 올리브영,,,,,0,unknown,
naver-59787018786,웨이크메이크,cheek,6,웨이크메이크 쉐이킹 블러 치크 4g -/R,웨이크메이크 쉐이킹 블러 치크 4g -/R 올리브영,,,,,0,unknown,
naver-58981790452,웨이크메이크,cheek,7,웨이크메이크 쉬어 브리즈 블러셔 5g -/R,웨이크메이크 쉬어 브리즈 블러셔 5g -/R 올리브영,,,,,0,unknown,
naver-58914013741,웨이크메이크,lip,9,웨이크메이크 워터 블러링 레이어 틴트 4.6g -/R,웨이크메이크 워터 블러링 레이어 틴트 4.6g -/R 올리브영,,,,,0,unknown,
naver-59504100688,웨이크메이크,lip,5,웨이크메이크 컬러그램 누디 블러 틴트 AD 5g -/R,웨이크메이크 컬러그램 누디 블러 틴트 AD 5g -/R 올리브영,,,,,0,unknown,
naver-87051377445,정샘물 뷰티,lip,1,[7월 슈퍼적립] 정샘물 뉴클래식 매트 립스틱 3.5g,정샘물 뷰티 뉴클래식 매트 립스틱 올리브영,,,,,0,unknown,
naver-60517649231,정샘물 뷰티,cheek,6,[정샘물뷰티] MINI 정샘물 아티스트 쿠션 블러쉬 or 블러쉬 블러,정샘물 뷰티 MINI 정샘물 아티스트 쿠션 블러쉬 or 블러쉬 블러 올리브영,,,,,0,unknown,
naver-49163519708,정샘물 뷰티,lip,5,[정샘물뷰티] 정샘물 립프레션 글로우래스팅 틴트 (스킨세팅베이스3ml3종세트),정샘물 뷰티 립프레션 글로우래스팅 틴트 (스킨세팅베이스3ml3종세트) 올리브영,,,,,0,unknown,
naver-59919517696,정샘물 뷰티,lip,9,[정샘물뷰티] 정샘물 립프레션 글로이 틴트 (글리터링토퍼 라벤더슈가),정샘물 뷰티 립프레션 글로이 틴트 (글리터링토퍼 라벤더슈가) 올리브영,,,,,0,unknown,
naver-56707561274,정샘물 뷰티,lip,6,[정샘물뷰티] 정샘물 립프레션 메탈 세럼 글로스 (글리터 립 토퍼 ),정샘물 뷰티 립프레션 메탈 세럼 글로스 (글리터 립 토퍼 ) 올리브영,,,,,0,unknown,
naver-49163543139,정샘물 뷰티,lip,2,[정샘물뷰티] 정샘물 립프레션 시스루 틴트,정샘물 뷰티 립프레션 시스루 틴트 올리브영,,,,,0,unknown,
naver-51227858558,정샘물 뷰티,shadow,2,[정샘물뷰티] 정샘물 아티스트 아이 팔레트 누드 2종 (아티스트아이팔레트브러쉬),정샘물 뷰티 아티스트 아이 팔레트 누드 2종 (아티스트아이팔레트브러쉬) 올리브영,,,,,0,unknown,
naver-60084440202,정샘물 뷰티,shadow,1,[정샘물뷰티] 정샘물 아티스트 아이 팔레트 코어 6종 (아이 팔레트 코어 브러쉬),정샘물 뷰티 아티스트 아이 팔레트 코어 6종 (아이 팔레트 코어 브러쉬) 올리브영,,,,,0,unknown,
naver-54279765774,정샘물 뷰티,cheek,1,[정샘물뷰티] 정샘물 아티스트 쿠션 블러쉬 (글로스미니 로즈도즈),정샘물 뷰티 아티스트 쿠션 블러쉬 (글로스미니 로즈도즈) 올리브영,,,,,0,unknown,
naver-56354126230,정샘물 뷰티,cheek,3,[정샘물뷰티] 정샘물 아티스트 쿠션 블러쉬 블러 (글로스미니 로즈도즈),정샘물 뷰티 아티스트 쿠션 블러쉬 블러 (글로스미니 로즈도즈) 올리브영,,,,,0,unknown,
naver-49163486745,정샘물 뷰티,cheek,7,[정샘물뷰티] 정샘물 컬러피스 블러쉬,정샘물 뷰티 컬러피스 블러쉬 올리브영,,,,,0,unknown,
naver-49163491155,정샘물 뷰티,cheek,9,[정샘물뷰티] 정샘물 컬러피스 크림 블러쉬 (스키니탭 퍼프 1ea),정샘물 뷰티 컬러피스 크림 블러쉬 (스키니탭 퍼프 1ea) 올리브영,,,,,0,unknown,
naver-87637416308,정샘물 뷰티,lip,10,정샘물 뉴클래식 글레이즈 립스틱 2.3g,정샘물 뷰티 뉴클래식 글레이즈 립스틱 올리브영,,,,,0,unknown,
naver-87051489275,정샘물 뷰티,lip,7,정샘물 뉴클래식 샤인 립스틱 3.5g,정샘물 뷰티 뉴클래식 샤인 립스틱 올리브영,,,,,0,unknown,
naver-84831337731,정샘물 뷰티,lip,8,정샘물 립프레션 글로우래스팅 틴트 4g,정샘물 뷰티 립프레션 글로우래스팅 틴트 올리브영,,,,,0,unknown,
naver-89820662148,정샘물 뷰티,lip,3,정샘물 립프레션 메탈 세럼 글로스 10ml,정샘물 뷰티 립프레션 메탈 세럼 글로스 올리브영,,,,,0,unknown,
naver-83396832040,정샘물 뷰티,lip,4,정샘물 립프레션 시스루 틴트 4g,정샘물 뷰티 립프레션 시스루 틴트 올리브영,,,,,0,unknown,
naver-89751190827,정샘물 뷰티,cheek,8,정샘물 아티스트 쿠션 블러쉬 #블러 4g,정샘물 뷰티 아티스트 쿠션 블러쉬 #블러 올리브영,,,,,0,unknown,
naver-83932307629,정샘물 뷰티,cheek,4,정샘물 컬러피스 블러쉬 4.3g,정샘물 뷰티 컬러피스 블러쉬 올리브영,,,,,0,unknown,
naver-60388598000,컬러그램,cheek,10,컬러그램 틴토리 솜 블러셔 꼬숩땅콩 7호,컬러그램 틴토리 솜 블러셔 꼬숩땅콩 7호 올리브영,,,,,0,unknown,
naver-60388594239,컬러그램,cheek,4,컬러그램 틴토리 솜 블러셔 말랑살구 1호,컬러그램 틴토리 솜 블러셔 말랑살구 1호 올리브영,,,,,0,unknown,
naver-60388593638,컬러그램,cheek,2,컬러그램 틴토리 솜 블러셔 썸탠저린 3호,컬러그램 틴토리 솜 블러셔 썸탠저린 3호 올리브영,,,,,0,unknown,
naver-60388592755,컬러그램,cheek,9,컬러그램 틴토리 솜 블러셔 앙쿨모브 8호,컬러그램 틴토리 솜 블러셔 앙쿨모브 8호 올리브영,,,,,0,unknown,
naver-60388594572,컬러그램,cheek,7,컬러그램 틴토리 솜 블러셔 홍시그널 5호,컬러그램 틴토리 솜 블러셔 홍시그널 5호 올리브영,,,,,0,unknown,
naver-54509172254,클리오,cheek,6,[NEW COLOR]클리오 에센셜 블러쉬 탭,클리오 에센셜 블러쉬 탭 올리브영,naver_shopping_search,A000000211400,0.33,https://www.oliveyoung.co.kr/store/goods/getGoodsDetail.do?goodsNo=A000000211400,1,unknown,
naver-54509115936,클리오,cheek,2,클리오 [NEW/소프트부케] 에센셜 블러쉬 탭,클리오 에센셜 블러쉬 탭 올리브영,naver_shopping_search,A000000211400,0.33,https://www.oliveyoung.co.kr/store/goods/getGoodsDetail.do?goodsNo=A000000211400,1,unknown,
naver-31371553865,클리오,cheek,5,클리오 [NEW] 맑게 물든 선샤인 치크,클리오 맑게 물든 선샤인 치크 올리브영,,,,,0,unknown,
naver-60641427438,클리오,cheek,3,클리오 에센셜 립 치크 보송 블러셔 05 어텀 토스트 BNS,클리오 에센셜 립 치크 보송 블러셔 05 어텀 토스트 BNS 올리브영,,,,,0,unknown,
naver-60641427096,클리오,cheek,10,클리오 에센셜 립 치크 탭 코랄 07 애프리콧 브리즈 BNS,클리오 에센셜 립 치크 탭 코랄 07 애프리콧 브리즈 BNS 올리브영,,,,,0,unknown,
naver-60641424463,클리오,cheek,8,클리오 에센셜 매트 블러쉬 탭 밀착 M106 뮤티드 베리 BNS,클리오 에센셜 매트 블러쉬 탭 밀착 M106 뮤티드 베리 BNS 올리브영,,,,,0,unknown,
naver-60641426385,클리오,cheek,9,클리오 에센셜 매트 블러쉬 탭 치크 M103 히든 로즈 BNS,클리오 에센셜 매트 블러쉬 탭 치크 M103 히든 로즈 BNS 올리브영,,,,,0,unknown,
naver-58486674200,클리오,cheek,7,클리오 에센셜 블러쉬 탭,클리오 에센셜 블러쉬 탭 올리브영,naver_shopping_search,A000000211400,0.5,https://www.oliveyoung.co.kr/store/goods/getGoodsDetail.do?goodsNo=A000000211400,1,unknown,
naver-45567907712,클리오,shadow,9,클리오 프로 아이 팔레트 에어 7.2g - /R,클리오 프로 아이 팔레트 에어 7.2g - /R 올리브영,,,,,0,unknown,
naver-60486157596,투쿨포스쿨,lip,3,143897 TOO COOL FOR SCHOOL 듀 블러리 틴트,투쿨포스쿨 143897 TOO COOL FOR SCHOOL 듀 블러리 틴트 올리브영,,,,,0,unknown,
naver-90554518749,투쿨포스쿨,cheek,5,[2EA] 투쿨포스쿨 아트클래스 벨루어 펜슬 블러셔 2.4g 11colors (+핑거퍼프),투쿨포스쿨 아트클래스 벨루어 펜슬 블러셔 2.4g 11colors (+핑거퍼프) 올리브영,,,,,0,unknown,
naver-58725193590,투쿨포스쿨,shadow,4,[투쿨포스쿨] BEST 벨루어 펜슬 + 프로타주 펜슬 + 핑크 샤프너,투쿨포스쿨 BEST 벨루어 펜슬 + 프로타주 펜슬 + 핑크 샤프너 올리브영,,,,,0,unknown,
naver-54510468011,투쿨포스쿨,shadow,6,[투쿨포스쿨] 물빛글리터 아트클래스 아이글리츠,투쿨포스쿨 물빛글리터 아트클래스 아이글리츠 올리브영,,,,,0,unknown,
naver-59388273374,투쿨포스쿨,shadow,3,[투쿨포스쿨] 성/공/조/합 프로타주 펜슬 + 스머징 트임라이너 + 핑크 샤프너 + 아이글리츠 랜덤,투쿨포스쿨 성/공/조/합 프로타주 펜슬 + 스머징 트임라이너 + 핑크 샤프너 + 아이글리츠 랜덤 올리브영,,,,,0,unknown,
naver-49163549138,투쿨포스쿨,cheek,3,[투쿨포스쿨] 아트클래스 바이로댕 블러셔,투쿨포스쿨 아트클래스 바이로댕 블러셔 올리브영,naver_shopping_search,A000000110553,1.0,https://www.oliveyoung.co.kr/store/goods/getGoodsDetail.do?goodsNo=A000000110553,1,unknown,
naver-58633047816,투쿨포스쿨,cheek,8,[투쿨포스쿨] 아트클래스 벨루어 펜슬 (+클렌징패드/펜슬) 260116,투쿨포스쿨 아트클래스 벨루어 펜슬 (+클렌징패드/펜슬) 260116 올리브영,,,,,0,unknown,
naver-11546575747,투쿨포스쿨,cheek,10,이런 상품 어때요? 투쿨포스쿨 아트클래스 바이로댕 블러셔 8.7g 6colors,투쿨포스쿨 투쿨포스쿨 아트클래스 바이로댕 블러셔 8.7g 6colors 올리브영,,,,,0,unknown,
naver-59386630372,투쿨포스쿨,cheek,4,투쿨포스쿨 아트 클래스 바이로댕 블러셔 9.5g 1개,투쿨포스쿨 아트 클래스 바이로댕 블러셔 올리브영,naver_shopping_search,A000000110553,1.0,https://www.oliveyoung.co.kr/store/goods/getGoodsDetail.do?goodsNo=A000000110553,1,unknown,
naver-10028686952,투쿨포스쿨,cheek,7,투쿨포스쿨 아트클래스 바이로댕 블러셔 8.7g 6colors,투쿨포스쿨 아트클래스 바이로댕 블러셔 8.7g 6colors 올리브영,,,,,0,unknown,
naver-90554490906,투쿨포스쿨,cheek,2,투쿨포스쿨 아트클래스 벨루어 펜슬 블러셔 2.4g 11colors,투쿨포스쿨 아트클래스 벨루어 펜슬 블러셔 2.4g 11colors 올리브영,,,,,0,unknown,
naver-59163859581,페리페라,lip,9,[NEW COLOR] 페리페라 무드 글로이 틴트 26AD,페리페라 무드 글로이 틴트 26AD 올리브영,naver_shopping_search,A000000254445,0.6,https://www.oliveyoung.co.kr/store/goods/getGoodsDetail.do?goodsNo=A000000254445,2,unknown,
naver-46090066033,페리페라,lip,2,[NEW COLOR] 페리페라 오버 블러 틴트,페리페라 오버 블러 틴트 올리브영,,,,,0,unknown,
naver-58782631574,페리페라,cheek,5,[페리페라] 맑게 물든 선샤인 치크,페리페라 맑게 물든 선샤인 치크 올리브영,naver_shopping_search,A000000140263,1.0,https://www.oliveyoung.co.kr/store/goods/getGoodsDetail.do?goodsNo=A000000140263,1,unknown,
naver-59015966163,페리페라,lip,7,[페리페라] 무드 글로이 틴트 26AD,페리페라 무드 글로이 틴트 26AD 올리브영,naver_shopping_search,A000000254445,0.75,https://www.oliveyoung.co.kr/store/goods/getGoodsDetail.do?goodsNo=A000000254445,2,unknown,
naver-52424577619,페리페라,cheek,7,페리페라 [NEW컬러출시]맑게 물든 선샤인 치크,페리페라 맑게 물든 선샤인 치크 올리브영,naver_shopping_search,A000000140263,0.8,https://www.oliveyoung.co.kr/store/goods/getGoodsDetail.do?goodsNo=A000000140263,1,unknown,
naver-45522637460,페리페라,cheek,10,페리페라 맑게 물든 선샤인 치크 4.2g - /R,페리페라 맑게 물든 선샤인 치크 4.2g - /R 올리브영,,,,,0,unknown,
naver-52424582084,페리페라,cheek,8,페리페라 맑게 물든 선샤인 치크 x2,페리페라 맑게 물든 선샤인 치크 x2 올리브영,naver_shopping_search,A000000140263,0.8,https://www.oliveyoung.co.kr/store/goods/getGoodsDetail.do?goodsNo=A000000140263,1,unknown,
naver-60204735175,페리페라,lip,6,페리페라 오버 블러 틴트 04 코랄랄라,페리페라 오버 블러 틴트 04 코랄랄라 올리브영,,,,,0,unknown,
naver-57556165111,페리페라,cheek,4,페리페라 톡 블러쉬 키캡,페리페라 톡 블러쉬 키캡 올리브영,,,,,0,unknown,
naver-60638631447,하트퍼센트,shadow,10,NEW 하트퍼센트 도트 온 무드 아이 팔레트 3colors 4066304,하트퍼센트 NEW 하트퍼센트 도트 온 무드 아이 팔레트 3colors 4066304 올리브영,,,,,0,unknown,
naver-51165140951,하트퍼센트,lip,3,도트 온 무드 원 웨이 글로이 틴트,하트퍼센트 도트 온 무드 원 웨이 글로이 틴트 올리브영,naver_shopping_search,A000000174069,0.6,https://www.oliveyoung.co.kr/store/goods/getGoodsDetail.do?goodsNo=A000000174069,1,unknown,
naver-54526071028,하트퍼센트,cheek,5,도트 온 무드 커스텀 립앤치크 싱글,하트퍼센트 도트 온 무드 커스텀 립앤치크 싱글 올리브영,,,,,0,unknown,
naver-59489397835,하트퍼센트,lip,10,하트퍼센트 도트 온 무드 오버 멜팅 글로스,하트퍼센트 도트 온 무드 오버 멜팅 글로스 올리브영,naver_shopping_search,A000000174069,0.4,https://www.oliveyoung.co.kr/store/goods/getGoodsDetail.do?goodsNo=A000000174069,7,unknown,
naver-60640983288,하트퍼센트,cheek,2,하트퍼센트 립 앤 치크 틴트 도트 온 무드 커스텀 MNS,하트퍼센트 립 앤 치크 틴트 도트 온 무드 커스텀 MNS 올리브영,naver_shopping_search,A000000213083,0.5,https://www.oliveyoung.co.kr/store/goods/getGoodsDetail.do?goodsNo=A000000213083,1,unknown,
naver-60640985652,하트퍼센트,lip,4,하트퍼센트 립 앤 치크 틴트 매트 글로우 커스텀 싱글 MNS,하트퍼센트 립 앤 치크 틴트 매트 글로우 커스텀 싱글 MNS 올리브영,,,,,0,unknown,
naver-60640937434,하트퍼센트,shadow,5,하트퍼센트 아이섀도우 팔레트 펄 글리터 도트 온 무드 MNS,하트퍼센트 아이섀도우 팔레트 펄 글리터 도트 온 무드 MNS 올리브영,,,,,0,unknown,
naver-59871858316,하트퍼센트,shadow,8,하트퍼센트 아이섀도우 팔레트 펄 글리터 도트 온 무드 MNS,하트퍼센트 아이섀도우 팔레트 펄 글리터 도트 온 무드 MNS 올리브영,,,,,0,unknown,
naver-60384995708,하트퍼센트,shadow,9,하트퍼센트 여쿨라 인생템 도트 온 무드 아이팔레트 4995272,하트퍼센트 여쿨라 인생템 도트 온 무드 아이팔레트 4995272 올리브영,,,,,0,unknown,
naver-59299330294,하트퍼센트,cheek,10,하트퍼센트 커스텀 립 앤 치크 싱글 로지코랄 M2,하트퍼센트 커스텀 립 앤 치크 싱글 로지코랄 M2 올리브영,,,,,0,unknown,
naver-59296610704,하트퍼센트,cheek,9,하트퍼센트 커스텀 립 앤 치크 싱글 캄모브 M5,하트퍼센트 커스텀 립 앤 치크 싱글 캄모브 M5 올리브영,,,,,0,unknown,
naver-59299627885,하트퍼센트,cheek,8,하트퍼센트 커스텀 립 앤 치크 싱글 코랄 M1,하트퍼센트 커스텀 립 앤 치크 싱글 코랄 M1 올리브영,,,,,0,unknown,
naver-59298910702,하트퍼센트,cheek,6,하트퍼센트 커스텀 립 앤 치크 싱글 톤업밤 H1,하트퍼센트 커스텀 립 앤 치크 싱글 톤업밤 H1 올리브영,,,,,0,unknown,
naver-60641062000,하트퍼센트,lip,5,하트퍼센트 틴트 립글로우 수분 도트 온 무드 퓨어 듀오 X2 MNS,하트퍼센트 틴트 립글로우 수분 도트 온 무드 퓨어 듀오 X2 MNS 올리브영,,,,,0,unknown,
naver-60641070302,하트퍼센트,lip,6,하트퍼센트 틴트 매트 립 앤 치크 도트 온 무드 블러리 포그 MNS,하트퍼센트 틴트 매트 립 앤 치크 도트 온 무드 블러리 포그 MNS 올리브영,,,,,0,unknown,
naver-60448548145,3CE,base,3,쓰리씨이 [3CE] 핏팅 메쉬 커버 쿠션 (증)피카소 콜라보 퍼프,3CE 쓰리씨이 [3CE] 핏팅 메쉬 커버 쿠션 (증)피카소 콜라보 퍼프 올리브영,,,,,0,unknown,"shadeOptions,colorFamily,undertone,finish,texture"
naver-86402475917,VDL,liner,1,브이디엘 23MS아이파인 브로우카라,VDL 브이디엘 23MS아이파인 브로우카라 올리브영,,,,,0,unknown,"shadeOptions,colorFamily,undertone,finish,texture"
naver-54859828855,롬앤,brow,8,[롬앤] 한올 브로우 픽서,롬앤 한올 브로우 픽서 올리브영,,,,,0,unknown,"shadeOptions,colorFamily,undertone,finish,texture"
naver-59383822717,뮤드,liner,2,[NEW] 뮤드 아이래쉬 틴팅 세럼 샷 3종 중 택1,뮤드 아이래쉬 틴팅 세럼 샷 3종 중 올리브영,,,,,0,unknown,"shadeOptions,colorFamily,undertone,finish,texture"
naver-28670219526,정샘물 뷰티,brow,9,정샘물 마스터클래스 브로우 브러쉬 + 더블클린수정화장패드(1매),정샘물 뷰티 마스터클래스 브로우 브러쉬 + 더블클린수정화장패드(1매) 올리브영,,,,,0,unknown,"shadeOptions,colorFamily,undertone,finish,texture"
naver-50062074979,클리오,liner,7,클리오 [NEW] 수퍼프루프 브러쉬라이너 킬 애쉬,클리오 수퍼프루프 브러쉬라이너 킬 애쉬 올리브영,,,,,0,unknown,"shadeOptions,colorFamily,undertone,finish,texture"
naver-58328191713,페리페라,liner,10,페리페라 [NEW] 페리페라 스피디 스키니 브러쉬 라이너,페리페라 페리페라 스피디 스키니 브러쉬 라이너 올리브영,,,,,0,unknown,"shadeOptions,colorFamily,undertone,finish,texture"
naver-35193664590,페리페라,liner,5,페리페라 페리페라 잉크 씬씬 브러쉬라이너,페리페라 페리페라 잉크 씬씬 브러쉬라이너 올리브영,,,,,0,unknown,"shadeOptions,colorFamily,undertone,finish,texture"
naver-60486615638,3CE,base,5,3CE [NEW] 핏팅 메쉬 커버 쿠션,3CE 핏팅 메쉬 커버 쿠션 올리브영,,,,,0,unknown,"shadeOptions,colorFamily,undertone,finish"
naver-40083154013,3CE,base,7,3CE 베어 커버 쿠션,3CE 베어 커버 쿠션 올리브영,,,,,0,unknown,"shadeOptions,colorFamily,undertone,finish"
naver-49562392395,3CE,base,8,3CE 베어 커버 쿠션,3CE 베어 커버 쿠션 올리브영,,,,,0,unknown,"shadeOptions,colorFamily,undertone,finish"
naver-60525518463,3CE,base,9,3CE 핏팅 메쉬 커버 쿠션,3CE 핏팅 메쉬 커버 쿠션 올리브영,,,,,0,unknown,"shadeOptions,colorFamily,undertone,finish"
naver-60092731367,3CE,base,1,3CE 핏팅 메쉬 쿠션(본품+리필)+핏팅 메쉬 쿠션 퍼프 2개,3CE 핏팅 메쉬 쿠션( + )+핏팅 메쉬 쿠션 퍼프 올리브영,,,,,0,unknown,"shadeOptions,colorFamily,undertone,finish"
naver-60316900805,3CE,base,2,3CE 핏팅 메쉬 쿠션(본품+리필)+핏팅 메쉬 쿠션 퍼프 2개,3CE 핏팅 메쉬 쿠션( + )+핏팅 메쉬 쿠션 퍼프 올리브영,,,,,0,unknown,"shadeOptions,colorFamily,undertone,finish"
naver-54520623538,3CE,liner,4,쓰리씨이 [3CE]마이링 아이라이너 (증)아이 스위치 미니,3CE 쓰리씨이 [3CE]마이링 아이라이너 (증)아이 스위치 미니 올리브영,,,,,0,unknown,"shadeOptions,colorFamily,undertone,finish"
naver-60567397090,VDL,liner,7,VDL 립스테인 에센셜 오버 라이너 3종 4044670,VDL 립스테인 에센셜 오버 라이너 3종 4044670 올리브영,,,,,0,unknown,"shadeOptions,colorFamily,undertone,finish"
naver-25514674524,VDL,base,10,[VDL] 엑스퍼트 퍼펙트 핏 쿠션,VDL 엑스퍼트 퍼펙트 핏 쿠션 올리브영,,,,,0,unknown,"shadeOptions,colorFamily,undertone,finish"
naver-51800380670,VDL,base,8,[현대백화점 신촌점] [브이디엘] 커버스테인 퍼펙팅 쿠션,VDL [브이디엘] 커버스테인 퍼펙팅 쿠션 올리브영,naver_shopping_search,A000000185903,0.4,https://www.oliveyoung.co.kr/store/goods/getGoodsDetail.do?goodsNo=A000000185903,1,unknown,"shadeOptions,colorFamily,undertone,finish"
naver-60652170605,VDL,base,9,[현대신촌점] [브이디엘]커버스테인 퍼펙팅 쿠션 리필X,VDL [브이디엘]커버스테인 퍼펙팅 쿠션 리필X 올리브영,,,,,0,unknown,"shadeOptions,colorFamily,undertone,finish"
naver-89112026268,VDL,brow,6,이런 상품 어때요? [롯데영등포] VDL 엑스퍼트 스키니 브로우 펜슬 0.5g,VDL VDL 엑스퍼트 스키니 브로우 펜슬 올리브영,,,,,0,unknown,"shadeOptions,colorFamily,undertone,finish"
naver-88088571514,네이밍,brow,4,네이밍 루트릿 아이브로우 펜슬 0.06g (택1),네이밍 루트릿 아이브로우 펜슬 0.06g ( ) 올리브영,,,,,0,unknown,"shadeOptions,colorFamily,undertone,finish"
naver-59386594513,네이밍,brow,2,네이밍 루트릿 아이브로우 펜슬 0.06g 1개,네이밍 루트릿 아이브로우 펜슬 올리브영,,,,,0,unknown,"shadeOptions,colorFamily,undertone,finish"
naver-60089344030,더샘,brow,5,1+1 더샘 에코 소울 아이브로우 키트,더샘 1+1 더샘 에코 소울 아이브로우 키트 올리브영,,,,,0,unknown,"colorFamily,undertone,finish,texture"
naver-56888455339,더샘,base,6,[더샘] 더샘 스킨 퍼펙션 글루타치온 토닝 쿠션 기획 3colors(본품+리필),더샘 스킨 퍼펙션 글루타치온 토닝 쿠션 3colors( + ) 올리브영,,,,,0,unknown,"shadeOptions,colorFamily,undertone,finish"
naver-60009020008,더샘,base,7,더샘 [더샘]스킨 퍼펙션 글루타치온 토닝 쿠션(본품 리필),더샘 [더샘]스킨 퍼펙션 글루타치온 토닝 쿠션( ) 올리브영,,,,,0,unknown,"shadeOptions,colorFamily,undertone,finish"
naver-58626392722,데이지크,brow,7,[데이지크] 프로 슬림 브로우 카라,데이지크 프로 슬림 브로우 카라 올리브영,,,,,0,unknown,"shadeOptions,colorFamily,undertone,finish"
naver-60625655482,라카,liner,9,라카 스테인 립 라이너 베어메모리 1호,라카 스테인 립 라이너 베어메모리 1호 올리브영,,,,,0,unknown,"shadeOptions,colorFamily,undertone,finish"
naver-60300308548,롬앤,base,4,[W shopping] 롬앤 누 제로 쿠션 15g (본품),롬앤 누 제로 쿠션 15g ( ) 올리브영,naver_shopping_search,A000000164072,0.67,https://www.oliveyoung.co.kr/store/goods/getGoodsDetail.do?goodsNo=A000000164072,1,unknown,"shadeOptions,colorFamily,undertone,finish"
naver-55916644516,롬앤,base,6,[W shopping] 롬앤 베어 워터 쿠션 20g (리필),롬앤 베어 워터 쿠션 20g ( ) 올리브영,naver_shopping_search,A000000187271,1.0,https://www.oliveyoung.co.kr/store/goods/getGoodsDetail.do?goodsNo=A000000187271,2,unknown,"shadeOptions,colorFamily,undertone,finish"
naver-55228086667,롬앤,base,5,[W shopping] 롬앤 베어 워터 쿠션 20g (본품),롬앤 베어 워터 쿠션 20g ( ) 올리브영,naver_shopping_search,A000000187271,1.0,https://www.oliveyoung.co.kr/store/goods/getGoodsDetail.do?goodsNo=A000000187271,2,unknown,"shadeOptions,colorFamily,undertone,finish"
naver-89998224762,롬앤,liner,2,롬앤 한올 아이팟 라이너 5g (GIFT 한올 볼륨/라인 브러쉬),롬앤 한올 아이팟 라이너 5g (GIFT 한올 볼륨/라인 브러쉬) 올리브영,,,,,0,unknown,"shadeOptions,colorFamily,undertone,finish"
naver-57266357661,롬앤,liner,3,지그재그 스토어,롬앤 지그재그 스토어 올리브영,,,,,0,unknown,"shadeOptions,colorFamily,undertone,finish"
naver-56809639158,롬앤,brow,4,한올 브로우 픽서,롬앤 한올 브로우 픽서 올리브영,,,,,0,unknown,"colorFamily,undertone,finish,texture"
naver-60461931372,뮤드,liner,10,[NEW] 뮤드 아이래쉬 틴팅 세럼 샷 3종 중 택1(단품/기획) [단품]세럼 샷 00 클리어,뮤드 아이래쉬 틴팅 세럼 샷 3종 중 (단품/ ) [단품]세럼 샷 00 클리어 올리브영,,,,,0,unknown,"colorFamily,undertone,finish,texture"
naver-59922315324,뮤드,liner,6,뮤드 아이래쉬 틴팅 세럼 샷 1개 세럼 샷 00 클리어,뮤드 아이래쉬 틴팅 세럼 샷 1개 세럼 샷 00 클리어 올리브영,,,,,0,unknown,"colorFamily,undertone,finish,texture"
naver-59222565444,뮤드,liner,7,뮤드 아이래쉬 틴팅 세럼 샷 1개 세럼 샷 00 클리어,뮤드 아이래쉬 틴팅 세럼 샷 1개 세럼 샷 00 클리어 올리브영,,,,,0,unknown,"colorFamily,undertone,finish,texture"
naver-90353904115,뮤드,base,2,뮤드 쿠션 커버 파운데이션 소프트 실키 핏 본품 리필 세트,뮤드 쿠션 커버 파운데이션 소프트 실키 핏 올리브영,,,,,0,unknown,"shadeOptions,colorFamily,undertone,finish"
naver-58103625736,뮤드,base,8,뮤드 쿠션 커버 파운데이션 소프트 실키 핏 본품 리필 세트,뮤드 쿠션 커버 파운데이션 소프트 실키 핏 올리브영,,,,,0,unknown,"shadeOptions,colorFamily,undertone,finish"
naver-88706395359,뮤드,base,3,컬러 뮤드 숄 모먼트 아이섀도우 팔레트 8종 중 택1,뮤드 컬러 뮤드 숄 모먼트 아이섀도우 팔레트 8종 중 올리브영,,,,,0,unknown,"shadeOptions,colorFamily,undertone,finish"
naver-50800094739,에뛰드,brow,8,에뛰드 드로잉 아이브로우 프로 3개 SET /펜슬아이브로우 /눈썹펜슬,에뛰드 드로잉 아이브로우 프로 3개 SET /펜슬아이브로우 /눈썹펜슬 올리브영,,,,,0,unknown,"shadeOptions,colorFamily,undertone,finish"
naver-59488816742,에스쁘아,base,9,[에스쁘아] 결커버 실크 스킨 레이어 쿠션,에스쁘아 결커버 실크 스킨 레이어 쿠션 올리브영,,,,,0,unknown,"shadeOptions,colorFamily,undertone,finish"
naver-57197649698,정샘물 뷰티,base,8,(리필만)정샘물 에센셜 스킨 누더 쿠션 리필 | 셀러허브_뷰티 - 하프클럽,정샘물 뷰티 에센셜 스킨 누더 쿠션 | 셀러허브_뷰티 - 하프클럽 올리브영,,,,,0,unknown,"shadeOptions,colorFamily,undertone,finish"
naver-57197674315,정샘물 뷰티,base,9,(본품만)정샘물 에센셜 스킨 누더 쿠션 | 셀러허브_뷰티 - 하프클럽,정샘물 뷰티 에센셜 스킨 누더 쿠션 | 셀러허브_뷰티 - 하프클럽 올리브영,,,,,0,unknown,"shadeOptions,colorFamily,undertone,finish"
naver-49163506150,정샘물 뷰티,liner,3,[정샘물뷰티] 아티스트 콜 펜 라이너,정샘물 뷰티 아티스트 콜 펜 라이너 올리브영,,,,,0,unknown,"shadeOptions,colorFamily,undertone,finish"
naver-49163556640,정샘물 뷰티,base,5,[정샘물뷰티] 정샘물 스킨 누더 커버레이어 쿠션 리필x2 (더블클린 수정화장패드 x 5매),정샘물 뷰티 스킨 누더 커버레이어 쿠션 리필x2 (더블클린 수정화장패드 x 5매) 올리브영,,,,,0,unknown,"shadeOptions,colorFamily,undertone,finish"
naver-49163582154,정샘물 뷰티,base,10,[정샘물뷰티] 정샘물 스킨 누더 쿠션 컨실러 10g (더블 엣지 퍼프 2매),정샘물 뷰티 스킨 누더 쿠션 컨실러 10g (더블 엣지 퍼프 2매) 올리브영,,,,,0,unknown,"shadeOptions,colorFamily,undertone,finish"
naver-49163486955,정샘물 뷰티,brow,1,[정샘물뷰티] 정샘물 아티스트 브로우 쉐이더 슬림,정샘물 뷰티 아티스트 브로우 쉐이더 슬림 올리브영,,,,,0,unknown,"shadeOptions,colorFamily,undertone,finish"
naver-49163464884,정샘물 뷰티,brow,2,[정샘물뷰티] 정샘물 아티스트 브로우 포마드,정샘물 뷰티 아티스트 브로우 포마드 올리브영,,,,,0,unknown,"shadeOptions,colorFamily,undertone,finish"
naver-49163537648,정샘물 뷰티,liner,1,[정샘물뷰티] 정샘물 아티스트 엣지 아이 펜슬,정샘물 뷰티 아티스트 엣지 아이 펜슬 올리브영,naver_shopping_search,A000000163382,1.0,https://www.oliveyoung.co.kr/store/goods/getGoodsDetail.do?goodsNo=A000000163382,1,unknown,"shadeOptions,colorFamily,undertone,finish"
naver-49163565974,정샘물 뷰티,base,4,[정샘물뷰티] 정샘물 에센셜 스킨 누더 롱웨어 쿠션 리필 x 2개 (더블클린 수정화장패드 x 5매),정샘물 뷰티 에센셜 스킨 누더 롱웨어 쿠션 x 2개 (더블클린 수정화장패드 x 5매) 올리브영,,,,,0,unknown,"shadeOptions,colorFamily,undertone,finish"
naver-49163477690,정샘물 뷰티,base,1,[정샘물뷰티] 정샘물 에센셜 스킨 누더 쿠션 리필 x 2개 (더블클린 수정화장패드 x 5매),정샘물 뷰티 에센셜 스킨 누더 쿠션 x 2개 (더블클린 수정화장패드 x 5매) 올리브영,,,,,0,unknown,"shadeOptions,colorFamily,undertone,finish"
naver-83539661589,정샘물 뷰티,liner,10,이런 상품 어때요? 정샘물 아티스트 브로우 쉐이더 슬림 1개 (펜슬 0.05g 크림 0.18g/3종컬러),정샘물 뷰티 정샘물 아티스트 브로우 쉐이더 슬림 1개 (펜슬 0.05g 크림 0.18g/3종컬러) 올리브영,,,,,0,unknown,"shadeOptions,colorFamily,undertone,finish"
naver-83539451185,정샘물 뷰티,liner,6,이런 상품 어때요? 정샘물 아티스트 엣지 아이 펜슬 0.35g,정샘물 뷰티 정샘물 아티스트 엣지 아이 펜슬 올리브영,,,,,0,unknown,"shadeOptions,colorFamily,undertone,finish"
naver-84199963427,정샘물 뷰티,liner,4,이런 상품 어때요? 정샘물 아티스트 콜 펜 라이너 0.4ml (2종컬러),정샘물 뷰티 정샘물 아티스트 콜 펜 라이너 0.4ml (2종컬러) 올리브영,,,,,0,unknown,"shadeOptions,colorFamily,undertone,finish"
naver-28608134792,정샘물 뷰티,brow,8,정샘물 마스터클래스 브로우 브러쉬,정샘물 뷰티 마스터클래스 브로우 브러쉬 올리브영,naver_shopping_search,A000000150933,0.75,https://www.oliveyoung.co.kr/store/goods/getGoodsDetail.do?goodsNo=A000000150933,5,unknown,"shadeOptions,colorFamily,undertone,texture"
naver-52925629041,정샘물 뷰티,brow,10,정샘물 마스터클래스 브로우 브러쉬,정샘물 뷰티 마스터클래스 브로우 브러쉬 올리브영,naver_shopping_search,A000000150933,0.75,https://www.oliveyoung.co.kr/store/goods/getGoodsDetail.do?goodsNo=A000000150933,5,unknown,"shadeOptions,colorFamily,undertone,texture"
naver-60678309859,정샘물 뷰티,brow,3,정샘물 마스터클래스 아이브로우 브러쉬,정샘물 뷰티 마스터클래스 아이브로우 브러쉬 올리브영,,,,,0,unknown,"shadeOptions,colorFamily,undertone,texture"
naver-60429896627,정샘물 뷰티,brow,5,정샘물 마스터클래스 아이브로우 브러쉬,정샘물 뷰티 마스터클래스 아이브로우 브러쉬 올리브영,,,,,0,unknown,"shadeOptions,colorFamily,undertone,texture"
naver-58532633071,정샘물 뷰티,brow,6,정샘물 마스터클래스 아이브로우 브러쉬,정샘물 뷰티 마스터클래스 아이브로우 브러쉬 올리브영,,,,,0,unknown,"shadeOptions,colorFamily,undertone,texture"
naver-60638622909,정샘물 뷰티,brow,4,정샘물 마스터클래스 아이브로우 브러쉬 4066805,정샘물 뷰티 마스터클래스 아이브로우 브러쉬 4066805 올리브영,,,,,0,unknown,"shadeOptions,colorFamily,undertone,texture"
naver-57742215180,정샘물 뷰티,brow,7,정샘물 아이 브로우 브러쉬 스크류 마스터클래스,정샘물 뷰티 아이 브로우 브러쉬 스크류 마스터클래스 올리브영,naver_shopping_search,A000000150933,0.75,https://www.oliveyoung.co.kr/store/goods/getGoodsDetail.do?goodsNo=A000000150933,5,unknown,"shadeOptions,colorFamily,undertone,texture"
naver-83539661590,정샘물 뷰티,liner,9,정샘물 아티스트 브로우 쉐이더 슬림 1개 (펜슬 0.05g 크림 0.18g/3종컬러),정샘물 뷰티 아티스트 브로우 쉐이더 슬림 1개 (펜슬 0.05g 크림 0.18g/3종컬러) 올리브영,,,,,0,unknown,"shadeOptions,colorFamily,undertone,finish"
naver-29536721538,정샘물 뷰티,liner,5,정샘물 아티스트 엣지 아이 펜슬,정샘물 뷰티 아티스트 엣지 아이 펜슬 올리브영,naver_shopping_search,A000000163382,1.0,https://www.oliveyoung.co.kr/store/goods/getGoodsDetail.do?goodsNo=A000000163382,1,unknown,"shadeOptions,colorFamily,undertone,finish"
naver-83539451186,정샘물 뷰티,liner,2,정샘물 아티스트 엣지 아이 펜슬 0.35g,정샘물 뷰티 아티스트 엣지 아이 펜슬 올리브영,naver_shopping_search,A000000163382,1.0,https://www.oliveyoung.co.kr/store/goods/getGoodsDetail.do?goodsNo=A000000163382,1,unknown,"shadeOptions,colorFamily,undertone,finish"
naver-14429151094,정샘물 뷰티,liner,8,정샘물 아티스트 콜 펜 라이너,정샘물 뷰티 아티스트 콜 펜 라이너 올리브영,,,,,0,unknown,"shadeOptions,colorFamily,undertone,finish"
naver-80537405733,정샘물 뷰티,liner,7,정샘물 아티스트 콜 펜 라이너 0.4ml (2종컬러),정샘물 뷰티 아티스트 콜 펜 라이너 0.4ml (2종컬러) 올리브영,,,,,0,unknown,"shadeOptions,colorFamily,undertone,finish"
naver-58863054578,정샘물 뷰티,base,7,정샘물 에센셜 스킨 누더 롱웨어 쿠션 본품+리필 세트 / N | 셀러허브_뷰티 - 하프클럽,정샘물 뷰티 에센셜 스킨 누더 롱웨어 쿠션 + / N | 셀러허브_뷰티 - 하프클럽 올리브영,,,,,0,unknown,"shadeOptions,colorFamily,undertone,finish"
naver-50665353716,컬러그램,brow,3,컬러그램 쓱싹 오토 브로우 펜슬 0.18g - 아이브로우 R,컬러그램 쓱싹 오토 브로우 펜슬 0.18g - 아이브로우 R 올리브영,,,,,0,unknown,"shadeOptions,colorFamily,undertone,finish"
naver-59386591717,컬러그램,brow,1,컬러그램 쓱싹 오토 브로우 펜슬 0.18g 1개,컬러그램 쓱싹 오토 브로우 펜슬 올리브영,,,,,0,unknown,"shadeOptions,colorFamily,undertone,finish"
naver-90878591805,컬러그램,brow,7,컬러그램 워터프루프 눈썹 음영 창조 라이너 03 70 1개,컬러그램 워터프루프 눈썹 음영 창조 라이너 03 70 올리브영,,,,,0,unknown,"shadeOptions,colorFamily,undertone,finish"
naver-57540513604,컬러그램,liner,2,컬러그램 음영 창조 라이너 02 30% 음영 자연스러운 음영 완성 2개,컬러그램 음영 창조 라이너 02 30% 음영 자연스러운 음영 완성 올리브영,,,,,0,unknown,"shadeOptions,colorFamily,undertone,finish"
naver-46102398851,클리오,liner,6,클리오 [CJ단독/더블구성]샤프 쏘 심플 워터프루프 펜슬 라이너 AD [사은]립앤아이리무버미니,클리오 [CJ단독/더블구성]샤프 쏘 심플 워터프루프 펜슬 라이너 AD [사은]립앤아이리무버미니 올리브영,,,,,0,unknown,"shadeOptions,colorFamily,undertone,finish"
naver-46102421655,클리오,liner,10,클리오 [NEW COLOR 추가] 샤프 쏘 심플 워터프루프 펜슬 라이너,클리오 샤프 쏘 심플 워터프루프 펜슬 라이너 올리브영,naver_shopping_search,A000000011771,1.0,https://www.oliveyoung.co.kr/store/goods/getGoodsDetail.do?goodsNo=A000000011771,3,unknown,"shadeOptions,colorFamily,undertone,finish"
naver-57310823090,클리오,brow,1,클리오 킬 브로우 오토 하드 브로우 펜슬 3개,클리오 킬 브로우 오토 하드 브로우 펜슬 올리브영,,,,,0,unknown,"shadeOptions,colorFamily,undertone,finish"
naver-50517576519,클리오,base,7,클리오 킬커버 파운웨어 쿠션 디오리지널 기획세트 [본품+리필] [사은]퍼프2매,클리오 킬커버 파운웨어 쿠션 디오리지널 기획세트 [ + ] [사은]퍼프2매 올리브영,,,,,0,unknown,"shadeOptions,colorFamily,undertone,finish"
naver-89881836198,투쿨포스쿨,brow,7,[2EA] 투쿨포스쿨 블리치 브로우 카라 3.4g 2colors,투쿨포스쿨 블리치 브로우 카라 3.4g 2colors 올리브영,,,,,0,unknown,"shadeOptions,colorFamily,undertone,finish"
naver-49163475182,투쿨포스쿨,liner,1,[투쿨포스쿨] BEST 스머징 트임라이너 + 트임 라이너 랜덤,투쿨포스쿨 BEST 스머징 트임라이너 + 트임 라이너 랜덤 올리브영,,,,,0,unknown,"shadeOptions,colorFamily,undertone,finish"
naver-49163539910,투쿨포스쿨,liner,6,[투쿨포스쿨] ONLY ONLINE 아트클래스 글램 언더 라이너,투쿨포스쿨 ONLY ONLINE 아트클래스 글램 언더 라이너 올리브영,,,,,0,unknown,"shadeOptions,colorFamily,undertone,finish"
naver-57004226001,투쿨포스쿨,base,3,[투쿨포스쿨] 고밀착쿠션 픽싱 커버 핏 쿠션 + 스파츌러 브러쉬,투쿨포스쿨 고밀착쿠션 픽싱 커버 핏 쿠션 + 스파츌러 브러쉬 올리브영,,,,,0,unknown,"shadeOptions,colorFamily,undertone,finish"
naver-54873688247,투쿨포스쿨,base,6,[투쿨포스쿨] 깃털쿠션 에어 핏 쿠션 + 플러피 파우치,투쿨포스쿨 깃털쿠션 에어 핏 쿠션 + 플러피 파우치 올리브영,,,,,0,unknown,"shadeOptions,colorFamily,undertone,finish"
naver-60638931582,투쿨포스쿨,liner,8,[투쿨포스쿨] 라이너 꿀조합 프리즘 라이너 +글램 언더 라이너 (+ 클렌징 패드 ),투쿨포스쿨 라이너 꿀조합 프리즘 라이너 +글램 언더 라이너 (+ 클렌징 패드 ) 올리브영,,,,,0,unknown,"shadeOptions,colorFamily,undertone,finish"
naver-55829062753,투쿨포스쿨,brow,1,[투쿨포스쿨] 무드체인지 블리치 브로우 카라,투쿨포스쿨 무드체인지 블리치 브로우 카라 올리브영,,,,,0,unknown,"shadeOptions,colorFamily,undertone,finish"
naver-59075149243,투쿨포스쿨,liner,5,[투쿨포스쿨] 스머징SET 엣지라이너 + 트임라이너 + 아이글리츠 랜덤,투쿨포스쿨 스머징SET 엣지라이너 + 트임라이너 + 아이글리츠 랜덤 올리브영,,,,,0,unknown,"shadeOptions,colorFamily,undertone,finish"
naver-60638932494,투쿨포스쿨,liner,9,[투쿨포스쿨] 애교살픽싱조합 프리즘 라이너 + 프로타주 펜슬 + (전용 샤프너 & 키링캡 ),투쿨포스쿨 애교살픽싱조합 프리즘 라이너 + 프로타주 펜슬 + (전용 샤프너 & 키링캡 ) 올리브영,,,,,0,unknown,"shadeOptions,colorFamily,undertone,finish"
naver-49163555017,투쿨포스쿨,liner,3,[투쿨포스쿨] 트임라이너 랜덤 스머징 트임라이너,투쿨포스쿨 트임라이너 랜덤 스머징 트임라이너 올리브영,,,,,0,unknown,"shadeOptions,colorFamily,undertone,finish"
naver-89694023988,투쿨포스쿨,brow,10,이런 상품 어때요? 투쿨포스쿨 블리치 브로우 카라 3.4g 2colors,투쿨포스쿨 투쿨포스쿨 블리치 브로우 카라 3.4g 2colors 올리브영,,,,,0,unknown,"shadeOptions,colorFamily,undertone,finish"
naver-89694023989,투쿨포스쿨,brow,2,투쿨포스쿨 블리치 브로우 카라 3.4g 2colors,투쿨포스쿨 블리치 브로우 카라 3.4g 2colors 올리브영,,,,,0,unknown,"shadeOptions,colorFamily,undertone,finish"
naver-59386594410,투쿨포스쿨,brow,3,투쿨포스쿨 아트클래스 브로우 디자이닝 슬림 펜슬 0.04g 1개,투쿨포스쿨 아트클래스 브로우 디자이닝 슬림 펜슬 올리브영,,,,,0,unknown,"shadeOptions,colorFamily,undertone,finish"
naver-90450902755,페리페라,brow,4,마스카라2개 페리페라 브로우카라 아이브로우 8colors,페리페라 마스카라2개 페리페라 브로우카라 아이브로우 8colors 올리브영,,,,,0,unknown,"shadeOptions,colorFamily,undertone,finish"
naver-42907221743,페리페라,liner,6,페리페라 [NEW컬러출시] 스피디 펜슬 라이너,페리페라 스피디 펜슬 라이너 올리브영,,,,,0,unknown,"shadeOptions,colorFamily,undertone,finish"
naver-33162663223,페리페라,liner,2,페리페라 잉크 씬씬 브러쉬라이너,페리페라 잉크 씬씬 브러쉬라이너 올리브영,,,,,0,unknown,"shadeOptions,colorFamily,undertone,finish"
naver-37097693565,페리페라,liner,4,페리페라 잉크 씬씬 브러쉬라이너,페리페라 잉크 씬씬 브러쉬라이너 올리브영,,,,,0,unknown,"shadeOptions,colorFamily,undertone,finish"
naver-90343862992,페리페라,base,4,페리페라 톤업 쿠션 베이스 선쿠션 메이크업 필터핏 밀크,페리페라 톤업 쿠션 베이스 선쿠션 메이크업 필터핏 밀크 올리브영,,,,,0,unknown,"shadeOptions,colorFamily,undertone,finish"
naver-56910537359,페리페라,base,3,필터 핏 밀크 톤업 쿠션 12g | 페리페라 - 하프클럽,페리페라 필터 핏 밀크 톤업 쿠션 12g | 페리페라 - 하프클럽 올리브영,,,,,0,unknown,"shadeOptions,colorFamily,undertone,finish"
naver-56058255560,하트퍼센트,base,10,[신세계백화점][화잘먹 치트키] 하트퍼센트 선 베이스 2종,하트퍼센트 [화잘먹 치트키] 하트퍼센트 선 베이스 2종 올리브영,naver_shopping_search,A000000224736,1.0,https://www.oliveyoung.co.kr/store/goods/getGoodsDetail.do?goodsNo=A000000224736,1,unknown,"shadeOptions,colorFamily,undertone,finish"
naver-55602055590,하트퍼센트,base,3,[하트퍼센트] 밸런싱 선 베이스 2종 -,하트퍼센트 밸런싱 선 베이스 2종 - 올리브영,naver_shopping_search,A000000224736,1.0,https://www.oliveyoung.co.kr/store/goods/getGoodsDetail.do?goodsNo=A000000224736,1,unknown,"shadeOptions,colorFamily,undertone,finish"
naver-56219122030,하트퍼센트,base,6,하트퍼센트 밸런싱 선 베이스 30ml 스킨 1개,하트퍼센트 밸런싱 선 베이스 30ml 스킨 올리브영,,,,,0,unknown,"shadeOptions,colorFamily,undertone,finish"
naver-45358351905,3CE,base,10,(현대Hmall) 3CE 베어 커버 쿠션,3CE 3CE 베어 커버 쿠션 올리브영,,,,,0,unknown,"colorFamily,undertone,finish"
naver-45370784272,3CE,brow,6,(현대Hmall) 3CE 올라운더 브로우,3CE 3CE 올라운더 브로우 올리브영,,,,,0,unknown,"undertone,finish,texture"
naver-60086945850,3CE,base,6,(현대Hmall) 3CE 핏팅 메쉬 쿠션(본품+리필)+핏팅 메쉬 쿠션 퍼프 2개,3CE 3CE 핏팅 메쉬 쿠션( + )+핏팅 메쉬 쿠션 퍼프 올리브영,,,,,0,unknown,"colorFamily,undertone,finish"
naver-50383651783,3CE,brow,5,(현대Hmall) [1+1] 3CE 올라운더 브로우,3CE [1+1] 3CE 올라운더 브로우 올리브영,,,,,0,unknown,"undertone,finish,texture"
naver-41640978891,3CE,brow,1,3CE 올라운더 브로우,3CE 올라운더 브로우 올리브영,,,,,0,unknown,"undertone,finish,texture"
naver-49561810364,3CE,brow,3,3CE 올라운더 브로우,3CE 올라운더 브로우 올리브영,,,,,0,unknown,"undertone,finish,texture"
naver-60307390608,3CE,base,4,3CE 핏팅 메쉬 쿠션(본품+리필)+핏팅 메쉬 쿠션 퍼프 2개,3CE 핏팅 메쉬 쿠션( + )+핏팅 메쉬 쿠션 퍼프 올리브영,,,,,0,unknown,"colorFamily,undertone,finish"
naver-41641080456,3CE,brow,2,[1+1] 3CE 올라운더 브로우,3CE 올라운더 브로우 올리브영,,,,,0,unknown,"undertone,finish,texture"
naver-42621304087,3CE,brow,7,[쓰리씨이] [3CE]올 라운더 브로우,3CE [3CE]올 라운더 브로우 올리브영,,,,,0,unknown,"undertone,finish,texture"
naver-52379859315,VDL,base,5,VDL 커버스테인 퍼펙팅 쿠션 13g,VDL 커버스테인 퍼펙팅 쿠션 올리브영,naver_shopping_search,A000000185903,0.5,https://www.oliveyoung.co.kr/store/goods/getGoodsDetail.do?goodsNo=A000000185903,1,unknown,"colorFamily,undertone,finish"
naver-52379865556,VDL,base,4,VDL 커버스테인 퍼펙팅 쿠션 리필 13g,VDL 커버스테인 퍼펙팅 쿠션 올리브영,naver_shopping_search,A000000185903,0.5,https://www.oliveyoung.co.kr/store/goods/getGoodsDetail.do?goodsNo=A000000185903,1,unknown,"colorFamily,undertone,finish"
naver-52079834320,네이밍,base,6,[네이밍] [리필 2PACK] 레이어드 핏 쿠션 리필 듀오,네이밍 [ 2PACK] 레이어드 핏 쿠션 듀오 올리브영,,,,,0,unknown,"colorFamily,undertone,finish"
naver-60638631588,네이밍,liner,7,철벽고정단독기획 네이밍 퍼펙테일 아이 디자이닝 펜슬 슬림 라이너 단품기획 4066194,네이밍 철벽고정단독기획 네이밍 퍼펙테일 아이 디자이닝 펜슬 슬림 라이너 단품기획 4066194 올리브영,,,,,0,unknown,"colorFamily,undertone,finish"
naver-60387189250,더샘,brow,8,[온누리상품] 더샘 에코 소울 디자이닝 아이브로우,더샘 에코 소울 디자이닝 아이브로우 올리브영,,,,,0,unknown,"undertone,finish,texture"
naver-86435799763,데이지크,base,1,데이지크 무드 치크 블러셔 10.4g 01 웜 블렌딩 1개 one option,데이지크 무드 치크 블러셔 10.4g 01 웜 블렌딩 1개 one option 올리브영,,,,,0,unknown,"shadeOptions,colorFamily,undertone"
naver-60463259842,데이지크,base,10,데이지크 워터 듀이 젤 쿠션 3 colors,데이지크 워터 듀이 젤 쿠션 3 colors 올리브영,,,,,0,unknown,"shadeOptions,colorFamily,undertone"
naver-90243134971,데이지크,base,6,데이지크 워터 듀이 젤쿠션 3 colors,데이지크 워터 듀이 젤쿠션 3 colors 올리브영,,,,,0,unknown,"shadeOptions,colorFamily,undertone"
naver-59698215304,라카,liner,4,라카 스테인 립 라이너 0.7g + 미출시 컬러 09 누디 실루엣 증정,라카 스테인 립 라이너 0.7g + 미출시 컬러 09 누디 실루엣 올리브영,,,,,0,unknown,"colorFamily,undertone,finish"
naver-60625830850,라카,liner,8,라카 스테인 립 라이너 벨벳아워 5호,라카 스테인 립 라이너 벨벳아워 5호 올리브영,,,,,0,unknown,"shadeOptions,colorFamily,undertone"
naver-57893694608,라카,brow,1,라카 아이 브로우 마스카라 데일리 메이크업 픽시,라카 아이 브로우 마스카라 데일리 메이크업 픽시 올리브영,,,,,0,unknown,"colorFamily,undertone,finish"
naver-58714453230,라카,base,8,라카 쿠션 커버 파운데이션 벨벳 매트 데일리 메이크업 본딩 | 셀러허브_뷰티 - 하프클럽,라카 쿠션 커버 파운데이션 벨벳 매트 데일리 메이크업 본딩 | 셀러허브_뷰티 - 하프클럽 올리브영,,,,,0,unknown,"shadeOptions,colorFamily,undertone"
naver-60642523265,라카,brow,10,라카 픽시 브로우 카라 베이직 쉐이퍼 0호,라카 픽시 브로우 카라 베이직 쉐이퍼 0호 올리브영,,,,,0,unknown,"colorFamily,undertone,finish"
naver-40754408461,롬앤,liner,5,[롬앤] 트윙클 펜 라이너,롬앤 트윙클 펜 라이너 올리브영,,,,,0,unknown,"colorFamily,undertone,finish"
naver-59386616306,롬앤,liner,8,롬앤 더 유니버스 리퀴드 글리터 1개,롬앤 더 유니버스 리퀴드 글리터 올리브영,,,,,0,unknown,"shadeOptions,colorFamily,undertone"
naver-56228835430,뮤드,base,9,[뮤드] 소프트 실키 핏 쿠션,뮤드 소프트 실키 핏 쿠션 올리브영,,,,,0,unknown,"shadeOptions,colorFamily,undertone"
naver-59289201712,뮤드,base,6,뮤드 베이스 선 수분 광채 미백 소프트 스킨 핏 글로우 MNS,뮤드 베이스 선 수분 광채 미백 소프트 스킨 핏 글로우 MNS 올리브영,,,,,0,unknown,"shadeOptions,colorFamily,undertone"
naver-59155818311,뮤드,base,7,뮤드 소프트 실키 핏 쿠션 2033996,뮤드 소프트 실키 핏 쿠션 2033996 올리브영,,,,,0,unknown,"shadeOptions,colorFamily,undertone"
naver-60207822924,뮤드,brow,5,뮤드 인스파이어 스키니 브로우 카라 (C02 코튼),뮤드 인스파이어 스키니 브로우 카라 (C02 코튼) 올리브영,,,,,0,unknown,"colorFamily,undertone,finish"
naver-60099906976,뮤드,brow,8,뮤드 인스파이어 스키니 브로우 카라 뮤트 넛 B02호,뮤드 인스파이어 스키니 브로우 카라 뮤트 넛 B02호 올리브영,,,,,0,unknown,"colorFamily,undertone,finish"
naver-60099907928,뮤드,brow,6,뮤드 인스파이어 스키니 브로우 카라 버니 P01호,뮤드 인스파이어 스키니 브로우 카라 버니 P01호 올리브영,,,,,0,unknown,"colorFamily,undertone,finish"
naver-60099906351,뮤드,brow,9,뮤드 인스파이어 스키니 브로우 카라 페이드 인 C01호,뮤드 인스파이어 스키니 브로우 카라 페이드 인 C01호 올리브영,,,,,0,unknown,"colorFamily,undertone,finish"
naver-55465555357,에뛰드,base,1,에뛰드 클라우드 필터 쿠션 리필 /가볍고 보송한 구름 쿠션 리필 제품,에뛰드 클라우드 필터 쿠션 /가볍고 보송한 구름 쿠션 제품 올리브영,,,,,0,unknown,"shadeOptions,colorFamily,undertone"
naver-58518245766,에뛰드,liner,10,프루프 10 젤 방수 펜슬 /펜슬라이너 /펜슬 아이라이너,에뛰드 프루프 10 젤 방수 펜슬 /펜슬라이너 /펜슬 아이라이너 올리브영,,,,,0,unknown,"colorFamily,undertone,finish"
naver-51613574493,에스쁘아,base,3,[에스쁘아] 비글로우 볼륨 쿠션 단품 기획세트 (+퍼프 1매 구성),에스쁘아 비글로우 볼륨 쿠션 단품 기획세트 (+퍼프 1매 구성) 올리브영,,,,,0,unknown,"shadeOptions,colorFamily,undertone"
naver-54274654850,에스쁘아,base,7,[에스쁘아] 쁘띠뷰티 비벨벳 커버 쿠션 미니,에스쁘아 쁘띠뷰티 비벨벳 커버 쿠션 미니 올리브영,,,,,0,unknown,"shadeOptions,colorFamily,undertone"
naver-60517648824,정샘물 뷰티,base,3,[정샘물뷰티] MINI 정샘물 프로래스팅 결핏 메쉬 쿠션,정샘물 뷰티 MINI 정샘물 프로래스팅 결핏 메쉬 쿠션 올리브영,,,,,0,unknown,"shadeOptions,colorFamily,undertone"
naver-90797012322,컬러그램,brow,8,[1+1] 컬러그램 누디 블러 립펜슬 0.4g 2개 골라담기,컬러그램 누디 블러 립펜슬 0.4g 2개 골라담기 올리브영,,,,,0,unknown,"shadeOptions,colorFamily,undertone"
naver-90868526032,컬러그램,brow,10,"컬러그램 언더 하이라이터 스틱 01 웜톤 | 실키 스무스 롱래스팅 하이라이터 & 컨투어링 스틱으로 얼룩 방지, 빛나는 데일리 메이크업 | K-뷰티 페이스 하이라이터 & 루미나이저","컬러그램 언더 하이라이터 스틱 01 웜톤 | 실키 스무스 롱래스팅 하이라이터 & 컨투어링 스틱으로 얼룩 방지, 빛나는 데일리 메이크업 | K-뷰티 페이스 하이라이터 & 루미나이저 ",,,,,0,unknown,"colorFamily,finish,texture"
naver-60388493059,컬러그램,liner,5,컬러그램 음영 창조 라이너 1+1 20% 음영,컬러그램 음영 창조 라이너 1+1 20% 음영 올리브영,naver_shopping_search,A000000162103,1.0,https://www.oliveyoung.co.kr/store/goods/getGoodsDetail.do?goodsNo=A000000162103,1,unknown,"colorFamily,undertone,finish"
naver-60388493036,컬러그램,liner,8,컬러그램 음영 창조 라이너 1+1 30% 음영,컬러그램 음영 창조 라이너 1+1 30% 음영 올리브영,naver_shopping_search,A000000162103,1.0,https://www.oliveyoung.co.kr/store/goods/getGoodsDetail.do?goodsNo=A000000162103,1,unknown,"colorFamily,undertone,finish"
naver-60388496989,컬러그램,liner,6,컬러그램 음영 창조 라이너 1+1 70% 음영,컬러그램 음영 창조 라이너 1+1 70% 음영 올리브영,naver_shopping_search,A000000162103,1.0,https://www.oliveyoung.co.kr/store/goods/getGoodsDetail.do?goodsNo=A000000162103,1,unknown,"colorFamily,undertone,finish"
naver-90382367067,컬러그램,brow,4,컬러그램 페이크 래쉬 메이커 01 데일리블랙,컬러그램 페이크 래쉬 메이커 01 데일리블랙 올리브영,,,,,0,unknown,"undertone,finish,texture"
naver-53263815919,클리오,brow,9,클리오 [NEW] 클리오 킬브로우 슬림 애쉬 브로우카라,클리오 클리오 킬브로우 슬림 애쉬 브로우카라 올리브영,,,,,0,unknown,"shadeOptions,finish,texture"
naver-56740517262,클리오,base,9,클리오 [NEW] 클리오 킬커버 메쉬 글로우 에센셜 쿠션 리필,클리오 클리오 킬커버 메쉬 글로우 에센셜 쿠션 올리브영,naver_shopping_search,A000000219278,0.8,https://www.oliveyoung.co.kr/store/goods/getGoodsDetail.do?goodsNo=A000000219278,1,unknown,"shadeOptions,colorFamily,undertone"
naver-55032917840,클리오,base,6,클리오 킬커버 메쉬 블러 쿠션 기획세트 [본품+리필] [사은]퍼프2매,클리오 킬커버 메쉬 블러 쿠션 기획세트 [ + ] [사은]퍼프2매 올리브영,,,,,0,unknown,"shadeOptions,colorFamily,undertone"
naver-42870224037,클리오,base,5,클리오 킬커버 하이 글로우 쿠션 기획세트 [본품+리필] [사은]퍼프2매(랜덤),클리오 킬커버 하이 글로우 쿠션 기획세트 [ + ] [사은]퍼프2매(랜덤) 올리브영,,,,,0,unknown,"shadeOptions,colorFamily,undertone"
naver-59689950917,투쿨포스쿨,brow,6,2EA 투쿨포스쿨 블리치 브로우 카라 3.4g 2colors 464061,투쿨포스쿨 2EA 투쿨포스쿨 블리치 브로우 카라 3.4g 2colors 464061 올리브영,,,,,0,unknown,"colorFamily,undertone,finish"
naver-44907623797,페리페라,liner,1,페리페라 [CJ단독/더블구성]스피디 펜슬 라이너 [사은]잉크글래스팅립글로스미니(랜덤),페리페라 [CJ단독/더블구성]스피디 펜슬 라이너 [사은]잉크글래스팅립글로스미니(랜덤) 올리브영,,,,,0,unknown,"shadeOptions,colorFamily,undertone"
naver-48388339219,페리페라,base,6,후 공진향 미 벨벳 파운데이션 팩트 | 페리페라 - 하프클럽,페리페라 후 공진향 미 벨벳 파운데이션 팩트 | 페리페라 - 하프클럽 올리브영,,,,,0,unknown,"shadeOptions,colorFamily,undertone"
naver-45370084263,3CE,liner,9,(현대Hmall) 3CE 소프트 뮤트 펜슬 라이너,3CE 3CE 소프트 뮤트 펜슬 라이너 올리브영,,,,,0,unknown,"undertone,finish"
naver-54510433365,3CE,liner,2,3CE 마이링 아이라이너,3CE 마이링 아이라이너 올리브영,naver_shopping_search,A000000219135,1.0,https://www.oliveyoung.co.kr/store/goods/getGoodsDetail.do?goodsNo=A000000219135,1,unknown,"undertone,finish"
naver-41543898819,3CE,brow,10,3CE 소프트 뮤트 펜슬 라이너,3CE 소프트 뮤트 펜슬 라이너 올리브영,,,,,0,unknown,"undertone,finish"
naver-41641058856,3CE,liner,3,3CE 소프트 뮤트 펜슬 라이너,3CE 소프트 뮤트 펜슬 라이너 올리브영,,,,,0,unknown,"undertone,finish"
naver-49557121920,3CE,liner,7,3CE 소프트 뮤트 펜슬 라이너,3CE 소프트 뮤트 펜슬 라이너 올리브영,,,,,0,unknown,"undertone,finish"
naver-40049795709,3CE,brow,8,3CE 이지 브로우 디자이닝 펜슬,3CE 이지 브로우 디자이닝 펜슬 올리브영,,,,,0,unknown,"undertone,finish"
naver-55536075892,3CE,liner,10,[쓰리씨이] [3CE]소프트 뮤트 펜슬 라이너,3CE [3CE]소프트 뮤트 펜슬 라이너 올리브영,,,,,0,unknown,"undertone,finish"
naver-57297857627,네이밍,liner,3,[네이밍] 퍼펙테일 아이 디자이닝 듀얼 라이너,네이밍 퍼펙테일 아이 디자이닝 듀얼 라이너 올리브영,,,,,0,unknown,"undertone,finish"
naver-56985061920,네이밍,base,10,네이밍 레이어드 핏 쿠션 본품1개 + 리필1개 색상 17Y,네이밍 레이어드 핏 쿠션 본품1개 + 리필1개 색상 17Y 올리브영,,,,,0,unknown,"colorFamily,finish"
naver-56985094799,네이밍,base,8,네이밍 레이어드 핏 쿠션 본품1개 + 리필1개 색상 19N,네이밍 레이어드 핏 쿠션 본품1개 + 리필1개 색상 19N 올리브영,,,,,0,unknown,"colorFamily,finish"
naver-56985135436,네이밍,base,9,네이밍 레이어드 핏 쿠션 본품1개 + 리필1개 색상 21Y,네이밍 레이어드 핏 쿠션 본품1개 + 리필1개 색상 21Y 올리브영,,,,,0,unknown,"colorFamily,finish"
naver-56985172204,네이밍,base,7,네이밍 레이어드 핏 쿠션 본품1개 + 리필1개 색상 23Y,네이밍 레이어드 핏 쿠션 본품1개 + 리필1개 색상 23Y 올리브영,,,,,0,unknown,"colorFamily,finish"
naver-60277649942,네이밍,liner,2,네이밍 퍼펙테일 아이 디자이닝 펜슬 슬림라이너 브라우니핑크,네이밍 퍼펙테일 아이 디자이닝 펜슬 슬림라이너 브라우니핑크 올리브영,,,,,0,unknown,"undertone,finish"
naver-60386313122,더샘,brow,2,[온누리상품] 더샘 샘물 우드 아이브로우1.8g,더샘 샘물 우드 아이브로우1.8g 올리브영,,,,,0,unknown,"undertone,texture"
naver-60387187835,더샘,brow,3,[온누리상품] 더샘 샘물 우드 아이브로우1.8g 3개,더샘 샘물 우드 아이브로우1.8g 올리브영,,,,,0,unknown,"undertone,texture"
naver-53654682448,더샘,brow,7,[현대백화점 커넥트현대] [더샘] 에코 소울 아이브로우 키트 01 내추럴 브라운,더샘 [더샘] 에코 소울 아이브로우 키트 01 내추럴 브라운 올리브영,,,,,0,unknown,"finish,texture"
naver-59662310836,더샘,brow,6,더샘 [더샘][뉴코아 울산점] 샘물 아트룩 아이브로우 02 딥 브라운,더샘 [더샘] 샘물 아트룩 아이브로우 02 딥 브라운 올리브영,,,,,0,unknown,"finish,texture"
naver-59662309545,더샘,liner,1,더샘 [더샘][뉴코아 울산점] 어드밴스드 파워프루프 아이라이너 01 딥 블랙,더샘 [더샘] 어드밴스드 파워프루프 아이라이너 01 딥 블랙 올리브영,,,,,0,unknown,"undertone,finish"
naver-60089344274,더샘,brow,4,더샘 에코 소울 아이브로우 키트,더샘 에코 소울 아이브로우 키트 올리브영,,,,,0,unknown,"finish,texture"
naver-60026997736,더샘,brow,1,더샘 에코 소울 아이브로우 키트 5g,더샘 에코 소울 아이브로우 키트 올리브영,,,,,0,unknown,"finish,texture"
naver-60638631225,데이지크,liner,10,단독기획 데이지크 무드 업 마스카라 롱앤컬 1+1기획 2 colors 4066279,데이지크 단독기획 데이지크 무드 업 마스카라 롱앤컬 1+1기획 2 colors 4066279 올리브영,,,,,0,unknown,"undertone,finish"
naver-55919421906,데이지크,liner,8,데이지크 무드 업 마스카라 롱앤컬 블랙,데이지크 무드 업 마스카라 롱앤컬 블랙 올리브영,,,,,0,unknown,"undertone,finish"
naver-56976916355,데이지크,liner,6,오션 HD 리퀴드 아이라이너 퍼펙트 블랙+데이지크섀도우 쿨 블렌딩 1개 지급,데이지크 오션 HD 리퀴드 아이라이너 퍼펙트 블랙+데이지크섀도우 쿨 블렌딩 1개 지급 올리브영,,,,,0,unknown,"undertone,finish"
naver-60633505576,라카,base,7,라카 본딩 커버 쿠션 미디엄 23N,라카 본딩 커버 쿠션 미디엄 23N 올리브영,,,,,0,unknown,"colorFamily,finish"
naver-91188776808,라카,liner,6,라카 스테인 립 라이너 스웨이드 핑크 2호,라카 스테인 립 라이너 스웨이드 핑크 2호 올리브영,,,,,0,unknown,"undertone,finish"
naver-60642526074,라카,brow,6,라카 픽시 브로우 카라 로즈버건디 6호,라카 픽시 브로우 카라 로즈버건디 6호 올리브영,,,,,0,unknown,"undertone,finish"
naver-47864158629,롬앤,liner,7,[롬앤] [NEW] 더 유니버스 리퀴드 글리터 4colors,롬앤 더 유니버스 리퀴드 글리터 4colors 올리브영,,,,,0,unknown,"colorFamily,undertone"
naver-53922043201,롬앤,brow,7,롬앤 한올 샤프 브로우,롬앤 한올 샤프 브로우 올리브영,,,,,0,unknown,"finish,texture"
naver-26824402311,롬앤,brow,10,한올 플랫 브로우 ,롬앤 한올 플랫 브로우 올리브영,,,,,0,unknown,"finish,texture"
naver-60461799694,뮤드,liner,9,[NEW] 뮤드 아이래쉬 틴팅 세럼 샷 3종 중 택1(단품/기획) [단품]틴팅 세럼 샷 02 브라운,뮤드 아이래쉬 틴팅 세럼 샷 3종 중 (단품/ ) [단품]틴팅 세럼 샷 02 브라운 올리브영,,,,,0,unknown,"finish,texture"
naver-60672206657,뮤드,liner,4,뮤드 아이래쉬 틴팅 세럼 샷 1개 틴팅 세럼 샷 02 브라운,뮤드 아이래쉬 틴팅 세럼 샷 1개 틴팅 세럼 샷 02 브라운 올리브영,,,,,0,unknown,"finish,texture"
naver-59922426881,뮤드,liner,5,뮤드 아이래쉬 틴팅 세럼 샷 1개 틴팅 세럼 샷 02 브라운,뮤드 아이래쉬 틴팅 세럼 샷 1개 틴팅 세럼 샷 02 브라운 올리브영,,,,,0,unknown,"finish,texture"
naver-59222273040,뮤드,liner,8,뮤드 아이래쉬 틴팅 세럼 샷 1개 틴팅 세럼 샷 02 브라운,뮤드 아이래쉬 틴팅 세럼 샷 1개 틴팅 세럼 샷 02 브라운 올리브영,,,,,0,unknown,"finish,texture"
naver-60099907078,뮤드,brow,10,뮤드 인스파이어 스키니 브로우 카라 허니 듀 B05호,뮤드 인스파이어 스키니 브로우 카라 허니 듀 B05호 올리브영,,,,,0,unknown,"colorFamily,finish"
naver-59952584660,에뛰드,brow,7,[에뛰드] 드로잉 아이즈 컬러링 브로우카라,에뛰드 드로잉 아이즈 컬러링 브로우카라 올리브영,,,,,0,unknown,"finish,texture"
naver-42867053370,에뛰드,liner,6,에뛰드 라인 픽스 브러쉬 라이너,에뛰드 라인 픽스 브러쉬 라이너 올리브영,,,,,0,unknown,"undertone,finish"
naver-59029487518,에뛰드,liner,8,에뛰드 프루프 10 젤 펜슬 -1호 또렷한블랙,에뛰드 프루프 10 젤 펜슬 -1호 또렷한블랙 올리브영,,,,,0,unknown,"undertone,finish"
naver-57253044815,에스쁘아,base,10,[에스쁘아] 비내추럴 쿠션 SPF50+ PA++++(본품+리필),에스쁘아 비내추럴 쿠션 SPF50+ PA++++( + ) 올리브영,naver_shopping_search,A000000180117,0.5,https://www.oliveyoung.co.kr/store/goods/getGoodsDetail.do?goodsNo=A000000180117,1,unknown,"shadeOptions,finish"
naver-60505281267,웨이크메이크,liner,3,웨이크메이크 철벽 펜 아이라이너 01 블랙,웨이크메이크 철벽 펜 아이라이너 01 블랙 올리브영,,,,,0,unknown,"undertone,finish"
naver-60505278030,웨이크메이크,liner,4,웨이크메이크 철벽 펜 아이라이너 01 블랙 2개,웨이크메이크 철벽 펜 아이라이너 01 블랙 올리브영,,,,,0,unknown,"undertone,finish"
naver-60505278547,웨이크메이크,liner,5,웨이크메이크 철벽 펜 아이라이너 01 블랙 3개,웨이크메이크 철벽 펜 아이라이너 01 블랙 올리브영,,,,,0,unknown,"undertone,finish"
naver-55549181481,컬러그램,brow,2,더샘 아이브로우 키트,컬러그램 더샘 아이브로우 키트 올리브영,,,,,0,unknown,"finish,texture"
naver-90879415661,컬러그램,brow,5,컬러그램 블랙아이라이너 눈썹 아이브로우 음영 창조 라이너 02 30 1개,컬러그램 블랙아이라이너 눈썹 아이브로우 음영 창조 라이너 02 30 올리브영,,,,,0,unknown,"undertone,finish"
naver-59603974317,클리오,brow,10,[클리오] 킬브로우 슬림 애쉬 브로우카라,클리오 킬브로우 슬림 애쉬 브로우카라 올리브영,,,,,0,unknown,"finish,texture"
naver-53267799356,클리오,brow,4,클리오 킬브로우 슬림 애쉬 브로우카라,클리오 킬브로우 슬림 애쉬 브로우카라 올리브영,,,,,0,unknown,"finish,texture"
naver-58782656331,페리페라,brow,3,[페리페라] [2EA] 스피디 스키니 브로우,페리페라 [2EA] 스피디 스키니 브로우 올리브영,naver_shopping_search,A000000167236,0.75,https://www.oliveyoung.co.kr/store/goods/getGoodsDetail.do?goodsNo=A000000167236,2,unknown,"finish,texture"
naver-60610569437,페리페라,base,5,[페리페라] 브이쉐딩 디테일 001 뉴트럴브라운,페리페라 브이쉐딩 디테일 001 뉴트럴브라운 올리브영,,,,,0,unknown,"finish,texture"
naver-60610564179,페리페라,base,2,[페리페라] 브이쉐딩 디테일 002 소프트애쉬,페리페라 브이쉐딩 디테일 002 소프트애쉬 올리브영,,,,,0,unknown,"finish,texture"
naver-60610570188,페리페라,base,9,[페리페라] 브이쉐딩 디테일 003 그레이쉬쿨,페리페라 브이쉐딩 디테일 003 그레이쉬쿨 올리브영,,,,,0,unknown,"finish,texture"
naver-45614937750,하트퍼센트,base,1,하트퍼센트 도트 온 무드 레이어 쿠션 21p 1개,하트퍼센트 도트 온 무드 레이어 쿠션 21p 올리브영,,,,,0,unknown,"colorFamily,finish"
naver-55679366133,하트퍼센트,base,8,하트퍼센트 도트 온 무드 레이어 쿠션 파운데이션 21p 15개,하트퍼센트 도트 온 무드 레이어 쿠션 파운데이션 21p 올리브영,,,,,0,unknown,"colorFamily,finish"
naver-55677976727,하트퍼센트,base,4,하트퍼센트 도트 온 무드 레이어 쿠션 파운데이션 21p 1개,하트퍼센트 도트 온 무드 레이어 쿠션 파운데이션 21p 올리브영,,,,,0,unknown,"colorFamily,finish"
naver-55682430197,하트퍼센트,base,5,하트퍼센트 도트 온 무드 레이어 쿠션 파운데이션 21p 6개,하트퍼센트 도트 온 무드 레이어 쿠션 파운데이션 21p 올리브영,,,,,0,unknown,"colorFamily,finish"
naver-55685021849,하트퍼센트,base,9,하트퍼센트 도트 온 무드 레이어 쿠션 파운데이션 21p 7개,하트퍼센트 도트 온 무드 레이어 쿠션 파운데이션 21p 올리브영,,,,,0,unknown,"colorFamily,finish"
naver-45373225016,3CE,brow,4,(현대Hmall) 3CE 이지 브로우 디자이닝 펜슬,3CE 3CE 이지 브로우 디자이닝 펜슬 올리브영,,,,,0,unknown,finish
naver-40083340560,3CE,brow,9,3CE 이지 브로우 디자이닝 펜슬,3CE 이지 브로우 디자이닝 펜슬 올리브영,,,,,0,unknown,finish
naver-59386562033,VDL,liner,4,VDL 립스테인 에센셜 오버 라이너 0.35g 1개,VDL 립스테인 에센셜 오버 라이너 올리브영,,,,,0,unknown,finish
naver-58958633372,VDL,liner,9,VDL 립스테인 에센셜 오버 라이너 3종 176577,VDL 립스테인 에센셜 오버 라이너 3종 176577 올리브영,,,,,0,unknown,finish
naver-57715826638,VDL,brow,5,VDL 브로우 펜슬 스키니 메이크업 엑스퍼트 0.05g,VDL 브로우 펜슬 스키니 메이크업 엑스퍼트 올리브영,,,,,0,unknown,finish
naver-49596375862,VDL,brow,7,VDL 아이 파인 내추럴 브로우 카라 01 그레이브라운 | 셀러허브_뷰티 - 하프클럽,VDL 아이 파인 내추럴 브로우 카라 01 그레이브라운 | 셀러허브_뷰티 - 하프클럽 올리브영,,,,,0,unknown,finish
naver-87824880408,VDL,brow,10,VDL 아이브로우 엑스퍼트 스키니 브로우 펜슬 0.05g,VDL 아이브로우 엑스퍼트 스키니 브로우 펜슬 올리브영,,,,,0,unknown,finish
naver-80026298667,VDL,brow,3,VDL 엑스퍼트 스키니 브로우 펜슬 (0.05g),VDL 엑스퍼트 스키니 브로우 펜슬 (0.05g) 올리브영,,,,,0,unknown,finish
naver-59386604315,VDL,brow,1,VDL 엑스퍼트 스키니 브로우 펜슬 0.05g 1개,VDL 엑스퍼트 스키니 브로우 펜슬 올리브영,,,,,0,unknown,finish
naver-49596371287,VDL,brow,2,VDL 엑스퍼트 스키니 아이 브로우 펜슬 01 다크브라운 | 셀러허브_뷰티 - 하프클럽,VDL 엑스퍼트 스키니 아이 브로우 펜슬 01 다크브라운 | 셀러허브_뷰티 - 하프클럽 올리브영,,,,,0,unknown,finish
naver-49574002863,VDL,brow,4,VDL 엑스퍼트 스키니 아이브로우 펜슬 눈썹 03 브라운 | 셀러허브_뷰티 - 하프클럽,VDL 엑스퍼트 스키니 아이브로우 펜슬 눈썹 03 브라운 | 셀러허브_뷰티 - 하프클럽 올리브영,,,,,0,unknown,finish
naver-90991456164,VDL,liner,6,브이디엘 멀티메이크업 메이크업세트 립스테인 에센셜 오버 라이너 피오니베이지 1개 0.35g,VDL 브이디엘 멀티메이크업 메이크업세트 립스테인 에센셜 오버 라이너 피오니베이지 올리브영,,,,,0,unknown,finish
naver-90983046686,VDL,liner,8,브이디엘 멀티메이크업 메이크업세트 립스테인 에센셜 오버 라이너 피오니베이지 1개 0.35g,VDL 브이디엘 멀티메이크업 메이크업세트 립스테인 에센셜 오버 라이너 피오니베이지 올리브영,,,,,0,unknown,finish
naver-90977780592,VDL,liner,10,브이디엘 멀티메이크업 메이크업세트 립스테인 에센셜 오버 라이너 피오니베이지 1개 0.35g,VDL 브이디엘 멀티메이크업 메이크업세트 립스테인 에센셜 오버 라이너 피오니베이지 올리브영,,,,,0,unknown,finish
naver-60081146672,VDL,brow,8,브이디엘 엑스퍼트 스키니 브로우 펜슬 0.05g 03 브라운 1개,VDL 브이디엘 엑스퍼트 스키니 브로우 펜슬 0.05g 03 브라운 올리브영,,,,,0,unknown,finish
naver-82425859169,VDL,brow,9,이런 상품 어때요? VDL 엑스퍼트 스키니 브로우 펜슬 (0.05g),VDL VDL 엑스퍼트 스키니 브로우 펜슬 (0.05g) 올리브영,,,,,0,unknown,finish
naver-49021488780,네이밍,brow,1,[네이밍] 루트릿 아이브로우 펜슬,네이밍 루트릿 아이브로우 펜슬 올리브영,,,,,0,unknown,finish
naver-51420654940,네이밍,brow,3,[네이밍] 루트릿 아이브로우 펜슬 듀오,네이밍 루트릿 아이브로우 펜슬 듀오 올리브영,,,,,0,unknown,finish
naver-51883692316,네이밍,brow,6,[네이밍] 루트릿 아이브로우 펜슬 듀오 8809562558781,네이밍 루트릿 아이브로우 펜슬 듀오 8809562558781 올리브영,,,,,0,unknown,finish
naver-57297840212,네이밍,liner,1,[네이밍] 퍼펙테일 아이 디자이닝 슬림 라이너,네이밍 퍼펙테일 아이 디자이닝 슬림 라이너 올리브영,,,,,0,unknown,finish
naver-58877777632,네이밍,liner,4,[네이밍] 퍼펙테일 아이 디자이닝 슬림 라이너 듀오 [택2],네이밍 퍼펙테일 아이 디자이닝 슬림 라이너 듀오 [택2] 올리브영,,,,,0,unknown,finish
naver-60621264209,네이밍,liner,6,[단독기획/멀티라이너] 네이밍 퍼펙테일 아이 디자이닝 펜슬 듀얼 라이너 단품/기획 3474124,네이밍 퍼펙테일 아이 디자이닝 펜슬 듀얼 라이너 단품/ 3474124 올리브영,,,,,0,unknown,finish
naver-89449950045,네이밍,brow,9,네이밍 루트릿 아이브로우 펜슬 다크브라운,네이밍 루트릿 아이브로우 펜슬 다크브라운 올리브영,,,,,0,unknown,finish
naver-90237713821,네이밍,brow,8,네이밍 루트릿 아이브로우 펜슬 듀오,네이밍 루트릿 아이브로우 펜슬 듀오 올리브영,,,,,0,unknown,finish
naver-89449950835,네이밍,brow,10,네이밍 루트릿 아이브로우 펜슬 토프브라운,네이밍 루트릿 아이브로우 펜슬 토프브라운 올리브영,,,,,0,unknown,finish
naver-58176190324,네이밍,brow,5,네이밍 아이브로우 펜슬 브라운 그레이 내추럴 루트릿 듀오 X2,네이밍 아이브로우 펜슬 브라운 그레이 내추럴 루트릿 듀오 X2 올리브영,,,,,0,unknown,finish
naver-90382566039,네이밍,brow,7,네이밍 아이브로우 펜슬 브라운 그레이 내추럴 루트릿 듀오 X2,네이밍 아이브로우 펜슬 브라운 그레이 내추럴 루트릿 듀오 X2 올리브영,,,,,0,unknown,finish
naver-60600143703,네이밍,liner,10,네이밍 퍼펙테일 듀얼 아이 라이너 베이비 피치 X2개,네이밍 퍼펙테일 듀얼 아이 라이너 베이비 피치 X2개 올리브영,,,,,0,unknown,finish
naver-60600143190,네이밍,liner,9,네이밍 퍼펙테일 듀얼 아이 라이너 피오니 핑크 X2개,네이밍 퍼펙테일 듀얼 아이 라이너 피오니 핑크 X2개 올리브영,,,,,0,unknown,finish
naver-60638632249,네이밍,liner,5,단독기획멀티라이너 네이밍 퍼펙테일 아이 디자이닝 펜슬 듀얼 라이너 단품기획 4066217,네이밍 단독기획멀티라이너 네이밍 퍼펙테일 아이 디자이닝 펜슬 듀얼 라이너 단품기획 4066217 올리브영,,,,,0,unknown,finish
naver-60688056071,네이밍,liner,8,하루철벽고정&멀티라이너 네이밍 퍼펙테일 아이 디자이닝 펜슬 슬림듀얼라이너 단품&기획 4075739,네이밍 하루철벽고정&멀티라이너 네이밍 퍼펙테일 아이 디자이닝 펜슬 슬림듀얼라이너 단품& 4075739 올리브영,,,,,0,unknown,finish
naver-60387187774,더샘,brow,9,[온누리상품] 더샘 샘물 아트룩 아이브로우 0.2g,더샘 샘물 아트룩 아이브로우 올리브영,,,,,0,unknown,texture
naver-60387189029,더샘,brow,10,[온누리상품] 더샘 샘물 아트룩 아이브로우 0.2g 2개,더샘 샘물 아트룩 아이브로우 올리브영,,,,,0,unknown,texture
naver-60465243785,더샘,base,2,[온누리상품] 더샘 스킨 퍼펙션 글루타치온 토닝 쿠션12g (본품+리필),더샘 스킨 퍼펙션 글루타치온 토닝 쿠션12g ( + ) 올리브영,,,,,0,unknown,finish
naver-60407016402,더샘,base,10,[온누리상품] 더샘 커버 퍼펙션 컨실러쿠션 리뉴 (본품+리필)+팁컨실러미니 1종,더샘 커버 퍼펙션 컨실러쿠션 리뉴 ( + )+팁컨실러미니 1종 올리브영,,,,,0,unknown,finish
naver-60004606493,더샘,base,8,더샘 [더샘] 스킨 퍼펙션 글루타치온 토닝 쿠션(본품 리필),더샘 [더샘] 스킨 퍼펙션 글루타치온 토닝 쿠션( ) 올리브영,,,,,0,unknown,finish
naver-60085865673,더샘,liner,4,더샘 샘물 애교살 메이커 02 눈물 글썽 핑크,더샘 샘물 애교살 메이커 02 눈물 글썽 핑크 올리브영,,,,,0,unknown,undertone
naver-60085869070,더샘,liner,6,더샘 샘물 애교살 메이커 02 눈물 글썽 핑크,더샘 샘물 애교살 메이커 02 눈물 글썽 핑크 올리브영,,,,,0,unknown,undertone
naver-60085865311,더샘,liner,9,더샘 샘물 애교살 메이커 02 눈물 글썽 핑크 2개,더샘 샘물 애교살 메이커 02 눈물 글썽 핑크 올리브영,,,,,0,unknown,undertone
naver-60085864923,더샘,liner,8,더샘 샘물 애교살 메이커 02 눈물 글썽 핑크 3개,더샘 샘물 애교살 메이커 02 눈물 글썽 핑크 올리브영,,,,,0,unknown,undertone
naver-60566696568,더샘,base,1,더샘 스킨 퍼펙션 글루타치온 토닝 쿠션12g (본품+리필),더샘 스킨 퍼펙션 글루타치온 토닝 쿠션12g ( + ) 올리브영,,,,,0,unknown,finish
naver-56401836922,더샘,liner,2,더샘 에코 소울 파워프루프 초슬림 아이라이너 0.1g,더샘 에코 소울 파워프루프 초슬림 아이라이너 올리브영,,,,,0,unknown,finish
naver-58190341144,더샘,base,4,더샘 컨실러 쿠션 커버 퍼펙션 클리어 베이지,더샘 컨실러 쿠션 커버 퍼펙션 클리어 베이지 올리브영,,,,,0,unknown,finish
naver-58190333683,더샘,base,3,더샘 쿠션 커버 퍼펙션 컨실러 리뉴 본품 리필 세트,더샘 쿠션 커버 퍼펙션 컨실러 리뉴 올리브영,,,,,0,unknown,finish
naver-60417815360,데이지크,brow,5,DASIQUE 프로 디테일 브로우 펜슬352005,데이지크 DASIQUE 프로 디테일 브로우 펜슬352005 올리브영,,,,,0,unknown,finish
naver-60417822502,데이지크,brow,6,DASIQUE 프로 슬림 브로우 카라351985,데이지크 DASIQUE 프로 슬림 브로우 카라351985 올리브영,,,,,0,unknown,finish
naver-58626375492,데이지크,brow,8,[데이지크] 프로 디테일 브로우 펜슬,데이지크 프로 디테일 브로우 펜슬 올리브영,,,,,0,unknown,finish
naver-58627089335,데이지크,brow,9,[데이지크] 프로 디테일 브로우 펜슬,데이지크 프로 디테일 브로우 펜슬 올리브영,,,,,0,unknown,finish
naver-58627069306,데이지크,brow,10,[데이지크] 프로 슬림 브로우 카라,데이지크 프로 슬림 브로우 카라 올리브영,,,,,0,unknown,finish
naver-83120985002,데이지크,liner,5,데이지크 무드 업 마스카라 롱앤컬 7.5g,데이지크 무드 업 마스카라 롱앤컬 올리브영,naver_shopping_search,A000000180888,0.75,https://www.oliveyoung.co.kr/store/goods/getGoodsDetail.do?goodsNo=A000000180888,1,unknown,finish
naver-60423167311,데이지크,brow,4,데이지크 프로 디테일 브로우 펜슬 6 colors,데이지크 프로 디테일 브로우 펜슬 6 colors 올리브영,,,,,0,unknown,finish
naver-60638631647,데이지크,brow,2,데이지크 프로 디테일 브로우 펜슬 6 colors 4066473,데이지크 프로 디테일 브로우 펜슬 6 colors 4066473 올리브영,,,,,0,unknown,finish
naver-60423163706,데이지크,brow,3,데이지크 프로 슬림 브로우 카라 6 colors,데이지크 프로 슬림 브로우 카라 6 colors 올리브영,,,,,0,unknown,finish
naver-60638630965,데이지크,brow,1,데이지크 프로 슬림 브로우 카라 6 colors 4066472,데이지크 프로 슬림 브로우 카라 6 colors 4066472 올리브영,,,,,0,unknown,finish
naver-89781220148,데이지크,base,8,바이애콤비비 EGF 비비크림 (내추럴),데이지크 바이애콤비비 EGF 비비크림 (내추럴) 올리브영,,,,,0,unknown,finish
naver-83120985003,데이지크,liner,2,이런 상품 어때요? 데이지크 무드 업 마스카라 롱앤컬 7.5g,데이지크 데이지크 무드 업 마스카라 롱앤컬 올리브영,naver_shopping_search,A000000180888,0.75,https://www.oliveyoung.co.kr/store/goods/getGoodsDetail.do?goodsNo=A000000180888,1,unknown,finish
naver-87817630982,데이지크,base,7,이런 상품 어때요? 데이지크 코렉팅 선 베이스 30ml SPF50 PA+++,데이지크 데이지크 코렉팅 선 베이스 30ml SPF50 PA+++ 올리브영,,,,,0,unknown,finish
naver-56925905658,데이지크,liner,3,한국화장품 오션 HD 붓펜 아이라이너+데이지크 새도우13호 쿨 블랜딩 1개 지급,데이지크 한국화장품 오션 HD 붓펜 아이라이너+데이지크 새도우13호 쿨 블랜딩 1개 지급 올리브영,,,,,0,unknown,finish
naver-51746493778,데이지크,liner,9,한국화장품 오션 HD 붓펜 아이라이너+데이지크 새도우13호 쿨 블랜딩 1개 지급 다크브라운,데이지크 한국화장품 오션 HD 붓펜 아이라이너+데이지크 새도우13호 쿨 블랜딩 1개 지급 다크브라운 올리브영,,,,,0,unknown,finish
naver-60675509193,라카,base,3,LAKA 본딩 커버 쿠션 5종 택1,라카 LAKA 본딩 커버 쿠션 5종 올리브영,,,,,0,unknown,finish
naver-60650056183,라카,brow,5,LAKA 픽시 브로우 카라 7종 택1,라카 LAKA 픽시 브로우 카라 7종 올리브영,naver_shopping_search,A000000251809,0.75,https://www.oliveyoung.co.kr/store/goods/getGoodsDetail.do?goodsNo=A000000251809,1,unknown,finish
naver-60276661522,라카,base,9,라카 NEW 본딩 커버 쿠션 5종 택1,라카 NEW 본딩 커버 쿠션 5종 올리브영,,,,,0,unknown,finish
naver-60633504450,라카,base,4,라카 본딩 커버 쿠션 로지 21C,라카 본딩 커버 쿠션 로지 21C 올리브영,,,,,0,unknown,finish
naver-60633506304,라카,base,5,라카 본딩 커버 쿠션 페탈 19C,라카 본딩 커버 쿠션 페탈 19C 올리브영,,,,,0,unknown,finish
naver-60633504346,라카,base,6,라카 본딩 커버 쿠션 포슬린 19N,라카 본딩 커버 쿠션 포슬린 19N 올리브영,,,,,0,unknown,finish
naver-59980298617,라카,base,2,라카 본딩커버쿠션 4656952,라카 본딩커버쿠션 4656952 올리브영,,,,,0,unknown,finish
naver-60642522889,라카,brow,2,라카 픽시 브로우 카라 우드브라운 2호,라카 픽시 브로우 카라 우드브라운 2호 올리브영,naver_shopping_search,A000000251809,0.75,https://www.oliveyoung.co.kr/store/goods/getGoodsDetail.do?goodsNo=A000000251809,1,unknown,finish
naver-60415376965,라카,base,10,매장정품 LAKA 본딩 커버 쿠션 (5종 택1),라카 매장정품 LAKA 본딩 커버 쿠션 (5종 ) 올리브영,,,,,0,unknown,finish
naver-58604840416,롬앤,liner,10,[NEW/ 롬앤] 한올 아이팟 라이너,롬앤 한올 아이팟 라이너 올리브영,naver_shopping_search,A000000105803,,https://www.oliveyoung.co.kr/store/goods/getGoodsDetail.do?goodsNo=A000000105803,1,unknown,finish
naver-58032630343,롬앤,liner,1,[롬앤] [NEW/신상런칭] 한올 아이팟 라이너,롬앤 한올 아이팟 라이너 올리브영,naver_shopping_search,A000000105803,,https://www.oliveyoung.co.kr/store/goods/getGoodsDetail.do?goodsNo=A000000105803,1,unknown,finish
naver-58612364321,롬앤,base,8,[롬앤] 누 제로 쿠션 15g (본품),롬앤 누 제로 쿠션 15g ( ) 올리브영,naver_shopping_search,A000000164072,0.67,https://www.oliveyoung.co.kr/store/goods/getGoodsDetail.do?goodsNo=A000000164072,1,unknown,finish
naver-58612670445,롬앤,base,9,[롬앤] 누 제로 쿠션 15g (본품),롬앤 누 제로 쿠션 15g ( ) 올리브영,naver_shopping_search,A000000164072,0.67,https://www.oliveyoung.co.kr/store/goods/getGoodsDetail.do?goodsNo=A000000164072,1,unknown,finish
naver-50170356775,롬앤,base,3,[롬앤] 베어 워터 쿠션 20g (리필),롬앤 베어 워터 쿠션 20g ( ) 올리브영,naver_shopping_search,A000000187271,1.0,https://www.oliveyoung.co.kr/store/goods/getGoodsDetail.do?goodsNo=A000000187271,2,unknown,finish
naver-50107317315,롬앤,base,2,[롬앤] 베어 워터 쿠션 20g (본품),롬앤 베어 워터 쿠션 20g ( ) 올리브영,naver_shopping_search,A000000187271,1.0,https://www.oliveyoung.co.kr/store/goods/getGoodsDetail.do?goodsNo=A000000187271,2,unknown,finish
naver-60550417533,롬앤,base,7,[롬앤] 베어 워터 쿠션 20g (본품),롬앤 베어 워터 쿠션 20g ( ) 올리브영,naver_shopping_search,A000000187271,1.0,https://www.oliveyoung.co.kr/store/goods/getGoodsDetail.do?goodsNo=A000000187271,2,unknown,finish
naver-52466577328,롬앤,brow,2,[롬앤] 한올 브로우 카라,롬앤 한올 브로우 카라 올리브영,,,,,0,unknown,finish
naver-52466581152,롬앤,brow,6,[롬앤] 한올 브로우 카라x2,롬앤 한올 브로우 카라x2 올리브영,,,,,0,unknown,finish
naver-31562567077,롬앤,brow,1,[롬앤] 한올 샤프/플랫 브로우 12종,롬앤 한올 샤프/플랫 브로우 12종 올리브영,,,,,0,unknown,finish
naver-29153142323,롬앤,brow,9,[롬앤] 한올 플랫+샤프브로우 2종,롬앤 한올 플랫+샤프브로우 2종 올리브영,,,,,0,unknown,finish
naver-59386592734,롬앤,liner,6,롬앤 트윙클 펜 라이너 0.5g 1개,롬앤 트윙클 펜 라이너 올리브영,,,,,0,unknown,finish
naver-58748277681,롬앤,liner,9,롬앤 한올 아이팟 라이너 01 브라운 토프 5g 2개,롬앤 한올 아이팟 라이너 01 브라운 토프 올리브영,,,,,0,unknown,finish
naver-43151010847,롬앤,brow,5,한올 브로우 카라,롬앤 한올 브로우 카라 올리브영,,,,,0,unknown,finish
naver-26824402312,롬앤,brow,3,한올 샤프 브로우,롬앤 한올 샤프 브로우 올리브영,,,,,0,unknown,finish
naver-51926631314,뮤드,brow,1,[뮤드] 뮤드 인스파이어 스키니 브로우 카라,뮤드 인스파이어 스키니 브로우 카라 올리브영,naver_shopping_search,A000000213046,0.75,https://www.oliveyoung.co.kr/store/goods/getGoodsDetail.do?goodsNo=A000000213046,1,unknown,finish
naver-57609956374,뮤드,base,5,[뮤드] 소프트 실키 핏 쿠션 (본품+리필),뮤드 소프트 실키 핏 쿠션 ( + ) 올리브영,,,,,0,unknown,finish
naver-60129774402,뮤드,base,1,뮤드 소프트 실키 핏 쿠션 (본품+리필) 내추럴 2호,뮤드 소프트 실키 핏 쿠션 ( + ) 내추럴 2호 올리브영,,,,,0,unknown,finish
naver-51723090575,뮤드,brow,3,뮤드 인스파이어 스키니 브로우 카라,뮤드 인스파이어 스키니 브로우 카라 올리브영,naver_shopping_search,A000000213046,0.75,https://www.oliveyoung.co.kr/store/goods/getGoodsDetail.do?goodsNo=A000000213046,1,unknown,finish
naver-60095219603,뮤드,brow,7,뮤드 인스파이어 스키니 브로우 카라 3.2g,뮤드 인스파이어 스키니 브로우 카라 올리브영,naver_shopping_search,A000000213046,0.6,https://www.oliveyoung.co.kr/store/goods/getGoodsDetail.do?goodsNo=A000000213046,1,unknown,finish
naver-59386908783,뮤드,base,4,한국콜마 뮤드 소프트 실키 핏 쿠션 15g(SPF50+) 본품+리필,뮤드 한국콜마 뮤드 소프트 실키 핏 쿠션 15g(SPF50+) + 올리브영,,,,,0,unknown,finish
naver-48002136790,에뛰드,liner,1,[1+ 1][에뛰드] 프루프 10 젤 방수 펜슬,에뛰드 [에뛰드] 프루프 10 젤 방수 펜슬 올리브영,,,,,0,unknown,finish
naver-56754378318,에뛰드,base,9,[에뛰드] [포시러브] 클라우드 필터 쿠션 미니쿠션 기획세트,에뛰드 [포시러브] 클라우드 필터 쿠션 미니쿠션 기획세트 올리브영,,,,,0,unknown,finish
naver-41567175906,에뛰드,brow,1,[에뛰드] 드로잉 아이브로우 프로 3개 SET,에뛰드 드로잉 아이브로우 프로 3개 SET 올리브영,,,,,0,unknown,finish
naver-17580812459,에뛰드,liner,2,[에뛰드] 드로잉쇼 브러쉬 라이너,에뛰드 드로잉쇼 브러쉬 라이너 올리브영,,,,,0,unknown,finish
naver-34267272251,에뛰드,liner,3,[에뛰드] 드로잉쇼 브러쉬 라이너 2개,에뛰드 드로잉쇼 브러쉬 라이너 올리브영,,,,,0,unknown,finish
naver-42886492872,에뛰드,liner,5,[에뛰드] 라인 픽스 브러쉬 라이너,에뛰드 라인 픽스 브러쉬 라이너 올리브영,,,,,0,unknown,finish
naver-59737535500,에뛰드,brow,6,[에뛰드] 베어 엣지 슬림 브로우,에뛰드 베어 엣지 슬림 브로우 올리브영,,,,,0,unknown,finish
naver-59737522495,에뛰드,brow,4,[에뛰드][1 + 1] 드로잉 아이브로우 프로,에뛰드 [1 + 1] 드로잉 아이브로우 프로 올리브영,,,,,0,unknown,finish
naver-53466622383,에뛰드,base,10,에뛰드 [기획] 클라우드 필터 쿠션+미니쿠션 세트 /보송한 구름쿠션 /기획세트 /선물세트,에뛰드 클라우드 필터 쿠션+미니쿠션 /보송한 구름쿠션 /기획세트 /선물세트 올리브영,,,,,0,unknown,undertone
naver-58471691671,에뛰드,liner,7,에뛰드 내추럴리 주근깨 펜 /애교점 /눈밑점 /주근깨 연출 라이너,에뛰드 내추럴리 주근깨 펜 /애교점 /눈밑점 /주근깨 연출 라이너 올리브영,,,,,0,unknown,finish
naver-58022790382,에뛰드,brow,9,에뛰드 드로잉 아이브로우 x2개,에뛰드 드로잉 아이브로우 x2개 올리브영,,,,,0,unknown,finish
naver-58022790721,에뛰드,brow,10,에뛰드 드로잉 아이브로우 x3개,에뛰드 드로잉 아이브로우 x3개 올리브영,,,,,0,unknown,finish
naver-35089739233,에뛰드,brow,3,에뛰드 드로잉 아이브로우 프로 /아이브로우 펜슬 /눈썹펜슬,에뛰드 드로잉 아이브로우 프로 /아이브로우 펜슬 /눈썹펜슬 올리브영,,,,,0,unknown,finish
naver-59364463842,에뛰드,brow,2,에뛰드 드로잉 아이즈 컬러링 브로우카라 /아이브로우 전용 마스카라,에뛰드 드로잉 아이즈 컬러링 브로우카라 /아이브로우 전용 마스카라 올리브영,,,,,0,unknown,finish
naver-34537651696,에뛰드,liner,9,에뛰드 드로잉쇼 브러쉬 라이너,에뛰드 드로잉쇼 브러쉬 라이너 올리브영,,,,,0,unknown,undertone
naver-59857480008,에뛰드,brow,5,에뛰드 베어 엣지 슬림 브로우 /아이브로우 펜슬 /펜슬브로우,에뛰드 베어 엣지 슬림 브로우 /아이브로우 펜슬 /펜슬브로우 올리브영,,,,,0,unknown,finish
naver-58823996921,에뛰드,base,7,에뛰드 워터 드롭 필터 쿠션 기획 (본품15g+리필15g) (SPF26 PA++),에뛰드 워터 드롭 필터 쿠션 (본품15g+리필15g) (SPF26 PA++) 올리브영,,,,,0,unknown,finish
naver-58824186608,에뛰드,base,8,에뛰드 워터 드롭 필터 쿠션 기획 (본품15g+리필15g) (SPF26 PA++),에뛰드 워터 드롭 필터 쿠션 (본품15g+리필15g) (SPF26 PA++) 올리브영,,,,,0,unknown,finish
naver-58824087742,에뛰드,base,5,에뛰드 워터 드롭 필터 쿠션 리필 15g (SPF26 PA++),에뛰드 워터 드롭 필터 쿠션 15g (SPF26 PA++) 올리브영,,,,,0,unknown,finish
naver-58823996064,에뛰드,base,6,에뛰드 워터 드롭 필터 쿠션 리필 15g (SPF26 PA++),에뛰드 워터 드롭 필터 쿠션 15g (SPF26 PA++) 올리브영,,,,,0,unknown,finish
naver-35907398876,에뛰드,liner,4,에뛰드 프루프 10 젤 방수 펜슬 /펜슬 아이라이너,에뛰드 프루프 10 젤 방수 펜슬 /펜슬 아이라이너 올리브영,,,,,0,unknown,undertone
naver-50254204440,에스쁘아,liner,6,[에스쁘아] 노머징 브러쉬 라이너 2개 SET,에스쁘아 노머징 브러쉬 라이너 2개 SET 올리브영,,,,,0,unknown,finish
naver-49163519940,에스쁘아,brow,3,[에스쁘아] 더브로우 밸런스 펜슬 2개 세트,에스쁘아 더브로우 밸런스 펜슬 올리브영,naver_shopping_search,A000000230941,1.0,https://www.oliveyoung.co.kr/store/goods/getGoodsDetail.do?goodsNo=A000000230941,5,unknown,finish
naver-49163388976,에스쁘아,base,6,[에스쁘아] 듀라이크 젤로 톤업 쿠션(단품),에스쁘아 듀라이크 젤로 톤업 쿠션(단품) 올리브영,naver_shopping_search,A000000204958,1.0,https://www.oliveyoung.co.kr/store/goods/getGoodsDetail.do?goodsNo=A000000204958,1,unknown,finish
naver-49163489344,에스쁘아,base,2,[에스쁘아] 실크스킨/비벨벳/비글로우/비내추럴 쿠션 리필 (4종택2),에스쁘아 실크스킨/비벨벳/비글로우/비내추럴 쿠션 (4종택2) 올리브영,,,,,0,unknown,shadeOptions
naver-60691158684,에스쁘아,liner,10,에스쁘아 아이 오프닝 펜슬 오트 베이지,에스쁘아 아이 오프닝 펜슬 오트 베이지 올리브영,,,,,0,unknown,finish
naver-59048859940,웨이크메이크,liner,2,웨이크메이크 리얼 디파이닝 펜슬 라이너 - /R 아이라이너,웨이크메이크 리얼 디파이닝 펜슬 라이너 - /R 아이라이너 올리브영,,,,,0,unknown,finish
naver-48900228185,웨이크메이크,liner,8,웨이크메이크 리얼 애쉬 펜슬 라이너 0.14g - /R 아이라이너,웨이크메이크 리얼 애쉬 펜슬 라이너 0.14g - /R 아이라이너 올리브영,,,,,0,unknown,finish
naver-60450353344,웨이크메이크,base,10,웨이크메이크 심리스 웨어 쿠션 미니 5g SPF50+ / PA+++,웨이크메이크 심리스 웨어 쿠션 미니 5g SPF50+ / PA+++ 올리브영,,,,,0,unknown,finish
naver-58497584938,웨이크메이크,base,4,웨이크메이크 심리스 웨어 쿠션 본품+리필 기획세트,웨이크메이크 심리스 웨어 쿠션 + 기획세트 올리브영,,,,,0,unknown,finish
naver-60638545978,웨이크메이크,base,8,웨이크메이크 심리스 웨어 쿠션 본품+리필 택1,웨이크메이크 심리스 웨어 쿠션 + 올리브영,,,,,0,unknown,finish
naver-60263588460,웨이크메이크,liner,6,웨이크메이크 철벽 펜 아이라이너 02 브라운 3개,웨이크메이크 철벽 펜 아이라이너 02 브라운 올리브영,,,,,0,unknown,finish
naver-60263589691,웨이크메이크,liner,7,웨이크메이크 철벽 펜 아이라이너 03 다크 브라운 3개,웨이크메이크 철벽 펜 아이라이너 03 다크 브라운 올리브영,,,,,0,unknown,finish
naver-60263586920,웨이크메이크,brow,8,웨이크메이크 파우더 젯 듀얼 브로우 06 딥 브라운,웨이크메이크 파우더 젯 듀얼 브로우 06 딥 브라운 올리브영,naver_shopping_search,A000000197861,0.75,https://www.oliveyoung.co.kr/store/goods/getGoodsDetail.do?goodsNo=A000000197861,1,unknown,finish
naver-60263588378,웨이크메이크,brow,9,웨이크메이크 파우더 젯 듀얼 브로우 06 딥 브라운 3개,웨이크메이크 파우더 젯 듀얼 브로우 06 딥 브라운 올리브영,naver_shopping_search,A000000197861,0.75,https://www.oliveyoung.co.kr/store/goods/getGoodsDetail.do?goodsNo=A000000197861,1,unknown,finish
naver-60505279240,웨이크메이크,brow,6,웨이크메이크 파우더 젯 듀얼 브로우 07 뉴트럴 브라운 2개,웨이크메이크 파우더 젯 듀얼 브로우 07 뉴트럴 브라운 올리브영,,,,,0,unknown,finish
naver-60263587028,웨이크메이크,brow,7,웨이크메이크 파우더 젯 듀얼 브로우 09 그레이 브라운,웨이크메이크 파우더 젯 듀얼 브로우 09 그레이 브라운 올리브영,naver_shopping_search,A000000197861,0.75,https://www.oliveyoung.co.kr/store/goods/getGoodsDetail.do?goodsNo=A000000197861,1,unknown,finish
naver-60263586659,웨이크메이크,brow,10,웨이크메이크 파우더 젯 듀얼 브로우 09 그레이 브라운 3개,웨이크메이크 파우더 젯 듀얼 브로우 09 그레이 브라운 올리브영,naver_shopping_search,A000000197861,0.75,https://www.oliveyoung.co.kr/store/goods/getGoodsDetail.do?goodsNo=A000000197861,1,unknown,finish
naver-39497524451,웨이크메이크,brow,5,웨이크메이크 파우더 젯 듀얼 브로우x2개,웨이크메이크 파우더 젯 듀얼 브로우x2개 올리브영,naver_shopping_search,A000000197861,0.67,https://www.oliveyoung.co.kr/store/goods/getGoodsDetail.do?goodsNo=A000000197861,1,unknown,finish
naver-60565548610,웨이크메이크,base,9,컨실러리필 웨이크메이크 심리스 웨어 쿠션 9COLOR 기획 4044760,웨이크메이크 컨실러리필 웨이크메이크 심리스 웨어 쿠션 9COLOR 4044760 올리브영,,,,,0,unknown,finish
naver-60505999269,정샘물 뷰티,base,6,[정샘물뷰티] 정샘물 에센셜 스킨 누더 쿠션 본품 (글로이 틴트 미니),정샘물 뷰티 에센셜 스킨 누더 쿠션 (글로이 틴트 미니) 올리브영,,,,,0,unknown,undertone
naver-59823192252,컬러그램,base,1,컬러그램 긱 누드 스킨 틴트 02 톤업 아이보리 1개,컬러그램 긱 누드 스킨 틴트 02 톤업 아이보리 올리브영,,,,,0,unknown,finish
naver-60646326499,컬러그램,base,3,컬러그램 긱 누드 스킨 틴트 03 라이트 베이지 1개,컬러그램 긱 누드 스킨 틴트 03 라이트 베이지 올리브영,,,,,0,unknown,finish
naver-60508111145,컬러그램,base,5,컬러그램 긱 누드 스킨 틴트 03 라이트 베이지 1개,컬러그램 긱 누드 스킨 틴트 03 라이트 베이지 올리브영,,,,,0,unknown,finish
naver-59820827874,컬러그램,base,7,컬러그램 긱 누드 스킨 틴트 03 라이트 베이지 1개,컬러그램 긱 누드 스킨 틴트 03 라이트 베이지 올리브영,,,,,0,unknown,finish
naver-57799539088,컬러그램,base,10,컬러그램 긱 누드 스킨 틴트 SPF 30 PA++ 메이크업 베이스 자연스러운 피부표현 피부톤보정 촉촉함 1개,컬러그램 긱 누드 스킨 틴트 SPF 30 PA++ 메이크업 베이스 자연스러운 피부표현 피부톤보정 촉촉함 올리브영,,,,,0,unknown,finish
naver-89204011215,컬러그램,base,4,컬러그램 긱누드 스킨 틴트 30ml SPF30 PA++ 02 톤업아이보리,컬러그램 긱누드 스킨 틴트 30ml SPF30 PA++ 02 톤업아이보리 올리브영,,,,,0,unknown,finish
naver-53923742868,컬러그램,base,6,컬러그램 긱누드 스킨 틴트 30ml SPF30 PA++ 02 톤업아이보리 1개,컬러그램 긱누드 스킨 틴트 30ml SPF30 PA++ 02 톤업아이보리 올리브영,,,,,0,unknown,finish
naver-89204011054,컬러그램,base,8,컬러그램 긱누드 스킨 틴트 30ml SPF30 PA++ 04 미디움베이지,컬러그램 긱누드 스킨 틴트 30ml SPF30 PA++ 04 미디움베이지 올리브영,,,,,0,unknown,finish
naver-60422405517,컬러그램,liner,4,컬러그램 음영 창조 라이너 (11 30퍼센트 그레이 브라운),컬러그램 음영 창조 라이너 (11 30퍼센트 그레이 브라운) 올리브영,,,,,0,unknown,finish
naver-46870688566,컬러그램,liner,3,컬러그램 음영 창조 라이너 0.5g,컬러그램 음영 창조 라이너 올리브영,naver_shopping_search,A000000162103,0.75,https://www.oliveyoung.co.kr/store/goods/getGoodsDetail.do?goodsNo=A000000162103,1,unknown,finish
naver-60388492442,컬러그램,liner,9,컬러그램 음영 창조 라이너 1+1 30% 그레이,컬러그램 음영 창조 라이너 1+1 30% 그레이 올리브영,,,,,0,unknown,finish
naver-60388493495,컬러그램,liner,10,컬러그램 음영 창조 라이너 1+1 30% 썬브라운,컬러그램 음영 창조 라이너 1+1 30% 썬브라운 올리브영,,,,,0,unknown,finish
naver-60388493053,컬러그램,liner,7,컬러그램 음영 창조 라이너 1+1 70% 그레이,컬러그램 음영 창조 라이너 1+1 70% 그레이 올리브영,,,,,0,unknown,finish
naver-59603979937,클리오,liner,8,[클리오] [젤라이너] 익스트림 젤프레소 펜슬라이너,클리오 [젤라이너] 익스트림 젤프레소 펜슬라이너 올리브영,,,,,0,unknown,finish
naver-58714566756,클리오,brow,7,[클리오] 킬브로우 오토 하드 브로우 펜슬,클리오 킬브로우 오토 하드 브로우 펜슬 올리브영,,,,,0,unknown,finish
naver-56989883678,클리오,base,1,클리오 BEST 킬커버 파운웨어 쿠션 본품2+리필3+퍼프2매,클리오 BEST 킬커버 파운웨어 쿠션 본품2+리필3+퍼프2매 올리브영,,,,,0,unknown,finish
naver-52739679880,클리오,liner,3,클리오 수퍼프루프 브러쉬 라이너 킬 애쉬 1g,클리오 수퍼프루프 브러쉬 라이너 킬 애쉬 올리브영,,,,,0,unknown,finish
naver-59657120862,클리오,base,8,클리오 킬 커버 메쉬 블러 쿠션 (본품+리필) -/R,클리오 킬 커버 메쉬 블러 쿠션 ( + ) -/R 올리브영,,,,,0,unknown,colorFamily
naver-46839245535,클리오,base,3,클리오 킬 커버 하이 글로우 쿠션 [본품+리필] - 쿠션팩트/R,클리오 킬 커버 하이 글로우 쿠션 [ + ] - 쿠션팩트/R 올리브영,,,,,0,unknown,undertone
naver-59689911058,투쿨포스쿨,brow,8,2EA 투쿨포스쿨 아트클래스 브로우 디자이닝 슬림 펜슬 0.04g 3colors 463916,투쿨포스쿨 2EA 투쿨포스쿨 아트클래스 브로우 디자이닝 슬림 펜슬 0.04g 3colors 463916 올리브영,,,,,0,unknown,finish
naver-49163464138,투쿨포스쿨,brow,4,[투쿨포스쿨] 브로우 디자이닝 슬림 펜슬,투쿨포스쿨 브로우 디자이닝 슬림 펜슬 올리브영,,,,,0,unknown,finish
naver-49163567809,투쿨포스쿨,brow,5,[투쿨포스쿨] 아트클래스 브로우 디자이닝 펜슬,투쿨포스쿨 아트클래스 브로우 디자이닝 펜슬 올리브영,,,,,0,unknown,finish
naver-49163456798,투쿨포스쿨,liner,7,[투쿨포스쿨] 아트클래스 픽싱 젤 라이너,투쿨포스쿨 아트클래스 픽싱 젤 라이너 올리브영,,,,,0,unknown,finish
naver-49163543828,투쿨포스쿨,liner,10,[투쿨포스쿨] 아트클래스 픽싱 젤 라이너,투쿨포스쿨 아트클래스 픽싱 젤 라이너 올리브영,,,,,0,unknown,finish
naver-49163524037,투쿨포스쿨,base,1,[투쿨포스쿨] 픽싱 누드 핏 쿠션 (본품+리필),투쿨포스쿨 픽싱 누드 핏 쿠션 ( + ) 올리브영,naver_shopping_search,A000000232144,0.67,https://www.oliveyoung.co.kr/store/goods/getGoodsDetail.do?goodsNo=A000000232144,1,unknown,finish
naver-90121519488,투쿨포스쿨,brow,9,태그 파우더 브로우 키트 3.3g 2호 내추럴 브라운,투쿨포스쿨 태그 파우더 브로우 키트 3.3g 2호 내추럴 브라운 올리브영,,,,,0,unknown,finish
naver-60011041559,투쿨포스쿨,base,7,투쿨포스쿨 픽싱 커버쿠션 4종 택1 4863176,투쿨포스쿨 픽싱 커버쿠션 4종 4863176 올리브영,,,,,0,unknown,finish
naver-32681563549,페리페라,brow,9,NEW COLOR 페리페라 스피디 스키니 브로우 마스카라,페리페라 NEW COLOR 페리페라 스피디 스키니 브로우 마스카라 올리브영,naver_shopping_search,A000000167236,0.8,https://www.oliveyoung.co.kr/store/goods/getGoodsDetail.do?goodsNo=A000000167236,1,unknown,finish
naver-34544243517,페리페라,liner,3,[2EA] 페리페라 잉크씬씬브러쉬라이너,페리페라 잉크씬씬브러쉬라이너 올리브영,,,,,0,unknown,finish
naver-59603978759,페리페라,liner,7,[페리페라] [2EA] 스피디 스키니 브러쉬 라이너,페리페라 [2EA] 스피디 스키니 브러쉬 라이너 올리브영,,,,,0,unknown,finish
naver-58862149966,페리페라,brow,6,[페리페라] [2EA] 스피디 스키니 브로우 카라,페리페라 [2EA] 스피디 스키니 브로우 카라 올리브영,naver_shopping_search,A000000167236,0.8,https://www.oliveyoung.co.kr/store/goods/getGoodsDetail.do?goodsNo=A000000167236,2,unknown,finish
naver-58782654114,페리페라,brow,1,[페리페라] 스피디 스키니 브로우 카라,페리페라 스피디 스키니 브로우 카라 올리브영,naver_shopping_search,A000000167236,1.0,https://www.oliveyoung.co.kr/store/goods/getGoodsDetail.do?goodsNo=A000000167236,2,unknown,finish
naver-58812059164,페리페라,base,10,[페리페라] 필터 핏 밀크 톤업쿠션,페리페라 필터 핏 밀크 톤업쿠션 올리브영,,,,,0,unknown,finish
naver-46866368331,페리페라,brow,7,페리페라 [2개] 스피디 스키니 아이브로우,페리페라 [2개] 스피디 스키니 아이브로우 올리브영,naver_shopping_search,A000000138671,0.67,https://www.oliveyoung.co.kr/store/goods/getGoodsDetail.do?goodsNo=A000000138671,2,unknown,finish
naver-35192637560,페리페라,liner,8,페리페라 [페리페라] 잉크 씬씬 브러쉬라이너,페리페라 [페리페라] 잉크 씬씬 브러쉬라이너 올리브영,,,,,0,unknown,finish
naver-59067417236,페리페라,base,7,페리페라 무드 핏 커버 쿠션 본품 03 내추럴핏,페리페라 무드 핏 커버 쿠션 03 내추럴핏 올리브영,,,,,0,unknown,finish
naver-90245496593,페리페라,base,8,페리페라 무드 핏 커버 쿠션 본품 03 내추럴핏,페리페라 무드 핏 커버 쿠션 03 내추럴핏 올리브영,,,,,0,unknown,finish
naver-58331491162,페리페라,liner,9,페리페라 스피디 스키니 브러쉬 라이너,페리페라 스피디 스키니 브러쉬 라이너 올리브영,,,,,0,unknown,finish
naver-59748252402,페리페라,brow,10,페리페라 스피디 아이브로우 오토 펜슬 001 블랙 브라운 3개,페리페라 스피디 아이브로우 오토 펜슬 001 블랙 브라운 올리브영,,,,,0,unknown,finish
naver-56092819208,하트퍼센트,liner,5,[하트퍼센트] 도트 온 무드 젤 아이라이너 펜슬,하트퍼센트 도트 온 무드 젤 아이라이너 펜슬 올리브영,naver_shopping_search,A000000209310,0.75,https://www.oliveyoung.co.kr/store/goods/getGoodsDetail.do?goodsNo=A000000209310,5,unknown,finish
naver-60638630692,하트퍼센트,liner,9,리우 NEW 기획 하트퍼센트 도트 온 무드 젤 아이라이너 펜슬 0.5g 10종 4066208,하트퍼센트 리우 NEW 하트퍼센트 도트 온 무드 젤 아이라이너 펜슬 0.5g 10종 4066208 올리브영,,,,,0,unknown,finish
naver-58075109138,하트퍼센트,brow,7,하트퍼센트 도트 온 무드 페이크업 브로우카라,하트퍼센트 도트 온 무드 페이크업 브로우카라 올리브영,naver_shopping_search,A000000221710,0.5,https://www.oliveyoung.co.kr/store/goods/getGoodsDetail.do?goodsNo=A000000221710,1,unknown,finish
naver-60640937414,하트퍼센트,liner,3,하트퍼센트 젤 아이라이너 애교살 컨실러 펜슬 도트 온 무드 MNS,하트퍼센트 젤 아이라이너 애교살 컨실러 펜슬 도트 온 무드 MNS 올리브영,,,,,0,unknown,finish
naver-90991460406,VDL,liner,2,브이디엘 아이메이크업 틴트 멀티메이크업 립스테인 에센셜 오버 라이너 진저베이지 1개 0.35g,VDL 브이디엘 아이메이크업 틴트 멀티메이크업 립스테인 에센셜 오버 라이너 진저베이지 올리브영,,,,,0,unknown,
naver-90983050278,VDL,liner,3,브이디엘 아이메이크업 틴트 멀티메이크업 립스테인 에센셜 오버 라이너 진저베이지 1개 0.35g,VDL 브이디엘 아이메이크업 틴트 멀티메이크업 립스테인 에센셜 오버 라이너 진저베이지 올리브영,,,,,0,unknown,
naver-90977784780,VDL,liner,5,브이디엘 아이메이크업 틴트 멀티메이크업 립스테인 에센셜 오버 라이너 진저베이지 1개 0.35g,VDL 브이디엘 아이메이크업 틴트 멀티메이크업 립스테인 에센셜 오버 라이너 진저베이지 올리브영,,,,,0,unknown,
naver-60407013647,더샘,base,9,[온누리상품] 더샘 트루핏 글로우 쿠션 23피칸(본품+리필),더샘 트루핏 글로우 쿠션 23피칸( + ) 올리브영,,,,,0,unknown,
naver-58190318832,더샘,base,5,더샘 글로우 쿠션 커버 광채 트루 핏 (본품 + 리필),더샘 글로우 쿠션 커버 광채 트루 핏 ( + ) 올리브영,,,,,0,unknown,
naver-60085862372,더샘,liner,3,더샘 샘물 애교살 메이커 04 눈물 글썽 코랄,더샘 샘물 애교살 메이커 04 눈물 글썽 코랄 올리브영,,,,,0,unknown,
naver-60085865596,더샘,liner,5,더샘 샘물 애교살 메이커 04 눈물 글썽 코랄,더샘 샘물 애교살 메이커 04 눈물 글썽 코랄 올리브영,,,,,0,unknown,
naver-60085866129,더샘,liner,7,더샘 샘물 애교살 메이커 04 눈물 글썽 코랄 2개,더샘 샘물 애교살 메이커 04 눈물 글썽 코랄 올리브영,,,,,0,unknown,
naver-60085863710,더샘,liner,10,더샘 샘물 애교살 메이커 04 눈물 글썽 코랄 3개,더샘 샘물 애교살 메이커 04 눈물 글썽 코랄 올리브영,,,,,0,unknown,
naver-60417917990,데이지크,base,9,DASIQUE [하트컬렉션] 워터 듀이 젤 하트 쿠션 + 수플레 컬러 팟351997,데이지크 DASIQUE [하트컬렉션] 워터 듀이 젤 하트 쿠션 + 수플레 컬러 팟351997 올리브영,,,,,0,unknown,
naver-60463657465,데이지크,base,5,데이지크 워터 듀이 젤 쿠션 3 colors,데이지크 워터 듀이 젤 쿠션 3 colors 올리브영,,,,,0,unknown,
naver-60638545186,데이지크,base,2,데이지크 워터 듀이 젤 쿠션 3 colors 4065808,데이지크 워터 듀이 젤 쿠션 3 colors 4065808 올리브영,,,,,0,unknown,
naver-59386890045,데이지크,base,3,데이지크 워터 듀이 젤 쿠션 본품,데이지크 워터 듀이 젤 쿠션 올리브영,,,,,0,unknown,
naver-57893694223,라카,base,1,라카 쿠션 커버 파운데이션 벨벳 매트 데일리 메이크업 본딩,라카 쿠션 커버 파운데이션 벨벳 매트 데일리 메이크업 본딩 올리브영,,,,,0,unknown,
naver-56328927509,뮤드,base,10,뮤드 소프트 실키 핏 쿠션,뮤드 소프트 실키 핏 쿠션 올리브영,,,,,0,unknown,
naver-55949424649,에뛰드,base,4,[에뛰드] 클라우드 필터 쿠션 15gx2 (본품+리필),에뛰드 클라우드 필터 쿠션 15gx2 ( + ) 올리브영,,,,,0,unknown,
naver-55465574476,에뛰드,base,3,[에뛰드] 클라우드 필터 쿠션 리필,에뛰드 클라우드 필터 쿠션 올리브영,,,,,0,unknown,
naver-53464279743,에뛰드,base,2,[에뛰드] 클라우드 필터 쿠션 미니쿠션 기획세트,에뛰드 클라우드 필터 쿠션 미니쿠션 기획세트 올리브영,,,,,0,unknown,
naver-59077741500,웨이크메이크,base,5,웨이크메이크 워터 글로우 코팅 쿠션 본품+리필 23 베이지,웨이크메이크 워터 글로우 코팅 쿠션 + 23 베이지 올리브영,naver_shopping_search,A000000209147,0.75,https://www.oliveyoung.co.kr/store/goods/getGoodsDetail.do?goodsNo=A000000209147,1,unknown,
naver-59026784250,웨이크메이크,base,7,웨이크메이크 워터 글로우 코팅밤 12.5g (본품12.5g +리필12.5g ),웨이크메이크 워터 글로우 코팅밤 12.5g (본품12.5g +리필12.5g ) 올리브영,,,,,0,unknown,
naver-58148555384,웨이크메이크,base,2,웨이크메이크 워터 글로우 코팅밤 본품+리필,웨이크메이크 워터 글로우 코팅밤 + 올리브영,naver_shopping_search,A000000209147,1.0,https://www.oliveyoung.co.kr/store/goods/getGoodsDetail.do?goodsNo=A000000209147,1,unknown,
naver-51041426749,웨이크메이크,base,3,웨이크메이크 워터 글로우 코팅쿠션 본품+리필 기획,웨이크메이크 워터 글로우 코팅쿠션 + 올리브영,naver_shopping_search,A000000209147,0.67,https://www.oliveyoung.co.kr/store/goods/getGoodsDetail.do?goodsNo=A000000209147,1,unknown,
naver-52340604287,웨이크메이크,base,6,웨이크메이크 워터 글로우 코팅쿠션 본품+리필 기획,웨이크메이크 워터 글로우 코팅쿠션 + 올리브영,naver_shopping_search,A000000209147,0.67,https://www.oliveyoung.co.kr/store/goods/getGoodsDetail.do?goodsNo=A000000209147,1,unknown,
naver-57535925915,정샘물 뷰티,base,2,[정샘물뷰티] 정샘물 에센셜 스킨 누더 쿠션(본품+리필),정샘물 뷰티 에센셜 스킨 누더 쿠션( + ) 올리브영,,,,,0,unknown,
naver-90001244349,컬러그램,brow,9,[SET] 컬러그램 누디 블러 립펜슬 5종세트,컬러그램 누디 블러 립펜슬 5종세트 올리브영,,,,,0,unknown,
naver-90001235923,컬러그램,brow,6,컬러그램 누디 블러 립펜슬 0.4g,컬러그램 누디 블러 립펜슬 올리브영,naver_shopping_search,A000000238324,0.75,https://www.oliveyoung.co.kr/store/goods/getGoodsDetail.do?goodsNo=A000000238324,1,unknown,
naver-51292337130,클리오,base,10,클리오 킬커버 메쉬 글로우 쿠션 기획세트 (본품+리필),클리오 킬커버 메쉬 글로우 쿠션 기획세트 ( + ) 올리브영,,,,,0,unknown,
naver-42909105393,클리오,base,4,클리오 하이글로우쿠션 기획세트(단품+리필)+랜덤퍼프1매,클리오 하이글로우쿠션 기획세트(단품+ )+랜덤퍼프1매 올리브영,,,,,0,unknown,
naver-54974062511,페리페라,base,1,[소다다방 컬렉션] 무드 핏 커버 쿠션,페리페라 무드 핏 커버 쿠션 올리브영,,,,,0,unknown,
naver-60640937070,하트퍼센트,liner,2,하트퍼센트 아이라이너 섀도우 펜슬 도트 온 무드 컨투어 슬림 MNS,하트퍼센트 아이라이너 섀도우 펜슬 도트 온 무드 컨투어 슬림 MNS 올리브영,naver_shopping_search,A000000209310,0.83,https://www.oliveyoung.co.kr/store/goods/getGoodsDetail.do?goodsNo=A000000209310,1,unknown,
